Time,Power (kW)
2017-01-01 00:00:00,360.5
2017-01-01 01:00:00,308.17
2017-01-01 02:00:00,282.0
2017-01-01 03:00:00,247.83
2017-01-01 04:00:00,238.5
2017-01-01 05:00:00,231.5
2017-01-01 06:00:00,213.83
2017-01-01 07:00:00,199.0
2017-01-01 08:00:00,235.0
2017-01-01 09:00:00,240.5
2017-01-01 10:00:00,234.0
2017-01-01 11:00:00,269.0
2017-01-01 12:00:00,234.5
2017-01-01 13:00:00,258.83
2017-01-01 14:00:00,238.0
2017-01-01 15:00:00,263.0
2017-01-01 16:00:00,241.0
2017-01-01 17:00:00,251.5
2017-01-01 18:00:00,335.17
2017-01-01 19:00:00,331.83
2017-01-01 20:00:00,325.17
2017-01-01 21:00:00,373.0
2017-01-01 22:00:00,406.33
2017-01-01 23:00:00,385.83
2017-01-02 00:00:00,357.83
2017-01-02 00:00:00,357.83
2017-01-02 01:00:00,318.5
2017-01-02 02:00:00,284.5
2017-01-02 03:00:00,256.33
2017-01-02 04:00:00,233.5
2017-01-02 05:00:00,228.0
2017-01-02 06:00:00,187.5
2017-01-02 07:00:00,194.67
2017-01-02 08:00:00,228.0
2017-01-02 09:00:00,229.0
2017-01-02 10:00:00,245.67
2017-01-02 11:00:00,246.5
2017-01-02 12:00:00,325.83
2017-01-02 13:00:00,246.33
2017-01-02 14:00:00,243.0
2017-01-02 15:00:00,265.0
2017-01-02 16:00:00,274.5
2017-01-02 17:00:00,297.83
2017-01-02 18:00:00,354.67
2017-01-02 19:00:00,379.5
2017-01-02 20:00:00,385.5
2017-01-02 21:00:00,411.5
2017-01-02 22:00:00,434.0
2017-01-02 23:00:00,391.83
2017-01-03 00:00:00,333.0
2017-01-03 00:00:00,333.0
2017-01-03 01:00:00,337.5
2017-01-03 02:00:00,290.5
2017-01-03 03:00:00,252.0
2017-01-03 04:00:00,242.5
2017-01-03 05:00:00,242.6
2017-01-03 06:00:00,206.33
2017-01-03 07:00:00,225.0
2017-01-03 08:00:00,280.33
2017-01-03 09:00:00,241.5
2017-01-03 10:00:00,239.83
2017-01-03 11:00:00,257.5
2017-01-03 12:00:00,235.5
2017-01-03 13:00:00,240.5
2017-01-03 14:00:00,239.0
2017-01-03 15:00:00,253.33
2017-01-03 16:00:00,243.5
2017-01-03 17:00:00,237.83
2017-01-03 18:00:00,340.0
2017-01-03 19:00:00,382.5
2017-01-03 20:00:00,420.0
2017-01-03 21:00:00,444.5
2017-01-03 22:00:00,434.0
2017-01-03 23:00:00,436.5
2017-01-04 00:00:00,360.0
2017-01-04 00:00:00,360.0
2017-01-04 01:00:00,300.0
2017-01-04 02:00:00,260.5
2017-01-04 03:00:00,261.5
2017-01-04 04:00:00,244.67
2017-01-04 05:00:00,218.33
2017-01-04 06:00:00,219.0
2017-01-04 07:00:00,238.0
2017-01-04 08:00:00,272.33
2017-01-04 09:00:00,253.5
2017-01-04 10:00:00,238.0
2017-01-04 11:00:00,252.0
2017-01-04 12:00:00,252.0
2017-01-04 13:00:00,236.33
2017-01-04 14:00:00,208.5
2017-01-04 15:00:00,227.33
2017-01-04 16:00:00,228.5
2017-01-04 17:00:00,270.5
2017-01-04 18:00:00,295.5
2017-01-04 19:00:00,375.5
2017-01-04 20:00:00,393.5
2017-01-04 21:00:00,438.67
2017-01-04 22:00:00,433.5
2017-01-04 23:00:00,417.0
2017-01-05 00:00:00,384.5
2017-01-05 00:00:00,384.5
2017-01-05 01:00:00,323.0
2017-01-05 02:00:00,266.0
2017-01-05 03:00:00,253.83
2017-01-05 04:00:00,231.0
2017-01-05 05:00:00,233.17
2017-01-05 06:00:00,199.0
2017-01-05 07:00:00,232.67
2017-01-05 08:00:00,288.5
2017-01-05 09:00:00,275.83
2017-01-05 10:00:00,229.5
2017-01-05 11:00:00,213.33
2017-01-05 12:00:00,237.5
2017-01-05 13:00:00,269.5
2017-01-05 14:00:00,269.0
2017-01-05 15:00:00,257.0
2017-01-05 16:00:00,268.33
2017-01-05 17:00:00,266.83
2017-01-05 18:00:00,352.5
2017-01-05 19:00:00,390.0
2017-01-05 20:00:00,408.0
2017-01-05 21:00:00,435.17
2017-01-05 22:00:00,442.5
2017-01-05 23:00:00,401.83
2017-01-06 00:00:00,386.0
2017-01-06 00:00:00,386.0
2017-01-06 01:00:00,317.0
2017-01-06 02:00:00,257.5
2017-01-06 03:00:00,248.67
2017-01-06 04:00:00,241.5
2017-01-06 05:00:00,245.0
2017-01-06 06:00:00,226.33
2017-01-06 07:00:00,259.33
2017-01-06 08:00:00,284.33
2017-01-06 09:00:00,257.67
2017-01-06 10:00:00,214.5
2017-01-06 11:00:00,220.0
2017-01-06 12:00:00,235.0
2017-01-06 13:00:00,254.33
2017-01-06 14:00:00,257.5
2017-01-06 15:00:00,262.0
2017-01-06 16:00:00,278.0
2017-01-06 17:00:00,259.33
2017-01-06 18:00:00,312.0
2017-01-06 19:00:00,360.33
2017-01-06 20:00:00,358.67
2017-01-06 21:00:00,376.67
2017-01-06 22:00:00,415.67
2017-01-06 23:00:00,421.5
2017-01-07 00:00:00,408.17
2017-01-07 00:00:00,408.17
2017-01-07 01:00:00,336.5
2017-01-07 02:00:00,287.33
2017-01-07 03:00:00,263.5
2017-01-07 04:00:00,242.67
2017-01-07 05:00:00,225.0
2017-01-07 06:00:00,212.0
2017-01-07 07:00:00,211.17
2017-01-07 08:00:00,262.0
2017-01-07 09:00:00,237.5
2017-01-07 10:00:00,240.33
2017-01-07 11:00:00,251.33
2017-01-07 12:00:00,285.5
2017-01-07 13:00:00,284.17
2017-01-07 14:00:00,273.67
2017-01-07 15:00:00,263.83
2017-01-07 16:00:00,293.0
2017-01-07 17:00:00,295.83
2017-01-07 18:00:00,335.83
2017-01-07 19:00:00,379.5
2017-01-07 20:00:00,370.0
2017-01-07 21:00:00,393.5
2017-01-07 22:00:00,394.5
2017-01-07 23:00:00,373.33
2017-01-08 00:00:00,361.5
2017-01-08 00:00:00,361.5
2017-01-08 01:00:00,310.33
2017-01-08 02:00:00,279.5
2017-01-08 03:00:00,256.83
2017-01-08 04:00:00,242.0
2017-01-08 05:00:00,237.33
2017-01-08 06:00:00,196.33
2017-01-08 07:00:00,224.0
2017-01-08 08:00:00,209.5
2017-01-08 09:00:00,231.67
2017-01-08 10:00:00,261.0
2017-01-08 11:00:00,268.33
2017-01-08 12:00:00,284.17
2017-01-08 13:00:00,303.5
2017-01-08 14:00:00,294.0
2017-01-08 15:00:00,301.5
2017-01-08 16:00:00,297.0
2017-01-08 17:00:00,332.17
2017-01-08 18:00:00,376.0
2017-01-08 19:00:00,438.0
2017-01-08 20:00:00,416.0
2017-01-08 21:00:00,462.33
2017-01-08 22:00:00,450.5
2017-01-08 23:00:00,445.67
2017-01-09 00:00:00,422.0
2017-01-09 00:00:00,422.0
2017-01-09 01:00:00,323.0
2017-01-09 02:00:00,303.0
2017-01-09 03:00:00,270.5
2017-01-09 04:00:00,240.5
2017-01-09 05:00:00,246.17
2017-01-09 06:00:00,220.33
2017-01-09 07:00:00,255.33
2017-01-09 08:00:00,282.33
2017-01-09 09:00:00,279.5
2017-01-09 10:00:00,247.0
2017-01-09 11:00:00,237.17
2017-01-09 12:00:00,285.5
2017-01-09 13:00:00,301.0
2017-01-09 14:00:00,256.5
2017-01-09 15:00:00,258.0
2017-01-09 16:00:00,262.0
2017-01-09 17:00:00,264.5
2017-01-09 18:00:00,327.5
2017-01-09 19:00:00,386.33
2017-01-09 20:00:00,430.5
2017-01-09 21:00:00,465.0
2017-01-09 22:00:00,484.83
2017-01-09 23:00:00,444.0
2017-01-10 00:00:00,385.67
2017-01-10 00:00:00,385.67
2017-01-10 01:00:00,341.0
2017-01-10 02:00:00,300.5
2017-01-10 03:00:00,276.0
2017-01-10 04:00:00,272.33
2017-01-10 05:00:00,251.67
2017-01-10 06:00:00,260.5
2017-01-10 07:00:00,262.0
2017-01-10 08:00:00,290.0
2017-01-10 09:00:00,271.0
2017-01-10 10:00:00,237.0
2017-01-10 11:00:00,243.0
2017-01-10 12:00:00,253.0
2017-01-10 13:00:00,266.5
2017-01-10 14:00:00,249.67
2017-01-10 15:00:00,255.0
2017-01-10 16:00:00,282.17
2017-01-10 17:00:00,276.5
2017-01-10 18:00:00,338.33
2017-01-10 19:00:00,376.5
2017-01-10 20:00:00,432.5
2017-01-10 21:00:00,486.33
2017-01-10 22:00:00,451.0
2017-01-10 23:00:00,474.5
2017-01-11 00:00:00,395.5
2017-01-11 00:00:00,395.5
2017-01-11 01:00:00,360.17
2017-01-11 02:00:00,304.0
2017-01-11 03:00:00,275.0
2017-01-11 04:00:00,254.17
2017-01-11 05:00:00,260.0
2017-01-11 06:00:00,225.5
2017-01-11 07:00:00,234.0
2017-01-11 08:00:00,316.5
2017-01-11 09:00:00,272.83
2017-01-11 10:00:00,
2017-01-11 11:00:00,
2017-01-11 12:00:00,302.5
2017-01-11 13:00:00,
2017-01-11 14:00:00,
2017-01-11 15:00:00,
2017-01-11 16:00:00,
2017-01-11 17:00:00,
2017-01-11 18:00:00,313.0
2017-01-11 19:00:00,381.0
2017-01-11 20:00:00,414.0
2017-01-11 21:00:00,462.0
2017-01-11 22:00:00,466.67
2017-01-11 23:00:00,453.17
2017-01-12 00:00:00,416.5
2017-01-12 00:00:00,416.5
2017-01-12 01:00:00,336.0
2017-01-12 02:00:00,297.5
2017-01-12 03:00:00,262.83
2017-01-12 04:00:00,255.83
2017-01-12 05:00:00,261.83
2017-01-12 06:00:00,238.0
2017-01-12 07:00:00,270.0
2017-01-12 08:00:00,301.67
2017-01-12 09:00:00,289.0
2017-01-12 10:00:00,264.67
2017-01-12 11:00:00,244.0
2017-01-12 12:00:00,254.0
2017-01-12 13:00:00,270.33
2017-01-12 14:00:00,268.0
2017-01-12 15:00:00,235.83
2017-01-12 16:00:00,255.5
2017-01-12 17:00:00,261.5
2017-01-12 18:00:00,328.5
2017-01-12 19:00:00,393.5
2017-01-12 20:00:00,416.0
2017-01-12 21:00:00,460.5
2017-01-12 22:00:00,450.0
2017-01-12 23:00:00,466.5
2017-01-13 00:00:00,405.83
2017-01-13 00:00:00,405.83
2017-01-13 01:00:00,353.0
2017-01-13 02:00:00,302.33
2017-01-13 03:00:00,292.0
2017-01-13 04:00:00,272.5
2017-01-13 05:00:00,257.0
2017-01-13 06:00:00,211.5
2017-01-13 07:00:00,234.5
2017-01-13 08:00:00,287.5
2017-01-13 09:00:00,252.5
2017-01-13 10:00:00,259.33
2017-01-13 11:00:00,226.0
2017-01-13 12:00:00,243.0
2017-01-13 13:00:00,237.33
2017-01-13 14:00:00,259.0
2017-01-13 15:00:00,225.67
2017-01-13 16:00:00,230.0
2017-01-13 17:00:00,225.0
2017-01-13 18:00:00,298.0
2017-01-13 19:00:00,340.33
2017-01-13 20:00:00,386.17
2017-01-13 21:00:00,394.0
2017-01-13 22:00:00,439.33
2017-01-13 23:00:00,442.0
2017-01-14 00:00:00,404.67
2017-01-14 00:00:00,404.67
2017-01-14 01:00:00,314.0
2017-01-14 02:00:00,284.33
2017-01-14 03:00:00,279.83
2017-01-14 04:00:00,264.5
2017-01-14 05:00:00,246.5
2017-01-14 06:00:00,205.5
2017-01-14 07:00:00,221.5
2017-01-14 08:00:00,251.0
2017-01-14 09:00:00,255.0
2017-01-14 10:00:00,243.0
2017-01-14 11:00:00,240.83
2017-01-14 12:00:00,273.67
2017-01-14 13:00:00,250.0
2017-01-14 14:00:00,252.0
2017-01-14 15:00:00,258.5
2017-01-14 16:00:00,233.67
2017-01-14 17:00:00,252.5
2017-01-14 18:00:00,293.0
2017-01-14 19:00:00,342.17
2017-01-14 20:00:00,348.33
2017-01-14 21:00:00,379.5
2017-01-14 22:00:00,389.5
2017-01-14 23:00:00,381.33
2017-01-15 00:00:00,353.0
2017-01-15 00:00:00,353.0
2017-01-15 01:00:00,314.0
2017-01-15 02:00:00,282.0
2017-01-15 03:00:00,256.0
2017-01-15 04:00:00,234.0
2017-01-15 05:00:00,233.5
2017-01-15 06:00:00,208.17
2017-01-15 07:00:00,227.0
2017-01-15 08:00:00,212.33
2017-01-15 09:00:00,239.83
2017-01-15 10:00:00,249.0
2017-01-15 11:00:00,251.5
2017-01-15 12:00:00,273.67
2017-01-15 13:00:00,298.0
2017-01-15 14:00:00,298.33
2017-01-15 15:00:00,276.0
2017-01-15 16:00:00,262.0
2017-01-15 17:00:00,268.0
2017-01-15 18:00:00,335.0
2017-01-15 19:00:00,364.5
2017-01-15 20:00:00,388.0
2017-01-15 21:00:00,423.0
2017-01-15 22:00:00,432.5
2017-01-15 23:00:00,404.0
2017-01-16 00:00:00,371.5
2017-01-16 00:00:00,371.5
2017-01-16 01:00:00,321.5
2017-01-16 02:00:00,278.5
2017-01-16 03:00:00,259.17
2017-01-16 04:00:00,239.5
2017-01-16 05:00:00,234.0
2017-01-16 06:00:00,220.33
2017-01-16 07:00:00,253.5
2017-01-16 08:00:00,238.83
2017-01-16 09:00:00,220.0
2017-01-16 10:00:00,201.33
2017-01-16 11:00:00,222.0
2017-01-16 12:00:00,239.33
2017-01-16 13:00:00,204.17
2017-01-16 14:00:00,205.5
2017-01-16 15:00:00,207.0
2017-01-16 16:00:00,207.0
2017-01-16 17:00:00,238.0
2017-01-16 18:00:00,300.0
2017-01-16 19:00:00,328.67
2017-01-16 20:00:00,362.0
2017-01-16 21:00:00,396.5
2017-01-16 22:00:00,414.5
2017-01-16 23:00:00,394.0
2017-01-17 00:00:00,353.0
2017-01-17 00:00:00,353.0
2017-01-17 01:00:00,273.0
2017-01-17 02:00:00,247.5
2017-01-17 03:00:00,222.0
2017-01-17 04:00:00,208.67
2017-01-17 05:00:00,199.33
2017-01-17 06:00:00,189.0
2017-01-17 07:00:00,215.5
2017-01-17 08:00:00,233.0
2017-01-17 09:00:00,207.0
2017-01-17 10:00:00,192.83
2017-01-17 11:00:00,217.67
2017-01-17 12:00:00,205.33
2017-01-17 13:00:00,223.0
2017-01-17 14:00:00,231.0
2017-01-17 15:00:00,211.0
2017-01-17 16:00:00,201.83
2017-01-17 17:00:00,216.08
2017-01-17 18:00:00,249.33
2017-01-17 19:00:00,
2017-01-17 20:00:00,
2017-01-17 21:00:00,
2017-01-17 22:00:00,
2017-01-17 23:00:00,366.33
2017-01-18 00:00:00,352.5
2017-01-18 00:00:00,352.5
2017-01-18 01:00:00,255.67
2017-01-18 02:00:00,241.5
2017-01-18 03:00:00,221.5
2017-01-18 04:00:00,218.5
2017-01-18 05:00:00,204.67
2017-01-18 06:00:00,190.67
2017-01-18 07:00:00,217.33
2017-01-18 08:00:00,230.0
2017-01-18 09:00:00,227.83
2017-01-18 10:00:00,198.83
2017-01-18 11:00:00,191.0
2017-01-18 12:00:00,196.5
2017-01-18 13:00:00,172.0
2017-01-18 14:00:00,175.1
2017-01-18 15:00:00,188.83
2017-01-18 16:00:00,183.83
2017-01-18 17:00:00,216.0
2017-01-18 18:00:00,285.0
2017-01-18 19:00:00,337.0
2017-01-18 20:00:00,386.5
2017-01-18 21:00:00,387.0
2017-01-18 22:00:00,410.5
2017-01-18 23:00:00,389.5
2017-01-19 00:00:00,337.17
2017-01-19 00:00:00,337.17
2017-01-19 01:00:00,272.0
2017-01-19 02:00:00,235.5
2017-01-19 03:00:00,223.0
2017-01-19 04:00:00,213.83
2017-01-19 05:00:00,216.17
2017-01-19 06:00:00,193.67
2017-01-19 07:00:00,216.5
2017-01-19 08:00:00,269.5
2017-01-19 09:00:00,216.17
2017-01-19 10:00:00,195.0
2017-01-19 11:00:00,196.0
2017-01-19 12:00:00,199.5
2017-01-19 13:00:00,196.0
2017-01-19 14:00:00,182.0
2017-01-19 15:00:00,201.0
2017-01-19 16:00:00,189.5
2017-01-19 17:00:00,191.0
2017-01-19 18:00:00,242.33
2017-01-19 19:00:00,307.5
2017-01-19 20:00:00,322.17
2017-01-19 21:00:00,371.33
2017-01-19 22:00:00,408.17
2017-01-19 23:00:00,354.83
2017-01-20 00:00:00,345.0
2017-01-20 00:00:00,345.0
2017-01-20 01:00:00,290.5
2017-01-20 02:00:00,270.0
2017-01-20 03:00:00,245.0
2017-01-20 04:00:00,233.0
2017-01-20 05:00:00,224.5
2017-01-20 06:00:00,188.0
2017-01-20 07:00:00,220.5
2017-01-20 08:00:00,238.67
2017-01-20 09:00:00,210.5
2017-01-20 10:00:00,218.83
2017-01-20 11:00:00,189.0
2017-01-20 12:00:00,196.0
2017-01-20 13:00:00,193.0
2017-01-20 14:00:00,197.0
2017-01-20 15:00:00,199.17
2017-01-20 16:00:00,183.5
2017-01-20 17:00:00,230.67
2017-01-20 18:00:00,248.0
2017-01-20 19:00:00,281.5
2017-01-20 20:00:00,323.5
2017-01-20 21:00:00,381.33
2017-01-20 22:00:00,398.67
2017-01-20 23:00:00,377.33
2017-01-21 00:00:00,350.0
2017-01-21 00:00:00,350.0
2017-01-21 01:00:00,285.83
2017-01-21 02:00:00,248.0
2017-01-21 03:00:00,246.33
2017-01-21 04:00:00,207.0
2017-01-21 05:00:00,215.67
2017-01-21 06:00:00,204.33
2017-01-21 07:00:00,209.0
2017-01-21 08:00:00,215.0
2017-01-21 09:00:00,205.67
2017-01-21 10:00:00,208.67
2017-01-21 11:00:00,235.0
2017-01-21 12:00:00,223.0
2017-01-21 13:00:00,203.0
2017-01-21 14:00:00,229.0
2017-01-21 15:00:00,207.67
2017-01-21 16:00:00,217.0
2017-01-21 17:00:00,232.0
2017-01-21 18:00:00,269.5
2017-01-21 19:00:00,323.83
2017-01-21 20:00:00,322.0
2017-01-21 21:00:00,382.07
2017-01-21 22:00:00,388.0
2017-01-21 23:00:00,351.33
2017-01-22 00:00:00,289.83
2017-01-22 00:00:00,289.83
2017-01-22 01:00:00,264.33
2017-01-22 02:00:00,233.5
2017-01-22 03:00:00,227.0
2017-01-22 04:00:00,225.67
2017-01-22 05:00:00,215.33
2017-01-22 06:00:00,195.33
2017-01-22 07:00:00,189.5
2017-01-22 08:00:00,222.5
2017-01-22 09:00:00,195.67
2017-01-22 10:00:00,180.0
2017-01-22 11:00:00,194.33
2017-01-22 12:00:00,169.67
2017-01-22 13:00:00,193.33
2017-01-22 14:00:00,123.45
2017-01-22 15:00:00,181.0
2017-01-22 16:00:00,197.5
2017-01-22 17:00:00,223.67
2017-01-22 18:00:00,230.0
2017-01-22 19:00:00,308.5
2017-01-22 20:00:00,315.33
2017-01-22 21:00:00,374.0
2017-01-22 22:00:00,371.0
2017-01-22 23:00:00,348.5
2017-01-23 00:00:00,314.0
2017-01-23 00:00:00,314.0
2017-01-23 01:00:00,
2017-01-23 02:00:00,
2017-01-23 03:00:00,
2017-01-23 04:00:00,
2017-01-23 05:00:00,
2017-01-23 06:00:00,
2017-01-23 07:00:00,
2017-01-23 08:00:00,
2017-01-23 09:00:00,
2017-01-23 10:00:00,
2017-01-23 11:00:00,
2017-01-23 12:00:00,
2017-01-23 13:00:00,
2017-01-23 14:00:00,
2017-01-23 15:00:00,
2017-01-23 16:00:00,
2017-01-23 17:00:00,
2017-01-23 18:00:00,
2017-01-23 19:00:00,
2017-01-23 20:00:00,
2017-01-23 21:00:00,
2017-01-23 22:00:00,
2017-01-23 23:00:00,
2017-01-24 00:00:00,
2017-01-24 00:00:00,
2017-01-24 01:00:00,
2017-01-24 02:00:00,
2017-01-24 03:00:00,
2017-01-24 04:00:00,
2017-01-24 05:00:00,
2017-01-24 06:00:00,
2017-01-24 07:00:00,
2017-01-24 08:00:00,
2017-01-24 09:00:00,
2017-01-24 10:00:00,
2017-01-24 11:00:00,
2017-01-24 12:00:00,
2017-01-24 13:00:00,
2017-01-24 14:00:00,
2017-01-24 15:00:00,
2017-01-24 16:00:00,
2017-01-24 17:00:00,
2017-01-24 18:00:00,
2017-01-24 19:00:00,
2017-01-24 20:00:00,
2017-01-24 21:00:00,
2017-01-24 22:00:00,
2017-01-24 23:00:00,
2017-01-25 00:00:00,
2017-01-25 00:00:00,
2017-01-25 01:00:00,
2017-01-25 02:00:00,
2017-01-25 03:00:00,
2017-01-25 04:00:00,
2017-01-25 05:00:00,
2017-01-25 06:00:00,
2017-01-25 07:00:00,
2017-01-25 08:00:00,195.67
2017-01-25 09:00:00,169.0
2017-01-25 10:00:00,164.0
2017-01-25 11:00:00,164.0
2017-01-25 12:00:00,155.33
2017-01-25 13:00:00,165.0
2017-01-25 14:00:00,168.5
2017-01-25 15:00:00,197.0
2017-01-25 16:00:00,162.0
2017-01-25 17:00:00,161.0
2017-01-25 18:00:00,197.0
2017-01-25 19:00:00,228.0
2017-01-25 20:00:00,249.5
2017-01-25 21:00:00,308.0
2017-01-25 22:00:00,286.33
2017-01-25 23:00:00,263.5
2017-01-26 00:00:00,237.0
2017-01-26 00:00:00,237.0
2017-01-26 01:00:00,201.5
2017-01-26 02:00:00,197.67
2017-01-26 03:00:00,195.5
2017-01-26 04:00:00,179.0
2017-01-26 05:00:00,187.5
2017-01-26 06:00:00,152.5
2017-01-26 07:00:00,156.0
2017-01-26 08:00:00,161.5
2017-01-26 09:00:00,161.33
2017-01-26 10:00:00,171.5
2017-01-26 11:00:00,160.5
2017-01-26 12:00:00,172.8
2017-01-26 13:00:00,152.5
2017-01-26 14:00:00,163.0
2017-01-26 15:00:00,155.0
2017-01-26 16:00:00,158.0
2017-01-26 17:00:00,142.67
2017-01-26 18:00:00,178.0
2017-01-26 19:00:00,204.0
2017-01-26 20:00:00,208.0
2017-01-26 21:00:00,210.33
2017-01-26 22:00:00,200.67
2017-01-26 23:00:00,195.0
2017-01-27 00:00:00,183.0
2017-01-27 00:00:00,183.0
2017-01-27 01:00:00,179.0
2017-01-27 02:00:00,184.0
2017-01-27 03:00:00,165.0
2017-01-27 04:00:00,175.0
2017-01-27 05:00:00,180.33
2017-01-27 06:00:00,135.67
2017-01-27 07:00:00,150.33
2017-01-27 08:00:00,149.67
2017-01-27 09:00:00,145.67
2017-01-27 10:00:00,143.33
2017-01-27 11:00:00,158.5
2017-01-27 12:00:00,151.67
2017-01-27 13:00:00,159.33
2017-01-27 14:00:00,157.33
2017-01-27 15:00:00,162.5
2017-01-27 16:00:00,147.67
2017-01-27 17:00:00,151.0
2017-01-27 18:00:00,188.67
2017-01-27 19:00:00,202.17
2017-01-27 20:00:00,192.33
2017-01-27 21:00:00,202.0
2017-01-27 22:00:00,205.33
2017-01-27 23:00:00,188.0
2017-01-28 00:00:00,162.17
2017-01-28 00:00:00,162.17
2017-01-28 01:00:00,165.0
2017-01-28 02:00:00,167.33
2017-01-28 03:00:00,153.0
2017-01-28 04:00:00,159.67
2017-01-28 05:00:00,165.5
2017-01-28 06:00:00,138.33
2017-01-28 07:00:00,137.0
2017-01-28 08:00:00,148.0
2017-01-28 09:00:00,163.0
2017-01-28 10:00:00,160.33
2017-01-28 11:00:00,134.0
2017-01-28 12:00:00,154.67
2017-01-28 13:00:00,157.33
2017-01-28 14:00:00,139.17
2017-01-28 15:00:00,137.5
2017-01-28 16:00:00,133.2
2017-01-28 17:00:00,165.0
2017-01-28 18:00:00,164.67
2017-01-28 19:00:00,188.33
2017-01-28 20:00:00,194.67
2017-01-28 21:00:00,198.0
2017-01-28 22:00:00,189.5
2017-01-28 23:00:00,175.0
2017-01-29 00:00:00,170.0
2017-01-29 00:00:00,170.0
2017-01-29 01:00:00,159.0
2017-01-29 02:00:00,162.0
2017-01-29 03:00:00,155.17
2017-01-29 04:00:00,166.33
2017-01-29 05:00:00,159.67
2017-01-29 06:00:00,136.17
2017-01-29 07:00:00,135.0
2017-01-29 08:00:00,147.0
2017-01-29 09:00:00,147.67
2017-01-29 10:00:00,134.67
2017-01-29 11:00:00,138.0
2017-01-29 12:00:00,136.5
2017-01-29 13:00:00,137.33
2017-01-29 14:00:00,140.5
2017-01-29 15:00:00,127.0
2017-01-29 16:00:00,135.83
2017-01-29 17:00:00,148.5
2017-01-29 18:00:00,193.0
2017-01-29 19:00:00,192.33
2017-01-29 20:00:00,197.33
2017-01-29 21:00:00,208.17
2017-01-29 22:00:00,193.0
2017-01-29 23:00:00,173.33
2017-01-30 00:00:00,168.67
2017-01-30 00:00:00,168.67
2017-01-30 01:00:00,184.5
2017-01-30 02:00:00,164.0
2017-01-30 03:00:00,169.5
2017-01-30 04:00:00,155.83
2017-01-30 05:00:00,154.17
2017-01-30 06:00:00,135.67
2017-01-30 07:00:00,144.67
2017-01-30 08:00:00,130.0
2017-01-30 09:00:00,135.17
2017-01-30 10:00:00,141.0
2017-01-30 11:00:00,136.0
2017-01-30 12:00:00,140.83
2017-01-30 13:00:00,140.0
2017-01-30 14:00:00,162.0
2017-01-30 15:00:00,156.0
2017-01-30 16:00:00,159.33
2017-01-30 17:00:00,156.5
2017-01-30 18:00:00,180.17
2017-01-30 19:00:00,205.0
2017-01-30 20:00:00,212.5
2017-01-30 21:00:00,208.0
2017-01-30 22:00:00,199.5
2017-01-30 23:00:00,196.0
2017-01-31 00:00:00,180.0
2017-01-31 00:00:00,180.0
2017-01-31 01:00:00,173.33
2017-01-31 02:00:00,175.83
2017-01-31 03:00:00,161.0
2017-01-31 04:00:00,173.33
2017-01-31 05:00:00,172.33
2017-01-31 06:00:00,135.0
2017-01-31 07:00:00,141.9
2017-01-31 08:00:00,145.0
2017-01-31 09:00:00,133.5
2017-01-31 10:00:00,150.17
2017-01-31 11:00:00,157.67
2017-01-31 12:00:00,142.0
2017-01-31 13:00:00,155.33
2017-01-31 14:00:00,140.5
2017-01-31 15:00:00,159.33
2017-01-31 16:00:00,146.33
2017-01-31 17:00:00,147.0
2017-01-31 18:00:00,173.33
2017-01-31 19:00:00,202.33
2017-01-31 20:00:00,217.33
2017-01-31 21:00:00,202.67
2017-01-31 22:00:00,211.0
2017-01-31 23:00:00,201.17
2017-02-01 00:00:00,181.17
2017-02-01 00:00:00,181.17
2017-02-01 01:00:00,186.67
2017-02-01 02:00:00,182.17
2017-02-01 03:00:00,178.0
2017-02-01 04:00:00,172.67
2017-02-01 05:00:00,181.67
2017-02-01 06:00:00,141.5
2017-02-01 07:00:00,156.0
2017-02-01 08:00:00,152.0
2017-02-01 09:00:00,148.0
2017-02-01 10:00:00,144.33
2017-02-01 11:00:00,148.33
2017-02-01 12:00:00,162.5
2017-02-01 13:00:00,181.0
2017-02-01 14:00:00,184.0
2017-02-01 15:00:00,167.0
2017-02-01 16:00:00,174.0
2017-02-01 17:00:00,159.0
2017-02-01 18:00:00,199.17
2017-02-01 19:00:00,221.0
2017-02-01 20:00:00,222.5
2017-02-01 21:00:00,216.0
2017-02-01 22:00:00,212.5
2017-02-01 23:00:00,204.9
2017-02-02 00:00:00,199.67
2017-02-02 00:00:00,199.67
2017-02-02 01:00:00,190.0
2017-02-02 02:00:00,201.0
2017-02-02 03:00:00,172.83
2017-02-02 04:00:00,166.0
2017-02-02 05:00:00,169.5
2017-02-02 06:00:00,142.0
2017-02-02 07:00:00,145.0
2017-02-02 08:00:00,152.0
2017-02-02 09:00:00,157.0
2017-02-02 10:00:00,181.33
2017-02-02 11:00:00,167.83
2017-02-02 12:00:00,164.0
2017-02-02 13:00:00,182.33
2017-02-02 14:00:00,166.67
2017-02-02 15:00:00,179.5
2017-02-02 16:00:00,174.5
2017-02-02 17:00:00,193.33
2017-02-02 18:00:00,201.0
2017-02-02 19:00:00,233.67
2017-02-02 20:00:00,246.67
2017-02-02 21:00:00,277.17
2017-02-02 22:00:00,281.67
2017-02-02 23:00:00,254.0
2017-02-03 00:00:00,250.0
2017-02-03 00:00:00,250.0
2017-02-03 01:00:00,223.5
2017-02-03 02:00:00,226.0
2017-02-03 03:00:00,197.0
2017-02-03 04:00:00,196.0
2017-02-03 05:00:00,183.33
2017-02-03 06:00:00,181.83
2017-02-03 07:00:00,173.0
2017-02-03 08:00:00,193.5
2017-02-03 09:00:00,176.17
2017-02-03 10:00:00,178.5
2017-02-03 11:00:00,188.0
2017-02-03 12:00:00,192.0
2017-02-03 13:00:00,184.17
2017-02-03 14:00:00,180.0
2017-02-03 15:00:00,195.5
2017-02-03 16:00:00,167.5
2017-02-03 17:00:00,181.5
2017-02-03 18:00:00,227.67
2017-02-03 19:00:00,235.5
2017-02-03 20:00:00,278.67
2017-02-03 21:00:00,275.5
2017-02-03 22:00:00,271.0
2017-02-03 23:00:00,258.0
2017-02-04 00:00:00,240.33
2017-02-04 00:00:00,240.33
2017-02-04 01:00:00,238.0
2017-02-04 02:00:00,190.0
2017-02-04 03:00:00,185.17
2017-02-04 04:00:00,177.0
2017-02-04 05:00:00,181.0
2017-02-04 06:00:00,158.0
2017-02-04 07:00:00,156.6
2017-02-04 08:00:00,195.33
2017-02-04 09:00:00,151.0
2017-02-04 10:00:00,172.33
2017-02-04 11:00:00,181.5
2017-02-04 12:00:00,167.83
2017-02-04 13:00:00,175.67
2017-02-04 14:00:00,181.67
2017-02-04 15:00:00,173.67
2017-02-04 16:00:00,218.0
2017-02-04 17:00:00,200.0
2017-02-04 18:00:00,211.0
2017-02-04 19:00:00,267.0
2017-02-04 20:00:00,281.5
2017-02-04 21:00:00,315.5
2017-02-04 22:00:00,285.33
2017-02-04 23:00:00,296.33
2017-02-05 00:00:00,255.67
2017-02-05 00:00:00,255.67
2017-02-05 01:00:00,220.0
2017-02-05 02:00:00,200.67
2017-02-05 03:00:00,202.33
2017-02-05 04:00:00,187.0
2017-02-05 05:00:00,191.0
2017-02-05 06:00:00,162.0
2017-02-05 07:00:00,169.67
2017-02-05 08:00:00,178.67
2017-02-05 09:00:00,181.67
2017-02-05 10:00:00,196.17
2017-02-05 11:00:00,195.17
2017-02-05 12:00:00,213.5
2017-02-05 13:00:00,221.67
2017-02-05 14:00:00,245.0
2017-02-05 15:00:00,214.83
2017-02-05 16:00:00,209.0
2017-02-05 17:00:00,211.0
2017-02-05 18:00:00,275.5
2017-02-05 19:00:00,261.17
2017-02-05 20:00:00,319.17
2017-02-05 21:00:00,338.17
2017-02-05 22:00:00,326.0
2017-02-05 23:00:00,299.5
2017-02-06 00:00:00,271.5
2017-02-06 00:00:00,271.5
2017-02-06 01:00:00,240.33
2017-02-06 02:00:00,202.17
2017-02-06 03:00:00,212.67
2017-02-06 04:00:00,198.0
2017-02-06 05:00:00,192.33
2017-02-06 06:00:00,173.67
2017-02-06 07:00:00,186.0
2017-02-06 08:00:00,204.5
2017-02-06 09:00:00,163.67
2017-02-06 10:00:00,160.5
2017-02-06 11:00:00,175.0
2017-02-06 12:00:00,158.0
2017-02-06 13:00:00,198.67
2017-02-06 14:00:00,189.0
2017-02-06 15:00:00,182.5
2017-02-06 16:00:00,186.0
2017-02-06 17:00:00,181.33
2017-02-06 18:00:00,244.5
2017-02-06 19:00:00,306.0
2017-02-06 20:00:00,353.5
2017-02-06 21:00:00,400.67
2017-02-06 22:00:00,393.83
2017-02-06 23:00:00,370.2
2017-02-07 00:00:00,295.17
2017-02-07 00:00:00,295.17
2017-02-07 01:00:00,248.0
2017-02-07 02:00:00,226.67
2017-02-07 03:00:00,214.0
2017-02-07 04:00:00,205.0
2017-02-07 05:00:00,197.67
2017-02-07 06:00:00,184.0
2017-02-07 07:00:00,201.0
2017-02-07 08:00:00,238.5
2017-02-07 09:00:00,219.0
2017-02-07 10:00:00,196.67
2017-02-07 11:00:00,184.33
2017-02-07 12:00:00,184.5
2017-02-07 13:00:00,206.0
2017-02-07 14:00:00,178.0
2017-02-07 15:00:00,170.5
2017-02-07 16:00:00,179.0
2017-02-07 17:00:00,201.0
2017-02-07 18:00:00,240.33
2017-02-07 19:00:00,301.33
2017-02-07 20:00:00,351.0
2017-02-07 21:00:00,367.67
2017-02-07 22:00:00,366.83
2017-02-07 23:00:00,341.67
2017-02-08 00:00:00,298.0
2017-02-08 00:00:00,298.0
2017-02-08 01:00:00,250.33
2017-02-08 02:00:00,224.33
2017-02-08 03:00:00,212.0
2017-02-08 04:00:00,217.33
2017-02-08 05:00:00,196.0
2017-02-08 06:00:00,200.0
2017-02-08 07:00:00,186.33
2017-02-08 08:00:00,227.5
2017-02-08 09:00:00,182.0
2017-02-08 10:00:00,179.0
2017-02-08 11:00:00,175.5
2017-02-08 12:00:00,190.33
2017-02-08 13:00:00,188.0
2017-02-08 14:00:00,184.33
2017-02-08 15:00:00,183.83
2017-02-08 16:00:00,199.0
2017-02-08 17:00:00,187.0
2017-02-08 18:00:00,234.0
2017-02-08 19:00:00,329.7
2017-02-08 20:00:00,370.83
2017-02-08 21:00:00,392.33
2017-02-08 22:00:00,417.5
2017-02-08 23:00:00,354.33
2017-02-09 00:00:00,309.33
2017-02-09 00:00:00,309.33
2017-02-09 01:00:00,283.6
2017-02-09 02:00:00,238.33
2017-02-09 03:00:00,226.17
2017-02-09 04:00:00,231.0
2017-02-09 05:00:00,213.33
2017-02-09 06:00:00,204.33
2017-02-09 07:00:00,206.67
2017-02-09 08:00:00,238.53
2017-02-09 09:00:00,213.5
2017-02-09 10:00:00,185.33
2017-02-09 11:00:00,186.0
2017-02-09 12:00:00,178.33
2017-02-09 13:00:00,196.0
2017-02-09 14:00:00,193.67
2017-02-09 15:00:00,181.67
2017-02-09 16:00:00,191.5
2017-02-09 17:00:00,201.5
2017-02-09 18:00:00,268.0
2017-02-09 19:00:00,370.0
2017-02-09 20:00:00,374.67
2017-02-09 21:00:00,427.83
2017-02-09 22:00:00,412.17
2017-02-09 23:00:00,404.33
2017-02-10 00:00:00,323.67
2017-02-10 00:00:00,323.67
2017-02-10 01:00:00,269.33
2017-02-10 02:00:00,234.0
2017-02-10 03:00:00,229.5
2017-02-10 04:00:00,228.67
2017-02-10 05:00:00,224.5
2017-02-10 06:00:00,191.5
2017-02-10 07:00:00,204.33
2017-02-10 08:00:00,226.33
2017-02-10 09:00:00,178.0
2017-02-10 10:00:00,172.0
2017-02-10 11:00:00,190.17
2017-02-10 12:00:00,171.7
2017-02-10 13:00:00,180.67
2017-02-10 14:00:00,205.33
2017-02-10 15:00:00,195.0
2017-02-10 16:00:00,181.33
2017-02-10 17:00:00,190.5
2017-02-10 18:00:00,239.33
2017-02-10 19:00:00,332.67
2017-02-10 20:00:00,351.0
2017-02-10 21:00:00,363.5
2017-02-10 22:00:00,362.17
2017-02-10 23:00:00,368.67
2017-02-11 00:00:00,309.5
2017-02-11 00:00:00,309.5
2017-02-11 01:00:00,282.33
2017-02-11 02:00:00,262.33
2017-02-11 03:00:00,230.0
2017-02-11 04:00:00,243.33
2017-02-11 05:00:00,232.5
2017-02-11 06:00:00,202.0
2017-02-11 07:00:00,192.67
2017-02-11 08:00:00,203.5
2017-02-11 09:00:00,207.5
2017-02-11 10:00:00,219.5
2017-02-11 11:00:00,223.0
2017-02-11 12:00:00,239.5
2017-02-11 13:00:00,220.0
2017-02-11 14:00:00,207.03
2017-02-11 15:00:00,241.5
2017-02-11 16:00:00,247.83
2017-02-11 17:00:00,228.0
2017-02-11 18:00:00,308.33
2017-02-11 19:00:00,325.17
2017-02-11 20:00:00,334.5
2017-02-11 21:00:00,324.5
2017-02-11 22:00:00,300.5
2017-02-11 23:00:00,321.0
2017-02-12 00:00:00,294.83
2017-02-12 00:00:00,294.83
2017-02-12 01:00:00,267.67
2017-02-12 02:00:00,244.0
2017-02-12 03:00:00,214.67
2017-02-12 04:00:00,218.0
2017-02-12 05:00:00,198.5
2017-02-12 06:00:00,181.67
2017-02-12 07:00:00,182.5
2017-02-12 08:00:00,196.0
2017-02-12 09:00:00,211.5
2017-02-12 10:00:00,204.17
2017-02-12 11:00:00,238.5
2017-02-12 12:00:00,211.67
2017-02-12 13:00:00,234.33
2017-02-12 14:00:00,210.5
2017-02-12 15:00:00,206.0
2017-02-12 16:00:00,213.0
2017-02-12 17:00:00,215.83
2017-02-12 18:00:00,301.0
2017-02-12 19:00:00,320.33
2017-02-12 20:00:00,343.67
2017-02-12 21:00:00,379.33
2017-02-12 22:00:00,391.0
2017-02-12 23:00:00,346.0
2017-02-13 00:00:00,314.33
2017-02-13 00:00:00,314.33
2017-02-13 01:00:00,271.0
2017-02-13 02:00:00,232.5
2017-02-13 03:00:00,215.0
2017-02-13 04:00:00,203.67
2017-02-13 05:00:00,200.33
2017-02-13 06:00:00,195.0
2017-02-13 07:00:00,207.5
2017-02-13 08:00:00,222.5
2017-02-13 09:00:00,197.0
2017-02-13 10:00:00,174.5
2017-02-13 11:00:00,201.17
2017-02-13 12:00:00,183.67
2017-02-13 13:00:00,176.83
2017-02-13 14:00:00,182.0
2017-02-13 15:00:00,175.0
2017-02-13 16:00:00,164.83
2017-02-13 17:00:00,198.33
2017-02-13 18:00:00,257.33
2017-02-13 19:00:00,344.67
2017-02-13 20:00:00,336.33
2017-02-13 21:00:00,391.5
2017-02-13 22:00:00,378.5
2017-02-13 23:00:00,374.17
2017-02-14 00:00:00,299.17
2017-02-14 00:00:00,299.17
2017-02-14 01:00:00,254.17
2017-02-14 02:00:00,235.0
2017-02-14 03:00:00,216.67
2017-02-14 04:00:00,212.0
2017-02-14 05:00:00,207.0
2017-02-14 06:00:00,180.5
2017-02-14 07:00:00,213.67
2017-02-14 08:00:00,233.0
2017-02-14 09:00:00,215.33
2017-02-14 10:00:00,206.5
2017-02-14 11:00:00,178.5
2017-02-14 12:00:00,203.5
2017-02-14 13:00:00,201.67
2017-02-14 14:00:00,187.0
2017-02-14 15:00:00,200.0
2017-02-14 16:00:00,178.0
2017-02-14 17:00:00,193.0
2017-02-14 18:00:00,244.0
2017-02-14 19:00:00,301.5
2017-02-14 20:00:00,324.67
2017-02-14 21:00:00,359.5
2017-02-14 22:00:00,364.0
2017-02-14 23:00:00,369.0
2017-02-15 00:00:00,302.33
2017-02-15 00:00:00,302.33
2017-02-15 01:00:00,289.17
2017-02-15 02:00:00,217.67
2017-02-15 03:00:00,206.5
2017-02-15 04:00:00,191.5
2017-02-15 05:00:00,201.67
2017-02-15 06:00:00,189.0
2017-02-15 07:00:00,185.0
2017-02-15 08:00:00,223.17
2017-02-15 09:00:00,204.33
2017-02-15 10:00:00,186.5
2017-02-15 11:00:00,177.0
2017-02-15 12:00:00,184.33
2017-02-15 13:00:00,176.33
2017-02-15 14:00:00,180.17
2017-02-15 15:00:00,186.67
2017-02-15 16:00:00,181.2
2017-02-15 17:00:00,189.67
2017-02-15 18:00:00,260.33
2017-02-15 19:00:00,323.17
2017-02-15 20:00:00,345.67
2017-02-15 21:00:00,369.4
2017-02-15 22:00:00,362.0
2017-02-15 23:00:00,360.0
2017-02-16 00:00:00,300.17
2017-02-16 00:00:00,300.17
2017-02-16 01:00:00,252.33
2017-02-16 02:00:00,229.83
2017-02-16 03:00:00,216.0
2017-02-16 04:00:00,211.83
2017-02-16 05:00:00,202.0
2017-02-16 06:00:00,176.5
2017-02-16 07:00:00,209.83
2017-02-16 08:00:00,216.83
2017-02-16 09:00:00,198.0
2017-02-16 10:00:00,189.0
2017-02-16 11:00:00,184.67
2017-02-16 12:00:00,177.5
2017-02-16 13:00:00,193.0
2017-02-16 14:00:00,178.5
2017-02-16 15:00:00,185.33
2017-02-16 16:00:00,178.33
2017-02-16 17:00:00,198.0
2017-02-16 18:00:00,259.0
2017-02-16 19:00:00,283.17
2017-02-16 20:00:00,304.33
2017-02-16 21:00:00,332.67
2017-02-16 22:00:00,334.5
2017-02-16 23:00:00,307.83
2017-02-17 00:00:00,294.17
2017-02-17 00:00:00,294.17
2017-02-17 01:00:00,272.0
2017-02-17 02:00:00,215.0
2017-02-17 03:00:00,212.0
2017-02-17 04:00:00,200.67
2017-02-17 05:00:00,187.13
2017-02-17 06:00:00,172.5
2017-02-17 07:00:00,184.5
2017-02-17 08:00:00,240.0
2017-02-17 09:00:00,209.5
2017-02-17 10:00:00,197.2
2017-02-17 11:00:00,190.2
2017-02-17 12:00:00,198.0
2017-02-17 13:00:00,207.0
2017-02-17 14:00:00,208.33
2017-02-17 15:00:00,213.0
2017-02-17 16:00:00,210.0
2017-02-17 17:00:00,230.0
2017-02-17 18:00:00,269.33
2017-02-17 19:00:00,312.17
2017-02-17 20:00:00,369.33
2017-02-17 21:00:00,389.0
2017-02-17 22:00:00,402.5
2017-02-17 23:00:00,371.83
2017-02-18 00:00:00,321.5
2017-02-18 00:00:00,321.5
2017-02-18 01:00:00,279.0
2017-02-18 02:00:00,235.83
2017-02-18 03:00:00,230.5
2017-02-18 04:00:00,215.17
2017-02-18 05:00:00,217.83
2017-02-18 06:00:00,190.67
2017-02-18 07:00:00,198.5
2017-02-18 08:00:00,233.0
2017-02-18 09:00:00,217.5
2017-02-18 10:00:00,232.83
2017-02-18 11:00:00,270.67
2017-02-18 12:00:00,240.83
2017-02-18 13:00:00,249.67
2017-02-18 14:00:00,218.0
2017-02-18 15:00:00,218.67
2017-02-18 16:00:00,230.67
2017-02-18 17:00:00,238.67
2017-02-18 18:00:00,306.83
2017-02-18 19:00:00,319.5
2017-02-18 20:00:00,354.17
2017-02-18 21:00:00,404.33
2017-02-18 22:00:00,437.1
2017-02-18 23:00:00,400.0
2017-02-19 00:00:00,341.67
2017-02-19 00:00:00,341.67
2017-02-19 01:00:00,288.0
2017-02-19 02:00:00,259.0
2017-02-19 03:00:00,260.67
2017-02-19 04:00:00,244.67
2017-02-19 05:00:00,226.0
2017-02-19 06:00:00,216.0
2017-02-19 07:00:00,202.0
2017-02-19 08:00:00,234.67
2017-02-19 09:00:00,229.0
2017-02-19 10:00:00,272.83
2017-02-19 11:00:00,239.67
2017-02-19 12:00:00,265.67
2017-02-19 13:00:00,238.0
2017-02-19 14:00:00,233.33
2017-02-19 15:00:00,243.5
2017-02-19 16:00:00,223.0
2017-02-19 17:00:00,248.17
2017-02-19 18:00:00,344.33
2017-02-19 19:00:00,361.17
2017-02-19 20:00:00,384.5
2017-02-19 21:00:00,433.0
2017-02-19 22:00:00,420.33
2017-02-19 23:00:00,395.83
2017-02-20 00:00:00,332.67
2017-02-20 00:00:00,332.67
2017-02-20 01:00:00,278.0
2017-02-20 02:00:00,237.0
2017-02-20 03:00:00,237.0
2017-02-20 04:00:00,215.67
2017-02-20 05:00:00,206.0
2017-02-20 06:00:00,182.33
2017-02-20 07:00:00,246.33
2017-02-20 08:00:00,275.17
2017-02-20 09:00:00,226.17
2017-02-20 10:00:00,240.33
2017-02-20 11:00:00,223.33
2017-02-20 12:00:00,241.5
2017-02-20 13:00:00,245.5
2017-02-20 14:00:00,221.0
2017-02-20 15:00:00,233.0
2017-02-20 16:00:00,250.67
2017-02-20 17:00:00,290.0
2017-02-20 18:00:00,323.33
2017-02-20 19:00:00,426.53
2017-02-20 20:00:00,468.5
2017-02-20 21:00:00,479.7
2017-02-20 22:00:00,491.5
2017-02-20 23:00:00,480.0
2017-02-21 00:00:00,371.0
2017-02-21 00:00:00,371.0
2017-02-21 01:00:00,310.67
2017-02-21 02:00:00,279.0
2017-02-21 03:00:00,254.33
2017-02-21 04:00:00,254.67
2017-02-21 05:00:00,231.0
2017-02-21 06:00:00,214.0
2017-02-21 07:00:00,276.5
2017-02-21 08:00:00,304.67
2017-02-21 09:00:00,255.0
2017-02-21 10:00:00,239.5
2017-02-21 11:00:00,237.5
2017-02-21 12:00:00,258.17
2017-02-21 13:00:00,262.5
2017-02-21 14:00:00,257.0
2017-02-21 15:00:00,220.5
2017-02-21 16:00:00,231.33
2017-02-21 17:00:00,258.5
2017-02-21 18:00:00,363.5
2017-02-21 19:00:00,389.5
2017-02-21 20:00:00,456.33
2017-02-21 21:00:00,501.0
2017-02-21 22:00:00,499.0
2017-02-21 23:00:00,483.17
2017-02-22 00:00:00,367.33
2017-02-22 00:00:00,367.33
2017-02-22 01:00:00,306.33
2017-02-22 02:00:00,264.5
2017-02-22 03:00:00,238.33
2017-02-22 04:00:00,232.33
2017-02-22 05:00:00,226.5
2017-02-22 06:00:00,207.1
2017-02-22 07:00:00,239.17
2017-02-22 08:00:00,291.0
2017-02-22 09:00:00,251.5
2017-02-22 10:00:00,263.83
2017-02-22 11:00:00,255.75
2017-02-22 12:00:00,294.5
2017-02-22 13:00:00,285.5
2017-02-22 14:00:00,282.5
2017-02-22 15:00:00,297.5
2017-02-22 16:00:00,297.83
2017-02-22 17:00:00,292.67
2017-02-22 18:00:00,395.67
2017-02-22 19:00:00,433.67
2017-02-22 20:00:00,480.0
2017-02-22 21:00:00,490.0
2017-02-22 22:00:00,539.33
2017-02-22 23:00:00,498.67
2017-02-23 00:00:00,421.67
2017-02-23 00:00:00,421.67
2017-02-23 01:00:00,345.17
2017-02-23 02:00:00,297.5
2017-02-23 03:00:00,260.0
2017-02-23 04:00:00,259.0
2017-02-23 05:00:00,260.67
2017-02-23 06:00:00,224.25
2017-02-23 07:00:00,249.58
2017-02-23 08:00:00,309.33
2017-02-23 09:00:00,286.67
2017-02-23 10:00:00,245.33
2017-02-23 11:00:00,230.33
2017-02-23 12:00:00,269.17
2017-02-23 13:00:00,243.75
2017-02-23 14:00:00,253.67
2017-02-23 15:00:00,255.5
2017-02-23 16:00:00,246.67
2017-02-23 17:00:00,278.75
2017-02-23 18:00:00,330.92
2017-02-23 19:00:00,407.33
2017-02-23 20:00:00,434.33
2017-02-23 21:00:00,474.33
2017-02-23 22:00:00,508.83
2017-02-23 23:00:00,479.33
2017-02-24 00:00:00,404.0
2017-02-24 00:00:00,404.0
2017-02-24 01:00:00,332.25
2017-02-24 02:00:00,284.33
2017-02-24 03:00:00,271.0
2017-02-24 04:00:00,250.67
2017-02-24 05:00:00,251.67
2017-02-24 06:00:00,253.0
2017-02-24 07:00:00,252.83
2017-02-24 08:00:00,311.33
2017-02-24 09:00:00,271.5
2017-02-24 10:00:00,267.0
2017-02-24 11:00:00,249.67
2017-02-24 12:00:00,259.67
2017-02-24 13:00:00,250.0
2017-02-24 14:00:00,259.33
2017-02-24 15:00:00,264.33
2017-02-24 16:00:00,251.83
2017-02-24 17:00:00,249.67
2017-02-24 18:00:00,289.0
2017-02-24 19:00:00,332.0
2017-02-24 20:00:00,401.33
2017-02-24 21:00:00,459.25
2017-02-24 22:00:00,459.0
2017-02-24 23:00:00,394.67
2017-02-25 00:00:00,371.5
2017-02-25 00:00:00,371.5
2017-02-25 01:00:00,314.75
2017-02-25 02:00:00,303.0
2017-02-25 03:00:00,264.0
2017-02-25 04:00:00,253.42
2017-02-25 05:00:00,230.67
2017-02-25 06:00:00,219.67
2017-02-25 07:00:00,241.0
2017-02-25 08:00:00,251.83
2017-02-25 09:00:00,253.17
2017-02-25 10:00:00,266.33
2017-02-25 11:00:00,279.0
2017-02-25 12:00:00,270.0
2017-02-25 13:00:00,274.5
2017-02-25 14:00:00,254.5
2017-02-25 15:00:00,243.0
2017-02-25 16:00:00,247.0
2017-02-25 17:00:00,261.0
2017-02-25 18:00:00,315.67
2017-02-25 19:00:00,415.67
2017-02-25 20:00:00,380.83
2017-02-25 21:00:00,409.67
2017-02-25 22:00:00,437.67
2017-02-25 23:00:00,407.33
2017-02-26 00:00:00,372.8
2017-02-26 00:00:00,372.8
2017-02-26 01:00:00,316.83
2017-02-26 02:00:00,267.33
2017-02-26 03:00:00,241.67
2017-02-26 04:00:00,245.0
2017-02-26 05:00:00,230.0
2017-02-26 06:00:00,203.83
2017-02-26 07:00:00,221.67
2017-02-26 08:00:00,219.0
2017-02-26 09:00:00,238.25
2017-02-26 10:00:00,276.33
2017-02-26 11:00:00,259.17
2017-02-26 12:00:00,275.33
2017-02-26 13:00:00,272.58
2017-02-26 14:00:00,248.17
2017-02-26 15:00:00,267.0
2017-02-26 16:00:00,288.33
2017-02-26 17:00:00,261.5
2017-02-26 18:00:00,344.33
2017-02-26 19:00:00,399.33
2017-02-26 20:00:00,389.83
2017-02-26 21:00:00,423.67
2017-02-26 22:00:00,431.67
2017-02-26 23:00:00,402.5
2017-02-27 00:00:00,352.33
2017-02-27 00:00:00,352.33
2017-02-27 01:00:00,313.0
2017-02-27 02:00:00,263.67
2017-02-27 03:00:00,240.67
2017-02-27 04:00:00,221.83
2017-02-27 05:00:00,216.33
2017-02-27 06:00:00,212.0
2017-02-27 07:00:00,208.67
2017-02-27 08:00:00,270.6
2017-02-27 09:00:00,210.5
2017-02-27 10:00:00,203.33
2017-02-27 11:00:00,186.42
2017-02-27 12:00:00,200.75
2017-02-27 13:00:00,211.67
2017-02-27 14:00:00,201.33
2017-02-27 15:00:00,217.33
2017-02-27 16:00:00,215.33
2017-02-27 17:00:00,224.33
2017-02-27 18:00:00,325.67
2017-02-27 19:00:00,407.33
2017-02-27 20:00:00,437.0
2017-02-27 21:00:00,446.75
2017-02-27 22:00:00,458.17
2017-02-27 23:00:00,443.33
2017-02-28 00:00:00,379.21
2017-02-27 00:00:00,352.33
2017-02-27 01:00:00,313.0
2017-02-27 02:00:00,263.67
2017-02-27 03:00:00,240.67
2017-02-27 04:00:00,221.83
2017-02-27 05:00:00,216.33
2017-02-27 06:00:00,212.0
2017-02-27 07:00:00,208.67
2017-02-27 08:00:00,270.6
2017-02-27 09:00:00,210.5
2017-02-27 10:00:00,203.33
2017-02-27 11:00:00,186.42
2017-02-27 12:00:00,200.75
2017-02-27 13:00:00,211.67
2017-02-27 14:00:00,201.33
2017-02-27 15:00:00,217.33
2017-02-27 16:00:00,215.33
2017-02-27 17:00:00,224.33
2017-02-27 18:00:00,325.67
2017-02-27 19:00:00,407.33
2017-02-27 20:00:00,437.0
2017-02-27 21:00:00,446.75
2017-02-27 22:00:00,458.17
2017-02-27 23:00:00,443.33
2017-02-28 00:00:00,379.21
2017-03-01 00:00:00,348.0
2017-03-01 01:00:00,271.0
2017-03-01 02:00:00,232.83
2017-03-01 03:00:00,232.67
2017-03-01 04:00:00,220.33
2017-03-01 05:00:00,215.0
2017-03-01 06:00:00,195.83
2017-03-01 07:00:00,226.67
2017-03-01 08:00:00,250.92
2017-03-01 09:00:00,243.5
2017-03-01 10:00:00,245.5
2017-03-01 11:00:00,215.67
2017-03-01 12:00:00,231.25
2017-03-01 13:00:00,239.58
2017-03-01 14:00:00,220.33
2017-03-01 15:00:00,231.33
2017-03-01 16:00:00,219.17
2017-03-01 17:00:00,238.67
2017-03-01 18:00:00,281.17
2017-03-01 19:00:00,372.33
2017-03-01 20:00:00,398.5
2017-03-01 21:00:00,424.33
2017-03-01 22:00:00,421.83
2017-03-01 23:00:00,419.0
2017-03-02 00:00:00,354.33
2017-03-02 00:00:00,354.33
2017-03-02 01:00:00,
2017-03-02 02:00:00,241.5
2017-03-02 03:00:00,224.83
2017-03-02 04:00:00,201.33
2017-03-02 05:00:00,209.33
2017-03-02 06:00:00,195.67
2017-03-02 07:00:00,213.17
2017-03-02 08:00:00,289.67
2017-03-02 09:00:00,225.17
2017-03-02 10:00:00,224.5
2017-03-02 11:00:00,213.5
2017-03-02 12:00:00,229.67
2017-03-02 13:00:00,228.67
2017-03-02 14:00:00,227.17
2017-03-02 15:00:00,205.58
2017-03-02 16:00:00,206.67
2017-03-02 17:00:00,220.67
2017-03-02 18:00:00,275.0
2017-03-02 19:00:00,363.33
2017-03-02 20:00:00,393.67
2017-03-02 21:00:00,435.17
2017-03-02 22:00:00,424.83
2017-03-02 23:00:00,402.47
2017-03-03 00:00:00,375.0
2017-03-03 00:00:00,375.0
2017-03-03 01:00:00,299.17
2017-03-03 02:00:00,253.0
2017-03-03 03:00:00,237.71
2017-03-03 04:00:00,226.33
2017-03-03 05:00:00,231.33
2017-03-03 06:00:00,183.0
2017-03-03 07:00:00,210.5
2017-03-03 08:00:00,230.5
2017-03-03 09:00:00,238.5
2017-03-03 10:00:00,207.33
2017-03-03 11:00:00,206.33
2017-03-03 12:00:00,203.67
2017-03-03 13:00:00,198.67
2017-03-03 14:00:00,221.17
2017-03-03 15:00:00,229.5
2017-03-03 16:00:00,231.83
2017-03-03 17:00:00,258.25
2017-03-03 18:00:00,289.5
2017-03-03 19:00:00,329.33
2017-03-03 20:00:00,335.33
2017-03-03 21:00:00,391.83
2017-03-03 22:00:00,384.58
2017-03-03 23:00:00,415.33
2017-03-04 00:00:00,372.92
2017-03-04 00:00:00,372.92
2017-03-04 01:00:00,293.67
2017-03-04 02:00:00,243.67
2017-03-04 03:00:00,241.92
2017-03-04 04:00:00,232.17
2017-03-04 05:00:00,229.33
2017-03-04 06:00:00,194.33
2017-03-04 07:00:00,186.67
2017-03-04 08:00:00,224.42
2017-03-04 09:00:00,231.83
2017-03-04 10:00:00,253.67
2017-03-04 11:00:00,260.67
2017-03-04 12:00:00,258.67
2017-03-04 13:00:00,265.0
2017-03-04 14:00:00,247.33
2017-03-04 15:00:00,231.5
2017-03-04 16:00:00,238.17
2017-03-04 17:00:00,224.17
2017-03-04 18:00:00,285.17
2017-03-04 19:00:00,363.33
2017-03-04 20:00:00,329.47
2017-03-04 21:00:00,337.17
2017-03-04 22:00:00,339.17
2017-03-04 23:00:00,345.67
2017-03-05 00:00:00,303.83
2017-03-05 00:00:00,303.83
2017-03-05 01:00:00,273.7
2017-03-05 02:00:00,238.0
2017-03-05 03:00:00,227.0
2017-03-05 04:00:00,200.0
2017-03-05 05:00:00,185.0
2017-03-05 06:00:00,166.33
2017-03-05 07:00:00,175.67
2017-03-05 08:00:00,190.67
2017-03-05 09:00:00,199.0
2017-03-05 10:00:00,235.67
2017-03-05 11:00:00,260.33
2017-03-05 12:00:00,266.83
2017-03-05 13:00:00,237.67
2017-03-05 14:00:00,290.33
2017-03-05 15:00:00,264.33
2017-03-05 16:00:00,263.33
2017-03-05 17:00:00,288.67
2017-03-05 18:00:00,291.67
2017-03-05 19:00:00,365.0
2017-03-05 20:00:00,354.67
2017-03-05 21:00:00,417.08
2017-03-05 22:00:00,373.83
2017-03-05 23:00:00,383.73
2017-03-06 00:00:00,347.0
2017-03-06 00:00:00,347.0
2017-03-06 01:00:00,269.33
2017-03-06 02:00:00,241.33
2017-03-06 03:00:00,212.67
2017-03-06 04:00:00,212.83
2017-03-06 05:00:00,203.67
2017-03-06 06:00:00,173.0
2017-03-06 07:00:00,214.5
2017-03-06 08:00:00,223.33
2017-03-06 09:00:00,238.0
2017-03-06 10:00:00,230.67
2017-03-06 11:00:00,188.33
2017-03-06 12:00:00,208.33
2017-03-06 13:00:00,240.67
2017-03-06 14:00:00,234.33
2017-03-06 15:00:00,223.0
2017-03-06 16:00:00,205.17
2017-03-06 17:00:00,235.0
2017-03-06 18:00:00,262.25
2017-03-06 19:00:00,335.5
2017-03-06 20:00:00,364.83
2017-03-06 21:00:00,428.5
2017-03-06 22:00:00,502.33
2017-03-06 23:00:00,396.33
2017-03-07 00:00:00,322.33
2017-03-07 00:00:00,322.33
2017-03-07 01:00:00,280.0
2017-03-07 02:00:00,254.92
2017-03-07 03:00:00,221.0
2017-03-07 04:00:00,211.17
2017-03-07 05:00:00,218.83
2017-03-07 06:00:00,189.67
2017-03-07 07:00:00,209.67
2017-03-07 08:00:00,248.67
2017-03-07 09:00:00,230.33
2017-03-07 10:00:00,203.33
2017-03-07 11:00:00,197.0
2017-03-07 12:00:00,202.17
2017-03-07 13:00:00,213.33
2017-03-07 14:00:00,208.0
2017-03-07 15:00:00,213.0
2017-03-07 16:00:00,204.5
2017-03-07 17:00:00,207.5
2017-03-07 18:00:00,289.33
2017-03-07 19:00:00,358.67
2017-03-07 20:00:00,363.67
2017-03-07 21:00:00,428.67
2017-03-07 22:00:00,460.67
2017-03-07 23:00:00,415.0
2017-03-08 00:00:00,374.83
2017-03-08 00:00:00,374.83
2017-03-08 01:00:00,304.17
2017-03-08 02:00:00,267.0
2017-03-08 03:00:00,246.33
2017-03-08 04:00:00,248.0
2017-03-08 05:00:00,223.67
2017-03-08 06:00:00,213.0
2017-03-08 07:00:00,229.0
2017-03-08 08:00:00,218.0
2017-03-08 09:00:00,224.33
2017-03-08 10:00:00,222.5
2017-03-08 11:00:00,212.33
2017-03-08 12:00:00,217.67
2017-03-08 13:00:00,236.5
2017-03-08 14:00:00,203.67
2017-03-08 15:00:00,197.67
2017-03-08 16:00:00,200.5
2017-03-08 17:00:00,213.33
2017-03-08 18:00:00,291.67
2017-03-08 19:00:00,309.83
2017-03-08 20:00:00,352.58
2017-03-08 21:00:00,386.0
2017-03-08 22:00:00,400.0
2017-03-08 23:00:00,384.33
2017-03-09 00:00:00,311.33
2017-03-09 00:00:00,311.33
2017-03-09 01:00:00,274.0
2017-03-09 02:00:00,259.33
2017-03-09 03:00:00,233.0
2017-03-09 04:00:00,232.17
2017-03-09 05:00:00,211.33
2017-03-09 06:00:00,187.83
2017-03-09 07:00:00,207.33
2017-03-09 08:00:00,258.5
2017-03-09 09:00:00,196.5
2017-03-09 10:00:00,193.67
2017-03-09 11:00:00,194.83
2017-03-09 12:00:00,216.83
2017-03-09 13:00:00,228.5
2017-03-09 14:00:00,223.0
2017-03-09 15:00:00,182.4
2017-03-09 16:00:00,184.33
2017-03-09 17:00:00,201.0
2017-03-09 18:00:00,263.33
2017-03-09 19:00:00,313.33
2017-03-09 20:00:00,335.67
2017-03-09 21:00:00,386.5
2017-03-09 22:00:00,402.83
2017-03-09 23:00:00,373.0
2017-03-10 00:00:00,326.67
2017-03-10 00:00:00,326.67
2017-03-10 01:00:00,263.5
2017-03-10 02:00:00,247.33
2017-03-10 03:00:00,204.0
2017-03-10 04:00:00,207.67
2017-03-10 05:00:00,201.33
2017-03-10 06:00:00,175.33
2017-03-10 07:00:00,203.0
2017-03-10 08:00:00,210.5
2017-03-10 09:00:00,203.5
2017-03-10 10:00:00,221.0
2017-03-10 11:00:00,211.67
2017-03-10 12:00:00,243.0
2017-03-10 13:00:00,219.67
2017-03-10 14:00:00,225.67
2017-03-10 15:00:00,223.0
2017-03-10 16:00:00,207.25
2017-03-10 17:00:00,254.33
2017-03-10 18:00:00,293.0
2017-03-10 19:00:00,336.17
2017-03-10 20:00:00,355.17
2017-03-10 21:00:00,340.5
2017-03-10 22:00:00,345.79
2017-03-10 23:00:00,332.33
2017-03-11 00:00:00,305.33
2017-03-11 00:00:00,305.33
2017-03-11 01:00:00,250.67
2017-03-11 02:00:00,222.33
2017-03-11 03:00:00,212.5
2017-03-11 04:00:00,210.12
2017-03-11 05:00:00,212.0
2017-03-11 06:00:00,181.33
2017-03-11 07:00:00,183.5
2017-03-11 08:00:00,215.0
2017-03-11 09:00:00,208.0
2017-03-11 10:00:00,224.67
2017-03-11 11:00:00,215.0
2017-03-11 12:00:00,253.42
2017-03-11 13:00:00,261.33
2017-03-11 14:00:00,256.75
2017-03-11 15:00:00,232.0
2017-03-11 16:00:00,237.67
2017-03-11 17:00:00,244.33
2017-03-11 18:00:00,273.33
2017-03-11 19:00:00,360.0
2017-03-11 20:00:00,317.5
2017-03-11 21:00:00,361.17
2017-03-11 22:00:00,355.67
2017-03-11 23:00:00,348.17
2017-03-12 00:00:00,298.33
2017-03-12 00:00:00,298.33
2017-03-12 01:00:00,258.67
2017-03-12 02:00:00,235.17
2017-03-12 03:00:00,217.67
2017-03-12 04:00:00,202.67
2017-03-12 05:00:00,199.5
2017-03-12 06:00:00,184.17
2017-03-12 07:00:00,185.0
2017-03-12 08:00:00,186.67
2017-03-12 09:00:00,193.5
2017-03-12 10:00:00,212.67
2017-03-12 11:00:00,228.5
2017-03-12 12:00:00,284.5
2017-03-12 13:00:00,260.83
2017-03-12 14:00:00,282.67
2017-03-12 15:00:00,288.17
2017-03-12 16:00:00,262.0
2017-03-12 17:00:00,309.5
2017-03-12 18:00:00,335.83
2017-03-12 19:00:00,377.75
2017-03-12 20:00:00,383.83
2017-03-12 21:00:00,425.25
2017-03-12 22:00:00,415.67
2017-03-12 23:00:00,361.67
2017-03-13 00:00:00,291.1
2017-03-13 00:00:00,291.1
2017-03-13 01:00:00,248.83
2017-03-13 02:00:00,222.33
2017-03-13 03:00:00,211.5
2017-03-13 04:00:00,192.67
2017-03-13 05:00:00,197.5
2017-03-13 06:00:00,175.0
2017-03-13 07:00:00,183.0
2017-03-13 08:00:00,215.0
2017-03-13 09:00:00,226.5
2017-03-13 10:00:00,216.33
2017-03-13 11:00:00,201.0
2017-03-13 12:00:00,223.67
2017-03-13 13:00:00,213.5
2017-03-13 14:00:00,202.33
2017-03-13 15:00:00,207.83
2017-03-13 16:00:00,227.5
2017-03-13 17:00:00,236.83
2017-03-13 18:00:00,320.83
2017-03-13 19:00:00,368.67
2017-03-13 20:00:00,397.67
2017-03-13 21:00:00,426.67
2017-03-13 22:00:00,419.33
2017-03-13 23:00:00,406.5
2017-03-14 00:00:00,338.36
2017-03-14 00:00:00,338.36
2017-03-14 01:00:00,261.0
2017-03-14 02:00:00,241.67
2017-03-14 03:00:00,225.0
2017-03-14 04:00:00,209.0
2017-03-14 05:00:00,201.83
2017-03-14 06:00:00,190.0
2017-03-14 07:00:00,207.33
2017-03-14 08:00:00,257.5
2017-03-14 09:00:00,211.33
2017-03-14 10:00:00,205.33
2017-03-14 11:00:00,210.67
2017-03-14 12:00:00,212.5
2017-03-14 13:00:00,197.33
2017-03-14 14:00:00,227.33
2017-03-14 15:00:00,195.0
2017-03-14 16:00:00,202.67
2017-03-14 17:00:00,213.67
2017-03-14 18:00:00,291.5
2017-03-14 19:00:00,344.83
2017-03-14 20:00:00,376.33
2017-03-14 21:00:00,394.67
2017-03-14 22:00:00,418.67
2017-03-14 23:00:00,386.42
2017-03-15 00:00:00,333.67
2017-03-15 00:00:00,333.67
2017-03-15 01:00:00,274.25
2017-03-15 02:00:00,250.0
2017-03-15 03:00:00,229.25
2017-03-15 04:00:00,215.0
2017-03-15 05:00:00,203.0
2017-03-15 06:00:00,181.33
2017-03-15 07:00:00,191.5
2017-03-15 08:00:00,238.67
2017-03-15 09:00:00,202.67
2017-03-15 10:00:00,213.0
2017-03-15 11:00:00,205.0
2017-03-15 12:00:00,243.33
2017-03-15 13:00:00,213.33
2017-03-15 14:00:00,215.0
2017-03-15 15:00:00,197.67
2017-03-15 16:00:00,196.33
2017-03-15 17:00:00,229.67
2017-03-15 18:00:00,267.67
2017-03-15 19:00:00,334.83
2017-03-15 20:00:00,325.67
2017-03-15 21:00:00,359.5
2017-03-15 22:00:00,375.67
2017-03-15 23:00:00,345.67
2017-03-16 00:00:00,308.25
2017-03-16 00:00:00,308.25
2017-03-16 01:00:00,251.17
2017-03-16 02:00:00,246.5
2017-03-16 03:00:00,204.33
2017-03-16 04:00:00,203.67
2017-03-16 05:00:00,202.5
2017-03-16 06:00:00,169.67
2017-03-16 07:00:00,199.67
2017-03-16 08:00:00,230.5
2017-03-16 09:00:00,214.5
2017-03-16 10:00:00,194.33
2017-03-16 11:00:00,211.33
2017-03-16 12:00:00,191.67
2017-03-16 13:00:00,198.5
2017-03-16 14:00:00,195.67
2017-03-16 15:00:00,198.83
2017-03-16 16:00:00,199.33
2017-03-16 17:00:00,230.33
2017-03-16 18:00:00,275.0
2017-03-16 19:00:00,321.83
2017-03-16 20:00:00,358.5
2017-03-16 21:00:00,364.67
2017-03-16 22:00:00,363.33
2017-03-16 23:00:00,352.83
2017-03-17 00:00:00,329.0
2017-03-17 00:00:00,329.0
2017-03-17 01:00:00,261.33
2017-03-17 02:00:00,219.1
2017-03-17 03:00:00,208.0
2017-03-17 04:00:00,192.0
2017-03-17 05:00:00,199.33
2017-03-17 06:00:00,176.67
2017-03-17 07:00:00,196.0
2017-03-17 08:00:00,200.0
2017-03-17 09:00:00,194.67
2017-03-17 10:00:00,220.17
2017-03-17 11:00:00,194.33
2017-03-17 12:00:00,225.0
2017-03-17 13:00:00,211.58
2017-03-17 14:00:00,195.33
2017-03-17 15:00:00,193.0
2017-03-17 16:00:00,192.0
2017-03-17 17:00:00,199.67
2017-03-17 18:00:00,257.67
2017-03-17 19:00:00,312.83
2017-03-17 20:00:00,344.42
2017-03-17 21:00:00,357.67
2017-03-17 22:00:00,380.67
2017-03-17 23:00:00,338.25
2017-03-18 00:00:00,305.5
2017-03-18 00:00:00,305.5
2017-03-18 01:00:00,264.17
2017-03-18 02:00:00,235.17
2017-03-18 03:00:00,213.0
2017-03-18 04:00:00,205.5
2017-03-18 05:00:00,201.0
2017-03-18 06:00:00,191.67
2017-03-18 07:00:00,185.25
2017-03-18 08:00:00,191.0
2017-03-18 09:00:00,210.83
2017-03-18 10:00:00,194.0
2017-03-18 11:00:00,216.33
2017-03-18 12:00:00,260.5
2017-03-18 13:00:00,259.0
2017-03-18 14:00:00,242.33
2017-03-18 15:00:00,232.67
2017-03-18 16:00:00,235.5
2017-03-18 17:00:00,249.33
2017-03-18 18:00:00,302.33
2017-03-18 19:00:00,334.67
2017-03-18 20:00:00,349.67
2017-03-18 21:00:00,366.0
2017-03-18 22:00:00,357.33
2017-03-18 23:00:00,321.0
2017-03-19 00:00:00,304.5
2017-03-19 00:00:00,304.5
2017-03-19 01:00:00,261.17
2017-03-19 02:00:00,237.0
2017-03-19 03:00:00,209.33
2017-03-19 04:00:00,199.67
2017-03-19 05:00:00,192.0
2017-03-19 06:00:00,164.83
2017-03-19 07:00:00,163.67
2017-03-19 08:00:00,178.83
2017-03-19 09:00:00,205.67
2017-03-19 10:00:00,212.17
2017-03-19 11:00:00,238.33
2017-03-19 12:00:00,267.83
2017-03-19 13:00:00,267.0
2017-03-19 14:00:00,252.75
2017-03-19 15:00:00,240.75
2017-03-19 16:00:00,254.0
2017-03-19 17:00:00,296.17
2017-03-19 18:00:00,338.67
2017-03-19 19:00:00,343.0
2017-03-19 20:00:00,367.67
2017-03-19 21:00:00,407.5
2017-03-19 22:00:00,367.33
2017-03-19 23:00:00,353.5
2017-03-20 00:00:00,309.5
2017-03-20 00:00:00,309.5
2017-03-20 01:00:00,243.0
2017-03-20 02:00:00,222.5
2017-03-20 03:00:00,199.17
2017-03-20 04:00:00,179.33
2017-03-20 05:00:00,189.0
2017-03-20 06:00:00,171.17
2017-03-20 07:00:00,185.83
2017-03-20 08:00:00,222.58
2017-03-20 09:00:00,200.33
2017-03-20 10:00:00,190.33
2017-03-20 11:00:00,222.0
2017-03-20 12:00:00,212.83
2017-03-20 13:00:00,198.92
2017-03-20 14:00:00,220.33
2017-03-20 15:00:00,205.0
2017-03-20 16:00:00,225.33
2017-03-20 17:00:00,249.0
2017-03-20 18:00:00,299.83
2017-03-20 19:00:00,353.83
2017-03-20 20:00:00,380.0
2017-03-20 21:00:00,408.67
2017-03-20 22:00:00,368.0
2017-03-20 23:00:00,350.0
2017-03-21 00:00:00,290.0
2017-03-21 00:00:00,290.0
2017-03-21 01:00:00,262.83
2017-03-21 02:00:00,227.67
2017-03-21 03:00:00,220.17
2017-03-21 04:00:00,195.33
2017-03-21 05:00:00,193.33
2017-03-21 06:00:00,161.67
2017-03-21 07:00:00,177.52
2017-03-21 08:00:00,214.58
2017-03-21 09:00:00,199.83
2017-03-21 10:00:00,192.0
2017-03-21 11:00:00,184.33
2017-03-21 12:00:00,189.67
2017-03-21 13:00:00,198.0
2017-03-21 14:00:00,186.0
2017-03-21 15:00:00,182.0
2017-03-21 16:00:00,184.8
2017-03-21 17:00:00,210.67
2017-03-21 18:00:00,272.5
2017-03-21 19:00:00,334.33
2017-03-21 20:00:00,331.0
2017-03-21 21:00:00,371.42
2017-03-21 22:00:00,340.6
2017-03-21 23:00:00,337.83
2017-03-22 00:00:00,312.67
2017-03-22 00:00:00,312.67
2017-03-22 01:00:00,258.83
2017-03-22 02:00:00,235.33
2017-03-22 03:00:00,207.67
2017-03-22 04:00:00,215.0
2017-03-22 05:00:00,195.0
2017-03-22 06:00:00,175.33
2017-03-22 07:00:00,194.83
2017-03-22 08:00:00,229.0
2017-03-22 09:00:00,208.92
2017-03-22 10:00:00,224.5
2017-03-22 11:00:00,224.0
2017-03-22 12:00:00,218.83
2017-03-22 13:00:00,251.67
2017-03-22 14:00:00,216.0
2017-03-22 15:00:00,229.33
2017-03-22 16:00:00,241.0
2017-03-22 17:00:00,262.67
2017-03-22 18:00:00,316.0
2017-03-22 19:00:00,366.0
2017-03-22 20:00:00,378.83
2017-03-22 21:00:00,413.0
2017-03-22 22:00:00,372.0
2017-03-22 23:00:00,359.33
2017-03-23 00:00:00,310.0
2017-03-23 00:00:00,310.0
2017-03-23 01:00:00,267.0
2017-03-23 02:00:00,245.0
2017-03-23 03:00:00,215.29
2017-03-23 04:00:00,206.6
2017-03-23 05:00:00,206.71
2017-03-23 06:00:00,187.0
2017-03-23 07:00:00,197.67
2017-03-23 08:00:00,246.33
2017-03-23 09:00:00,196.67
2017-03-23 10:00:00,209.5
2017-03-23 11:00:00,208.5
2017-03-23 12:00:00,228.5
2017-03-23 13:00:00,206.0
2017-03-23 14:00:00,200.0
2017-03-23 15:00:00,205.5
2017-03-23 16:00:00,217.83
2017-03-23 17:00:00,241.67
2017-03-23 18:00:00,281.33
2017-03-23 19:00:00,330.67
2017-03-23 20:00:00,373.67
2017-03-23 21:00:00,374.5
2017-03-23 22:00:00,387.33
2017-03-23 23:00:00,362.33
2017-03-24 00:00:00,335.0
2017-03-24 00:00:00,335.0
2017-03-24 01:00:00,271.5
2017-03-24 02:00:00,244.67
2017-03-24 03:00:00,227.17
2017-03-24 04:00:00,206.33
2017-03-24 05:00:00,198.0
2017-03-24 06:00:00,181.67
2017-03-24 07:00:00,195.13
2017-03-24 08:00:00,229.75
2017-03-24 09:00:00,207.67
2017-03-24 10:00:00,191.67
2017-03-24 11:00:00,195.67
2017-03-24 12:00:00,204.5
2017-03-24 13:00:00,222.0
2017-03-24 14:00:00,201.0
2017-03-24 15:00:00,208.33
2017-03-24 16:00:00,204.5
2017-03-24 17:00:00,242.67
2017-03-24 18:00:00,283.5
2017-03-24 19:00:00,349.83
2017-03-24 20:00:00,345.33
2017-03-24 21:00:00,335.33
2017-03-24 22:00:00,369.5
2017-03-24 23:00:00,347.97
2017-03-25 00:00:00,313.0
2017-03-25 00:00:00,313.0
2017-03-25 01:00:00,272.92
2017-03-25 02:00:00,240.75
2017-03-25 03:00:00,219.83
2017-03-25 04:00:00,205.42
2017-03-25 05:00:00,193.67
2017-03-25 06:00:00,167.67
2017-03-25 07:00:00,180.33
2017-03-25 08:00:00,189.83
2017-03-25 09:00:00,193.33
2017-03-25 10:00:00,222.17
2017-03-25 11:00:00,238.67
2017-03-25 12:00:00,243.67
2017-03-25 13:00:00,232.17
2017-03-25 14:00:00,209.67
2017-03-25 15:00:00,234.83
2017-03-25 16:00:00,212.17
2017-03-25 17:00:00,223.5
2017-03-25 18:00:00,278.17
2017-03-25 19:00:00,305.25
2017-03-25 20:00:00,329.33
2017-03-25 21:00:00,345.33
2017-03-25 22:00:00,329.67
2017-03-25 23:00:00,303.33
2017-03-26 00:00:00,303.0
2017-03-26 00:00:00,303.0
2017-03-26 01:00:00,263.75
2017-03-26 02:00:00,222.5
2017-03-26 03:00:00,200.05
2017-03-26 04:00:00,192.75
2017-03-26 05:00:00,192.58
2017-03-26 06:00:00,167.0
2017-03-26 07:00:00,177.0
2017-03-26 08:00:00,180.17
2017-03-26 09:00:00,202.25
2017-03-26 10:00:00,205.33
2017-03-26 11:00:00,232.5
2017-03-26 12:00:00,256.17
2017-03-26 13:00:00,266.33
2017-03-26 14:00:00,220.5
2017-03-26 15:00:00,239.0
2017-03-26 16:00:00,232.67
2017-03-26 17:00:00,278.33
2017-03-26 18:00:00,280.33
2017-03-26 19:00:00,337.17
2017-03-26 20:00:00,351.67
2017-03-26 21:00:00,354.0
2017-03-26 22:00:00,385.33
2017-03-26 23:00:00,345.5
2017-03-27 00:00:00,294.0
2017-03-27 00:00:00,294.0
2017-03-27 01:00:00,256.33
2017-03-27 02:00:00,219.33
2017-03-27 03:00:00,203.0
2017-03-27 04:00:00,197.5
2017-03-27 05:00:00,180.25
2017-03-27 06:00:00,167.0
2017-03-27 07:00:00,188.67
2017-03-27 08:00:00,208.33
2017-03-27 09:00:00,206.5
2017-03-27 10:00:00,186.0
2017-03-27 11:00:00,187.5
2017-03-27 12:00:00,196.25
2017-03-27 13:00:00,176.5
2017-03-27 14:00:00,174.33
2017-03-27 15:00:00,189.33
2017-03-27 16:00:00,180.83
2017-03-27 17:00:00,190.75
2017-03-27 18:00:00,245.67
2017-03-27 19:00:00,313.58
2017-03-27 20:00:00,314.67
2017-03-27 21:00:00,372.67
2017-03-27 22:00:00,355.5
2017-03-27 23:00:00,339.07
2017-03-28 00:00:00,286.5
2017-03-28 00:00:00,286.5
2017-03-28 01:00:00,252.0
2017-03-28 02:00:00,224.67
2017-03-28 03:00:00,213.83
2017-03-28 04:00:00,199.0
2017-03-28 05:00:00,196.0
2017-03-28 06:00:00,167.67
2017-03-28 07:00:00,172.5
2017-03-28 08:00:00,228.33
2017-03-28 09:00:00,188.67
2017-03-28 10:00:00,203.83
2017-03-28 11:00:00,180.0
2017-03-28 12:00:00,177.83
2017-03-28 13:00:00,180.5
2017-03-28 14:00:00,179.25
2017-03-28 15:00:00,184.5
2017-03-28 16:00:00,206.33
2017-03-28 17:00:00,190.3
2017-03-28 18:00:00,262.75
2017-03-28 19:00:00,310.71
2017-03-28 20:00:00,305.67
2017-03-28 21:00:00,348.67
2017-03-28 22:00:00,323.25
2017-03-28 23:00:00,293.75
2017-03-29 00:00:00,280.0
2017-03-29 00:00:00,280.0
2017-03-29 01:00:00,247.58
2017-03-29 02:00:00,215.33
2017-03-29 03:00:00,208.0
2017-03-29 04:00:00,193.75
2017-03-29 05:00:00,190.67
2017-03-29 06:00:00,171.5
2017-03-29 07:00:00,186.0
2017-03-29 08:00:00,226.67
2017-03-29 09:00:00,205.33
2017-03-29 10:00:00,173.83
2017-03-29 11:00:00,182.0
2017-03-29 12:00:00,209.5
2017-03-29 13:00:00,205.0
2017-03-29 14:00:00,182.17
2017-03-29 15:00:00,184.0
2017-03-29 16:00:00,191.17
2017-03-29 17:00:00,207.08
2017-03-29 18:00:00,264.5
2017-03-29 19:00:00,299.33
2017-03-29 20:00:00,320.0
2017-03-29 21:00:00,316.5
2017-03-29 22:00:00,304.67
2017-03-29 23:00:00,317.67
2017-03-30 00:00:00,276.17
2017-03-30 00:00:00,276.17
2017-03-30 01:00:00,227.17
2017-03-30 02:00:00,225.33
2017-03-30 03:00:00,196.67
2017-03-30 04:00:00,185.17
2017-03-30 05:00:00,181.33
2017-03-30 06:00:00,177.8
2017-03-30 07:00:00,169.17
2017-03-30 08:00:00,202.75
2017-03-30 09:00:00,175.33
2017-03-30 10:00:00,194.0
2017-03-30 11:00:00,186.5
2017-03-30 12:00:00,187.33
2017-03-30 13:00:00,189.92
2017-03-30 14:00:00,189.25
2017-03-30 15:00:00,194.0
2017-03-30 16:00:00,228.83
2017-03-30 17:00:00,233.92
2017-03-30 18:00:00,275.67
2017-03-30 19:00:00,324.33
2017-03-30 20:00:00,343.33
2017-03-30 21:00:00,351.67
2017-03-30 22:00:00,319.0
2017-03-30 23:00:00,313.33
2017-03-31 00:00:00,290.0
2017-03-31 00:00:00,290.0
2017-03-31 01:00:00,257.33
2017-03-31 02:00:00,231.83
2017-03-31 03:00:00,201.17
2017-03-31 04:00:00,194.67
2017-03-31 05:00:00,190.33
2017-03-31 06:00:00,185.83
2017-03-31 07:00:00,187.67
2017-03-31 08:00:00,205.33
2017-03-31 09:00:00,205.67
2017-03-31 10:00:00,175.67
2017-03-31 11:00:00,183.17
2017-03-31 12:00:00,195.25
2017-03-31 13:00:00,208.67
2017-03-31 14:00:00,200.83
2017-03-31 15:00:00,190.83
2017-03-31 16:00:00,202.0
2017-03-31 17:00:00,240.75
2017-03-31 18:00:00,257.33
2017-03-31 19:00:00,320.5
2017-03-31 20:00:00,318.33
2017-03-31 21:00:00,323.33
2017-03-31 22:00:00,289.83
2017-03-31 23:00:00,312.17
2017-04-01 00:00:00,277.17
2017-04-01 00:00:00,277.17
2017-04-01 01:00:00,241.67
2017-04-01 02:00:00,218.5
2017-04-01 03:00:00,198.67
2017-04-01 04:00:00,192.17
2017-04-01 05:00:00,185.0
2017-04-01 06:00:00,163.5
2017-04-01 07:00:00,169.5
2017-04-01 08:00:00,193.17
2017-04-01 09:00:00,178.0
2017-04-01 10:00:00,203.5
2017-04-01 11:00:00,158.5
2017-04-01 12:00:00,193.0
2017-04-01 13:00:00,198.33
2017-04-01 14:00:00,188.33
2017-04-01 15:00:00,197.33
2017-04-01 16:00:00,199.33
2017-04-01 17:00:00,204.83
2017-04-01 18:00:00,243.33
2017-04-01 19:00:00,276.67
2017-04-01 20:00:00,288.33
2017-04-01 21:00:00,301.67
2017-04-01 22:00:00,263.0
2017-04-01 23:00:00,281.58
2017-04-02 00:00:00,247.81
2017-04-02 00:00:00,247.81
2017-04-02 01:00:00,231.31
2017-04-02 02:00:00,213.57
2017-04-02 03:00:00,192.33
2017-04-02 04:00:00,178.42
2017-04-02 05:00:00,183.67
2017-04-02 06:00:00,161.0
2017-04-02 07:00:00,162.05
2017-04-02 08:00:00,166.0
2017-04-02 09:00:00,178.33
2017-04-02 10:00:00,
2017-04-02 11:00:00,
2017-04-02 12:00:00,196.67
2017-04-02 13:00:00,207.67
2017-04-02 14:00:00,194.5
2017-04-02 15:00:00,202.33
2017-04-02 16:00:00,192.0
2017-04-02 17:00:00,210.83
2017-04-02 18:00:00,212.5
2017-04-02 19:00:00,293.33
2017-04-02 20:00:00,275.1
2017-04-02 21:00:00,271.0
2017-04-02 22:00:00,266.0
2017-04-02 23:00:00,249.17
2017-04-03 00:00:00,256.33
2017-04-03 00:00:00,256.33
2017-04-03 01:00:00,221.5
2017-04-03 02:00:00,203.67
2017-04-03 03:00:00,180.0
2017-04-03 04:00:00,182.0
2017-04-03 05:00:00,162.0
2017-04-03 06:00:00,137.33
2017-04-03 07:00:00,137.33
2017-04-03 08:00:00,165.0
2017-04-03 09:00:00,205.33
2017-04-03 10:00:00,190.67
2017-04-03 11:00:00,171.0
2017-04-03 12:00:00,193.67
2017-04-03 13:00:00,180.33
2017-04-03 14:00:00,182.5
2017-04-03 15:00:00,185.0
2017-04-03 16:00:00,190.67
2017-04-03 17:00:00,191.0
2017-04-03 18:00:00,236.33
2017-04-03 19:00:00,247.0
2017-04-03 20:00:00,270.33
2017-04-03 21:00:00,298.8
2017-04-03 22:00:00,286.5
2017-04-03 23:00:00,285.0
2017-04-04 00:00:00,243.17
2017-04-04 00:00:00,243.17
2017-04-04 01:00:00,219.5
2017-04-04 02:00:00,192.67
2017-04-04 03:00:00,187.0
2017-04-04 04:00:00,173.33
2017-04-04 05:00:00,165.0
2017-04-04 06:00:00,141.67
2017-04-04 07:00:00,136.67
2017-04-04 08:00:00,145.0
2017-04-04 09:00:00,163.33
2017-04-04 10:00:00,110.33
2017-04-04 11:00:00,177.67
2017-04-04 12:00:00,187.83
2017-04-04 13:00:00,183.83
2017-04-04 14:00:00,190.5
2017-04-04 15:00:00,207.83
2017-04-04 16:00:00,183.4
2017-04-04 17:00:00,199.67
2017-04-04 18:00:00,238.42
2017-04-04 19:00:00,287.5
2017-04-04 20:00:00,306.67
2017-04-04 21:00:00,309.0
2017-04-04 22:00:00,260.57
2017-04-04 23:00:00,276.0
2017-04-05 00:00:00,248.33
2017-04-05 00:00:00,248.33
2017-04-05 01:00:00,210.33
2017-04-05 02:00:00,196.33
2017-04-05 03:00:00,187.0
2017-04-05 04:00:00,169.0
2017-04-05 05:00:00,168.67
2017-04-05 06:00:00,155.0
2017-04-05 07:00:00,157.0
2017-04-05 08:00:00,185.33
2017-04-05 09:00:00,177.0
2017-04-05 10:00:00,171.0
2017-04-05 11:00:00,190.67
2017-04-05 12:00:00,173.0
2017-04-05 13:00:00,172.0
2017-04-05 14:00:00,198.17
2017-04-05 15:00:00,206.67
2017-04-05 16:00:00,190.5
2017-04-05 17:00:00,215.5
2017-04-05 18:00:00,255.33
2017-04-05 19:00:00,275.5
2017-04-05 20:00:00,283.67
2017-04-05 21:00:00,302.67
2017-04-05 22:00:00,273.67
2017-04-05 23:00:00,272.08
2017-04-06 00:00:00,234.67
2017-04-06 00:00:00,234.67
2017-04-06 01:00:00,216.67
2017-04-06 02:00:00,192.08
2017-04-06 03:00:00,170.83
2017-04-06 04:00:00,174.33
2017-04-06 05:00:00,167.17
2017-04-06 06:00:00,138.17
2017-04-06 07:00:00,143.17
2017-04-06 08:00:00,173.0
2017-04-06 09:00:00,179.17
2017-04-06 10:00:00,178.67
2017-04-06 11:00:00,172.33
2017-04-06 12:00:00,175.5
2017-04-06 13:00:00,175.17
2017-04-06 14:00:00,190.0
2017-04-06 15:00:00,171.83
2017-04-06 16:00:00,183.83
2017-04-06 17:00:00,185.67
2017-04-06 18:00:00,226.33
2017-04-06 19:00:00,301.83
2017-04-06 20:00:00,295.67
2017-04-06 21:00:00,297.17
2017-04-06 22:00:00,271.67
2017-04-06 23:00:00,259.33
2017-04-07 00:00:00,237.33
2017-04-07 00:00:00,237.33
2017-04-07 01:00:00,191.67
2017-04-07 02:00:00,186.67
2017-04-07 03:00:00,173.5
2017-04-07 04:00:00,168.0
2017-04-07 05:00:00,166.0
2017-04-07 06:00:00,150.33
2017-04-07 07:00:00,159.67
2017-04-07 08:00:00,178.0
2017-04-07 09:00:00,179.33
2017-04-07 10:00:00,182.0
2017-04-07 11:00:00,162.33
2017-04-07 12:00:00,200.67
2017-04-07 13:00:00,189.67
2017-04-07 14:00:00,179.0
2017-04-07 15:00:00,196.67
2017-04-07 16:00:00,178.0
2017-04-07 17:00:00,194.67
2017-04-07 18:00:00,232.33
2017-04-07 19:00:00,278.5
2017-04-07 20:00:00,306.17
2017-04-07 21:00:00,282.33
2017-04-07 22:00:00,282.67
2017-04-07 23:00:00,272.33
2017-04-08 00:00:00,241.0
2017-04-08 00:00:00,241.0
2017-04-08 01:00:00,211.0
2017-04-08 02:00:00,188.0
2017-04-08 03:00:00,175.0
2017-04-08 04:00:00,170.0
2017-04-08 05:00:00,169.0
2017-04-08 06:00:00,146.33
2017-04-08 07:00:00,148.67
2017-04-08 08:00:00,164.33
2017-04-08 09:00:00,185.0
2017-04-08 10:00:00,199.67
2017-04-08 11:00:00,198.0
2017-04-08 12:00:00,188.0
2017-04-08 13:00:00,193.67
2017-04-08 14:00:00,173.67
2017-04-08 15:00:00,211.67
2017-04-08 16:00:00,210.0
2017-04-08 17:00:00,193.0
2017-04-08 18:00:00,226.0
2017-04-08 19:00:00,282.0
2017-04-08 20:00:00,281.67
2017-04-08 21:00:00,289.5
2017-04-08 22:00:00,273.83
2017-04-08 23:00:00,251.0
2017-04-09 00:00:00,236.0
2017-04-09 00:00:00,236.0
2017-04-09 01:00:00,208.33
2017-04-09 02:00:00,209.0
2017-04-09 03:00:00,168.67
2017-04-09 04:00:00,171.5
2017-04-09 05:00:00,188.33
2017-04-09 06:00:00,139.33
2017-04-09 07:00:00,142.33
2017-04-09 08:00:00,151.0
2017-04-09 09:00:00,157.33
2017-04-09 10:00:00,178.67
2017-04-09 11:00:00,200.0
2017-04-09 12:00:00,235.0
2017-04-09 13:00:00,236.0
2017-04-09 14:00:00,234.67
2017-04-09 15:00:00,231.67
2017-04-09 16:00:00,227.67
2017-04-09 17:00:00,240.67
2017-04-09 18:00:00,284.0
2017-04-09 19:00:00,311.0
2017-04-09 20:00:00,327.33
2017-04-09 21:00:00,327.67
2017-04-09 22:00:00,309.67
2017-04-09 23:00:00,307.86
2017-04-10 00:00:00,263.0
2017-04-10 00:00:00,263.0
2017-04-10 01:00:00,248.83
2017-04-10 02:00:00,202.0
2017-04-10 03:00:00,195.0
2017-04-10 04:00:00,178.0
2017-04-10 05:00:00,196.0
2017-04-10 06:00:00,152.33
2017-04-10 07:00:00,156.33
2017-04-10 08:00:00,201.0
2017-04-10 09:00:00,171.5
2017-04-10 10:00:00,175.0
2017-04-10 11:00:00,167.67
2017-04-10 12:00:00,177.0
2017-04-10 13:00:00,182.0
2017-04-10 14:00:00,191.5
2017-04-10 15:00:00,194.0
2017-04-10 16:00:00,217.5
2017-04-10 17:00:00,202.33
2017-04-10 18:00:00,261.83
2017-04-10 19:00:00,356.5
2017-04-10 20:00:00,351.5
2017-04-10 21:00:00,393.75
2017-04-10 22:00:00,384.83
2017-04-10 23:00:00,343.33
2017-04-11 00:00:00,301.33
2017-04-11 00:00:00,301.33
2017-04-11 01:00:00,239.0
2017-04-11 02:00:00,226.0
2017-04-11 03:00:00,205.5
2017-04-11 04:00:00,200.0
2017-04-11 05:00:00,188.0
2017-04-11 06:00:00,177.0
2017-04-11 07:00:00,203.0
2017-04-11 08:00:00,235.33
2017-04-11 09:00:00,208.0
2017-04-11 10:00:00,194.0
2017-04-11 11:00:00,189.5
2017-04-11 12:00:00,203.67
2017-04-11 13:00:00,192.67
2017-04-11 14:00:00,189.33
2017-04-11 15:00:00,182.67
2017-04-11 16:00:00,184.0
2017-04-11 17:00:00,225.33
2017-04-11 18:00:00,261.5
2017-04-11 19:00:00,336.67
2017-04-11 20:00:00,382.0
2017-04-11 21:00:00,377.17
2017-04-11 22:00:00,383.5
2017-04-11 23:00:00,357.83
2017-04-12 00:00:00,338.5
2017-04-12 00:00:00,338.5
2017-04-12 01:00:00,279.0
2017-04-12 02:00:00,242.5
2017-04-12 03:00:00,202.33
2017-04-12 04:00:00,205.83
2017-04-12 05:00:00,213.33
2017-04-12 06:00:00,177.33
2017-04-12 07:00:00,189.33
2017-04-12 08:00:00,238.17
2017-04-12 09:00:00,179.83
2017-04-12 10:00:00,185.83
2017-04-12 11:00:00,198.33
2017-04-12 12:00:00,202.0
2017-04-12 13:00:00,206.67
2017-04-12 14:00:00,221.75
2017-04-12 15:00:00,186.67
2017-04-12 16:00:00,174.17
2017-04-12 17:00:00,195.33
2017-04-12 18:00:00,252.33
2017-04-12 19:00:00,311.67
2017-04-12 20:00:00,330.83
2017-04-12 21:00:00,350.83
2017-04-12 22:00:00,340.83
2017-04-12 23:00:00,321.17
2017-04-13 00:00:00,299.5
2017-04-13 00:00:00,299.5
2017-04-13 01:00:00,263.5
2017-04-13 02:00:00,229.67
2017-04-13 03:00:00,204.33
2017-04-13 04:00:00,186.33
2017-04-13 05:00:00,192.0
2017-04-13 06:00:00,160.0
2017-04-13 07:00:00,198.5
2017-04-13 08:00:00,207.67
2017-04-13 09:00:00,200.33
2017-04-13 10:00:00,181.33
2017-04-13 11:00:00,199.67
2017-04-13 12:00:00,212.33
2017-04-13 13:00:00,195.33
2017-04-13 14:00:00,185.83
2017-04-13 15:00:00,177.83
2017-04-13 16:00:00,191.5
2017-04-13 17:00:00,188.67
2017-04-13 18:00:00,230.0
2017-04-13 19:00:00,315.33
2017-04-13 20:00:00,353.5
2017-04-13 21:00:00,335.33
2017-04-13 22:00:00,330.17
2017-04-13 23:00:00,313.0
2017-04-14 00:00:00,273.25
2017-04-14 00:00:00,273.25
2017-04-14 01:00:00,256.33
2017-04-14 02:00:00,226.67
2017-04-14 03:00:00,197.33
2017-04-14 04:00:00,190.0
2017-04-14 05:00:00,196.5
2017-04-14 06:00:00,176.33
2017-04-14 07:00:00,176.67
2017-04-14 08:00:00,204.67
2017-04-14 09:00:00,171.75
2017-04-14 10:00:00,162.5
2017-04-14 11:00:00,153.83
2017-04-14 12:00:00,179.0
2017-04-14 13:00:00,174.67
2017-04-14 14:00:00,190.0
2017-04-14 15:00:00,175.33
2017-04-14 16:00:00,191.33
2017-04-14 17:00:00,186.33
2017-04-14 18:00:00,210.67
2017-04-14 19:00:00,285.0
2017-04-14 20:00:00,277.33
2017-04-14 21:00:00,284.67
2017-04-14 22:00:00,263.67
2017-04-14 23:00:00,264.0
2017-04-15 00:00:00,257.83
2017-04-15 00:00:00,257.83
2017-04-15 01:00:00,235.5
2017-04-15 02:00:00,198.17
2017-04-15 03:00:00,178.67
2017-04-15 04:00:00,165.0
2017-04-15 05:00:00,171.5
2017-04-15 06:00:00,140.83
2017-04-15 07:00:00,158.33
2017-04-15 08:00:00,176.5
2017-04-15 09:00:00,168.67
2017-04-15 10:00:00,164.0
2017-04-15 11:00:00,159.67
2017-04-15 12:00:00,209.67
2017-04-15 13:00:00,211.0
2017-04-15 14:00:00,189.0
2017-04-15 15:00:00,193.0
2017-04-15 16:00:00,179.33
2017-04-15 17:00:00,184.67
2017-04-15 18:00:00,211.67
2017-04-15 19:00:00,275.0
2017-04-15 20:00:00,260.5
2017-04-15 21:00:00,264.0
2017-04-15 22:00:00,242.0
2017-04-15 23:00:00,251.67
2017-04-16 00:00:00,228.67
2017-04-16 00:00:00,228.67
2017-04-16 01:00:00,195.33
2017-04-16 02:00:00,178.67
2017-04-16 03:00:00,165.67
2017-04-16 04:00:00,160.33
2017-04-16 05:00:00,162.0
2017-04-16 06:00:00,152.67
2017-04-16 07:00:00,134.0
2017-04-16 08:00:00,149.67
2017-04-16 09:00:00,158.0
2017-04-16 10:00:00,179.33
2017-04-16 11:00:00,170.33
2017-04-16 12:00:00,179.0
2017-04-16 13:00:00,185.33
2017-04-16 14:00:00,197.0
2017-04-16 15:00:00,190.17
2017-04-16 16:00:00,202.5
2017-04-16 17:00:00,194.0
2017-04-16 18:00:00,230.67
2017-04-16 19:00:00,266.33
2017-04-16 20:00:00,310.67
2017-04-16 21:00:00,291.33
2017-04-16 22:00:00,262.67
2017-04-16 23:00:00,258.33
2017-04-17 00:00:00,236.5
2017-04-17 00:00:00,236.5
2017-04-17 01:00:00,204.67
2017-04-17 02:00:00,187.83
2017-04-17 03:00:00,174.33
2017-04-17 04:00:00,167.67
2017-04-17 05:00:00,164.0
2017-04-17 06:00:00,140.33
2017-04-17 07:00:00,152.67
2017-04-17 08:00:00,179.67
2017-04-17 09:00:00,160.33
2017-04-17 10:00:00,144.0
2017-04-17 11:00:00,159.67
2017-04-17 12:00:00,192.0
2017-04-17 13:00:00,170.33
2017-04-17 14:00:00,186.17
2017-04-17 15:00:00,168.67
2017-04-17 16:00:00,162.33
2017-04-17 17:00:00,181.75
2017-04-17 18:00:00,241.83
2017-04-17 19:00:00,279.33
2017-04-17 20:00:00,265.67
2017-04-17 21:00:00,308.67
2017-04-17 22:00:00,272.0
2017-04-17 23:00:00,247.5
2017-04-18 00:00:00,235.67
2017-04-18 00:00:00,235.67
2017-04-18 01:00:00,201.67
2017-04-18 02:00:00,178.83
2017-04-18 03:00:00,177.33
2017-04-18 04:00:00,168.0
2017-04-18 05:00:00,165.5
2017-04-18 06:00:00,134.83
2017-04-18 07:00:00,148.17
2017-04-18 08:00:00,176.33
2017-04-18 09:00:00,167.33
2017-04-18 10:00:00,167.67
2017-04-18 11:00:00,176.83
2017-04-18 12:00:00,175.33
2017-04-18 13:00:00,171.67
2017-04-18 14:00:00,158.0
2017-04-18 15:00:00,163.67
2017-04-18 16:00:00,157.33
2017-04-18 17:00:00,169.33
2017-04-18 18:00:00,217.0
2017-04-18 19:00:00,264.67
2017-04-18 20:00:00,266.0
2017-04-18 21:00:00,290.33
2017-04-18 22:00:00,283.33
2017-04-18 23:00:00,255.42
2017-04-19 00:00:00,234.5
2017-04-19 00:00:00,234.5
2017-04-19 01:00:00,206.25
2017-04-19 02:00:00,180.33
2017-04-19 03:00:00,178.67
2017-04-19 04:00:00,165.67
2017-04-19 05:00:00,169.0
2017-04-19 06:00:00,144.83
2017-04-19 07:00:00,145.0
2017-04-19 08:00:00,177.33
2017-04-19 09:00:00,146.17
2017-04-19 10:00:00,154.0
2017-04-19 11:00:00,167.33
2017-04-19 12:00:00,183.17
2017-04-19 13:00:00,185.0
2017-04-19 14:00:00,169.67
2017-04-19 15:00:00,172.0
2017-04-19 16:00:00,171.33
2017-04-19 17:00:00,165.5
2017-04-19 18:00:00,225.67
2017-04-19 19:00:00,268.33
2017-04-19 20:00:00,291.67
2017-04-19 21:00:00,289.5
2017-04-19 22:00:00,258.33
2017-04-19 23:00:00,246.33
2017-04-20 00:00:00,219.5
2017-04-20 00:00:00,219.5
2017-04-20 01:00:00,200.33
2017-04-20 02:00:00,181.0
2017-04-20 03:00:00,170.0
2017-04-20 04:00:00,175.0
2017-04-20 05:00:00,166.0
2017-04-20 06:00:00,133.33
2017-04-20 07:00:00,149.17
2017-04-20 08:00:00,172.0
2017-04-20 09:00:00,151.0
2017-04-20 10:00:00,166.0
2017-04-20 11:00:00,169.67
2017-04-20 12:00:00,165.67
2017-04-20 13:00:00,179.0
2017-04-20 14:00:00,164.67
2017-04-20 15:00:00,184.0
2017-04-20 16:00:00,174.33
2017-04-20 17:00:00,190.0
2017-04-20 18:00:00,227.33
2017-04-20 19:00:00,270.0
2017-04-20 20:00:00,291.67
2017-04-20 21:00:00,279.33
2017-04-20 22:00:00,253.67
2017-04-20 23:00:00,242.67
2017-04-21 00:00:00,224.5
2017-04-21 00:00:00,224.5
2017-04-21 01:00:00,200.5
2017-04-21 02:00:00,187.67
2017-04-21 03:00:00,170.67
2017-04-21 04:00:00,167.33
2017-04-21 05:00:00,164.67
2017-04-21 06:00:00,131.83
2017-04-21 07:00:00,147.83
2017-04-21 08:00:00,166.0
2017-04-21 09:00:00,178.0
2017-04-21 10:00:00,151.33
2017-04-21 11:00:00,175.0
2017-04-21 12:00:00,179.17
2017-04-21 13:00:00,210.0
2017-04-21 14:00:00,160.67
2017-04-21 15:00:00,157.67
2017-04-21 16:00:00,164.33
2017-04-21 17:00:00,165.33
2017-04-21 18:00:00,234.33
2017-04-21 19:00:00,243.33
2017-04-21 20:00:00,247.0
2017-04-21 21:00:00,269.0
2017-04-21 22:00:00,223.67
2017-04-21 23:00:00,244.83
2017-04-22 00:00:00,232.67
2017-04-22 00:00:00,232.67
2017-04-22 01:00:00,190.5
2017-04-22 02:00:00,187.5
2017-04-22 03:00:00,177.17
2017-04-22 04:00:00,161.0
2017-04-22 05:00:00,157.0
2017-04-22 06:00:00,137.33
2017-04-22 07:00:00,135.33
2017-04-22 08:00:00,142.17
2017-04-22 09:00:00,154.0
2017-04-22 10:00:00,180.33
2017-04-22 11:00:00,162.67
2017-04-22 12:00:00,177.0
2017-04-22 13:00:00,182.33
2017-04-22 14:00:00,179.0
2017-04-22 15:00:00,172.0
2017-04-22 16:00:00,160.0
2017-04-22 17:00:00,168.33
2017-04-22 18:00:00,192.67
2017-04-22 19:00:00,265.33
2017-04-22 20:00:00,248.67
2017-04-22 21:00:00,242.33
2017-04-22 22:00:00,231.33
2017-04-22 23:00:00,221.0
2017-04-23 00:00:00,230.0
2017-04-23 00:00:00,230.0
2017-04-23 01:00:00,207.0
2017-04-23 02:00:00,176.33
2017-04-23 03:00:00,181.17
2017-04-23 04:00:00,159.0
2017-04-23 05:00:00,153.67
2017-04-23 06:00:00,137.0
2017-04-23 07:00:00,133.0
2017-04-23 08:00:00,139.0
2017-04-23 09:00:00,155.67
2017-04-23 10:00:00,157.0
2017-04-23 11:00:00,163.0
2017-04-23 12:00:00,191.67
2017-04-23 13:00:00,183.67
2017-04-23 14:00:00,182.67
2017-04-23 15:00:00,186.67
2017-04-23 16:00:00,181.67
2017-04-23 17:00:00,181.0
2017-04-23 18:00:00,230.0
2017-04-23 19:00:00,261.67
2017-04-23 20:00:00,259.5
2017-04-23 21:00:00,267.67
2017-04-23 22:00:00,244.33
2017-04-23 23:00:00,239.33
2017-04-24 00:00:00,240.33
2017-04-24 00:00:00,240.33
2017-04-24 01:00:00,191.67
2017-04-24 02:00:00,162.0
2017-04-24 03:00:00,172.0
2017-04-24 04:00:00,158.67
2017-04-24 05:00:00,153.0
2017-04-24 06:00:00,129.67
2017-04-24 07:00:00,139.33
2017-04-24 08:00:00,179.0
2017-04-24 09:00:00,143.33
2017-04-24 10:00:00,148.33
2017-04-24 11:00:00,152.33
2017-04-24 12:00:00,165.33
2017-04-24 13:00:00,162.0
2017-04-24 14:00:00,146.0
2017-04-24 15:00:00,158.0
2017-04-24 16:00:00,171.5
2017-04-24 17:00:00,193.0
2017-04-24 18:00:00,213.0
2017-04-24 19:00:00,258.67
2017-04-24 20:00:00,279.0
2017-04-24 21:00:00,264.12
2017-04-24 22:00:00,268.33
2017-04-24 23:00:00,
2017-04-25 00:00:00,
2017-04-25 00:00:00,
2017-04-25 01:00:00,179.67
2017-04-25 02:00:00,168.83
2017-04-25 03:00:00,177.0
2017-04-25 04:00:00,165.5
2017-04-25 05:00:00,156.33
2017-04-25 06:00:00,140.67
2017-04-25 07:00:00,152.67
2017-04-25 08:00:00,172.0
2017-04-25 09:00:00,143.33
2017-04-25 10:00:00,172.0
2017-04-25 11:00:00,157.67
2017-04-25 12:00:00,156.0
2017-04-25 13:00:00,151.0
2017-04-25 14:00:00,163.67
2017-04-25 15:00:00,151.33
2017-04-25 16:00:00,147.83
2017-04-25 17:00:00,160.5
2017-04-25 18:00:00,213.0
2017-04-25 19:00:00,246.33
2017-04-25 20:00:00,265.0
2017-04-25 21:00:00,252.33
2017-04-25 22:00:00,250.67
2017-04-25 23:00:00,226.67
2017-04-26 00:00:00,202.67
2017-04-26 00:00:00,202.67
2017-04-26 01:00:00,184.0
2017-04-26 02:00:00,185.0
2017-04-26 03:00:00,160.67
2017-04-26 04:00:00,157.0
2017-04-26 05:00:00,151.67
2017-04-26 06:00:00,133.0
2017-04-26 07:00:00,156.67
2017-04-26 08:00:00,181.67
2017-04-26 09:00:00,162.33
2017-04-26 10:00:00,150.67
2017-04-26 11:00:00,156.33
2017-04-26 12:00:00,170.33
2017-04-26 13:00:00,156.0
2017-04-26 14:00:00,171.0
2017-04-26 15:00:00,171.67
2017-04-26 16:00:00,155.33
2017-04-26 17:00:00,188.73
2017-04-26 18:00:00,199.0
2017-04-26 19:00:00,243.0
2017-04-26 20:00:00,277.0
2017-04-26 21:00:00,289.0
2017-04-26 22:00:00,242.0
2017-04-26 23:00:00,239.17
2017-04-27 00:00:00,219.0
2017-04-27 00:00:00,219.0
2017-04-27 01:00:00,204.33
2017-04-27 02:00:00,187.83
2017-04-27 03:00:00,169.33
2017-04-27 04:00:00,158.67
2017-04-27 05:00:00,158.0
2017-04-27 06:00:00,132.0
2017-04-27 07:00:00,142.33
2017-04-27 08:00:00,156.33
2017-04-27 09:00:00,170.67
2017-04-27 10:00:00,134.33
2017-04-27 11:00:00,160.67
2017-04-27 12:00:00,156.0
2017-04-27 13:00:00,164.67
2017-04-27 14:00:00,154.0
2017-04-27 15:00:00,156.33
2017-04-27 16:00:00,143.0
2017-04-27 17:00:00,158.0
2017-04-27 18:00:00,182.67
2017-04-27 19:00:00,239.67
2017-04-27 20:00:00,272.0
2017-04-27 21:00:00,255.67
2017-04-27 22:00:00,249.67
2017-04-27 23:00:00,221.0
2017-04-28 00:00:00,216.0
2017-04-28 00:00:00,216.0
2017-04-28 01:00:00,195.0
2017-04-28 02:00:00,176.17
2017-04-28 03:00:00,172.67
2017-04-28 04:00:00,164.17
2017-04-28 05:00:00,148.33
2017-04-28 06:00:00,136.67
2017-04-28 07:00:00,142.67
2017-04-28 08:00:00,158.5
2017-04-28 09:00:00,154.33
2017-04-28 10:00:00,158.67
2017-04-28 11:00:00,169.83
2017-04-28 12:00:00,162.17
2017-04-28 13:00:00,166.83
2017-04-28 14:00:00,157.5
2017-04-28 15:00:00,169.33
2017-04-28 16:00:00,161.33
2017-04-28 17:00:00,155.33
2017-04-28 18:00:00,196.33
2017-04-28 19:00:00,235.33
2017-04-28 20:00:00,236.0
2017-04-28 21:00:00,226.67
2017-04-28 22:00:00,213.33
2017-04-28 23:00:00,229.0
2017-04-29 00:00:00,214.0
2017-04-29 00:00:00,214.0
2017-04-29 01:00:00,192.83
2017-04-29 02:00:00,169.33
2017-04-29 03:00:00,160.33
2017-04-29 04:00:00,154.33
2017-04-29 05:00:00,163.67
2017-04-29 06:00:00,141.0
2017-04-29 07:00:00,129.0
2017-04-29 08:00:00,138.0
2017-04-29 09:00:00,149.0
2017-04-29 10:00:00,170.33
2017-04-29 11:00:00,172.67
2017-04-29 12:00:00,202.0
2017-04-29 13:00:00,172.33
2017-04-29 14:00:00,176.67
2017-04-29 15:00:00,166.0
2017-04-29 16:00:00,166.0
2017-04-29 17:00:00,185.0
2017-04-29 18:00:00,195.0
2017-04-29 19:00:00,235.0
2017-04-29 20:00:00,225.0
2017-04-29 21:00:00,236.0
2017-04-29 22:00:00,213.33
2017-04-29 23:00:00,210.17
2017-04-30 00:00:00,199.0
2017-04-30 00:00:00,199.0
2017-04-30 01:00:00,189.33
2017-04-30 02:00:00,169.67
2017-04-30 03:00:00,164.0
2017-04-30 04:00:00,165.0
2017-04-30 05:00:00,167.33
2017-04-30 06:00:00,133.33
2017-04-30 07:00:00,136.67
2017-04-30 08:00:00,128.0
2017-04-30 09:00:00,138.33
2017-04-30 10:00:00,163.33
2017-04-30 11:00:00,154.83
2017-04-30 12:00:00,191.0
2017-04-30 13:00:00,168.0
2017-04-30 14:00:00,175.33
2017-04-30 15:00:00,165.0
2017-04-30 16:00:00,169.67
2017-04-30 17:00:00,162.67
2017-04-30 18:00:00,203.0
2017-04-30 19:00:00,241.33
2017-04-30 20:00:00,229.0
2017-04-30 21:00:00,242.0
2017-04-30 22:00:00,245.0
2017-04-30 23:00:00,230.33
2017-05-01 00:00:00,201.0
2017-05-01 00:00:00,201.0
2017-05-01 01:00:00,191.67
2017-05-01 02:00:00,201.0
2017-05-01 03:00:00,172.33
2017-05-01 04:00:00,169.0
2017-05-01 05:00:00,153.43
2017-05-01 06:00:00,129.0
2017-05-01 07:00:00,135.0
2017-05-01 08:00:00,144.67
2017-05-01 09:00:00,147.0
2017-05-01 10:00:00,161.67
2017-05-01 11:00:00,183.33
2017-05-01 12:00:00,196.0
2017-05-01 13:00:00,184.0
2017-05-01 14:00:00,185.0
2017-05-01 15:00:00,170.67
2017-05-01 16:00:00,173.33
2017-05-01 17:00:00,177.67
2017-05-01 18:00:00,210.0
2017-05-01 19:00:00,254.67
2017-05-01 20:00:00,245.67
2017-05-01 21:00:00,245.33
2017-05-01 22:00:00,236.33
2017-05-01 23:00:00,231.0
2017-05-02 00:00:00,222.67
2017-05-02 00:00:00,222.67
2017-05-02 01:00:00,193.67
2017-05-02 02:00:00,177.0
2017-05-02 03:00:00,174.0
2017-05-02 04:00:00,160.0
2017-05-02 05:00:00,149.67
2017-05-02 06:00:00,134.33
2017-05-02 07:00:00,137.67
2017-05-02 08:00:00,182.83
2017-05-02 09:00:00,160.67
2017-05-02 10:00:00,151.5
2017-05-02 11:00:00,160.33
2017-05-02 12:00:00,163.0
2017-05-02 13:00:00,174.67
2017-05-02 14:00:00,171.0
2017-05-02 15:00:00,155.67
2017-05-02 16:00:00,163.0
2017-05-02 17:00:00,170.0
2017-05-02 18:00:00,214.83
2017-05-02 19:00:00,257.33
2017-05-02 20:00:00,253.33
2017-05-02 21:00:00,263.17
2017-05-02 22:00:00,241.33
2017-05-02 23:00:00,224.67
2017-05-03 00:00:00,215.67
2017-05-03 00:00:00,215.67
2017-05-03 01:00:00,190.0
2017-05-03 02:00:00,177.33
2017-05-03 03:00:00,163.0
2017-05-03 04:00:00,160.33
2017-05-03 05:00:00,158.17
2017-05-03 06:00:00,137.17
2017-05-03 07:00:00,142.17
2017-05-03 08:00:00,157.33
2017-05-03 09:00:00,154.67
2017-05-03 10:00:00,143.58
2017-05-03 11:00:00,168.5
2017-05-03 12:00:00,165.67
2017-05-03 13:00:00,161.33
2017-05-03 14:00:00,180.5
2017-05-03 15:00:00,157.0
2017-05-03 16:00:00,159.67
2017-05-03 17:00:00,165.17
2017-05-03 18:00:00,211.67
2017-05-03 19:00:00,259.0
2017-05-03 20:00:00,245.33
2017-05-03 21:00:00,263.0
2017-05-03 22:00:00,243.0
2017-05-03 23:00:00,234.25
2017-05-04 00:00:00,198.33
2017-05-04 00:00:00,198.33
2017-05-04 01:00:00,182.33
2017-05-04 02:00:00,177.0
2017-05-04 03:00:00,169.67
2017-05-04 04:00:00,163.0
2017-05-04 05:00:00,159.33
2017-05-04 06:00:00,143.0
2017-05-04 07:00:00,164.67
2017-05-04 08:00:00,146.17
2017-05-04 09:00:00,151.5
2017-05-04 10:00:00,160.83
2017-05-04 11:00:00,155.33
2017-05-04 12:00:00,160.0
2017-05-04 13:00:00,159.33
2017-05-04 14:00:00,152.33
2017-05-04 15:00:00,166.33
2017-05-04 16:00:00,169.0
2017-05-04 17:00:00,170.67
2017-05-04 18:00:00,222.33
2017-05-04 19:00:00,279.0
2017-05-04 20:00:00,261.67
2017-05-04 21:00:00,298.92
2017-05-04 22:00:00,231.67
2017-05-04 23:00:00,244.33
2017-05-05 00:00:00,221.33
2017-05-05 00:00:00,221.33
2017-05-05 01:00:00,195.67
2017-05-05 02:00:00,172.67
2017-05-05 03:00:00,168.0
2017-05-05 04:00:00,163.33
2017-05-05 05:00:00,157.0
2017-05-05 06:00:00,133.67
2017-05-05 07:00:00,154.33
2017-05-05 08:00:00,158.33
2017-05-05 09:00:00,156.0
2017-05-05 10:00:00,153.0
2017-05-05 11:00:00,151.0
2017-05-05 12:00:00,170.5
2017-05-05 13:00:00,157.0
2017-05-05 14:00:00,168.53
2017-05-05 15:00:00,154.5
2017-05-05 16:00:00,165.67
2017-05-05 17:00:00,157.67
2017-05-05 18:00:00,202.0
2017-05-05 19:00:00,266.07
2017-05-05 20:00:00,269.67
2017-05-05 21:00:00,251.5
2017-05-05 22:00:00,224.83
2017-05-05 23:00:00,232.0
2017-05-06 00:00:00,224.67
2017-05-06 00:00:00,224.67
2017-05-06 01:00:00,189.0
2017-05-06 02:00:00,171.08
2017-05-06 03:00:00,161.67
2017-05-06 04:00:00,156.67
2017-05-06 05:00:00,152.33
2017-05-06 06:00:00,134.33
2017-05-06 07:00:00,141.33
2017-05-06 08:00:00,152.25
2017-05-06 09:00:00,145.33
2017-05-06 10:00:00,160.67
2017-05-06 11:00:00,176.0
2017-05-06 12:00:00,194.17
2017-05-06 13:00:00,186.92
2017-05-06 14:00:00,176.0
2017-05-06 15:00:00,179.5
2017-05-06 16:00:00,165.33
2017-05-06 17:00:00,173.33
2017-05-06 18:00:00,203.33
2017-05-06 19:00:00,236.0
2017-05-06 20:00:00,261.67
2017-05-06 21:00:00,244.33
2017-05-06 22:00:00,240.33
2017-05-06 23:00:00,228.17
2017-05-07 00:00:00,200.5
2017-05-07 00:00:00,200.5
2017-05-07 01:00:00,193.33
2017-05-07 02:00:00,181.0
2017-05-07 03:00:00,177.83
2017-05-07 04:00:00,157.0
2017-05-07 05:00:00,150.5
2017-05-07 06:00:00,144.5
2017-05-07 07:00:00,134.17
2017-05-07 08:00:00,149.17
2017-05-07 09:00:00,170.5
2017-05-07 10:00:00,164.67
2017-05-07 11:00:00,184.33
2017-05-07 12:00:00,184.67
2017-05-07 13:00:00,182.67
2017-05-07 14:00:00,180.0
2017-05-07 15:00:00,194.0
2017-05-07 16:00:00,190.0
2017-05-07 17:00:00,183.17
2017-05-07 18:00:00,228.5
2017-05-07 19:00:00,235.33
2017-05-07 20:00:00,253.0
2017-05-07 21:00:00,274.83
2017-05-07 22:00:00,256.0
2017-05-07 23:00:00,239.0
2017-05-08 00:00:00,216.67
2017-05-08 00:00:00,216.67
2017-05-08 01:00:00,191.25
2017-05-08 02:00:00,179.33
2017-05-08 03:00:00,168.83
2017-05-08 04:00:00,160.83
2017-05-08 05:00:00,156.33
2017-05-08 06:00:00,135.17
2017-05-08 07:00:00,154.5
2017-05-08 08:00:00,152.17
2017-05-08 09:00:00,162.0
2017-05-08 10:00:00,167.83
2017-05-08 11:00:00,151.17
2017-05-08 12:00:00,155.67
2017-05-08 13:00:00,196.33
2017-05-08 14:00:00,150.33
2017-05-08 15:00:00,164.33
2017-05-08 16:00:00,159.0
2017-05-08 17:00:00,156.5
2017-05-08 18:00:00,202.0
2017-05-08 19:00:00,256.67
2017-05-08 20:00:00,265.67
2017-05-08 21:00:00,250.75
2017-05-08 22:00:00,239.33
2017-05-08 23:00:00,250.67
2017-05-09 00:00:00,224.67
2017-05-09 00:00:00,224.67
2017-05-09 01:00:00,193.33
2017-05-09 02:00:00,176.0
2017-05-09 03:00:00,158.33
2017-05-09 04:00:00,155.67
2017-05-09 05:00:00,158.0
2017-05-09 06:00:00,133.33
2017-05-09 07:00:00,145.67
2017-05-09 08:00:00,176.67
2017-05-09 09:00:00,145.33
2017-05-09 10:00:00,163.67
2017-05-09 11:00:00,169.0
2017-05-09 12:00:00,164.67
2017-05-09 13:00:00,166.42
2017-05-09 14:00:00,144.0
2017-05-09 15:00:00,184.67
2017-05-09 16:00:00,164.67
2017-05-09 17:00:00,162.0
2017-05-09 18:00:00,195.0
2017-05-09 19:00:00,231.0
2017-05-09 20:00:00,256.67
2017-05-09 21:00:00,247.17
2017-05-09 22:00:00,231.17
2017-05-09 23:00:00,246.67
2017-05-10 00:00:00,235.67
2017-05-10 00:00:00,235.67
2017-05-10 01:00:00,191.67
2017-05-10 02:00:00,176.5
2017-05-10 03:00:00,173.67
2017-05-10 04:00:00,163.5
2017-05-10 05:00:00,154.5
2017-05-10 06:00:00,131.0
2017-05-10 07:00:00,142.33
2017-05-10 08:00:00,169.0
2017-05-10 09:00:00,153.67
2017-05-10 10:00:00,150.67
2017-05-10 11:00:00,161.33
2017-05-10 12:00:00,183.08
2017-05-10 13:00:00,170.33
2017-05-10 14:00:00,167.33
2017-05-10 15:00:00,167.0
2017-05-10 16:00:00,151.0
2017-05-10 17:00:00,172.67
2017-05-10 18:00:00,214.0
2017-05-10 19:00:00,234.67
2017-05-10 20:00:00,254.17
2017-05-10 21:00:00,249.33
2017-05-10 22:00:00,252.67
2017-05-10 23:00:00,255.67
2017-05-11 00:00:00,218.67
2017-05-11 00:00:00,218.67
2017-05-11 01:00:00,197.33
2017-05-11 02:00:00,190.67
2017-05-11 03:00:00,174.33
2017-05-11 04:00:00,163.5
2017-05-11 05:00:00,154.67
2017-05-11 06:00:00,143.17
2017-05-11 07:00:00,157.0
2017-05-11 08:00:00,180.0
2017-05-11 09:00:00,158.67
2017-05-11 10:00:00,174.0
2017-05-11 11:00:00,167.0
2017-05-11 12:00:00,166.08
2017-05-11 13:00:00,178.83
2017-05-11 14:00:00,168.17
2017-05-11 15:00:00,156.0
2017-05-11 16:00:00,158.33
2017-05-11 17:00:00,181.17
2017-05-11 18:00:00,231.0
2017-05-11 19:00:00,304.33
2017-05-11 20:00:00,268.0
2017-05-11 21:00:00,270.5
2017-05-11 22:00:00,255.33
2017-05-11 23:00:00,247.0
2017-05-12 00:00:00,233.33
2017-05-12 00:00:00,233.33
2017-05-12 01:00:00,204.67
2017-05-12 02:00:00,193.33
2017-05-12 03:00:00,168.67
2017-05-12 04:00:00,165.0
2017-05-12 05:00:00,163.33
2017-05-12 06:00:00,143.33
2017-05-12 07:00:00,162.0
2017-05-12 08:00:00,168.33
2017-05-12 09:00:00,166.33
2017-05-12 10:00:00,172.0
2017-05-12 11:00:00,150.33
2017-05-12 12:00:00,170.0
2017-05-12 13:00:00,181.83
2017-05-12 14:00:00,188.67
2017-05-12 15:00:00,163.67
2017-05-12 16:00:00,154.17
2017-05-12 17:00:00,167.33
2017-05-12 18:00:00,195.5
2017-05-12 19:00:00,245.33
2017-05-12 20:00:00,276.0
2017-05-12 21:00:00,272.0
2017-05-12 22:00:00,245.5
2017-05-12 23:00:00,250.5
2017-05-13 00:00:00,214.0
2017-05-13 00:00:00,214.0
2017-05-13 01:00:00,193.0
2017-05-13 02:00:00,189.67
2017-05-13 03:00:00,165.0
2017-05-13 04:00:00,173.33
2017-05-13 05:00:00,160.67
2017-05-13 06:00:00,137.33
2017-05-13 07:00:00,161.0
2017-05-13 08:00:00,160.33
2017-05-13 09:00:00,187.67
2017-05-13 10:00:00,175.5
2017-05-13 11:00:00,182.0
2017-05-13 12:00:00,220.83
2017-05-13 13:00:00,194.67
2017-05-13 14:00:00,204.75
2017-05-13 15:00:00,181.67
2017-05-13 16:00:00,181.33
2017-05-13 17:00:00,192.67
2017-05-13 18:00:00,243.57
2017-05-13 19:00:00,251.0
2017-05-13 20:00:00,260.5
2017-05-13 21:00:00,275.0
2017-05-13 22:00:00,260.83
2017-05-13 23:00:00,249.83
2017-05-14 00:00:00,239.0
2017-05-14 00:00:00,239.0
2017-05-14 01:00:00,223.67
2017-05-14 02:00:00,199.0
2017-05-14 03:00:00,192.33
2017-05-14 04:00:00,186.67
2017-05-14 05:00:00,188.0
2017-05-14 06:00:00,153.0
2017-05-14 07:00:00,155.5
2017-05-14 08:00:00,172.0
2017-05-14 09:00:00,193.33
2017-05-14 10:00:00,182.67
2017-05-14 11:00:00,191.33
2017-05-14 12:00:00,217.13
2017-05-14 13:00:00,203.0
2017-05-14 14:00:00,185.0
2017-05-14 15:00:00,195.5
2017-05-14 16:00:00,194.67
2017-05-14 17:00:00,208.67
2017-05-14 18:00:00,219.0
2017-05-14 19:00:00,258.0
2017-05-14 20:00:00,291.33
2017-05-14 21:00:00,260.67
2017-05-14 22:00:00,262.0
2017-05-14 23:00:00,252.67
2017-05-15 00:00:00,245.0
2017-05-15 00:00:00,245.0
2017-05-15 01:00:00,199.67
2017-05-15 02:00:00,193.33
2017-05-15 03:00:00,183.67
2017-05-15 04:00:00,177.67
2017-05-15 05:00:00,172.17
2017-05-15 06:00:00,158.33
2017-05-15 07:00:00,164.17
2017-05-15 08:00:00,200.17
2017-05-15 09:00:00,167.0
2017-05-15 10:00:00,163.0
2017-05-15 11:00:00,167.0
2017-05-15 12:00:00,174.33
2017-05-15 13:00:00,173.0
2017-05-15 14:00:00,169.83
2017-05-15 15:00:00,163.67
2017-05-15 16:00:00,172.67
2017-05-15 17:00:00,165.5
2017-05-15 18:00:00,225.67
2017-05-15 19:00:00,261.67
2017-05-15 20:00:00,253.33
2017-05-15 21:00:00,245.67
2017-05-15 22:00:00,248.0
2017-05-15 23:00:00,236.0
2017-05-16 00:00:00,218.67
2017-05-16 00:00:00,218.67
2017-05-16 01:00:00,206.5
2017-05-16 02:00:00,190.33
2017-05-16 03:00:00,182.2
2017-05-16 04:00:00,176.33
2017-05-16 05:00:00,163.5
2017-05-16 06:00:00,155.83
2017-05-16 07:00:00,151.33
2017-05-16 08:00:00,169.67
2017-05-16 09:00:00,158.67
2017-05-16 10:00:00,159.83
2017-05-16 11:00:00,159.33
2017-05-16 12:00:00,177.33
2017-05-16 13:00:00,171.0
2017-05-16 14:00:00,172.67
2017-05-16 15:00:00,167.0
2017-05-16 16:00:00,160.0
2017-05-16 17:00:00,161.83
2017-05-16 18:00:00,189.33
2017-05-16 19:00:00,251.0
2017-05-16 20:00:00,289.0
2017-05-16 21:00:00,266.0
2017-05-16 22:00:00,251.33
2017-05-16 23:00:00,253.0
2017-05-17 00:00:00,231.0
2017-05-17 00:00:00,231.0
2017-05-17 01:00:00,207.33
2017-05-17 02:00:00,184.0
2017-05-17 03:00:00,171.83
2017-05-17 04:00:00,172.0
2017-05-17 05:00:00,166.0
2017-05-17 06:00:00,145.67
2017-05-17 07:00:00,160.0
2017-05-17 08:00:00,182.0
2017-05-17 09:00:00,165.0
2017-05-17 10:00:00,155.0
2017-05-17 11:00:00,159.0
2017-05-17 12:00:00,169.67
2017-05-17 13:00:00,181.67
2017-05-17 14:00:00,159.0
2017-05-17 15:00:00,156.0
2017-05-17 16:00:00,176.83
2017-05-17 17:00:00,175.33
2017-05-17 18:00:00,210.0
2017-05-17 19:00:00,243.83
2017-05-17 20:00:00,229.17
2017-05-17 21:00:00,256.5
2017-05-17 22:00:00,267.0
2017-05-17 23:00:00,238.5
2017-05-18 00:00:00,221.83
2017-05-18 00:00:00,221.83
2017-05-18 01:00:00,213.33
2017-05-18 02:00:00,195.42
2017-05-18 03:00:00,176.5
2017-05-18 04:00:00,168.33
2017-05-18 05:00:00,171.0
2017-05-18 06:00:00,148.0
2017-05-18 07:00:00,161.0
2017-05-18 08:00:00,180.0
2017-05-18 09:00:00,193.0
2017-05-18 10:00:00,173.0
2017-05-18 11:00:00,162.67
2017-05-18 12:00:00,191.33
2017-05-18 13:00:00,197.0
2017-05-18 14:00:00,178.33
2017-05-18 15:00:00,159.67
2017-05-18 16:00:00,178.17
2017-05-18 17:00:00,166.17
2017-05-18 18:00:00,226.0
2017-05-18 19:00:00,253.17
2017-05-18 20:00:00,249.0
2017-05-18 21:00:00,260.33
2017-05-18 22:00:00,248.67
2017-05-18 23:00:00,234.5
2017-05-19 00:00:00,245.33
2017-05-19 00:00:00,245.33
2017-05-19 01:00:00,200.33
2017-05-19 02:00:00,183.33
2017-05-19 03:00:00,171.33
2017-05-19 04:00:00,170.33
2017-05-19 05:00:00,163.67
2017-05-19 06:00:00,153.67
2017-05-19 07:00:00,157.0
2017-05-19 08:00:00,169.0
2017-05-19 09:00:00,157.67
2017-05-19 10:00:00,147.67
2017-05-19 11:00:00,171.33
2017-05-19 12:00:00,180.67
2017-05-19 13:00:00,157.67
2017-05-19 14:00:00,153.0
2017-05-19 15:00:00,163.33
2017-05-19 16:00:00,172.67
2017-05-19 17:00:00,174.33
2017-05-19 18:00:00,228.33
2017-05-19 19:00:00,255.67
2017-05-19 20:00:00,271.17
2017-05-19 21:00:00,252.67
2017-05-19 22:00:00,266.0
2017-05-19 23:00:00,262.5
2017-05-20 00:00:00,230.0
2017-05-20 00:00:00,230.0
2017-05-20 01:00:00,217.0
2017-05-20 02:00:00,197.33
2017-05-20 03:00:00,182.0
2017-05-20 04:00:00,195.17
2017-05-20 05:00:00,166.33
2017-05-20 06:00:00,147.0
2017-05-20 07:00:00,168.33
2017-05-20 08:00:00,157.67
2017-05-20 09:00:00,157.67
2017-05-20 10:00:00,174.0
2017-05-20 11:00:00,166.0
2017-05-20 12:00:00,182.0
2017-05-20 13:00:00,198.33
2017-05-20 14:00:00,199.14
2017-05-20 15:00:00,192.33
2017-05-20 16:00:00,192.33
2017-05-20 17:00:00,197.0
2017-05-20 18:00:00,221.33
2017-05-20 19:00:00,256.17
2017-05-20 20:00:00,245.67
2017-05-20 21:00:00,251.33
2017-05-20 22:00:00,247.33
2017-05-20 23:00:00,225.0
2017-05-21 00:00:00,230.33
2017-05-21 00:00:00,230.33
2017-05-21 01:00:00,214.0
2017-05-21 02:00:00,202.33
2017-05-21 03:00:00,191.0
2017-05-21 04:00:00,184.33
2017-05-21 05:00:00,174.33
2017-05-21 06:00:00,146.0
2017-05-21 07:00:00,149.0
2017-05-21 08:00:00,179.0
2017-05-21 09:00:00,194.33
2017-05-21 10:00:00,172.0
2017-05-21 11:00:00,191.5
2017-05-21 12:00:00,197.33
2017-05-21 13:00:00,207.0
2017-05-21 14:00:00,210.67
2017-05-21 15:00:00,195.83
2017-05-21 16:00:00,179.17
2017-05-21 17:00:00,187.5
2017-05-21 18:00:00,214.33
2017-05-21 19:00:00,274.17
2017-05-21 20:00:00,267.67
2017-05-21 21:00:00,251.67
2017-05-21 22:00:00,249.67
2017-05-21 23:00:00,264.5
2017-05-22 00:00:00,246.33
2017-05-22 00:00:00,246.33
2017-05-22 01:00:00,235.0
2017-05-22 02:00:00,204.67
2017-05-22 03:00:00,198.67
2017-05-22 04:00:00,195.0
2017-05-22 05:00:00,183.67
2017-05-22 06:00:00,154.33
2017-05-22 07:00:00,176.67
2017-05-22 08:00:00,207.0
2017-05-22 09:00:00,173.83
2017-05-22 10:00:00,194.67
2017-05-22 11:00:00,163.33
2017-05-22 12:00:00,190.33
2017-05-22 13:00:00,181.83
2017-05-22 14:00:00,170.67
2017-05-22 15:00:00,164.67
2017-05-22 16:00:00,165.67
2017-05-22 17:00:00,178.67
2017-05-22 18:00:00,217.0
2017-05-22 19:00:00,269.33
2017-05-22 20:00:00,287.42
2017-05-22 21:00:00,320.33
2017-05-22 22:00:00,286.33
2017-05-22 23:00:00,309.0
2017-05-23 00:00:00,265.0
2017-05-23 00:00:00,265.0
2017-05-23 01:00:00,236.25
2017-05-23 02:00:00,221.0
2017-05-23 03:00:00,213.17
2017-05-23 04:00:00,191.0
2017-05-23 05:00:00,179.17
2017-05-23 06:00:00,170.67
2017-05-23 07:00:00,181.0
2017-05-23 08:00:00,201.67
2017-05-23 09:00:00,181.33
2017-05-23 10:00:00,177.0
2017-05-23 11:00:00,179.67
2017-05-23 12:00:00,183.17
2017-05-23 13:00:00,215.33
2017-05-23 14:00:00,171.33
2017-05-23 15:00:00,192.33
2017-05-23 16:00:00,170.67
2017-05-23 17:00:00,199.83
2017-05-23 18:00:00,227.33
2017-05-23 19:00:00,274.5
2017-05-23 20:00:00,295.6
2017-05-23 21:00:00,285.42
2017-05-23 22:00:00,256.0
2017-05-23 23:00:00,249.5
2017-05-24 00:00:00,237.55
2017-05-24 00:00:00,237.55
2017-05-24 01:00:00,214.0
2017-05-24 02:00:00,202.67
2017-05-24 03:00:00,197.17
2017-05-24 04:00:00,184.0
2017-05-24 05:00:00,183.0
2017-05-24 06:00:00,160.0
2017-05-24 07:00:00,169.0
2017-05-24 08:00:00,184.33
2017-05-24 09:00:00,163.0
2017-05-24 10:00:00,184.0
2017-05-24 11:00:00,162.67
2017-05-24 12:00:00,184.0
2017-05-24 13:00:00,183.33
2017-05-24 14:00:00,174.33
2017-05-24 15:00:00,157.33
2017-05-24 16:00:00,157.0
2017-05-24 17:00:00,187.67
2017-05-24 18:00:00,202.92
2017-05-24 19:00:00,262.0
2017-05-24 20:00:00,252.0
2017-05-24 21:00:00,279.0
2017-05-24 22:00:00,246.92
2017-05-24 23:00:00,249.67
2017-05-25 00:00:00,241.0
2017-05-25 00:00:00,241.0
2017-05-25 01:00:00,224.0
2017-05-25 02:00:00,193.0
2017-05-25 03:00:00,184.33
2017-05-25 04:00:00,176.33
2017-05-25 05:00:00,174.58
2017-05-25 06:00:00,153.67
2017-05-25 07:00:00,161.5
2017-05-25 08:00:00,182.33
2017-05-25 09:00:00,171.5
2017-05-25 10:00:00,168.83
2017-05-25 11:00:00,169.33
2017-05-25 12:00:00,172.17
2017-05-25 13:00:00,166.17
2017-05-25 14:00:00,167.0
2017-05-25 15:00:00,168.33
2017-05-25 16:00:00,163.83
2017-05-25 17:00:00,187.33
2017-05-25 18:00:00,207.17
2017-05-25 19:00:00,236.83
2017-05-25 20:00:00,282.33
2017-05-25 21:00:00,285.0
2017-05-25 22:00:00,256.83
2017-05-25 23:00:00,255.5
2017-05-26 00:00:00,239.0
2017-05-26 00:00:00,239.0
2017-05-26 01:00:00,210.17
2017-05-26 02:00:00,206.5
2017-05-26 03:00:00,186.0
2017-05-26 04:00:00,175.33
2017-05-26 05:00:00,171.17
2017-05-26 06:00:00,164.0
2017-05-26 07:00:00,154.67
2017-05-26 08:00:00,204.33
2017-05-26 09:00:00,188.58
2017-05-26 10:00:00,188.25
2017-05-26 11:00:00,173.33
2017-05-26 12:00:00,169.0
2017-05-26 13:00:00,207.33
2017-05-26 14:00:00,202.0
2017-05-26 15:00:00,176.0
2017-05-26 16:00:00,173.67
2017-05-26 17:00:00,163.33
2017-05-26 18:00:00,205.0
2017-05-26 19:00:00,279.67
2017-05-26 20:00:00,271.67
2017-05-26 21:00:00,259.17
2017-05-26 22:00:00,257.0
2017-05-26 23:00:00,240.92
2017-05-27 00:00:00,238.83
2017-05-27 00:00:00,238.83
2017-05-27 01:00:00,237.0
2017-05-27 02:00:00,184.67
2017-05-27 03:00:00,190.33
2017-05-27 04:00:00,182.67
2017-05-27 05:00:00,174.67
2017-05-27 06:00:00,177.67
2017-05-27 07:00:00,168.33
2017-05-27 08:00:00,191.33
2017-05-27 09:00:00,171.67
2017-05-27 10:00:00,174.67
2017-05-27 11:00:00,158.0
2017-05-27 12:00:00,156.0
2017-05-27 13:00:00,188.0
2017-05-27 14:00:00,183.5
2017-05-27 15:00:00,185.0
2017-05-27 16:00:00,175.0
2017-05-27 17:00:00,176.0
2017-05-27 18:00:00,196.67
2017-05-27 19:00:00,263.33
2017-05-27 20:00:00,264.0
2017-05-27 21:00:00,273.5
2017-05-27 22:00:00,250.0
2017-05-27 23:00:00,263.5
2017-05-28 00:00:00,255.33
2017-05-28 00:00:00,255.33
2017-05-28 01:00:00,224.67
2017-05-28 02:00:00,217.5
2017-05-28 03:00:00,200.0
2017-05-28 04:00:00,196.33
2017-05-28 05:00:00,184.25
2017-05-28 06:00:00,170.5
2017-05-28 07:00:00,163.0
2017-05-28 08:00:00,181.17
2017-05-28 09:00:00,180.83
2017-05-28 10:00:00,186.5
2017-05-28 11:00:00,205.17
2017-05-28 12:00:00,198.78
2017-05-28 13:00:00,179.0
2017-05-28 14:00:00,204.83
2017-05-28 15:00:00,198.93
2017-05-28 16:00:00,189.43
2017-05-28 17:00:00,198.0
2017-05-28 18:00:00,237.0
2017-05-28 19:00:00,272.83
2017-05-28 20:00:00,254.0
2017-05-28 21:00:00,263.17
2017-05-28 22:00:00,245.0
2017-05-28 23:00:00,263.0
2017-05-29 00:00:00,244.0
2017-05-29 00:00:00,244.0
2017-05-29 01:00:00,230.33
2017-05-29 02:00:00,238.0
2017-05-29 03:00:00,212.67
2017-05-29 04:00:00,207.0
2017-05-29 05:00:00,198.0
2017-05-29 06:00:00,170.0
2017-05-29 07:00:00,167.33
2017-05-29 08:00:00,176.0
2017-05-29 09:00:00,
2017-05-29 10:00:00,
2017-05-29 11:00:00,
2017-05-29 12:00:00,
2017-05-29 13:00:00,
2017-05-29 14:00:00,
2017-05-29 15:00:00,
2017-05-29 16:00:00,
2017-05-29 17:00:00,
2017-05-29 18:00:00,216.17
2017-05-29 19:00:00,264.33
2017-05-29 20:00:00,255.83
2017-05-29 21:00:00,264.67
2017-05-29 22:00:00,251.33
2017-05-29 23:00:00,277.0
2017-05-30 00:00:00,254.5
2017-05-30 00:00:00,254.5
2017-05-30 01:00:00,254.5
2017-05-30 02:00:00,225.5
2017-05-30 03:00:00,221.5
2017-05-30 04:00:00,194.67
2017-05-30 05:00:00,186.0
2017-05-30 06:00:00,163.33
2017-05-30 07:00:00,170.5
2017-05-30 08:00:00,194.5
2017-05-30 09:00:00,183.5
2017-05-30 10:00:00,204.0
2017-05-30 11:00:00,198.67
2017-05-30 12:00:00,205.0
2017-05-30 13:00:00,204.67
2017-05-30 14:00:00,214.67
2017-05-30 15:00:00,199.83
2017-05-30 16:00:00,206.33
2017-05-30 17:00:00,230.33
2017-05-30 18:00:00,233.0
2017-05-30 19:00:00,296.33
2017-05-30 20:00:00,288.0
2017-05-30 21:00:00,329.83
2017-05-30 22:00:00,299.17
2017-05-30 23:00:00,305.33
2017-05-31 00:00:00,308.33
2017-05-31 00:00:00,308.33
2017-05-31 01:00:00,287.17
2017-05-31 02:00:00,263.0
2017-05-31 03:00:00,255.0
2017-05-31 04:00:00,233.67
2017-05-31 05:00:00,228.0
2017-05-31 06:00:00,193.67
2017-05-31 07:00:00,211.0
2017-05-31 08:00:00,219.33
2017-05-31 09:00:00,207.67
2017-05-31 10:00:00,186.67
2017-05-31 11:00:00,189.5
2017-05-31 12:00:00,207.67
2017-05-31 13:00:00,210.33
2017-05-31 14:00:00,217.0
2017-05-31 15:00:00,206.0
2017-05-31 16:00:00,204.67
2017-05-31 17:00:00,217.67
2017-05-31 18:00:00,257.0
2017-05-31 19:00:00,317.33
2017-05-31 20:00:00,306.33
2017-05-31 21:00:00,327.17
2017-05-31 22:00:00,328.0
2017-05-31 23:00:00,333.67
2017-06-01 00:00:00,324.0
2017-06-01 00:00:00,324.0
2017-06-01 01:00:00,306.33
2017-06-01 02:00:00,291.0
2017-06-01 03:00:00,264.0
2017-06-01 04:00:00,247.33
2017-06-01 05:00:00,239.67
2017-06-01 06:00:00,208.0
2017-06-01 07:00:00,208.33
2017-06-01 08:00:00,223.33
2017-06-01 09:00:00,231.33
2017-06-01 10:00:00,202.67
2017-06-01 11:00:00,210.33
2017-06-01 12:00:00,218.67
2017-06-01 13:00:00,238.33
2017-06-01 14:00:00,221.67
2017-06-01 15:00:00,244.0
2017-06-01 16:00:00,236.67
2017-06-01 17:00:00,257.33
2017-06-01 18:00:00,305.67
2017-06-01 19:00:00,354.75
2017-06-01 20:00:00,394.67
2017-06-01 21:00:00,387.67
2017-06-01 22:00:00,368.33
2017-06-01 23:00:00,359.67
2017-06-02 00:00:00,343.67
2017-06-02 00:00:00,343.67
2017-06-02 01:00:00,333.0
2017-06-02 02:00:00,300.0
2017-06-02 03:00:00,279.0
2017-06-02 04:00:00,264.33
2017-06-02 05:00:00,243.67
2017-06-02 06:00:00,215.67
2017-06-02 07:00:00,246.33
2017-06-02 08:00:00,244.17
2017-06-02 09:00:00,242.0
2017-06-02 10:00:00,210.67
2017-06-02 11:00:00,217.33
2017-06-02 12:00:00,217.67
2017-06-02 13:00:00,242.0
2017-06-02 14:00:00,226.0
2017-06-02 15:00:00,232.0
2017-06-02 16:00:00,225.0
2017-06-02 17:00:00,218.0
2017-06-02 18:00:00,264.33
2017-06-02 19:00:00,287.0
2017-06-02 20:00:00,285.67
2017-06-02 21:00:00,306.17
2017-06-02 22:00:00,291.33
2017-06-02 23:00:00,282.75
2017-06-03 00:00:00,286.0
2017-06-03 00:00:00,286.0
2017-06-03 01:00:00,273.33
2017-06-03 02:00:00,284.0
2017-06-03 03:00:00,256.33
2017-06-03 04:00:00,236.67
2017-06-03 05:00:00,224.0
2017-06-03 06:00:00,211.67
2017-06-03 07:00:00,190.0
2017-06-03 08:00:00,210.0
2017-06-03 09:00:00,219.0
2017-06-03 10:00:00,216.33
2017-06-03 11:00:00,236.83
2017-06-03 12:00:00,241.0
2017-06-03 13:00:00,241.97
2017-06-03 14:00:00,238.5
2017-06-03 15:00:00,237.0
2017-06-03 16:00:00,233.0
2017-06-03 17:00:00,225.17
2017-06-03 18:00:00,256.5
2017-06-03 19:00:00,285.0
2017-06-03 20:00:00,280.0
2017-06-03 21:00:00,303.17
2017-06-03 22:00:00,256.5
2017-06-03 23:00:00,287.67
2017-06-04 00:00:00,276.0
2017-06-04 00:00:00,276.0
2017-06-04 01:00:00,298.67
2017-06-04 02:00:00,234.0
2017-06-04 03:00:00,224.67
2017-06-04 04:00:00,227.67
2017-06-04 05:00:00,218.33
2017-06-04 06:00:00,202.0
2017-06-04 07:00:00,206.0
2017-06-04 08:00:00,196.33
2017-06-04 09:00:00,204.0
2017-06-04 10:00:00,203.67
2017-06-04 11:00:00,202.33
2017-06-04 12:00:00,241.0
2017-06-04 13:00:00,232.0
2017-06-04 14:00:00,226.33
2017-06-04 15:00:00,262.0
2017-06-04 16:00:00,229.67
2017-06-04 17:00:00,229.33
2017-06-04 18:00:00,256.67
2017-06-04 19:00:00,269.92
2017-06-04 20:00:00,293.67
2017-06-04 21:00:00,305.33
2017-06-04 22:00:00,284.0
2017-06-04 23:00:00,305.0
2017-06-05 00:00:00,280.33
2017-06-05 00:00:00,280.33
2017-06-05 01:00:00,262.67
2017-06-05 02:00:00,242.0
2017-06-05 03:00:00,222.33
2017-06-05 04:00:00,216.0
2017-06-05 05:00:00,219.0
2017-06-05 06:00:00,176.5
2017-06-05 07:00:00,187.0
2017-06-05 08:00:00,198.5
2017-06-05 09:00:00,193.67
2017-06-05 10:00:00,178.33
2017-06-05 11:00:00,189.67
2017-06-05 12:00:00,187.33
2017-06-05 13:00:00,181.33
2017-06-05 14:00:00,175.67
2017-06-05 15:00:00,165.67
2017-06-05 16:00:00,182.0
2017-06-05 17:00:00,190.67
2017-06-05 18:00:00,220.33
2017-06-05 19:00:00,261.33
2017-06-05 20:00:00,289.33
2017-06-05 21:00:00,274.33
2017-06-05 22:00:00,258.0
2017-06-05 23:00:00,262.17
2017-06-06 00:00:00,249.33
2017-06-06 00:00:00,249.33
2017-06-06 01:00:00,222.0
2017-06-06 02:00:00,214.83
2017-06-06 03:00:00,198.67
2017-06-06 04:00:00,191.83
2017-06-06 05:00:00,186.33
2017-06-06 06:00:00,174.33
2017-06-06 07:00:00,168.0
2017-06-06 08:00:00,185.0
2017-06-06 09:00:00,183.67
2017-06-06 10:00:00,202.83
2017-06-06 11:00:00,213.0
2017-06-06 12:00:00,208.67
2017-06-06 13:00:00,204.0
2017-06-06 14:00:00,195.67
2017-06-06 15:00:00,198.5
2017-06-06 16:00:00,193.83
2017-06-06 17:00:00,229.17
2017-06-06 18:00:00,234.5
2017-06-06 19:00:00,292.5
2017-06-06 20:00:00,296.67
2017-06-06 21:00:00,318.67
2017-06-06 22:00:00,291.5
2017-06-06 23:00:00,277.5
2017-06-07 00:00:00,276.67
2017-06-07 00:00:00,276.67
2017-06-07 01:00:00,236.33
2017-06-07 02:00:00,219.0
2017-06-07 03:00:00,208.83
2017-06-07 04:00:00,205.0
2017-06-07 05:00:00,189.0
2017-06-07 06:00:00,171.0
2017-06-07 07:00:00,178.17
2017-06-07 08:00:00,190.67
2017-06-07 09:00:00,179.0
2017-06-07 10:00:00,177.5
2017-06-07 11:00:00,178.5
2017-06-07 12:00:00,209.0
2017-06-07 13:00:00,191.0
2017-06-07 14:00:00,202.92
2017-06-07 15:00:00,207.17
2017-06-07 16:00:00,192.33
2017-06-07 17:00:00,224.67
2017-06-07 18:00:00,234.17
2017-06-07 19:00:00,269.17
2017-06-07 20:00:00,283.5
2017-06-07 21:00:00,282.5
2017-06-07 22:00:00,283.0
2017-06-07 23:00:00,289.0
2017-06-08 00:00:00,265.33
2017-06-08 00:00:00,265.33
2017-06-08 01:00:00,241.0
2017-06-08 02:00:00,234.98
2017-06-08 03:00:00,222.83
2017-06-08 04:00:00,209.33
2017-06-08 05:00:00,206.67
2017-06-08 06:00:00,192.0
2017-06-08 07:00:00,182.33
2017-06-08 08:00:00,210.33
2017-06-08 09:00:00,193.5
2017-06-08 10:00:00,218.83
2017-06-08 11:00:00,209.17
2017-06-08 12:00:00,215.17
2017-06-08 13:00:00,231.0
2017-06-08 14:00:00,202.83
2017-06-08 15:00:00,199.0
2017-06-08 16:00:00,209.17
2017-06-08 17:00:00,220.0
2017-06-08 18:00:00,261.0
2017-06-08 19:00:00,287.83
2017-06-08 20:00:00,312.17
2017-06-08 21:00:00,293.0
2017-06-08 22:00:00,279.17
2017-06-08 23:00:00,297.33
2017-06-09 00:00:00,286.67
2017-06-09 00:00:00,286.67
2017-06-09 01:00:00,268.0
2017-06-09 02:00:00,228.0
2017-06-09 03:00:00,222.0
2017-06-09 04:00:00,221.0
2017-06-09 05:00:00,215.33
2017-06-09 06:00:00,187.0
2017-06-09 07:00:00,192.33
2017-06-09 08:00:00,211.0
2017-06-09 09:00:00,218.17
2017-06-09 10:00:00,219.0
2017-06-09 11:00:00,218.67
2017-06-09 12:00:00,216.83
2017-06-09 13:00:00,225.67
2017-06-09 14:00:00,226.0
2017-06-09 15:00:00,213.0
2017-06-09 16:00:00,215.5
2017-06-09 17:00:00,216.33
2017-06-09 18:00:00,251.0
2017-06-09 19:00:00,281.0
2017-06-09 20:00:00,290.0
2017-06-09 21:00:00,306.0
2017-06-09 22:00:00,320.92
2017-06-09 23:00:00,312.67
2017-06-10 00:00:00,295.67
2017-06-10 00:00:00,295.67
2017-06-10 01:00:00,277.0
2017-06-10 02:00:00,266.0
2017-06-10 03:00:00,252.0
2017-06-10 04:00:00,240.33
2017-06-10 05:00:00,234.67
2017-06-10 06:00:00,200.67
2017-06-10 07:00:00,195.5
2017-06-10 08:00:00,229.67
2017-06-10 09:00:00,208.67
2017-06-10 10:00:00,223.67
2017-06-10 11:00:00,220.67
2017-06-10 12:00:00,214.5
2017-06-10 13:00:00,228.5
2017-06-10 14:00:00,226.33
2017-06-10 15:00:00,223.05
2017-06-10 16:00:00,225.67
2017-06-10 17:00:00,240.33
2017-06-10 18:00:00,253.33
2017-06-10 19:00:00,276.0
2017-06-10 20:00:00,286.33
2017-06-10 21:00:00,275.33
2017-06-10 22:00:00,268.33
2017-06-10 23:00:00,287.5
2017-06-11 00:00:00,261.0
2017-06-11 00:00:00,261.0
2017-06-11 01:00:00,244.67
2017-06-11 02:00:00,237.0
2017-06-11 03:00:00,215.33
2017-06-11 04:00:00,231.67
2017-06-11 05:00:00,205.0
2017-06-11 06:00:00,181.83
2017-06-11 07:00:00,176.17
2017-06-11 08:00:00,180.17
2017-06-11 09:00:00,189.5
2017-06-11 10:00:00,220.67
2017-06-11 11:00:00,210.33
2017-06-11 12:00:00,223.33
2017-06-11 13:00:00,220.83
2017-06-11 14:00:00,201.17
2017-06-11 15:00:00,202.0
2017-06-11 16:00:00,200.0
2017-06-11 17:00:00,209.33
2017-06-11 18:00:00,239.83
2017-06-11 19:00:00,253.0
2017-06-11 20:00:00,254.17
2017-06-11 21:00:00,265.67
2017-06-11 22:00:00,270.67
2017-06-11 23:00:00,243.0
2017-06-12 00:00:00,246.83
2017-06-12 00:00:00,246.83
2017-06-12 01:00:00,229.33
2017-06-12 02:00:00,236.0
2017-06-12 03:00:00,213.83
2017-06-12 04:00:00,213.33
2017-06-12 05:00:00,197.0
2017-06-12 06:00:00,182.0
2017-06-12 07:00:00,182.33
2017-06-12 08:00:00,178.33
2017-06-12 09:00:00,189.67
2017-06-12 10:00:00,185.0
2017-06-12 11:00:00,182.0
2017-06-12 12:00:00,179.0
2017-06-12 13:00:00,190.33
2017-06-12 14:00:00,176.0
2017-06-12 15:00:00,186.0
2017-06-12 16:00:00,183.33
2017-06-12 17:00:00,184.0
2017-06-12 18:00:00,233.33
2017-06-12 19:00:00,274.33
2017-06-12 20:00:00,275.0
2017-06-12 21:00:00,270.67
2017-06-12 22:00:00,249.67
2017-06-12 23:00:00,242.33
2017-06-13 00:00:00,246.33
2017-06-13 00:00:00,246.33
2017-06-13 01:00:00,219.67
2017-06-13 02:00:00,228.67
2017-06-13 03:00:00,210.67
2017-06-13 04:00:00,204.0
2017-06-13 05:00:00,193.33
2017-06-13 06:00:00,161.0
2017-06-13 07:00:00,165.67
2017-06-13 08:00:00,189.33
2017-06-13 09:00:00,198.17
2017-06-13 10:00:00,171.67
2017-06-13 11:00:00,193.33
2017-06-13 12:00:00,178.0
2017-06-13 13:00:00,188.0
2017-06-13 14:00:00,175.0
2017-06-13 15:00:00,183.0
2017-06-13 16:00:00,176.33
2017-06-13 17:00:00,197.33
2017-06-13 18:00:00,205.67
2017-06-13 19:00:00,260.5
2017-06-13 20:00:00,261.5
2017-06-13 21:00:00,265.5
2017-06-13 22:00:00,252.67
2017-06-13 23:00:00,242.67
2017-06-14 00:00:00,239.67
2017-06-14 00:00:00,239.67
2017-06-14 01:00:00,220.0
2017-06-14 02:00:00,206.33
2017-06-14 03:00:00,201.67
2017-06-14 04:00:00,192.83
2017-06-14 05:00:00,186.0
2017-06-14 06:00:00,161.0
2017-06-14 07:00:00,168.67
2017-06-14 08:00:00,186.33
2017-06-14 09:00:00,186.0
2017-06-14 10:00:00,181.33
2017-06-14 11:00:00,176.33
2017-06-14 12:00:00,187.67
2017-06-14 13:00:00,176.67
2017-06-14 14:00:00,186.33
2017-06-14 15:00:00,189.0
2017-06-14 16:00:00,181.5
2017-06-14 17:00:00,189.33
2017-06-14 18:00:00,218.67
2017-06-14 19:00:00,252.33
2017-06-14 20:00:00,248.0
2017-06-14 21:00:00,250.83
2017-06-14 22:00:00,249.5
2017-06-14 23:00:00,226.0
2017-06-15 00:00:00,219.0
2017-06-15 00:00:00,219.0
2017-06-15 01:00:00,202.0
2017-06-15 02:00:00,207.67
2017-06-15 03:00:00,188.0
2017-06-15 04:00:00,198.0
2017-06-15 05:00:00,174.67
2017-06-15 06:00:00,158.33
2017-06-15 07:00:00,168.33
2017-06-15 08:00:00,184.75
2017-06-15 09:00:00,183.0
2017-06-15 10:00:00,166.33
2017-06-15 11:00:00,166.67
2017-06-15 12:00:00,195.0
2017-06-15 13:00:00,197.33
2017-06-15 14:00:00,161.0
2017-06-15 15:00:00,186.67
2017-06-15 16:00:00,174.0
2017-06-15 17:00:00,179.0
2017-06-15 18:00:00,226.0
2017-06-15 19:00:00,239.67
2017-06-15 20:00:00,258.83
2017-06-15 21:00:00,262.33
2017-06-15 22:00:00,235.0
2017-06-15 23:00:00,219.0
2017-06-16 00:00:00,230.33
2017-06-16 00:00:00,230.33
2017-06-16 01:00:00,215.33
2017-06-16 02:00:00,194.67
2017-06-16 03:00:00,187.0
2017-06-16 04:00:00,191.67
2017-06-16 05:00:00,174.67
2017-06-16 06:00:00,161.17
2017-06-16 07:00:00,159.67
2017-06-16 08:00:00,182.67
2017-06-16 09:00:00,150.0
2017-06-16 10:00:00,175.33
2017-06-16 11:00:00,161.67
2017-06-16 12:00:00,155.0
2017-06-16 13:00:00,166.67
2017-06-16 14:00:00,143.67
2017-06-16 15:00:00,150.5
2017-06-16 16:00:00,164.0
2017-06-16 17:00:00,169.33
2017-06-16 18:00:00,172.17
2017-06-16 19:00:00,180.33
2017-06-16 20:00:00,215.67
2017-06-16 21:00:00,211.33
2017-06-16 22:00:00,203.67
2017-06-16 23:00:00,209.33
2017-06-17 00:00:00,190.0
2017-06-17 00:00:00,190.0
2017-06-17 01:00:00,187.67
2017-06-17 02:00:00,191.67
2017-06-17 03:00:00,177.17
2017-06-17 04:00:00,178.17
2017-06-17 05:00:00,178.33
2017-06-17 06:00:00,149.5
2017-06-17 07:00:00,152.17
2017-06-17 08:00:00,165.0
2017-06-17 09:00:00,167.33
2017-06-17 10:00:00,163.0
2017-06-17 11:00:00,164.33
2017-06-17 12:00:00,164.33
2017-06-17 13:00:00,178.33
2017-06-17 14:00:00,164.0
2017-06-17 15:00:00,170.5
2017-06-17 16:00:00,186.5
2017-06-17 17:00:00,171.17
2017-06-17 18:00:00,172.67
2017-06-17 19:00:00,232.33
2017-06-17 20:00:00,225.33
2017-06-17 21:00:00,220.0
2017-06-17 22:00:00,214.67
2017-06-17 23:00:00,216.0
2017-06-18 00:00:00,200.83
2017-06-18 00:00:00,200.83
2017-06-18 01:00:00,193.0
2017-06-18 02:00:00,184.33
2017-06-18 03:00:00,179.5
2017-06-18 04:00:00,180.0
2017-06-18 05:00:00,171.0
2017-06-18 06:00:00,153.83
2017-06-18 07:00:00,152.33
2017-06-18 08:00:00,159.5
2017-06-18 09:00:00,163.0
2017-06-18 10:00:00,162.83
2017-06-18 11:00:00,176.17
2017-06-18 12:00:00,184.17
2017-06-18 13:00:00,195.0
2017-06-18 14:00:00,174.0
2017-06-18 15:00:00,174.33
2017-06-18 16:00:00,165.33
2017-06-18 17:00:00,183.0
2017-06-18 18:00:00,199.67
2017-06-18 19:00:00,241.67
2017-06-18 20:00:00,233.33
2017-06-18 21:00:00,245.33
2017-06-18 22:00:00,242.0
2017-06-18 23:00:00,215.33
2017-06-19 00:00:00,209.0
2017-06-19 00:00:00,209.0
2017-06-19 01:00:00,191.33
2017-06-19 02:00:00,186.0
2017-06-19 03:00:00,173.0
2017-06-19 04:00:00,178.0
2017-06-19 05:00:00,164.0
2017-06-19 06:00:00,157.33
2017-06-19 07:00:00,165.0
2017-06-19 08:00:00,175.0
2017-06-19 09:00:00,171.33
2017-06-19 10:00:00,171.33
2017-06-19 11:00:00,160.33
2017-06-19 12:00:00,160.0
2017-06-19 13:00:00,178.0
2017-06-19 14:00:00,163.67
2017-06-19 15:00:00,162.0
2017-06-19 16:00:00,164.17
2017-06-19 17:00:00,150.67
2017-06-19 18:00:00,197.5
2017-06-19 19:00:00,230.67
2017-06-19 20:00:00,244.17
2017-06-19 21:00:00,248.0
2017-06-19 22:00:00,244.67
2017-06-19 23:00:00,206.67
2017-06-20 00:00:00,223.0
2017-06-20 00:00:00,223.0
2017-06-20 01:00:00,197.33
2017-06-20 02:00:00,180.33
2017-06-20 03:00:00,178.83
2017-06-20 04:00:00,175.67
2017-06-20 05:00:00,177.0
2017-06-20 06:00:00,167.0
2017-06-20 07:00:00,164.0
2017-06-20 08:00:00,177.67
2017-06-20 09:00:00,165.17
2017-06-20 10:00:00,183.67
2017-06-20 11:00:00,177.0
2017-06-20 12:00:00,156.0
2017-06-20 13:00:00,171.0
2017-06-20 14:00:00,170.33
2017-06-20 15:00:00,172.0
2017-06-20 16:00:00,159.0
2017-06-20 17:00:00,180.0
2017-06-20 18:00:00,195.0
2017-06-20 19:00:00,240.0
2017-06-20 20:00:00,243.33
2017-06-20 21:00:00,238.0
2017-06-20 22:00:00,225.67
2017-06-20 23:00:00,236.17
2017-06-21 00:00:00,236.0
2017-06-21 00:00:00,236.0
2017-06-21 01:00:00,205.33
2017-06-21 02:00:00,199.0
2017-06-21 03:00:00,194.33
2017-06-21 04:00:00,188.67
2017-06-21 05:00:00,186.33
2017-06-21 06:00:00,169.67
2017-06-21 07:00:00,170.5
2017-06-21 08:00:00,178.0
2017-06-21 09:00:00,167.0
2017-06-21 10:00:00,161.0
2017-06-21 11:00:00,178.33
2017-06-21 12:00:00,179.33
2017-06-21 13:00:00,176.5
2017-06-21 14:00:00,167.33
2017-06-21 15:00:00,175.67
2017-06-21 16:00:00,175.5
2017-06-21 17:00:00,168.0
2017-06-21 18:00:00,197.17
2017-06-21 19:00:00,239.17
2017-06-21 20:00:00,254.0
2017-06-21 21:00:00,251.83
2017-06-21 22:00:00,247.67
2017-06-21 23:00:00,247.33
2017-06-22 00:00:00,231.67
2017-06-22 00:00:00,231.67
2017-06-22 01:00:00,216.67
2017-06-22 02:00:00,197.0
2017-06-22 03:00:00,192.17
2017-06-22 04:00:00,187.17
2017-06-22 05:00:00,182.33
2017-06-22 06:00:00,158.67
2017-06-22 07:00:00,157.0
2017-06-22 08:00:00,166.67
2017-06-22 09:00:00,179.67
2017-06-22 10:00:00,165.0
2017-06-22 11:00:00,161.83
2017-06-22 12:00:00,179.33
2017-06-22 13:00:00,178.0
2017-06-22 14:00:00,164.0
2017-06-22 15:00:00,166.67
2017-06-22 16:00:00,158.33
2017-06-22 17:00:00,173.33
2017-06-22 18:00:00,196.5
2017-06-22 19:00:00,235.67
2017-06-22 20:00:00,249.0
2017-06-22 21:00:00,256.5
2017-06-22 22:00:00,229.83
2017-06-22 23:00:00,221.67
2017-06-23 00:00:00,206.0
2017-06-23 00:00:00,206.0
2017-06-23 01:00:00,199.67
2017-06-23 02:00:00,187.17
2017-06-23 03:00:00,182.67
2017-06-23 04:00:00,172.0
2017-06-23 05:00:00,170.0
2017-06-23 06:00:00,159.0
2017-06-23 07:00:00,156.33
2017-06-23 08:00:00,173.17
2017-06-23 09:00:00,175.67
2017-06-23 10:00:00,167.67
2017-06-23 11:00:00,175.0
2017-06-23 12:00:00,160.42
2017-06-23 13:00:00,157.33
2017-06-23 14:00:00,168.67
2017-06-23 15:00:00,158.67
2017-06-23 16:00:00,147.07
2017-06-23 17:00:00,184.5
2017-06-23 18:00:00,202.0
2017-06-23 19:00:00,245.67
2017-06-23 20:00:00,235.5
2017-06-23 21:00:00,239.67
2017-06-23 22:00:00,227.0
2017-06-23 23:00:00,224.75
2017-06-24 00:00:00,201.0
2017-06-24 00:00:00,201.0
2017-06-24 01:00:00,207.67
2017-06-24 02:00:00,173.33
2017-06-24 03:00:00,173.42
2017-06-24 04:00:00,169.33
2017-06-24 05:00:00,169.5
2017-06-24 06:00:00,152.67
2017-06-24 07:00:00,154.67
2017-06-24 08:00:00,166.25
2017-06-24 09:00:00,165.0
2017-06-24 10:00:00,161.67
2017-06-24 11:00:00,195.0
2017-06-24 12:00:00,185.08
2017-06-24 13:00:00,186.5
2017-06-24 14:00:00,198.17
2017-06-24 15:00:00,181.45
2017-06-24 16:00:00,179.83
2017-06-24 17:00:00,180.5
2017-06-24 18:00:00,216.67
2017-06-24 19:00:00,246.33
2017-06-24 20:00:00,227.0
2017-06-24 21:00:00,246.25
2017-06-24 22:00:00,228.67
2017-06-24 23:00:00,223.67
2017-06-25 00:00:00,218.0
2017-06-25 00:00:00,218.0
2017-06-25 01:00:00,208.67
2017-06-25 02:00:00,196.75
2017-06-25 03:00:00,188.25
2017-06-25 04:00:00,182.17
2017-06-25 05:00:00,172.83
2017-06-25 06:00:00,165.0
2017-06-25 07:00:00,165.0
2017-06-25 08:00:00,165.67
2017-06-25 09:00:00,183.83
2017-06-25 10:00:00,184.33
2017-06-25 11:00:00,174.17
2017-06-25 12:00:00,193.33
2017-06-25 13:00:00,227.79
2017-06-25 14:00:00,185.83
2017-06-25 15:00:00,187.83
2017-06-25 16:00:00,178.0
2017-06-25 17:00:00,187.93
2017-06-25 18:00:00,220.67
2017-06-25 19:00:00,228.0
2017-06-25 20:00:00,230.67
2017-06-25 21:00:00,243.13
2017-06-25 22:00:00,224.25
2017-06-25 23:00:00,223.83
2017-06-26 00:00:00,215.17
2017-06-26 00:00:00,215.17
2017-06-26 01:00:00,204.0
2017-06-26 02:00:00,186.5
2017-06-26 03:00:00,184.67
2017-06-26 04:00:00,182.0
2017-06-26 05:00:00,169.17
2017-06-26 06:00:00,157.83
2017-06-26 07:00:00,157.42
2017-06-26 08:00:00,184.5
2017-06-26 09:00:00,168.0
2017-06-26 10:00:00,155.5
2017-06-26 11:00:00,163.67
2017-06-26 12:00:00,172.5
2017-06-26 13:00:00,180.4
2017-06-26 14:00:00,158.5
2017-06-26 15:00:00,170.67
2017-06-26 16:00:00,165.37
2017-06-26 17:00:00,181.25
2017-06-26 18:00:00,207.5
2017-06-26 19:00:00,228.2
2017-06-26 20:00:00,250.0
2017-06-26 21:00:00,233.67
2017-06-26 22:00:00,238.5
2017-06-26 23:00:00,244.67
2017-06-27 00:00:00,222.33
2017-06-27 00:00:00,222.33
2017-06-27 01:00:00,197.67
2017-06-27 02:00:00,189.0
2017-06-27 03:00:00,180.67
2017-06-27 04:00:00,182.17
2017-06-27 05:00:00,175.5
2017-06-27 06:00:00,157.33
2017-06-27 07:00:00,160.0
2017-06-27 08:00:00,169.5
2017-06-27 09:00:00,179.67
2017-06-27 10:00:00,166.33
2017-06-27 11:00:00,174.8
2017-06-27 12:00:00,177.67
2017-06-27 13:00:00,175.0
2017-06-27 14:00:00,160.5
2017-06-27 15:00:00,159.67
2017-06-27 16:00:00,178.0
2017-06-27 17:00:00,157.83
2017-06-27 18:00:00,191.73
2017-06-27 19:00:00,235.75
2017-06-27 20:00:00,242.0
2017-06-27 21:00:00,246.0
2017-06-27 22:00:00,249.08
2017-06-27 23:00:00,240.67
2017-06-28 00:00:00,228.0
2017-06-28 00:00:00,228.0
2017-06-28 01:00:00,202.67
2017-06-28 02:00:00,183.0
2017-06-28 03:00:00,190.67
2017-06-28 04:00:00,186.83
2017-06-28 05:00:00,185.37
2017-06-28 06:00:00,168.5
2017-06-28 07:00:00,165.75
2017-06-28 08:00:00,181.33
2017-06-28 09:00:00,182.0
2017-06-28 10:00:00,155.33
2017-06-28 11:00:00,160.0
2017-06-28 12:00:00,202.33
2017-06-28 13:00:00,174.33
2017-06-28 14:00:00,169.33
2017-06-28 15:00:00,175.08
2017-06-28 16:00:00,183.33
2017-06-28 17:00:00,176.08
2017-06-28 18:00:00,193.67
2017-06-28 19:00:00,236.73
2017-06-28 20:00:00,268.33
2017-06-28 21:00:00,261.08
2017-06-28 22:00:00,264.67
2017-06-28 23:00:00,246.58
2017-06-29 00:00:00,232.6
2017-06-29 00:00:00,232.6
2017-06-29 01:00:00,224.33
2017-06-29 02:00:00,202.33
2017-06-29 03:00:00,197.83
2017-06-29 04:00:00,206.5
2017-06-29 05:00:00,187.0
2017-06-29 06:00:00,176.83
2017-06-29 07:00:00,180.0
2017-06-29 08:00:00,183.83
2017-06-29 09:00:00,212.07
2017-06-29 10:00:00,212.0
2017-06-29 11:00:00,196.33
2017-06-29 12:00:00,184.0
2017-06-29 13:00:00,197.67
2017-06-29 14:00:00,209.0
2017-06-29 15:00:00,208.33
2017-06-29 16:00:00,233.77
2017-06-29 17:00:00,193.75
2017-06-29 18:00:00,241.0
2017-06-29 19:00:00,284.25
2017-06-29 20:00:00,284.0
2017-06-29 21:00:00,285.0
2017-06-29 22:00:00,327.33
2017-06-29 23:00:00,307.67
2017-06-30 00:00:00,283.5
2017-06-30 00:00:00,283.5
2017-06-30 01:00:00,255.67
2017-06-30 02:00:00,227.17
2017-06-30 03:00:00,224.07
2017-06-30 04:00:00,213.17
2017-06-30 05:00:00,213.0
2017-06-30 06:00:00,200.0
2017-06-30 07:00:00,223.0
2017-06-30 08:00:00,227.33
2017-06-30 09:00:00,196.67
2017-06-30 10:00:00,195.47
2017-06-30 11:00:00,195.83
2017-06-30 12:00:00,221.5
2017-06-30 13:00:00,205.33
2017-06-30 14:00:00,210.5
2017-06-30 15:00:00,210.17
2017-06-30 16:00:00,250.57
2017-06-30 17:00:00,246.33
2017-06-30 18:00:00,244.83
2017-06-30 19:00:00,273.0
2017-06-30 20:00:00,278.5
2017-06-30 21:00:00,299.83
2017-06-30 22:00:00,281.5
2017-06-30 23:00:00,290.0
2017-07-01 00:00:00,270.33
2017-07-01 00:00:00,270.33
2017-07-01 01:00:00,248.0
2017-07-01 02:00:00,239.67
2017-07-01 03:00:00,228.0
2017-07-01 04:00:00,225.42
2017-07-01 05:00:00,220.0
2017-07-01 06:00:00,206.75
2017-07-01 07:00:00,215.0
2017-07-01 08:00:00,216.75
2017-07-01 09:00:00,210.67
2017-07-01 10:00:00,218.42
2017-07-01 11:00:00,241.17
2017-07-01 12:00:00,242.5
2017-07-01 13:00:00,323.95
2017-07-01 14:00:00,262.33
2017-07-01 15:00:00,266.2
2017-07-01 16:00:00,254.57
2017-07-01 17:00:00,241.33
2017-07-01 18:00:00,271.33
2017-07-01 19:00:00,326.0
2017-07-01 20:00:00,328.33
2017-07-01 21:00:00,316.83
2017-07-01 22:00:00,295.83
2017-07-01 23:00:00,308.77
2017-07-02 00:00:00,287.33
2017-07-02 00:00:00,287.33
2017-07-02 01:00:00,265.0
2017-07-02 02:00:00,267.45
2017-07-02 03:00:00,238.0
2017-07-02 04:00:00,229.75
2017-07-02 05:00:00,231.73
2017-07-02 06:00:00,209.0
2017-07-02 07:00:00,227.47
2017-07-02 08:00:00,231.67
2017-07-02 09:00:00,223.42
2017-07-02 10:00:00,229.5
2017-07-02 11:00:00,227.0
2017-07-02 12:00:00,246.2
2017-07-02 13:00:00,323.25
2017-07-02 14:00:00,254.73
2017-07-02 15:00:00,251.17
2017-07-02 16:00:00,255.17
2017-07-02 17:00:00,274.17
2017-07-02 18:00:00,347.42
2017-07-02 19:00:00,367.83
2017-07-02 20:00:00,389.33
2017-07-02 21:00:00,391.0
2017-07-02 22:00:00,386.0
2017-07-02 23:00:00,347.75
2017-07-03 00:00:00,328.0
2017-07-03 00:00:00,328.0
2017-07-03 01:00:00,291.0
2017-07-03 02:00:00,277.0
2017-07-03 03:00:00,252.25
2017-07-03 04:00:00,264.33
2017-07-03 05:00:00,235.0
2017-07-03 06:00:00,207.75
2017-07-03 07:00:00,219.5
2017-07-03 08:00:00,216.0
2017-07-03 09:00:00,204.0
2017-07-03 10:00:00,208.67
2017-07-03 11:00:00,221.0
2017-07-03 12:00:00,224.6
2017-07-03 13:00:00,253.5
2017-07-03 14:00:00,247.83
2017-07-03 15:00:00,231.58
2017-07-03 16:00:00,214.92
2017-07-03 17:00:00,235.67
2017-07-03 18:00:00,258.75
2017-07-03 19:00:00,320.67
2017-07-03 20:00:00,353.0
2017-07-03 21:00:00,383.0
2017-07-03 22:00:00,360.67
2017-07-03 23:00:00,350.0
2017-07-04 00:00:00,330.0
2017-07-04 00:00:00,330.0
2017-07-04 01:00:00,287.25
2017-07-04 02:00:00,271.67
2017-07-04 03:00:00,241.0
2017-07-04 04:00:00,245.33
2017-07-04 05:00:00,241.5
2017-07-04 06:00:00,231.0
2017-07-04 07:00:00,230.83
2017-07-04 08:00:00,233.33
2017-07-04 09:00:00,255.5
2017-07-04 10:00:00,233.0
2017-07-04 11:00:00,205.5
2017-07-04 12:00:00,229.67
2017-07-04 13:00:00,238.0
2017-07-04 14:00:00,258.58
2017-07-04 15:00:00,237.25
2017-07-04 16:00:00,210.33
2017-07-04 17:00:00,234.5
2017-07-04 18:00:00,244.33
2017-07-04 19:00:00,308.67
2017-07-04 20:00:00,333.67
2017-07-04 21:00:00,345.5
2017-07-04 22:00:00,333.5
2017-07-04 23:00:00,348.5
2017-07-05 00:00:00,334.87
2017-07-05 00:00:00,334.87
2017-07-05 01:00:00,290.5
2017-07-05 02:00:00,266.33
2017-07-05 03:00:00,265.67
2017-07-05 04:00:00,260.15
2017-07-05 05:00:00,263.75
2017-07-05 06:00:00,232.67
2017-07-05 07:00:00,239.58
2017-07-05 08:00:00,237.46
2017-07-05 09:00:00,236.67
2017-07-05 10:00:00,216.33
2017-07-05 11:00:00,230.73
2017-07-05 12:00:00,234.0
2017-07-05 13:00:00,253.0
2017-07-05 14:00:00,243.75
2017-07-05 15:00:00,228.77
2017-07-05 16:00:00,255.9
2017-07-05 17:00:00,269.1
2017-07-05 18:00:00,289.5
2017-07-05 19:00:00,342.0
2017-07-05 20:00:00,352.92
2017-07-05 21:00:00,353.17
2017-07-05 22:00:00,370.75
2017-07-05 23:00:00,351.67
2017-07-06 00:00:00,343.67
2017-07-06 00:00:00,343.67
2017-07-06 01:00:00,312.17
2017-07-06 02:00:00,301.0
2017-07-06 03:00:00,276.83
2017-07-06 04:00:00,272.0
2017-07-06 05:00:00,252.83
2017-07-06 06:00:00,242.83
2017-07-06 07:00:00,256.7
2017-07-06 08:00:00,238.5
2017-07-06 09:00:00,250.0
2017-07-06 10:00:00,232.33
2017-07-06 11:00:00,254.0
2017-07-06 12:00:00,254.0
2017-07-06 13:00:00,264.0
2017-07-06 14:00:00,262.75
2017-07-06 15:00:00,257.33
2017-07-06 16:00:00,243.25
2017-07-06 17:00:00,245.33
2017-07-06 18:00:00,293.33
2017-07-06 19:00:00,343.83
2017-07-06 20:00:00,393.33
2017-07-06 21:00:00,401.58
2017-07-06 22:00:00,406.67
2017-07-06 23:00:00,414.0
2017-07-07 00:00:00,380.33
2017-07-07 00:00:00,380.33
2017-07-07 01:00:00,350.0
2017-07-07 02:00:00,341.67
2017-07-07 03:00:00,309.33
2017-07-07 04:00:00,317.5
2017-07-07 05:00:00,291.4
2017-07-07 06:00:00,264.47
2017-07-07 07:00:00,280.08
2017-07-07 08:00:00,291.5
2017-07-07 09:00:00,257.0
2017-07-07 10:00:00,251.33
2017-07-07 11:00:00,259.0
2017-07-07 12:00:00,257.0
2017-07-07 13:00:00,263.0
2017-07-07 14:00:00,284.0
2017-07-07 15:00:00,269.83
2017-07-07 16:00:00,244.5
2017-07-07 17:00:00,248.67
2017-07-07 18:00:00,289.17
2017-07-07 19:00:00,332.5
2017-07-07 20:00:00,342.67
2017-07-07 21:00:00,366.5
2017-07-07 22:00:00,379.67
2017-07-07 23:00:00,433.33
2017-07-08 00:00:00,421.0
2017-07-08 00:00:00,421.0
2017-07-08 01:00:00,374.33
2017-07-08 02:00:00,349.97
2017-07-08 03:00:00,341.0
2017-07-08 04:00:00,324.33
2017-07-08 05:00:00,304.0
2017-07-08 06:00:00,286.0
2017-07-08 07:00:00,290.33
2017-07-08 08:00:00,314.0
2017-07-08 09:00:00,310.0
2017-07-08 10:00:00,312.67
2017-07-08 11:00:00,286.4
2017-07-08 12:00:00,323.0
2017-07-08 13:00:00,304.95
2017-07-08 14:00:00,304.5
2017-07-08 15:00:00,309.67
2017-07-08 16:00:00,340.95
2017-07-08 17:00:00,288.33
2017-07-08 18:00:00,302.5
2017-07-08 19:00:00,342.33
2017-07-08 20:00:00,373.83
2017-07-08 21:00:00,361.0
2017-07-08 22:00:00,388.0
2017-07-08 23:00:00,395.33
2017-07-09 00:00:00,384.5
2017-07-09 00:00:00,384.5
2017-07-09 01:00:00,357.33
2017-07-09 02:00:00,341.95
2017-07-09 03:00:00,311.83
2017-07-09 04:00:00,311.33
2017-07-09 05:00:00,305.33
2017-07-09 06:00:00,293.67
2017-07-09 07:00:00,301.33
2017-07-09 08:00:00,333.0
2017-07-09 09:00:00,338.7
2017-07-09 10:00:00,336.67
2017-07-09 11:00:00,321.33
2017-07-09 12:00:00,339.33
2017-07-09 13:00:00,300.17
2017-07-09 14:00:00,278.0
2017-07-09 15:00:00,294.0
2017-07-09 16:00:00,293.0
2017-07-09 17:00:00,301.5
2017-07-09 18:00:00,399.0
2017-07-09 19:00:00,412.0
2017-07-09 20:00:00,425.4
2017-07-09 21:00:00,468.38
2017-07-09 22:00:00,465.0
2017-07-09 23:00:00,496.63
2017-07-10 00:00:00,446.0
2017-07-10 00:00:00,446.0
2017-07-10 01:00:00,402.67
2017-07-10 02:00:00,377.33
2017-07-10 03:00:00,375.0
2017-07-10 04:00:00,350.33
2017-07-10 05:00:00,336.8
2017-07-10 06:00:00,323.67
2017-07-10 07:00:00,302.67
2017-07-10 08:00:00,463.17
2017-07-10 09:00:00,262.0
2017-07-10 10:00:00,249.33
2017-07-10 11:00:00,254.83
2017-07-10 12:00:00,248.67
2017-07-10 13:00:00,317.67
2017-07-10 14:00:00,271.33
2017-07-10 15:00:00,241.17
2017-07-10 16:00:00,246.0
2017-07-10 17:00:00,249.92
2017-07-10 18:00:00,346.67
2017-07-10 19:00:00,357.65
2017-07-10 20:00:00,425.4
2017-07-10 21:00:00,439.17
2017-07-10 22:00:00,407.13
2017-07-10 23:00:00,426.75
2017-07-11 00:00:00,386.67
2017-07-11 00:00:00,386.67
2017-07-11 01:00:00,363.08
2017-07-11 02:00:00,336.0
2017-07-11 03:00:00,298.83
2017-07-11 04:00:00,285.33
2017-07-11 05:00:00,283.58
2017-07-11 06:00:00,280.67
2017-07-11 07:00:00,300.67
2017-07-11 08:00:00,319.5
2017-07-11 09:00:00,259.75
2017-07-11 10:00:00,240.33
2017-07-11 11:00:00,255.5
2017-07-11 12:00:00,260.0
2017-07-11 13:00:00,320.0
2017-07-11 14:00:00,258.0
2017-07-11 15:00:00,270.92
2017-07-11 16:00:00,243.0
2017-07-11 17:00:00,237.0
2017-07-11 18:00:00,314.67
2017-07-11 19:00:00,343.0
2017-07-11 20:00:00,437.67
2017-07-11 21:00:00,480.25
2017-07-11 22:00:00,486.9
2017-07-11 23:00:00,474.35
2017-07-12 00:00:00,411.33
2017-07-12 00:00:00,411.33
2017-07-12 01:00:00,376.0
2017-07-12 02:00:00,351.0
2017-07-12 03:00:00,321.0
2017-07-12 04:00:00,319.67
2017-07-12 05:00:00,325.8
2017-07-12 06:00:00,316.33
2017-07-12 07:00:00,317.27
2017-07-12 08:00:00,332.0
2017-07-12 09:00:00,301.33
2017-07-12 10:00:00,312.33
2017-07-12 11:00:00,290.83
2017-07-12 12:00:00,313.67
2017-07-12 13:00:00,362.0
2017-07-12 14:00:00,298.92
2017-07-12 15:00:00,303.5
2017-07-12 16:00:00,304.5
2017-07-12 17:00:00,295.8
2017-07-12 18:00:00,328.17
2017-07-12 19:00:00,362.33
2017-07-12 20:00:00,401.5
2017-07-12 21:00:00,508.17
2017-07-12 22:00:00,566.33
2017-07-12 23:00:00,529.5
2017-07-13 00:00:00,475.75
2017-07-13 00:00:00,475.75
2017-07-13 01:00:00,423.4
2017-07-13 02:00:00,397.33
2017-07-13 03:00:00,395.33
2017-07-13 04:00:00,385.33
2017-07-13 05:00:00,370.0
2017-07-13 06:00:00,352.33
2017-07-13 07:00:00,362.67
2017-07-13 08:00:00,372.33
2017-07-13 09:00:00,302.0
2017-07-13 10:00:00,307.0
2017-07-13 11:00:00,293.33
2017-07-13 12:00:00,291.33
2017-07-13 13:00:00,382.0
2017-07-13 14:00:00,301.5
2017-07-13 15:00:00,282.67
2017-07-13 16:00:00,275.0
2017-07-13 17:00:00,301.33
2017-07-13 18:00:00,344.67
2017-07-13 19:00:00,389.0
2017-07-13 20:00:00,476.33
2017-07-13 21:00:00,516.67
2017-07-13 22:00:00,544.33
2017-07-13 23:00:00,535.5
2017-07-14 00:00:00,479.0
2017-07-14 00:00:00,479.0
2017-07-14 01:00:00,447.33
2017-07-14 02:00:00,423.33
2017-07-14 03:00:00,382.83
2017-07-14 04:00:00,377.5
2017-07-14 05:00:00,389.5
2017-07-14 06:00:00,365.33
2017-07-14 07:00:00,380.0
2017-07-14 08:00:00,494.0
2017-07-14 09:00:00,284.33
2017-07-14 10:00:00,266.0
2017-07-14 11:00:00,306.83
2017-07-14 12:00:00,277.0
2017-07-14 13:00:00,404.17
2017-07-14 14:00:00,306.83
2017-07-14 15:00:00,299.58
2017-07-14 16:00:00,287.67
2017-07-14 17:00:00,299.67
2017-07-14 18:00:00,323.0
2017-07-14 19:00:00,380.5
2017-07-14 20:00:00,477.33
2017-07-14 21:00:00,515.67
2017-07-14 22:00:00,536.67
2017-07-14 23:00:00,555.67
2017-07-15 00:00:00,509.33
2017-07-15 00:00:00,509.33
2017-07-15 01:00:00,477.0
2017-07-15 02:00:00,457.33
2017-07-15 03:00:00,428.33
2017-07-15 04:00:00,404.67
2017-07-15 05:00:00,407.0
2017-07-15 06:00:00,381.67
2017-07-15 07:00:00,400.5
2017-07-15 08:00:00,408.67
2017-07-15 09:00:00,355.0
2017-07-15 10:00:00,344.17
2017-07-15 11:00:00,366.0
2017-07-15 12:00:00,398.67
2017-07-15 13:00:00,442.33
2017-07-15 14:00:00,364.67
2017-07-15 15:00:00,376.33
2017-07-15 16:00:00,346.67
2017-07-15 17:00:00,376.0
2017-07-15 18:00:00,374.67
2017-07-15 19:00:00,397.67
2017-07-15 20:00:00,439.0
2017-07-15 21:00:00,528.33
2017-07-15 22:00:00,527.67
2017-07-15 23:00:00,538.0
2017-07-16 00:00:00,486.58
2017-07-16 00:00:00,486.58
2017-07-16 01:00:00,422.5
2017-07-16 02:00:00,421.17
2017-07-16 03:00:00,430.33
2017-07-16 04:00:00,399.0
2017-07-16 05:00:00,394.5
2017-07-16 06:00:00,361.17
2017-07-16 07:00:00,371.33
2017-07-16 08:00:00,423.5
2017-07-16 09:00:00,408.5
2017-07-16 10:00:00,412.83
2017-07-16 11:00:00,412.67
2017-07-16 12:00:00,416.0
2017-07-16 13:00:00,495.5
2017-07-16 14:00:00,413.83
2017-07-16 15:00:00,375.67
2017-07-16 16:00:00,356.0
2017-07-16 17:00:00,360.5
2017-07-16 18:00:00,365.33
2017-07-16 19:00:00,416.0
2017-07-16 20:00:00,429.33
2017-07-16 21:00:00,525.67
2017-07-16 22:00:00,537.67
2017-07-16 23:00:00,551.0
2017-07-17 00:00:00,504.0
2017-07-17 00:00:00,504.0
2017-07-17 01:00:00,481.5
2017-07-17 02:00:00,443.0
2017-07-17 03:00:00,410.0
2017-07-17 04:00:00,404.0
2017-07-17 05:00:00,405.0
2017-07-17 06:00:00,364.33
2017-07-17 07:00:00,375.33
2017-07-17 08:00:00,378.33
2017-07-17 09:00:00,285.0
2017-07-17 10:00:00,424.67
2017-07-17 11:00:00,267.0
2017-07-17 12:00:00,291.0
2017-07-17 13:00:00,345.33
2017-07-17 14:00:00,316.33
2017-07-17 15:00:00,277.67
2017-07-17 16:00:00,284.17
2017-07-17 17:00:00,326.42
2017-07-17 18:00:00,370.67
2017-07-17 19:00:00,448.33
2017-07-17 20:00:00,490.67
2017-07-17 21:00:00,538.33
2017-07-17 22:00:00,563.33
2017-07-17 23:00:00,586.67
2017-07-18 00:00:00,577.67
2017-07-18 00:00:00,577.67
2017-07-18 01:00:00,488.83
2017-07-18 02:00:00,453.67
2017-07-18 03:00:00,423.33
2017-07-18 04:00:00,422.67
2017-07-18 05:00:00,394.67
2017-07-18 06:00:00,376.67
2017-07-18 07:00:00,378.0
2017-07-18 08:00:00,377.0
2017-07-18 09:00:00,321.33
2017-07-18 10:00:00,295.67
2017-07-18 11:00:00,317.5
2017-07-18 12:00:00,331.67
2017-07-18 13:00:00,365.83
2017-07-18 14:00:00,333.33
2017-07-18 15:00:00,281.33
2017-07-18 16:00:00,287.5
2017-07-18 17:00:00,316.33
2017-07-18 18:00:00,355.0
2017-07-18 19:00:00,430.0
2017-07-18 20:00:00,436.0
2017-07-18 21:00:00,507.67
2017-07-18 22:00:00,538.5
2017-07-18 23:00:00,574.67
2017-07-19 00:00:00,519.0
2017-07-19 00:00:00,519.0
2017-07-19 01:00:00,476.0
2017-07-19 02:00:00,427.0
2017-07-19 03:00:00,424.33
2017-07-19 04:00:00,403.67
2017-07-19 05:00:00,388.33
2017-07-19 06:00:00,370.0
2017-07-19 07:00:00,375.0
2017-07-19 08:00:00,386.67
2017-07-19 09:00:00,304.75
2017-07-19 10:00:00,308.0
2017-07-19 11:00:00,274.0
2017-07-19 12:00:00,290.0
2017-07-19 13:00:00,330.67
2017-07-19 14:00:00,341.0
2017-07-19 15:00:00,322.67
2017-07-19 16:00:00,321.67
2017-07-19 17:00:00,306.0
2017-07-19 18:00:00,413.17
2017-07-19 19:00:00,451.0
2017-07-19 20:00:00,477.0
2017-07-19 21:00:00,479.25
2017-07-19 22:00:00,542.33
2017-07-19 23:00:00,601.0
2017-07-20 00:00:00,539.0
2017-07-20 00:00:00,539.0
2017-07-20 01:00:00,481.67
2017-07-20 02:00:00,464.67
2017-07-20 03:00:00,434.33
2017-07-20 04:00:00,422.0
2017-07-20 05:00:00,432.67
2017-07-20 06:00:00,414.67
2017-07-20 07:00:00,420.33
2017-07-20 08:00:00,420.0
2017-07-20 09:00:00,334.67
2017-07-20 10:00:00,293.0
2017-07-20 11:00:00,320.33
2017-07-20 12:00:00,348.0
2017-07-20 13:00:00,346.67
2017-07-20 14:00:00,342.33
2017-07-20 15:00:00,304.33
2017-07-20 16:00:00,341.67
2017-07-20 17:00:00,331.33
2017-07-20 18:00:00,390.67
2017-07-20 19:00:00,421.33
2017-07-20 20:00:00,471.33
2017-07-20 21:00:00,482.33
2017-07-20 22:00:00,576.33
2017-07-20 23:00:00,593.33
2017-07-21 00:00:00,556.17
2017-07-21 00:00:00,556.17
2017-07-21 01:00:00,507.5
2017-07-21 02:00:00,475.67
2017-07-21 03:00:00,464.67
2017-07-21 04:00:00,439.67
2017-07-21 05:00:00,436.83
2017-07-21 06:00:00,423.33
2017-07-21 07:00:00,427.83
2017-07-21 08:00:00,416.0
2017-07-21 09:00:00,335.33
2017-07-21 10:00:00,324.67
2017-07-21 11:00:00,322.67
2017-07-21 12:00:00,349.08
2017-07-21 13:00:00,383.0
2017-07-21 14:00:00,387.33
2017-07-21 15:00:00,354.0
2017-07-21 16:00:00,320.67
2017-07-21 17:00:00,324.5
2017-07-21 18:00:00,361.17
2017-07-21 19:00:00,414.5
2017-07-21 20:00:00,448.83
2017-07-21 21:00:00,471.33
2017-07-21 22:00:00,557.67
2017-07-21 23:00:00,622.92
2017-07-22 00:00:00,590.83
2017-07-22 00:00:00,590.83
2017-07-22 01:00:00,534.67
2017-07-22 02:00:00,511.83
2017-07-22 03:00:00,474.83
2017-07-22 04:00:00,469.0
2017-07-22 05:00:00,453.83
2017-07-22 06:00:00,448.83
2017-07-22 07:00:00,447.33
2017-07-22 08:00:00,473.0
2017-07-22 09:00:00,426.5
2017-07-22 10:00:00,436.67
2017-07-22 11:00:00,417.5
2017-07-22 12:00:00,481.0
2017-07-22 13:00:00,481.33
2017-07-22 14:00:00,446.0
2017-07-22 15:00:00,432.67
2017-07-22 16:00:00,403.33
2017-07-22 17:00:00,427.33
2017-07-22 18:00:00,426.0
2017-07-22 19:00:00,460.92
2017-07-22 20:00:00,480.67
2017-07-22 21:00:00,528.0
2017-07-22 22:00:00,563.33
2017-07-22 23:00:00,591.5
2017-07-23 00:00:00,573.75
2017-07-23 00:00:00,573.75
2017-07-23 01:00:00,557.33
2017-07-23 02:00:00,513.67
2017-07-23 03:00:00,517.0
2017-07-23 04:00:00,488.83
2017-07-23 05:00:00,447.5
2017-07-23 06:00:00,436.67
2017-07-23 07:00:00,468.83
2017-07-23 08:00:00,472.83
2017-07-23 09:00:00,467.83
2017-07-23 10:00:00,500.83
2017-07-23 11:00:00,497.83
2017-07-23 12:00:00,507.0
2017-07-23 13:00:00,523.0
2017-07-23 14:00:00,506.0
2017-07-23 15:00:00,483.33
2017-07-23 16:00:00,458.58
2017-07-23 17:00:00,477.83
2017-07-23 18:00:00,514.0
2017-07-23 19:00:00,571.67
2017-07-23 20:00:00,578.0
2017-07-23 21:00:00,631.67
2017-07-23 22:00:00,660.0
2017-07-23 23:00:00,719.0
2017-07-24 00:00:00,673.0
2017-07-24 00:00:00,673.0
2017-07-24 01:00:00,618.67
2017-07-24 02:00:00,570.0
2017-07-24 03:00:00,526.67
2017-07-24 04:00:00,527.0
2017-07-24 05:00:00,531.0
2017-07-24 06:00:00,493.0
2017-07-24 07:00:00,504.33
2017-07-24 08:00:00,492.33
2017-07-24 09:00:00,427.33
2017-07-24 10:00:00,374.67
2017-07-24 11:00:00,366.5
2017-07-24 12:00:00,379.67
2017-07-24 13:00:00,376.0
2017-07-24 14:00:00,361.33
2017-07-24 15:00:00,373.67
2017-07-24 16:00:00,356.0
2017-07-24 17:00:00,397.83
2017-07-24 18:00:00,522.33
2017-07-24 19:00:00,583.83
2017-07-24 20:00:00,593.0
2017-07-24 21:00:00,675.0
2017-07-24 22:00:00,719.0
2017-07-24 23:00:00,727.0
2017-07-25 00:00:00,693.33
2017-07-25 00:00:00,693.33
2017-07-25 01:00:00,622.5
2017-07-25 02:00:00,597.33
2017-07-25 03:00:00,579.67
2017-07-25 04:00:00,556.0
2017-07-25 05:00:00,534.67
2017-07-25 06:00:00,516.5
2017-07-25 07:00:00,531.0
2017-07-25 08:00:00,496.0
2017-07-25 09:00:00,455.67
2017-07-25 10:00:00,404.67
2017-07-25 11:00:00,387.33
2017-07-25 12:00:00,420.67
2017-07-25 13:00:00,472.17
2017-07-25 14:00:00,406.33
2017-07-25 15:00:00,431.0
2017-07-25 16:00:00,474.5
2017-07-25 17:00:00,503.67
2017-07-25 18:00:00,543.17
2017-07-25 19:00:00,634.17
2017-07-25 20:00:00,659.0
2017-07-25 21:00:00,689.0
2017-07-25 22:00:00,764.17
2017-07-25 23:00:00,772.88
2017-07-26 00:00:00,725.33
2017-07-26 00:00:00,725.33
2017-07-26 01:00:00,661.0
2017-07-26 02:00:00,590.67
2017-07-26 03:00:00,576.33
2017-07-26 04:00:00,542.67
2017-07-26 05:00:00,551.0
2017-07-26 06:00:00,497.83
2017-07-26 07:00:00,496.0
2017-07-26 08:00:00,537.33
2017-07-26 09:00:00,435.33
2017-07-26 10:00:00,412.33
2017-07-26 11:00:00,400.83
2017-07-26 12:00:00,395.0
2017-07-26 13:00:00,408.5
2017-07-26 14:00:00,398.83
2017-07-26 15:00:00,402.0
2017-07-26 16:00:00,439.83
2017-07-26 17:00:00,552.0
2017-07-26 18:00:00,556.17
2017-07-26 19:00:00,606.33
2017-07-26 20:00:00,627.0
2017-07-26 21:00:00,691.67
2017-07-26 22:00:00,753.83
2017-07-26 23:00:00,781.0
2017-07-27 00:00:00,698.0
2017-07-27 00:00:00,698.0
2017-07-27 01:00:00,668.67
2017-07-27 02:00:00,604.67
2017-07-27 03:00:00,571.83
2017-07-27 04:00:00,545.0
2017-07-27 05:00:00,567.33
2017-07-27 06:00:00,528.67
2017-07-27 07:00:00,514.33
2017-07-27 08:00:00,508.33
2017-07-27 09:00:00,466.17
2017-07-27 10:00:00,445.67
2017-07-27 11:00:00,435.33
2017-07-27 12:00:00,391.0
2017-07-27 13:00:00,436.33
2017-07-27 14:00:00,443.0
2017-07-27 15:00:00,429.0
2017-07-27 16:00:00,426.67
2017-07-27 17:00:00,442.33
2017-07-27 18:00:00,486.33
2017-07-27 19:00:00,533.5
2017-07-27 20:00:00,589.17
2017-07-27 21:00:00,619.83
2017-07-27 22:00:00,693.33
2017-07-27 23:00:00,692.0
2017-07-28 00:00:00,677.33
2017-07-28 00:00:00,677.33
2017-07-28 01:00:00,607.08
2017-07-28 02:00:00,575.17
2017-07-28 03:00:00,532.0
2017-07-28 04:00:00,541.67
2017-07-28 05:00:00,510.92
2017-07-28 06:00:00,505.17
2017-07-28 07:00:00,506.67
2017-07-28 08:00:00,495.0
2017-07-28 09:00:00,486.0
2017-07-28 10:00:00,450.33
2017-07-28 11:00:00,428.67
2017-07-28 12:00:00,421.17
2017-07-28 13:00:00,478.5
2017-07-28 14:00:00,479.33
2017-07-28 15:00:00,449.33
2017-07-28 16:00:00,410.33
2017-07-28 17:00:00,426.33
2017-07-28 18:00:00,484.33
2017-07-28 19:00:00,527.33
2017-07-28 20:00:00,561.33
2017-07-28 21:00:00,616.5
2017-07-28 22:00:00,638.33
2017-07-28 23:00:00,633.92
2017-07-29 00:00:00,607.0
2017-07-29 00:00:00,607.0
2017-07-29 01:00:00,537.33
2017-07-29 02:00:00,516.0
2017-07-29 03:00:00,502.83
2017-07-29 04:00:00,479.0
2017-07-29 05:00:00,464.67
2017-07-29 06:00:00,446.0
2017-07-29 07:00:00,610.83
2017-07-29 08:00:00,468.0
2017-07-29 09:00:00,507.33
2017-07-29 10:00:00,505.33
2017-07-29 11:00:00,488.67
2017-07-29 12:00:00,522.67
2017-07-29 13:00:00,490.0
2017-07-29 14:00:00,459.33
2017-07-29 15:00:00,406.67
2017-07-29 16:00:00,382.5
2017-07-29 17:00:00,394.33
2017-07-29 18:00:00,409.67
2017-07-29 19:00:00,456.5
2017-07-29 20:00:00,459.5
2017-07-29 21:00:00,500.33
2017-07-29 22:00:00,518.33
2017-07-29 23:00:00,563.33
2017-07-30 00:00:00,504.67
2017-07-30 00:00:00,504.67
2017-07-30 01:00:00,489.67
2017-07-30 02:00:00,435.33
2017-07-30 03:00:00,448.0
2017-07-30 04:00:00,408.0
2017-07-30 05:00:00,419.33
2017-07-30 06:00:00,401.0
2017-07-30 07:00:00,398.67
2017-07-30 08:00:00,567.67
2017-07-30 09:00:00,418.67
2017-07-30 10:00:00,428.83
2017-07-30 11:00:00,421.83
2017-07-30 12:00:00,453.98
2017-07-30 13:00:00,417.17
2017-07-30 14:00:00,418.67
2017-07-30 15:00:00,423.67
2017-07-30 16:00:00,381.67
2017-07-30 17:00:00,456.5
2017-07-30 18:00:00,463.67
2017-07-30 19:00:00,497.17
2017-07-30 20:00:00,513.33
2017-07-30 21:00:00,604.0
2017-07-30 22:00:00,583.5
2017-07-30 23:00:00,592.0
2017-07-31 00:00:00,553.67
2017-07-31 00:00:00,553.67
2017-07-31 01:00:00,538.83
2017-07-31 02:00:00,498.17
2017-07-31 03:00:00,493.67
2017-07-31 04:00:00,463.17
2017-07-31 05:00:00,508.17
2017-07-31 06:00:00,457.83
2017-07-31 07:00:00,434.0
2017-07-31 08:00:00,450.5
2017-07-31 09:00:00,433.5
2017-07-31 10:00:00,426.83
2017-07-31 11:00:00,392.0
2017-07-31 12:00:00,437.67
2017-07-31 13:00:00,436.33
2017-07-31 14:00:00,398.17
2017-07-31 15:00:00,364.83
2017-07-31 16:00:00,372.33
2017-07-31 17:00:00,394.0
2017-07-31 18:00:00,411.0
2017-07-31 19:00:00,467.33
2017-07-31 20:00:00,516.5
2017-07-31 21:00:00,582.67
2017-07-31 22:00:00,604.0
2017-07-31 23:00:00,612.83
2017-08-01 00:00:00,593.5
2017-08-01 00:00:00,593.5
2017-08-01 01:00:00,526.67
2017-08-01 02:00:00,510.5
2017-08-01 03:00:00,505.5
2017-08-01 04:00:00,490.67
2017-08-01 05:00:00,473.33
2017-08-01 06:00:00,447.17
2017-08-01 07:00:00,459.0
2017-08-01 08:00:00,471.33
2017-08-01 09:00:00,401.17
2017-08-01 10:00:00,380.67
2017-08-01 11:00:00,377.5
2017-08-01 12:00:00,379.67
2017-08-01 13:00:00,360.17
2017-08-01 14:00:00,340.17
2017-08-01 15:00:00,321.67
2017-08-01 16:00:00,381.0
2017-08-01 17:00:00,402.33
2017-08-01 18:00:00,455.0
2017-08-01 19:00:00,543.0
2017-08-01 20:00:00,522.33
2017-08-01 21:00:00,591.33
2017-08-01 22:00:00,611.67
2017-08-01 23:00:00,639.0
2017-08-02 00:00:00,562.0
2017-08-02 00:00:00,562.0
2017-08-02 01:00:00,520.17
2017-08-02 02:00:00,483.0
2017-08-02 03:00:00,474.83
2017-08-02 04:00:00,458.5
2017-08-02 05:00:00,438.42
2017-08-02 06:00:00,438.67
2017-08-02 07:00:00,436.33
2017-08-02 08:00:00,428.0
2017-08-02 09:00:00,367.31
2017-08-02 10:00:00,346.0
2017-08-02 11:00:00,330.67
2017-08-02 12:00:00,362.33
2017-08-02 13:00:00,359.67
2017-08-02 14:00:00,361.67
2017-08-02 15:00:00,331.83
2017-08-02 16:00:00,346.5
2017-08-02 17:00:00,377.5
2017-08-02 18:00:00,478.33
2017-08-02 19:00:00,509.67
2017-08-02 20:00:00,517.83
2017-08-02 21:00:00,588.67
2017-08-02 22:00:00,604.5
2017-08-02 23:00:00,616.0
2017-08-03 00:00:00,579.67
2017-08-03 00:00:00,579.67
2017-08-03 01:00:00,490.5
2017-08-03 02:00:00,474.33
2017-08-03 03:00:00,448.83
2017-08-03 04:00:00,445.25
2017-08-03 05:00:00,428.33
2017-08-03 06:00:00,425.0
2017-08-03 07:00:00,414.67
2017-08-03 08:00:00,417.17
2017-08-03 09:00:00,333.83
2017-08-03 10:00:00,
2017-08-03 11:00:00,311.67
2017-08-03 12:00:00,318.67
2017-08-03 13:00:00,344.0
2017-08-03 14:00:00,342.33
2017-08-03 15:00:00,377.67
2017-08-03 16:00:00,363.9
2017-08-03 17:00:00,350.0
2017-08-03 18:00:00,424.0
2017-08-03 19:00:00,459.67
2017-08-03 20:00:00,583.67
2017-08-03 21:00:00,577.17
2017-08-03 22:00:00,604.33
2017-08-03 23:00:00,591.0
2017-08-04 00:00:00,562.33
2017-08-04 00:00:00,562.33
2017-08-04 01:00:00,533.17
2017-08-04 02:00:00,500.33
2017-08-04 03:00:00,483.67
2017-08-04 04:00:00,444.0
2017-08-04 05:00:00,454.33
2017-08-04 06:00:00,410.33
2017-08-04 07:00:00,403.83
2017-08-04 08:00:00,447.17
2017-08-04 09:00:00,370.83
2017-08-04 10:00:00,332.17
2017-08-04 11:00:00,344.0
2017-08-04 12:00:00,367.0
2017-08-04 13:00:00,403.17
2017-08-04 14:00:00,337.5
2017-08-04 15:00:00,340.5
2017-08-04 16:00:00,351.67
2017-08-04 17:00:00,356.0
2017-08-04 18:00:00,386.83
2017-08-04 19:00:00,448.0
2017-08-04 20:00:00,454.0
2017-08-04 21:00:00,491.67
2017-08-04 22:00:00,522.67
2017-08-04 23:00:00,546.67
2017-08-05 00:00:00,505.0
2017-08-05 00:00:00,505.0
2017-08-05 01:00:00,463.5
2017-08-05 02:00:00,420.83
2017-08-05 03:00:00,423.0
2017-08-05 04:00:00,420.0
2017-08-05 05:00:00,390.33
2017-08-05 06:00:00,380.67
2017-08-05 07:00:00,372.67
2017-08-05 08:00:00,546.5
2017-08-05 09:00:00,410.0
2017-08-05 10:00:00,402.0
2017-08-05 11:00:00,398.67
2017-08-05 12:00:00,398.5
2017-08-05 13:00:00,396.17
2017-08-05 14:00:00,361.5
2017-08-05 15:00:00,361.33
2017-08-05 16:00:00,370.0
2017-08-05 17:00:00,361.0
2017-08-05 18:00:00,413.33
2017-08-05 19:00:00,438.0
2017-08-05 20:00:00,435.33
2017-08-05 21:00:00,480.67
2017-08-05 22:00:00,492.67
2017-08-05 23:00:00,483.5
2017-08-06 00:00:00,462.67
2017-08-06 00:00:00,462.67
2017-08-06 01:00:00,447.33
2017-08-06 02:00:00,424.33
2017-08-06 03:00:00,412.67
2017-08-06 04:00:00,398.33
2017-08-06 05:00:00,392.0
2017-08-06 06:00:00,379.67
2017-08-06 07:00:00,381.33
2017-08-06 08:00:00,382.33
2017-08-06 09:00:00,450.0
2017-08-06 10:00:00,456.67
2017-08-06 11:00:00,449.0
2017-08-06 12:00:00,474.0
2017-08-06 13:00:00,518.67
2017-08-06 14:00:00,478.0
2017-08-06 15:00:00,433.0
2017-08-06 16:00:00,375.33
2017-08-06 17:00:00,397.67
2017-08-06 18:00:00,434.83
2017-08-06 19:00:00,468.33
2017-08-06 20:00:00,463.0
2017-08-06 21:00:00,514.67
2017-08-06 22:00:00,525.33
2017-08-06 23:00:00,541.33
2017-08-07 00:00:00,502.67
2017-08-07 00:00:00,502.67
2017-08-07 01:00:00,479.0
2017-08-07 02:00:00,445.5
2017-08-07 03:00:00,420.83
2017-08-07 04:00:00,406.33
2017-08-07 05:00:00,387.0
2017-08-07 06:00:00,370.0
2017-08-07 07:00:00,366.0
2017-08-07 08:00:00,400.0
2017-08-07 09:00:00,323.33
2017-08-07 10:00:00,328.5
2017-08-07 11:00:00,297.0
2017-08-07 12:00:00,332.0
2017-08-07 13:00:00,372.33
2017-08-07 14:00:00,370.33
2017-08-07 15:00:00,369.0
2017-08-07 16:00:00,351.87
2017-08-07 17:00:00,393.5
2017-08-07 18:00:00,447.0
2017-08-07 19:00:00,491.17
2017-08-07 20:00:00,521.5
2017-08-07 21:00:00,555.83
2017-08-07 22:00:00,528.17
2017-08-07 23:00:00,528.33
2017-08-08 00:00:00,460.67
2017-08-08 00:00:00,460.67
2017-08-08 01:00:00,454.33
2017-08-08 02:00:00,409.33
2017-08-08 03:00:00,404.67
2017-08-08 04:00:00,414.67
2017-08-08 05:00:00,381.67
2017-08-08 06:00:00,388.67
2017-08-08 07:00:00,361.33
2017-08-08 08:00:00,378.17
2017-08-08 09:00:00,310.0
2017-08-08 10:00:00,296.0
2017-08-08 11:00:00,273.0
2017-08-08 12:00:00,344.0
2017-08-08 13:00:00,292.83
2017-08-08 14:00:00,259.33
2017-08-08 15:00:00,271.0
2017-08-08 16:00:00,258.83
2017-08-08 17:00:00,311.0
2017-08-08 18:00:00,342.67
2017-08-08 19:00:00,453.33
2017-08-08 20:00:00,437.67
2017-08-08 21:00:00,469.0
2017-08-08 22:00:00,469.67
2017-08-08 23:00:00,478.67
2017-08-09 00:00:00,439.33
2017-08-09 00:00:00,439.33
2017-08-09 01:00:00,388.33
2017-08-09 02:00:00,382.0
2017-08-09 03:00:00,373.0
2017-08-09 04:00:00,370.67
2017-08-09 05:00:00,347.67
2017-08-09 06:00:00,333.67
2017-08-09 07:00:00,334.67
2017-08-09 08:00:00,340.0
2017-08-09 09:00:00,288.67
2017-08-09 10:00:00,255.0
2017-08-09 11:00:00,254.0
2017-08-09 12:00:00,284.0
2017-08-09 13:00:00,286.33
2017-08-09 14:00:00,288.17
2017-08-09 15:00:00,264.5
2017-08-09 16:00:00,272.83
2017-08-09 17:00:00,306.17
2017-08-09 18:00:00,358.0
2017-08-09 19:00:00,426.83
2017-08-09 20:00:00,453.67
2017-08-09 21:00:00,500.5
2017-08-09 22:00:00,476.17
2017-08-09 23:00:00,468.33
2017-08-10 00:00:00,435.67
2017-08-10 00:00:00,435.67
2017-08-10 01:00:00,401.83
2017-08-10 02:00:00,355.4
2017-08-10 03:00:00,380.0
2017-08-10 04:00:00,351.33
2017-08-10 05:00:00,352.0
2017-08-10 06:00:00,310.33
2017-08-10 07:00:00,329.0
2017-08-10 08:00:00,314.67
2017-08-10 09:00:00,314.75
2017-08-10 10:00:00,316.17
2017-08-10 11:00:00,297.33
2017-08-10 12:00:00,308.0
2017-08-10 13:00:00,341.33
2017-08-10 14:00:00,328.33
2017-08-10 15:00:00,296.33
2017-08-10 16:00:00,282.67
2017-08-10 17:00:00,284.67
2017-08-10 18:00:00,336.5
2017-08-10 19:00:00,403.67
2017-08-10 20:00:00,396.83
2017-08-10 21:00:00,440.0
2017-08-10 22:00:00,440.83
2017-08-10 23:00:00,449.0
2017-08-11 00:00:00,422.67
2017-08-11 00:00:00,422.67
2017-08-11 01:00:00,393.0
2017-08-11 02:00:00,362.33
2017-08-11 03:00:00,361.67
2017-08-11 04:00:00,370.0
2017-08-11 05:00:00,329.67
2017-08-11 06:00:00,310.67
2017-08-11 07:00:00,332.0
2017-08-11 08:00:00,339.67
2017-08-11 09:00:00,362.0
2017-08-11 10:00:00,346.33
2017-08-11 11:00:00,326.0
2017-08-11 12:00:00,319.0
2017-08-11 13:00:00,355.0
2017-08-11 14:00:00,333.0
2017-08-11 15:00:00,312.67
2017-08-11 16:00:00,293.0
2017-08-11 17:00:00,282.33
2017-08-11 18:00:00,330.0
2017-08-11 19:00:00,367.67
2017-08-11 20:00:00,386.33
2017-08-11 21:00:00,450.17
2017-08-11 22:00:00,454.67
2017-08-11 23:00:00,459.67
2017-08-12 00:00:00,429.67
2017-08-12 00:00:00,429.67
2017-08-12 01:00:00,408.67
2017-08-12 02:00:00,386.33
2017-08-12 03:00:00,391.0
2017-08-12 04:00:00,361.0
2017-08-12 05:00:00,358.67
2017-08-12 06:00:00,341.33
2017-08-12 07:00:00,346.0
2017-08-12 08:00:00,339.67
2017-08-12 09:00:00,335.0
2017-08-12 10:00:00,311.0
2017-08-12 11:00:00,327.0
2017-08-12 12:00:00,313.67
2017-08-12 13:00:00,319.0
2017-08-12 14:00:00,279.33
2017-08-12 15:00:00,276.33
2017-08-12 16:00:00,268.67
2017-08-12 17:00:00,267.83
2017-08-12 18:00:00,300.67
2017-08-12 19:00:00,346.67
2017-08-12 20:00:00,371.67
2017-08-12 21:00:00,397.67
2017-08-12 22:00:00,371.67
2017-08-12 23:00:00,419.0
2017-08-13 00:00:00,378.67
2017-08-13 00:00:00,378.67
2017-08-13 01:00:00,368.33
2017-08-13 02:00:00,351.0
2017-08-13 03:00:00,321.67
2017-08-13 04:00:00,313.9
2017-08-13 05:00:00,306.67
2017-08-13 06:00:00,273.0
2017-08-13 07:00:00,267.67
2017-08-13 08:00:00,287.0
2017-08-13 09:00:00,275.0
2017-08-13 10:00:00,303.67
2017-08-13 11:00:00,297.33
2017-08-13 12:00:00,312.0
2017-08-13 13:00:00,316.0
2017-08-13 14:00:00,313.33
2017-08-13 15:00:00,307.17
2017-08-13 16:00:00,298.33
2017-08-13 17:00:00,289.67
2017-08-13 18:00:00,310.0
2017-08-13 19:00:00,359.0
2017-08-13 20:00:00,384.0
2017-08-13 21:00:00,407.0
2017-08-13 22:00:00,379.67
2017-08-13 23:00:00,421.0
2017-08-14 00:00:00,368.0
2017-08-14 00:00:00,368.0
2017-08-14 01:00:00,332.67
2017-08-14 02:00:00,326.33
2017-08-14 03:00:00,317.0
2017-08-14 04:00:00,296.67
2017-08-14 05:00:00,298.0
2017-08-14 06:00:00,260.33
2017-08-14 07:00:00,274.33
2017-08-14 08:00:00,329.33
2017-08-14 09:00:00,254.33
2017-08-14 10:00:00,273.67
2017-08-14 11:00:00,284.0
2017-08-14 12:00:00,343.33
2017-08-14 13:00:00,383.67
2017-08-14 14:00:00,332.33
2017-08-14 15:00:00,308.42
2017-08-14 16:00:00,320.0
2017-08-14 17:00:00,310.67
2017-08-14 18:00:00,414.67
2017-08-14 19:00:00,505.67
2017-08-14 20:00:00,536.67
2017-08-14 21:00:00,551.0
2017-08-14 22:00:00,538.67
2017-08-14 23:00:00,521.0
2017-08-15 00:00:00,468.67
2017-08-15 00:00:00,468.67
2017-08-15 01:00:00,424.25
2017-08-15 02:00:00,401.33
2017-08-15 03:00:00,392.33
2017-08-15 04:00:00,363.67
2017-08-15 05:00:00,367.67
2017-08-15 06:00:00,349.0
2017-08-15 07:00:00,347.33
2017-08-15 08:00:00,329.33
2017-08-15 09:00:00,262.0
2017-08-15 10:00:00,263.67
2017-08-15 11:00:00,271.33
2017-08-15 12:00:00,349.0
2017-08-15 13:00:00,367.33
2017-08-15 14:00:00,336.67
2017-08-15 15:00:00,294.0
2017-08-15 16:00:00,298.0
2017-08-15 17:00:00,297.0
2017-08-15 18:00:00,391.0
2017-08-15 19:00:00,457.0
2017-08-15 20:00:00,482.25
2017-08-15 21:00:00,529.0
2017-08-15 22:00:00,508.0
2017-08-15 23:00:00,500.33
2017-08-16 00:00:00,455.0
2017-08-16 00:00:00,455.0
2017-08-16 01:00:00,409.0
2017-08-16 02:00:00,374.0
2017-08-16 03:00:00,374.0
2017-08-16 04:00:00,348.33
2017-08-16 05:00:00,332.0
2017-08-16 06:00:00,323.0
2017-08-16 07:00:00,314.33
2017-08-16 08:00:00,312.33
2017-08-16 09:00:00,253.67
2017-08-16 10:00:00,274.33
2017-08-16 11:00:00,251.67
2017-08-16 12:00:00,305.33
2017-08-16 13:00:00,323.0
2017-08-16 14:00:00,329.0
2017-08-16 15:00:00,301.67
2017-08-16 16:00:00,283.67
2017-08-16 17:00:00,292.33
2017-08-16 18:00:00,343.33
2017-08-16 19:00:00,463.67
2017-08-16 20:00:00,461.0
2017-08-16 21:00:00,476.83
2017-08-16 22:00:00,494.33
2017-08-16 23:00:00,471.67
2017-08-17 00:00:00,413.33
2017-08-17 00:00:00,413.33
2017-08-17 01:00:00,364.0
2017-08-17 02:00:00,346.67
2017-08-17 03:00:00,323.5
2017-08-17 04:00:00,326.33
2017-08-17 05:00:00,317.0
2017-08-17 06:00:00,300.0
2017-08-17 07:00:00,305.5
2017-08-17 08:00:00,322.0
2017-08-17 09:00:00,283.0
2017-08-17 10:00:00,285.33
2017-08-17 11:00:00,257.5
2017-08-17 12:00:00,267.0
2017-08-17 13:00:00,351.0
2017-08-17 14:00:00,348.0
2017-08-17 15:00:00,285.5
2017-08-17 16:00:00,268.0
2017-08-17 17:00:00,295.33
2017-08-17 18:00:00,379.67
2017-08-17 19:00:00,474.0
2017-08-17 20:00:00,533.67
2017-08-17 21:00:00,465.17
2017-08-17 22:00:00,487.67
2017-08-17 23:00:00,473.25
2017-08-18 00:00:00,446.5
2017-08-18 00:00:00,446.5
2017-08-18 01:00:00,376.0
2017-08-18 02:00:00,353.0
2017-08-18 03:00:00,347.0
2017-08-18 04:00:00,325.33
2017-08-18 05:00:00,321.0
2017-08-18 06:00:00,297.0
2017-08-18 07:00:00,326.33
2017-08-18 08:00:00,348.33
2017-08-18 09:00:00,317.83
2017-08-18 10:00:00,310.67
2017-08-18 11:00:00,275.0
2017-08-18 12:00:00,319.67
2017-08-18 13:00:00,341.17
2017-08-18 14:00:00,312.67
2017-08-18 15:00:00,279.17
2017-08-18 16:00:00,282.17
2017-08-18 17:00:00,322.67
2017-08-18 18:00:00,337.83
2017-08-18 19:00:00,415.5
2017-08-18 20:00:00,414.17
2017-08-18 21:00:00,433.33
2017-08-18 22:00:00,428.17
2017-08-18 23:00:00,418.67
2017-08-19 00:00:00,418.0
2017-08-19 00:00:00,418.0
2017-08-19 01:00:00,409.75
2017-08-19 02:00:00,370.0
2017-08-19 03:00:00,357.0
2017-08-19 04:00:00,316.75
2017-08-19 05:00:00,331.83
2017-08-19 06:00:00,294.83
2017-08-19 07:00:00,310.0
2017-08-19 08:00:00,335.33
2017-08-19 09:00:00,352.83
2017-08-19 10:00:00,389.33
2017-08-19 11:00:00,363.0
2017-08-19 12:00:00,330.33
2017-08-19 13:00:00,350.0
2017-08-19 14:00:00,343.33
2017-08-19 15:00:00,306.0
2017-08-19 16:00:00,352.0
2017-08-19 17:00:00,349.0
2017-08-19 18:00:00,349.0
2017-08-19 19:00:00,388.0
2017-08-19 20:00:00,415.67
2017-08-19 21:00:00,426.0
2017-08-19 22:00:00,407.0
2017-08-19 23:00:00,386.67
2017-08-20 00:00:00,359.0
2017-08-20 00:00:00,359.0
2017-08-20 01:00:00,329.0
2017-08-20 02:00:00,331.67
2017-08-20 03:00:00,295.83
2017-08-20 04:00:00,296.33
2017-08-20 05:00:00,290.33
2017-08-20 06:00:00,260.67
2017-08-20 07:00:00,260.0
2017-08-20 08:00:00,277.67
2017-08-20 09:00:00,345.33
2017-08-20 10:00:00,337.67
2017-08-20 11:00:00,367.0
2017-08-20 12:00:00,359.0
2017-08-20 13:00:00,382.0
2017-08-20 14:00:00,356.0
2017-08-20 15:00:00,316.0
2017-08-20 16:00:00,313.67
2017-08-20 17:00:00,306.0
2017-08-20 18:00:00,326.33
2017-08-20 19:00:00,391.33
2017-08-20 20:00:00,391.33
2017-08-20 21:00:00,412.33
2017-08-20 22:00:00,392.67
2017-08-20 23:00:00,418.67
2017-08-21 00:00:00,386.33
2017-08-21 00:00:00,386.33
2017-08-21 01:00:00,342.0
2017-08-21 02:00:00,336.67
2017-08-21 03:00:00,332.67
2017-08-21 04:00:00,318.67
2017-08-21 05:00:00,303.67
2017-08-21 06:00:00,266.0
2017-08-21 07:00:00,284.67
2017-08-21 08:00:00,306.33
2017-08-21 09:00:00,273.83
2017-08-21 10:00:00,265.83
2017-08-21 11:00:00,281.83
2017-08-21 12:00:00,310.83
2017-08-21 13:00:00,312.83
2017-08-21 14:00:00,326.0
2017-08-21 15:00:00,305.67
2017-08-21 16:00:00,306.0
2017-08-21 17:00:00,298.67
2017-08-21 18:00:00,383.5
2017-08-21 19:00:00,451.0
2017-08-21 20:00:00,501.33
2017-08-21 21:00:00,517.17
2017-08-21 22:00:00,490.33
2017-08-21 23:00:00,488.58
2017-08-22 00:00:00,436.67
2017-08-22 00:00:00,436.67
2017-08-22 01:00:00,417.33
2017-08-22 02:00:00,365.33
2017-08-22 03:00:00,365.33
2017-08-22 04:00:00,344.8
2017-08-22 05:00:00,332.67
2017-08-22 06:00:00,342.67
2017-08-22 07:00:00,354.0
2017-08-22 08:00:00,383.0
2017-08-22 09:00:00,339.33
2017-08-22 10:00:00,323.0
2017-08-22 11:00:00,308.33
2017-08-22 12:00:00,320.0
2017-08-22 13:00:00,335.33
2017-08-22 14:00:00,314.33
2017-08-22 15:00:00,279.5
2017-08-22 16:00:00,340.25
2017-08-22 17:00:00,355.33
2017-08-22 18:00:00,399.67
2017-08-22 19:00:00,504.0
2017-08-22 20:00:00,482.0
2017-08-22 21:00:00,527.0
2017-08-22 22:00:00,530.0
2017-08-22 23:00:00,548.33
2017-08-23 00:00:00,518.67
2017-08-23 00:00:00,518.67
2017-08-23 01:00:00,466.33
2017-08-23 02:00:00,431.0
2017-08-23 03:00:00,402.33
2017-08-23 04:00:00,392.33
2017-08-23 05:00:00,378.0
2017-08-23 06:00:00,360.0
2017-08-23 07:00:00,365.33
2017-08-23 08:00:00,389.33
2017-08-23 09:00:00,348.33
2017-08-23 10:00:00,365.33
2017-08-23 11:00:00,315.33
2017-08-23 12:00:00,319.67
2017-08-23 13:00:00,367.33
2017-08-23 14:00:00,313.33
2017-08-23 15:00:00,327.33
2017-08-23 16:00:00,360.33
2017-08-23 17:00:00,362.33
2017-08-23 18:00:00,409.17
2017-08-23 19:00:00,472.33
2017-08-23 20:00:00,514.67
2017-08-23 21:00:00,542.0
2017-08-23 22:00:00,564.33
2017-08-23 23:00:00,574.0
2017-08-24 00:00:00,506.33
2017-08-24 00:00:00,506.33
2017-08-24 01:00:00,490.67
2017-08-24 02:00:00,441.67
2017-08-24 03:00:00,423.0
2017-08-24 04:00:00,401.83
2017-08-24 05:00:00,360.5
2017-08-24 06:00:00,345.0
2017-08-24 07:00:00,361.67
2017-08-24 08:00:00,350.0
2017-08-24 09:00:00,346.0
2017-08-24 10:00:00,344.0
2017-08-24 11:00:00,341.33
2017-08-24 12:00:00,346.0
2017-08-24 13:00:00,377.0
2017-08-24 14:00:00,387.33
2017-08-24 15:00:00,350.67
2017-08-24 16:00:00,357.33
2017-08-24 17:00:00,360.33
2017-08-24 18:00:00,419.0
2017-08-24 19:00:00,466.67
2017-08-24 20:00:00,545.0
2017-08-24 21:00:00,562.67
2017-08-24 22:00:00,615.67
2017-08-24 23:00:00,582.0
2017-08-25 00:00:00,542.0
2017-08-25 00:00:00,542.0
2017-08-25 01:00:00,518.0
2017-08-25 02:00:00,476.5
2017-08-25 03:00:00,457.5
2017-08-25 04:00:00,433.5
2017-08-25 05:00:00,414.5
2017-08-25 06:00:00,388.5
2017-08-25 07:00:00,409.67
2017-08-25 08:00:00,414.83
2017-08-25 09:00:00,411.5
2017-08-25 10:00:00,402.17
2017-08-25 11:00:00,374.5
2017-08-25 12:00:00,350.33
2017-08-25 13:00:00,356.83
2017-08-25 14:00:00,322.33
2017-08-25 15:00:00,335.33
2017-08-25 16:00:00,356.17
2017-08-25 17:00:00,351.33
2017-08-25 18:00:00,363.67
2017-08-25 19:00:00,409.33
2017-08-25 20:00:00,424.67
2017-08-25 21:00:00,447.67
2017-08-25 22:00:00,489.67
2017-08-25 23:00:00,486.0
2017-08-26 00:00:00,464.67
2017-08-26 00:00:00,464.67
2017-08-26 01:00:00,423.33
2017-08-26 02:00:00,394.33
2017-08-26 03:00:00,368.67
2017-08-26 04:00:00,374.17
2017-08-26 05:00:00,367.67
2017-08-26 06:00:00,322.0
2017-08-26 07:00:00,315.67
2017-08-26 08:00:00,334.0
2017-08-26 09:00:00,324.0
2017-08-26 10:00:00,305.67
2017-08-26 11:00:00,318.0
2017-08-26 12:00:00,329.0
2017-08-26 13:00:00,324.83
2017-08-26 14:00:00,305.17
2017-08-26 15:00:00,310.33
2017-08-26 16:00:00,288.83
2017-08-26 17:00:00,313.5
2017-08-26 18:00:00,307.0
2017-08-26 19:00:00,381.5
2017-08-26 20:00:00,383.5
2017-08-26 21:00:00,429.5
2017-08-26 22:00:00,430.67
2017-08-26 23:00:00,468.5
2017-08-27 00:00:00,422.5
2017-08-27 00:00:00,422.5
2017-08-27 01:00:00,372.33
2017-08-27 02:00:00,351.67
2017-08-27 03:00:00,344.67
2017-08-27 04:00:00,344.0
2017-08-27 05:00:00,323.0
2017-08-27 06:00:00,294.67
2017-08-27 07:00:00,307.0
2017-08-27 08:00:00,320.0
2017-08-27 09:00:00,314.67
2017-08-27 10:00:00,335.67
2017-08-27 11:00:00,352.0
2017-08-27 12:00:00,343.67
2017-08-27 13:00:00,363.0
2017-08-27 14:00:00,366.33
2017-08-27 15:00:00,378.67
2017-08-27 16:00:00,366.33
2017-08-27 17:00:00,383.0
2017-08-27 18:00:00,400.33
2017-08-27 19:00:00,431.33
2017-08-27 20:00:00,463.67
2017-08-27 21:00:00,489.67
2017-08-27 22:00:00,516.0
2017-08-27 23:00:00,504.33
2017-08-28 00:00:00,471.25
2017-08-28 00:00:00,471.25
2017-08-28 01:00:00,434.0
2017-08-28 02:00:00,400.33
2017-08-28 03:00:00,386.87
2017-08-28 04:00:00,381.0
2017-08-28 05:00:00,357.33
2017-08-28 06:00:00,328.0
2017-08-28 07:00:00,350.67
2017-08-28 08:00:00,381.0
2017-08-28 09:00:00,358.33
2017-08-28 10:00:00,369.67
2017-08-28 11:00:00,325.67
2017-08-28 12:00:00,383.33
2017-08-28 13:00:00,390.5
2017-08-28 14:00:00,358.0
2017-08-28 15:00:00,398.0
2017-08-28 16:00:00,370.0
2017-08-28 17:00:00,365.33
2017-08-28 18:00:00,417.0
2017-08-28 19:00:00,480.0
2017-08-28 20:00:00,500.67
2017-08-28 21:00:00,558.33
2017-08-28 22:00:00,547.0
2017-08-28 23:00:00,583.92
2017-08-29 00:00:00,522.33
2017-08-29 00:00:00,522.33
2017-08-29 01:00:00,489.33
2017-08-29 02:00:00,457.67
2017-08-29 03:00:00,453.33
2017-08-29 04:00:00,431.67
2017-08-29 05:00:00,420.67
2017-08-29 06:00:00,396.33
2017-08-29 07:00:00,387.0
2017-08-29 08:00:00,391.67
2017-08-29 09:00:00,419.0
2017-08-29 10:00:00,376.67
2017-08-29 11:00:00,374.33
2017-08-29 12:00:00,397.33
2017-08-29 13:00:00,386.67
2017-08-29 14:00:00,352.33
2017-08-29 15:00:00,335.0
2017-08-29 16:00:00,335.0
2017-08-29 17:00:00,311.67
2017-08-29 18:00:00,376.0
2017-08-29 19:00:00,405.33
2017-08-29 20:00:00,393.67
2017-08-29 21:00:00,427.0
2017-08-29 22:00:00,440.67
2017-08-29 23:00:00,408.5
2017-08-30 00:00:00,404.33
2017-08-30 00:00:00,404.33
2017-08-30 01:00:00,350.67
2017-08-30 02:00:00,347.33
2017-08-30 03:00:00,341.5
2017-08-30 04:00:00,325.67
2017-08-30 05:00:00,298.33
2017-08-30 06:00:00,283.0
2017-08-30 07:00:00,280.67
2017-08-30 08:00:00,284.67
2017-08-30 09:00:00,306.0
2017-08-30 10:00:00,322.0
2017-08-30 11:00:00,304.0
2017-08-30 12:00:00,310.0
2017-08-30 13:00:00,267.33
2017-08-30 14:00:00,253.0
2017-08-30 15:00:00,234.0
2017-08-30 16:00:00,238.5
2017-08-30 17:00:00,268.67
2017-08-30 18:00:00,296.0
2017-08-30 19:00:00,334.67
2017-08-30 20:00:00,359.5
2017-08-30 21:00:00,396.67
2017-08-30 22:00:00,384.33
2017-08-30 23:00:00,373.33
2017-08-31 00:00:00,367.67
2017-08-31 00:00:00,367.67
2017-08-31 01:00:00,324.0
2017-08-31 02:00:00,316.0
2017-08-31 03:00:00,288.83
2017-08-31 04:00:00,280.33
2017-08-31 05:00:00,261.17
2017-08-31 06:00:00,245.83
2017-08-31 07:00:00,252.17
2017-08-31 08:00:00,253.67
2017-08-31 09:00:00,253.5
2017-08-31 10:00:00,256.0
2017-08-31 11:00:00,261.67
2017-08-31 12:00:00,274.83
2017-08-31 13:00:00,249.17
2017-08-31 14:00:00,236.0
2017-08-31 15:00:00,235.83
2017-08-31 16:00:00,224.0
2017-08-31 17:00:00,219.67
2017-08-31 18:00:00,283.0
2017-08-31 19:00:00,324.33
2017-08-31 20:00:00,382.67
2017-08-31 21:00:00,376.0
2017-08-31 22:00:00,351.67
2017-08-31 23:00:00,347.33
2017-09-01 00:00:00,354.0
2017-09-01 00:00:00,354.0
2017-09-01 01:00:00,287.67
2017-09-01 02:00:00,281.0
2017-09-01 03:00:00,273.58
2017-09-01 04:00:00,261.33
2017-09-01 05:00:00,273.83
2017-09-01 06:00:00,224.33
2017-09-01 07:00:00,247.67
2017-09-01 08:00:00,237.33
2017-09-01 09:00:00,214.0
2017-09-01 10:00:00,198.67
2017-09-01 11:00:00,219.33
2017-09-01 12:00:00,244.17
2017-09-01 13:00:00,235.67
2017-09-01 14:00:00,209.67
2017-09-01 15:00:00,228.33
2017-09-01 16:00:00,241.33
2017-09-01 17:00:00,250.83
2017-09-01 18:00:00,285.33
2017-09-01 19:00:00,304.0
2017-09-01 20:00:00,335.33
2017-09-01 21:00:00,322.5
2017-09-01 22:00:00,326.0
2017-09-01 23:00:00,311.0
2017-09-02 00:00:00,297.67
2017-09-02 00:00:00,297.67
2017-09-02 01:00:00,273.0
2017-09-02 02:00:00,248.93
2017-09-02 03:00:00,257.5
2017-09-02 04:00:00,238.5
2017-09-02 05:00:00,239.67
2017-09-02 06:00:00,221.67
2017-09-02 07:00:00,218.0
2017-09-02 08:00:00,226.67
2017-09-02 09:00:00,219.0
2017-09-02 10:00:00,244.67
2017-09-02 11:00:00,246.0
2017-09-02 12:00:00,276.0
2017-09-02 13:00:00,260.0
2017-09-02 14:00:00,263.67
2017-09-02 15:00:00,267.0
2017-09-02 16:00:00,249.0
2017-09-02 17:00:00,264.67
2017-09-02 18:00:00,323.0
2017-09-02 19:00:00,356.33
2017-09-02 20:00:00,388.0
2017-09-02 21:00:00,377.33
2017-09-02 22:00:00,442.67
2017-09-02 23:00:00,422.67
2017-09-03 00:00:00,426.67
2017-09-03 00:00:00,426.67
2017-09-03 01:00:00,358.0
2017-09-03 02:00:00,328.17
2017-09-03 03:00:00,303.0
2017-09-03 04:00:00,306.0
2017-09-03 05:00:00,281.0
2017-09-03 06:00:00,253.33
2017-09-03 07:00:00,246.0
2017-09-03 08:00:00,235.67
2017-09-03 09:00:00,266.5
2017-09-03 10:00:00,264.67
2017-09-03 11:00:00,284.0
2017-09-03 12:00:00,279.0
2017-09-03 13:00:00,258.67
2017-09-03 14:00:00,256.67
2017-09-03 15:00:00,266.33
2017-09-03 16:00:00,287.67
2017-09-03 17:00:00,297.5
2017-09-03 18:00:00,331.0
2017-09-03 19:00:00,363.17
2017-09-03 20:00:00,352.67
2017-09-03 21:00:00,396.0
2017-09-03 22:00:00,443.33
2017-09-03 23:00:00,409.5
2017-09-04 00:00:00,382.0
2017-09-04 00:00:00,382.0
2017-09-04 01:00:00,330.33
2017-09-04 02:00:00,307.0
2017-09-04 03:00:00,297.0
2017-09-04 04:00:00,287.33
2017-09-04 05:00:00,285.67
2017-09-04 06:00:00,265.67
2017-09-04 07:00:00,258.67
2017-09-04 08:00:00,265.67
2017-09-04 09:00:00,256.33
2017-09-04 10:00:00,245.5
2017-09-04 11:00:00,245.67
2017-09-04 12:00:00,283.17
2017-09-04 13:00:00,273.33
2017-09-04 14:00:00,264.17
2017-09-04 15:00:00,264.5
2017-09-04 16:00:00,267.0
2017-09-04 17:00:00,285.0
2017-09-04 18:00:00,337.67
2017-09-04 19:00:00,404.5
2017-09-04 20:00:00,400.67
2017-09-04 21:00:00,445.83
2017-09-04 22:00:00,465.5
2017-09-04 23:00:00,439.5
2017-09-05 00:00:00,405.5
2017-09-05 00:00:00,405.5
2017-09-05 01:00:00,353.5
2017-09-05 02:00:00,324.17
2017-09-05 03:00:00,313.67
2017-09-05 04:00:00,289.0
2017-09-05 05:00:00,281.67
2017-09-05 06:00:00,266.5
2017-09-05 07:00:00,270.83
2017-09-05 08:00:00,286.0
2017-09-05 09:00:00,273.0
2017-09-05 10:00:00,287.67
2017-09-05 11:00:00,271.33
2017-09-05 12:00:00,281.17
2017-09-05 13:00:00,275.0
2017-09-05 14:00:00,308.0
2017-09-05 15:00:00,312.33
2017-09-05 16:00:00,314.5
2017-09-05 17:00:00,346.0
2017-09-05 18:00:00,372.83
2017-09-05 19:00:00,456.5
2017-09-05 20:00:00,454.33
2017-09-05 21:00:00,480.5
2017-09-05 22:00:00,573.5
2017-09-05 23:00:00,523.5
2017-09-06 00:00:00,472.5
2017-09-06 00:00:00,472.5
2017-09-06 01:00:00,417.5
2017-09-06 02:00:00,347.62
2017-09-06 03:00:00,357.67
2017-09-06 04:00:00,344.5
2017-09-06 05:00:00,328.5
2017-09-06 06:00:00,308.0
2017-09-06 07:00:00,303.33
2017-09-06 08:00:00,284.67
2017-09-06 09:00:00,277.17
2017-09-06 10:00:00,285.33
2017-09-06 11:00:00,267.33
2017-09-06 12:00:00,274.33
2017-09-06 13:00:00,266.67
2017-09-06 14:00:00,279.33
2017-09-06 15:00:00,303.5
2017-09-06 16:00:00,314.5
2017-09-06 17:00:00,306.0
2017-09-06 18:00:00,360.0
2017-09-06 19:00:00,414.0
2017-09-06 20:00:00,406.33
2017-09-06 21:00:00,461.83
2017-09-06 22:00:00,437.83
2017-09-06 23:00:00,442.17
2017-09-07 00:00:00,414.5
2017-09-07 00:00:00,414.5
2017-09-07 01:00:00,378.0
2017-09-07 02:00:00,331.0
2017-09-07 03:00:00,309.67
2017-09-07 04:00:00,298.33
2017-09-07 05:00:00,302.0
2017-09-07 06:00:00,279.0
2017-09-07 07:00:00,283.67
2017-09-07 08:00:00,290.67
2017-09-07 09:00:00,245.0
2017-09-07 10:00:00,242.33
2017-09-07 11:00:00,221.67
2017-09-07 12:00:00,233.0
2017-09-07 13:00:00,235.0
2017-09-07 14:00:00,239.83
2017-09-07 15:00:00,255.0
2017-09-07 16:00:00,240.33
2017-09-07 17:00:00,250.67
2017-09-07 18:00:00,282.0
2017-09-07 19:00:00,334.83
2017-09-07 20:00:00,381.33
2017-09-07 21:00:00,411.5
2017-09-07 22:00:00,430.33
2017-09-07 23:00:00,421.67
2017-09-08 00:00:00,401.33
2017-09-08 00:00:00,401.33
2017-09-08 01:00:00,343.0
2017-09-08 02:00:00,306.67
2017-09-08 03:00:00,293.33
2017-09-08 04:00:00,277.33
2017-09-08 05:00:00,269.67
2017-09-08 06:00:00,237.0
2017-09-08 07:00:00,247.67
2017-09-08 08:00:00,257.67
2017-09-08 09:00:00,256.0
2017-09-08 10:00:00,243.67
2017-09-08 11:00:00,258.0
2017-09-08 12:00:00,269.67
2017-09-08 13:00:00,263.67
2017-09-08 14:00:00,288.33
2017-09-08 15:00:00,252.67
2017-09-08 16:00:00,233.33
2017-09-08 17:00:00,268.67
2017-09-08 18:00:00,311.17
2017-09-08 19:00:00,345.33
2017-09-08 20:00:00,365.33
2017-09-08 21:00:00,372.67
2017-09-08 22:00:00,371.0
2017-09-08 23:00:00,367.67
2017-09-09 00:00:00,342.0
2017-09-09 00:00:00,342.0
2017-09-09 01:00:00,308.33
2017-09-09 02:00:00,288.33
2017-09-09 03:00:00,290.67
2017-09-09 04:00:00,275.17
2017-09-09 05:00:00,276.33
2017-09-09 06:00:00,242.0
2017-09-09 07:00:00,237.0
2017-09-09 08:00:00,229.0
2017-09-09 09:00:00,257.67
2017-09-09 10:00:00,241.0
2017-09-09 11:00:00,247.0
2017-09-09 12:00:00,276.0
2017-09-09 13:00:00,285.0
2017-09-09 14:00:00,262.33
2017-09-09 15:00:00,266.33
2017-09-09 16:00:00,266.33
2017-09-09 17:00:00,263.67
2017-09-09 18:00:00,301.67
2017-09-09 19:00:00,329.0
2017-09-09 20:00:00,359.0
2017-09-09 21:00:00,379.33
2017-09-09 22:00:00,402.67
2017-09-09 23:00:00,371.67
2017-09-10 00:00:00,369.33
2017-09-10 00:00:00,369.33
2017-09-10 01:00:00,322.0
2017-09-10 02:00:00,318.17
2017-09-10 03:00:00,298.33
2017-09-10 04:00:00,284.5
2017-09-10 05:00:00,263.33
2017-09-10 06:00:00,245.5
2017-09-10 07:00:00,268.5
2017-09-10 08:00:00,258.33
2017-09-10 09:00:00,269.67
2017-09-10 10:00:00,284.17
2017-09-10 11:00:00,304.83
2017-09-10 12:00:00,342.0
2017-09-10 13:00:00,344.83
2017-09-10 14:00:00,342.33
2017-09-10 15:00:00,338.0
2017-09-10 16:00:00,346.33
2017-09-10 17:00:00,359.67
2017-09-10 18:00:00,394.33
2017-09-10 19:00:00,449.33
2017-09-10 20:00:00,475.33
2017-09-10 21:00:00,455.67
2017-09-10 22:00:00,479.33
2017-09-10 23:00:00,472.81
2017-09-11 00:00:00,410.67
2017-09-11 00:00:00,410.67
2017-09-11 01:00:00,370.17
2017-09-11 02:00:00,346.0
2017-09-11 03:00:00,327.0
2017-09-11 04:00:00,305.83
2017-09-11 05:00:00,286.67
2017-09-11 06:00:00,289.67
2017-09-11 07:00:00,284.0
2017-09-11 08:00:00,294.67
2017-09-11 09:00:00,253.67
2017-09-11 10:00:00,227.67
2017-09-11 11:00:00,234.67
2017-09-11 12:00:00,235.0
2017-09-11 13:00:00,223.42
2017-09-11 14:00:00,229.0
2017-09-11 15:00:00,250.67
2017-09-11 16:00:00,209.33
2017-09-11 17:00:00,254.33
2017-09-11 18:00:00,284.0
2017-09-11 19:00:00,342.67
2017-09-11 20:00:00,382.67
2017-09-11 21:00:00,408.0
2017-09-11 22:00:00,410.33
2017-09-11 23:00:00,398.33
2017-09-12 00:00:00,375.33
2017-09-12 00:00:00,375.33
2017-09-12 01:00:00,314.67
2017-09-12 02:00:00,305.0
2017-09-12 03:00:00,277.33
2017-09-12 04:00:00,257.33
2017-09-12 05:00:00,260.0
2017-09-12 06:00:00,229.5
2017-09-12 07:00:00,235.33
2017-09-12 08:00:00,261.17
2017-09-12 09:00:00,232.67
2017-09-12 10:00:00,232.83
2017-09-12 11:00:00,220.17
2017-09-12 12:00:00,227.17
2017-09-12 13:00:00,228.0
2017-09-12 14:00:00,255.5
2017-09-12 15:00:00,243.0
2017-09-12 16:00:00,224.5
2017-09-12 17:00:00,241.67
2017-09-12 18:00:00,311.33
2017-09-12 19:00:00,331.5
2017-09-12 20:00:00,341.33
2017-09-12 21:00:00,368.0
2017-09-12 22:00:00,401.17
2017-09-12 23:00:00,376.33
2017-09-13 00:00:00,347.33
2017-09-13 00:00:00,347.33
2017-09-13 01:00:00,304.17
2017-09-13 02:00:00,286.5
2017-09-13 03:00:00,270.33
2017-09-13 04:00:00,263.5
2017-09-13 05:00:00,250.67
2017-09-13 06:00:00,242.0
2017-09-13 07:00:00,224.67
2017-09-13 08:00:00,241.5
2017-09-13 09:00:00,257.5
2017-09-13 10:00:00,238.5
2017-09-13 11:00:00,248.67
2017-09-13 12:00:00,253.5
2017-09-13 13:00:00,268.33
2017-09-13 14:00:00,249.0
2017-09-13 15:00:00,258.83
2017-09-13 16:00:00,262.83
2017-09-13 17:00:00,247.67
2017-09-13 18:00:00,289.83
2017-09-13 19:00:00,312.17
2017-09-13 20:00:00,342.33
2017-09-13 21:00:00,344.0
2017-09-13 22:00:00,383.83
2017-09-13 23:00:00,328.67
2017-09-14 00:00:00,297.0
2017-09-14 00:00:00,297.0
2017-09-14 01:00:00,298.0
2017-09-14 02:00:00,278.33
2017-09-14 03:00:00,267.0
2017-09-14 04:00:00,236.67
2017-09-14 05:00:00,239.33
2017-09-14 06:00:00,206.0
2017-09-14 07:00:00,218.67
2017-09-14 08:00:00,253.5
2017-09-14 09:00:00,236.0
2017-09-14 10:00:00,247.0
2017-09-14 11:00:00,241.17
2017-09-14 12:00:00,224.0
2017-09-14 13:00:00,243.67
2017-09-14 14:00:00,241.33
2017-09-14 15:00:00,228.83
2017-09-14 16:00:00,235.83
2017-09-14 17:00:00,241.67
2017-09-14 18:00:00,270.67
2017-09-14 19:00:00,300.33
2017-09-14 20:00:00,309.0
2017-09-14 21:00:00,340.33
2017-09-14 22:00:00,390.67
2017-09-14 23:00:00,326.75
2017-09-15 00:00:00,305.08
2017-09-15 00:00:00,305.08
2017-09-15 01:00:00,286.33
2017-09-15 02:00:00,267.67
2017-09-15 03:00:00,248.67
2017-09-15 04:00:00,242.67
2017-09-15 05:00:00,234.0
2017-09-15 06:00:00,212.83
2017-09-15 07:00:00,230.0
2017-09-15 08:00:00,234.83
2017-09-15 09:00:00,232.0
2017-09-15 10:00:00,217.0
2017-09-15 11:00:00,210.0
2017-09-15 12:00:00,230.33
2017-09-15 13:00:00,220.33
2017-09-15 14:00:00,216.0
2017-09-15 15:00:00,208.67
2017-09-15 16:00:00,201.5
2017-09-15 17:00:00,216.0
2017-09-15 18:00:00,254.67
2017-09-15 19:00:00,308.67
2017-09-15 20:00:00,320.67
2017-09-15 21:00:00,337.33
2017-09-15 22:00:00,329.67
2017-09-15 23:00:00,309.0
2017-09-16 00:00:00,298.0
2017-09-16 00:00:00,298.0
2017-09-16 01:00:00,295.33
2017-09-16 02:00:00,258.0
2017-09-16 03:00:00,244.0
2017-09-16 04:00:00,229.67
2017-09-16 05:00:00,224.0
2017-09-16 06:00:00,190.67
2017-09-16 07:00:00,192.25
2017-09-16 08:00:00,207.0
2017-09-16 09:00:00,219.67
2017-09-16 10:00:00,194.0
2017-09-16 11:00:00,218.17
2017-09-16 12:00:00,237.0
2017-09-16 13:00:00,271.5
2017-09-16 14:00:00,246.5
2017-09-16 15:00:00,235.5
2017-09-16 16:00:00,228.0
2017-09-16 17:00:00,226.0
2017-09-16 18:00:00,258.0
2017-09-16 19:00:00,301.33
2017-09-16 20:00:00,330.33
2017-09-16 21:00:00,301.33
2017-09-16 22:00:00,317.0
2017-09-16 23:00:00,295.0
2017-09-17 00:00:00,
2017-09-17 00:00:00,
2017-09-17 01:00:00,
2017-09-17 02:00:00,
2017-09-17 03:00:00,
2017-09-17 04:00:00,205.33
2017-09-17 05:00:00,215.33
2017-09-17 06:00:00,191.0
2017-09-17 07:00:00,193.67
2017-09-17 08:00:00,198.0
2017-09-17 09:00:00,226.67
2017-09-17 10:00:00,207.33
2017-09-17 11:00:00,229.0
2017-09-17 12:00:00,243.33
2017-09-17 13:00:00,243.33
2017-09-17 14:00:00,257.33
2017-09-17 15:00:00,253.0
2017-09-17 16:00:00,252.0
2017-09-17 17:00:00,230.5
2017-09-17 18:00:00,306.33
2017-09-17 19:00:00,306.33
2017-09-17 20:00:00,324.0
2017-09-17 21:00:00,370.33
2017-09-17 22:00:00,359.0
2017-09-17 23:00:00,373.67
2017-09-18 00:00:00,319.67
2017-09-18 00:00:00,319.67
2017-09-18 01:00:00,277.67
2017-09-18 02:00:00,259.67
2017-09-18 03:00:00,264.0
2017-09-18 04:00:00,232.0
2017-09-18 05:00:00,249.33
2017-09-18 06:00:00,201.83
2017-09-18 07:00:00,211.5
2017-09-18 08:00:00,232.5
2017-09-18 09:00:00,235.0
2017-09-18 10:00:00,243.0
2017-09-18 11:00:00,224.67
2017-09-18 12:00:00,249.67
2017-09-18 13:00:00,241.33
2017-09-18 14:00:00,218.0
2017-09-18 15:00:00,215.33
2017-09-18 16:00:00,244.0
2017-09-18 17:00:00,244.67
2017-09-18 18:00:00,321.0
2017-09-18 19:00:00,331.67
2017-09-18 20:00:00,379.0
2017-09-18 21:00:00,381.33
2017-09-18 22:00:00,386.33
2017-09-18 23:00:00,379.0
2017-09-19 00:00:00,354.33
2017-09-19 00:00:00,354.33
2017-09-19 01:00:00,312.0
2017-09-19 02:00:00,288.67
2017-09-19 03:00:00,277.0
2017-09-19 04:00:00,266.33
2017-09-19 05:00:00,246.5
2017-09-19 06:00:00,236.33
2017-09-19 07:00:00,228.0
2017-09-19 08:00:00,241.83
2017-09-19 09:00:00,210.33
2017-09-19 10:00:00,208.33
2017-09-19 11:00:00,203.33
2017-09-19 12:00:00,226.5
2017-09-19 13:00:00,239.33
2017-09-19 14:00:00,247.5
2017-09-19 15:00:00,209.33
2017-09-19 16:00:00,201.17
2017-09-19 17:00:00,258.5
2017-09-19 18:00:00,319.83
2017-09-19 19:00:00,364.17
2017-09-19 20:00:00,389.67
2017-09-19 21:00:00,416.83
2017-09-19 22:00:00,403.67
2017-09-19 23:00:00,377.67
2017-09-20 00:00:00,372.67
2017-09-20 00:00:00,372.67
2017-09-20 01:00:00,307.0
2017-09-20 02:00:00,273.67
2017-09-20 03:00:00,270.0
2017-09-20 04:00:00,255.33
2017-09-20 05:00:00,253.67
2017-09-20 06:00:00,212.33
2017-09-20 07:00:00,242.0
2017-09-20 08:00:00,238.17
2017-09-20 09:00:00,230.67
2017-09-20 10:00:00,214.5
2017-09-20 11:00:00,227.0
2017-09-20 12:00:00,215.0
2017-09-20 13:00:00,219.5
2017-09-20 14:00:00,214.67
2017-09-20 15:00:00,210.33
2017-09-20 16:00:00,193.0
2017-09-20 17:00:00,233.17
2017-09-20 18:00:00,286.0
2017-09-20 19:00:00,301.17
2017-09-20 20:00:00,306.33
2017-09-20 21:00:00,350.33
2017-09-20 22:00:00,336.67
2017-09-20 23:00:00,295.0
2017-09-21 00:00:00,290.0
2017-09-21 00:00:00,290.0
2017-09-21 01:00:00,262.67
2017-09-21 02:00:00,233.67
2017-09-21 03:00:00,221.0
2017-09-21 04:00:00,218.67
2017-09-21 05:00:00,202.0
2017-09-21 06:00:00,196.0
2017-09-21 07:00:00,182.33
2017-09-21 08:00:00,206.17
2017-09-21 09:00:00,232.0
2017-09-21 10:00:00,192.67
2017-09-21 11:00:00,189.67
2017-09-21 12:00:00,191.0
2017-09-21 13:00:00,204.0
2017-09-21 14:00:00,208.67
2017-09-21 15:00:00,192.67
2017-09-21 16:00:00,177.0
2017-09-21 17:00:00,232.33
2017-09-21 18:00:00,265.67
2017-09-21 19:00:00,355.67
2017-09-21 20:00:00,328.0
2017-09-21 21:00:00,320.0
2017-09-21 22:00:00,304.0
2017-09-21 23:00:00,314.0
2017-09-22 00:00:00,293.42
2017-09-22 00:00:00,293.42
2017-09-22 01:00:00,256.0
2017-09-22 02:00:00,230.0
2017-09-22 03:00:00,218.33
2017-09-22 04:00:00,238.0
2017-09-22 05:00:00,224.0
2017-09-22 06:00:00,191.0
2017-09-22 07:00:00,188.33
2017-09-22 08:00:00,196.33
2017-09-22 09:00:00,189.33
2017-09-22 10:00:00,218.67
2017-09-22 11:00:00,208.0
2017-09-22 12:00:00,232.67
2017-09-22 13:00:00,198.67
2017-09-22 14:00:00,212.5
2017-09-22 15:00:00,207.33
2017-09-22 16:00:00,191.33
2017-09-22 17:00:00,224.0
2017-09-22 18:00:00,309.33
2017-09-22 19:00:00,282.0
2017-09-22 20:00:00,300.0
2017-09-22 21:00:00,299.67
2017-09-22 22:00:00,304.0
2017-09-22 23:00:00,279.67
2017-09-23 00:00:00,258.67
2017-09-23 00:00:00,258.67
2017-09-23 01:00:00,257.67
2017-09-23 02:00:00,242.67
2017-09-23 03:00:00,216.67
2017-09-23 04:00:00,212.67
2017-09-23 05:00:00,209.33
2017-09-23 06:00:00,193.67
2017-09-23 07:00:00,188.67
2017-09-23 08:00:00,183.0
2017-09-23 09:00:00,195.0
2017-09-23 10:00:00,179.67
2017-09-23 11:00:00,196.67
2017-09-23 12:00:00,214.33
2017-09-23 13:00:00,232.0
2017-09-23 14:00:00,223.67
2017-09-23 15:00:00,200.33
2017-09-23 16:00:00,217.33
2017-09-23 17:00:00,212.33
2017-09-23 18:00:00,273.0
2017-09-23 19:00:00,288.67
2017-09-23 20:00:00,296.0
2017-09-23 21:00:00,273.33
2017-09-23 22:00:00,283.33
2017-09-23 23:00:00,284.67
2017-09-24 00:00:00,233.0
2017-09-24 00:00:00,233.0
2017-09-24 01:00:00,244.75
2017-09-24 02:00:00,203.0
2017-09-24 03:00:00,203.5
2017-09-24 04:00:00,194.0
2017-09-24 05:00:00,203.83
2017-09-24 06:00:00,177.67
2017-09-24 07:00:00,167.0
2017-09-24 08:00:00,172.67
2017-09-24 09:00:00,185.0
2017-09-24 10:00:00,185.17
2017-09-24 11:00:00,227.0
2017-09-24 12:00:00,210.33
2017-09-24 13:00:00,231.5
2017-09-24 14:00:00,244.67
2017-09-24 15:00:00,234.33
2017-09-24 16:00:00,229.67
2017-09-24 17:00:00,233.83
2017-09-24 18:00:00,278.33
2017-09-24 19:00:00,308.83
2017-09-24 20:00:00,329.17
2017-09-24 21:00:00,344.5
2017-09-24 22:00:00,336.33
2017-09-24 23:00:00,315.17
2017-09-25 00:00:00,282.67
2017-09-25 00:00:00,282.67
2017-09-25 01:00:00,244.0
2017-09-25 02:00:00,245.67
2017-09-25 03:00:00,211.33
2017-09-25 04:00:00,217.67
2017-09-25 05:00:00,222.33
2017-09-25 06:00:00,187.33
2017-09-25 07:00:00,190.33
2017-09-25 08:00:00,221.67
2017-09-25 09:00:00,222.33
2017-09-25 10:00:00,204.0
2017-09-25 11:00:00,202.67
2017-09-25 12:00:00,212.0
2017-09-25 13:00:00,209.67
2017-09-25 14:00:00,203.0
2017-09-25 15:00:00,203.33
2017-09-25 16:00:00,235.83
2017-09-25 17:00:00,226.67
2017-09-25 18:00:00,295.0
2017-09-25 19:00:00,338.0
2017-09-25 20:00:00,334.67
2017-09-25 21:00:00,336.0
2017-09-25 22:00:00,372.67
2017-09-25 23:00:00,361.33
2017-09-26 00:00:00,288.67
2017-09-26 00:00:00,288.67
2017-09-26 01:00:00,290.0
2017-09-26 02:00:00,259.0
2017-09-26 03:00:00,245.5
2017-09-26 04:00:00,233.67
2017-09-26 05:00:00,221.0
2017-09-26 06:00:00,212.0
2017-09-26 07:00:00,203.67
2017-09-26 08:00:00,226.67
2017-09-26 09:00:00,225.0
2017-09-26 10:00:00,210.0
2017-09-26 11:00:00,234.0
2017-09-26 12:00:00,225.67
2017-09-26 13:00:00,237.0
2017-09-26 14:00:00,247.33
2017-09-26 15:00:00,252.0
2017-09-26 16:00:00,244.33
2017-09-26 17:00:00,289.67
2017-09-26 18:00:00,367.67
2017-09-26 19:00:00,431.0
2017-09-26 20:00:00,416.33
2017-09-26 21:00:00,402.33
2017-09-26 22:00:00,453.0
2017-09-26 23:00:00,433.0
2017-09-27 00:00:00,407.17
2017-09-27 00:00:00,407.17
2017-09-27 01:00:00,367.0
2017-09-27 02:00:00,293.0
2017-09-27 03:00:00,281.5
2017-09-27 04:00:00,268.0
2017-09-27 05:00:00,263.33
2017-09-27 06:00:00,237.33
2017-09-27 07:00:00,231.33
2017-09-27 08:00:00,228.67
2017-09-27 09:00:00,244.67
2017-09-27 10:00:00,226.67
2017-09-27 11:00:00,226.33
2017-09-27 12:00:00,231.5
2017-09-27 13:00:00,254.0
2017-09-27 14:00:00,233.67
2017-09-27 15:00:00,243.67
2017-09-27 16:00:00,237.67
2017-09-27 17:00:00,236.0
2017-09-27 18:00:00,293.83
2017-09-27 19:00:00,321.5
2017-09-27 20:00:00,333.5
2017-09-27 21:00:00,357.67
2017-09-27 22:00:00,370.0
2017-09-27 23:00:00,348.0
2017-09-28 00:00:00,318.83
2017-09-28 00:00:00,318.83
2017-09-28 01:00:00,265.67
2017-09-28 02:00:00,259.0
2017-09-28 03:00:00,237.83
2017-09-28 04:00:00,213.67
2017-09-28 05:00:00,220.0
2017-09-28 06:00:00,192.67
2017-09-28 07:00:00,200.0
2017-09-28 08:00:00,223.33
2017-09-28 09:00:00,192.67
2017-09-28 10:00:00,213.67
2017-09-28 11:00:00,196.67
2017-09-28 12:00:00,206.67
2017-09-28 13:00:00,187.67
2017-09-28 14:00:00,183.0
2017-09-28 15:00:00,190.0
2017-09-28 16:00:00,191.0
2017-09-28 17:00:00,218.17
2017-09-28 18:00:00,
2017-09-28 19:00:00,
2017-09-28 20:00:00,298.83
2017-09-28 21:00:00,292.17
2017-09-28 22:00:00,323.33
2017-09-28 23:00:00,313.83
2017-09-29 00:00:00,302.17
2017-09-29 00:00:00,302.17
2017-09-29 01:00:00,249.58
2017-09-29 02:00:00,259.0
2017-09-29 03:00:00,229.67
2017-09-29 04:00:00,205.33
2017-09-29 05:00:00,190.33
2017-09-29 06:00:00,182.0
2017-09-29 07:00:00,197.67
2017-09-29 08:00:00,201.33
2017-09-29 09:00:00,185.67
2017-09-29 10:00:00,196.33
2017-09-29 11:00:00,188.67
2017-09-29 12:00:00,199.17
2017-09-29 13:00:00,198.33
2017-09-29 14:00:00,187.33
2017-09-29 15:00:00,172.33
2017-09-29 16:00:00,180.0
2017-09-29 17:00:00,192.17
2017-09-29 18:00:00,252.0
2017-09-29 19:00:00,265.33
2017-09-29 20:00:00,292.33
2017-09-29 21:00:00,305.33
2017-09-29 22:00:00,306.83
2017-09-29 23:00:00,242.5
2017-09-30 00:00:00,254.25
2017-09-30 00:00:00,254.25
2017-09-30 01:00:00,234.0
2017-09-30 02:00:00,213.0
2017-09-30 03:00:00,211.67
2017-09-30 04:00:00,204.83
2017-09-30 05:00:00,196.67
2017-09-30 06:00:00,173.33
2017-09-30 07:00:00,175.33
2017-09-30 08:00:00,183.5
2017-09-30 09:00:00,174.83
2017-09-30 10:00:00,192.0
2017-09-30 11:00:00,184.0
2017-09-30 12:00:00,194.67
2017-09-30 13:00:00,201.5
2017-09-30 14:00:00,195.33
2017-09-30 15:00:00,200.33
2017-09-30 16:00:00,203.17
2017-09-30 17:00:00,185.33
2017-09-30 18:00:00,237.0
2017-09-30 19:00:00,247.67
2017-09-30 20:00:00,265.0
2017-09-30 21:00:00,273.17
2017-09-30 22:00:00,288.67
2017-09-30 23:00:00,247.33
2017-10-01 00:00:00,228.33
2017-10-01 00:00:00,228.33
2017-10-01 01:00:00,217.67
2017-10-01 02:00:00,201.33
2017-10-01 03:00:00,200.67
2017-10-01 04:00:00,198.67
2017-10-01 05:00:00,191.67
2017-10-01 06:00:00,189.67
2017-10-01 07:00:00,176.5
2017-10-01 08:00:00,188.0
2017-10-01 09:00:00,191.67
2017-10-01 10:00:00,210.33
2017-10-01 11:00:00,222.67
2017-10-01 12:00:00,225.67
2017-10-01 13:00:00,238.67
2017-10-01 14:00:00,230.0
2017-10-01 15:00:00,247.0
2017-10-01 16:00:00,223.0
2017-10-01 17:00:00,237.67
2017-10-01 18:00:00,275.33
2017-10-01 19:00:00,288.67
2017-10-01 20:00:00,289.67
2017-10-01 21:00:00,305.33
2017-10-01 22:00:00,302.0
2017-10-01 23:00:00,288.5
2017-10-02 00:00:00,275.0
2017-10-02 00:00:00,275.0
2017-10-02 01:00:00,268.33
2017-10-02 02:00:00,238.0
2017-10-02 03:00:00,232.67
2017-10-02 04:00:00,224.0
2017-10-02 05:00:00,213.0
2017-10-02 06:00:00,190.0
2017-10-02 07:00:00,201.5
2017-10-02 08:00:00,200.33
2017-10-02 09:00:00,186.33
2017-10-02 10:00:00,208.33
2017-10-02 11:00:00,190.67
2017-10-02 12:00:00,212.0
2017-10-02 13:00:00,213.33
2017-10-02 14:00:00,216.67
2017-10-02 15:00:00,211.5
2017-10-02 16:00:00,222.0
2017-10-02 17:00:00,206.0
2017-10-02 18:00:00,254.0
2017-10-02 19:00:00,282.67
2017-10-02 20:00:00,289.0
2017-10-02 21:00:00,263.0
2017-10-02 22:00:00,275.67
2017-10-02 23:00:00,254.33
2017-10-03 00:00:00,260.0
2017-10-03 00:00:00,260.0
2017-10-03 01:00:00,220.33
2017-10-03 02:00:00,223.0
2017-10-03 03:00:00,215.67
2017-10-03 04:00:00,197.0
2017-10-03 05:00:00,202.67
2017-10-03 06:00:00,166.33
2017-10-03 07:00:00,167.67
2017-10-03 08:00:00,174.33
2017-10-03 09:00:00,175.0
2017-10-03 10:00:00,187.67
2017-10-03 11:00:00,195.33
2017-10-03 12:00:00,180.0
2017-10-03 13:00:00,192.0
2017-10-03 14:00:00,191.67
2017-10-03 15:00:00,182.5
2017-10-03 16:00:00,185.67
2017-10-03 17:00:00,202.67
2017-10-03 18:00:00,244.83
2017-10-03 19:00:00,235.5
2017-10-03 20:00:00,249.0
2017-10-03 21:00:00,231.83
2017-10-03 22:00:00,247.17
2017-10-03 23:00:00,219.33
2017-10-04 00:00:00,228.67
2017-10-04 00:00:00,228.67
2017-10-04 01:00:00,210.33
2017-10-04 02:00:00,200.33
2017-10-04 03:00:00,172.33
2017-10-04 04:00:00,173.33
2017-10-04 05:00:00,165.67
2017-10-04 06:00:00,170.0
2017-10-04 07:00:00,174.67
2017-10-04 08:00:00,160.0
2017-10-04 09:00:00,166.33
2017-10-04 10:00:00,164.33
2017-10-04 11:00:00,177.67
2017-10-04 12:00:00,180.33
2017-10-04 13:00:00,181.33
2017-10-04 14:00:00,164.0
2017-10-04 15:00:00,191.0
2017-10-04 16:00:00,166.5
2017-10-04 17:00:00,202.33
2017-10-04 18:00:00,235.33
2017-10-04 19:00:00,269.67
2017-10-04 20:00:00,229.67
2017-10-04 21:00:00,231.67
2017-10-04 22:00:00,228.0
2017-10-04 23:00:00,210.33
2017-10-05 00:00:00,216.33
2017-10-05 00:00:00,216.33
2017-10-05 01:00:00,186.0
2017-10-05 02:00:00,182.0
2017-10-05 03:00:00,176.0
2017-10-05 04:00:00,177.0
2017-10-05 05:00:00,186.0
2017-10-05 06:00:00,164.0
2017-10-05 07:00:00,153.33
2017-10-05 08:00:00,176.0
2017-10-05 09:00:00,180.67
2017-10-05 10:00:00,197.0
2017-10-05 11:00:00,167.0
2017-10-05 12:00:00,177.33
2017-10-05 13:00:00,192.33
2017-10-05 14:00:00,184.67
2017-10-05 15:00:00,169.33
2017-10-05 16:00:00,173.0
2017-10-05 17:00:00,180.0
2017-10-05 18:00:00,236.0
2017-10-05 19:00:00,243.83
2017-10-05 20:00:00,256.5
2017-10-05 21:00:00,246.83
2017-10-05 22:00:00,249.5
2017-10-05 23:00:00,219.5
2017-10-06 00:00:00,211.17
2017-10-06 00:00:00,211.17
2017-10-06 01:00:00,211.67
2017-10-06 02:00:00,187.33
2017-10-06 03:00:00,181.0
2017-10-06 04:00:00,178.33
2017-10-06 05:00:00,188.67
2017-10-06 06:00:00,152.33
2017-10-06 07:00:00,153.0
2017-10-06 08:00:00,165.0
2017-10-06 09:00:00,153.0
2017-10-06 10:00:00,183.0
2017-10-06 11:00:00,175.67
2017-10-06 12:00:00,172.67
2017-10-06 13:00:00,198.67
2017-10-06 14:00:00,165.0
2017-10-06 15:00:00,173.67
2017-10-06 16:00:00,206.67
2017-10-06 17:00:00,185.67
2017-10-06 18:00:00,264.0
2017-10-06 19:00:00,246.0
2017-10-06 20:00:00,242.67
2017-10-06 21:00:00,234.0
2017-10-06 22:00:00,240.67
2017-10-06 23:00:00,241.0
2017-10-07 00:00:00,219.33
2017-10-07 00:00:00,219.33
2017-10-07 01:00:00,208.0
2017-10-07 02:00:00,193.67
2017-10-07 03:00:00,206.33
2017-10-07 04:00:00,189.67
2017-10-07 05:00:00,173.67
2017-10-07 06:00:00,148.33
2017-10-07 07:00:00,152.67
2017-10-07 08:00:00,155.67
2017-10-07 09:00:00,175.0
2017-10-07 10:00:00,195.67
2017-10-07 11:00:00,178.0
2017-10-07 12:00:00,189.0
2017-10-07 13:00:00,196.0
2017-10-07 14:00:00,208.67
2017-10-07 15:00:00,185.67
2017-10-07 16:00:00,198.67
2017-10-07 17:00:00,224.33
2017-10-07 18:00:00,258.33
2017-10-07 19:00:00,266.67
2017-10-07 20:00:00,250.67
2017-10-07 21:00:00,288.33
2017-10-07 22:00:00,254.67
2017-10-07 23:00:00,242.25
2017-10-08 00:00:00,244.5
2017-10-08 00:00:00,244.5
2017-10-08 01:00:00,210.0
2017-10-08 02:00:00,209.0
2017-10-08 03:00:00,195.0
2017-10-08 04:00:00,190.0
2017-10-08 05:00:00,167.33
2017-10-08 06:00:00,165.0
2017-10-08 07:00:00,158.67
2017-10-08 08:00:00,167.33
2017-10-08 09:00:00,165.0
2017-10-08 10:00:00,194.0
2017-10-08 11:00:00,201.0
2017-10-08 12:00:00,218.0
2017-10-08 13:00:00,221.0
2017-10-08 14:00:00,237.67
2017-10-08 15:00:00,221.5
2017-10-08 16:00:00,208.0
2017-10-08 17:00:00,237.0
2017-10-08 18:00:00,274.0
2017-10-08 19:00:00,299.67
2017-10-08 20:00:00,296.67
2017-10-08 21:00:00,305.33
2017-10-08 22:00:00,292.5
2017-10-08 23:00:00,278.67
2017-10-09 00:00:00,249.33
2017-10-09 00:00:00,249.33
2017-10-09 01:00:00,228.67
2017-10-09 02:00:00,203.5
2017-10-09 03:00:00,209.0
2017-10-09 04:00:00,206.67
2017-10-09 05:00:00,187.83
2017-10-09 06:00:00,167.67
2017-10-09 07:00:00,170.5
2017-10-09 08:00:00,218.0
2017-10-09 09:00:00,202.0
2017-10-09 10:00:00,232.0
2017-10-09 11:00:00,190.0
2017-10-09 12:00:00,203.0
2017-10-09 13:00:00,212.33
2017-10-09 14:00:00,225.67
2017-10-09 15:00:00,191.33
2017-10-09 16:00:00,193.33
2017-10-09 17:00:00,226.33
2017-10-09 18:00:00,290.67
2017-10-09 19:00:00,338.67
2017-10-09 20:00:00,324.67
2017-10-09 21:00:00,352.33
2017-10-09 22:00:00,351.5
2017-10-09 23:00:00,328.67
2017-10-10 00:00:00,281.67
2017-10-10 00:00:00,281.67
2017-10-10 01:00:00,243.67
2017-10-10 02:00:00,250.5
2017-10-10 03:00:00,248.25
2017-10-10 04:00:00,226.5
2017-10-10 05:00:00,220.33
2017-10-10 06:00:00,187.33
2017-10-10 07:00:00,203.67
2017-10-10 08:00:00,248.0
2017-10-10 09:00:00,210.83
2017-10-10 10:00:00,214.0
2017-10-10 11:00:00,211.67
2017-10-10 12:00:00,238.33
2017-10-10 13:00:00,210.0
2017-10-10 14:00:00,225.5
2017-10-10 15:00:00,212.33
2017-10-10 16:00:00,223.33
2017-10-10 17:00:00,257.0
2017-10-10 18:00:00,336.0
2017-10-10 19:00:00,364.0
2017-10-10 20:00:00,345.0
2017-10-10 21:00:00,360.0
2017-10-10 22:00:00,369.0
2017-10-10 23:00:00,348.08
2017-10-11 00:00:00,323.17
2017-10-11 00:00:00,323.17
2017-10-11 01:00:00,295.42
2017-10-11 02:00:00,247.0
2017-10-11 03:00:00,225.33
2017-10-11 04:00:00,225.83
2017-10-11 05:00:00,218.33
2017-10-11 06:00:00,185.0
2017-10-11 07:00:00,196.0
2017-10-11 08:00:00,216.67
2017-10-11 09:00:00,200.33
2017-10-11 10:00:00,190.0
2017-10-11 11:00:00,202.83
2017-10-11 12:00:00,192.83
2017-10-11 13:00:00,216.17
2017-10-11 14:00:00,198.5
2017-10-11 15:00:00,197.0
2017-10-11 16:00:00,190.5
2017-10-11 17:00:00,219.83
2017-10-11 18:00:00,285.0
2017-10-11 19:00:00,302.5
2017-10-11 20:00:00,306.5
2017-10-11 21:00:00,300.0
2017-10-11 22:00:00,293.83
2017-10-11 23:00:00,276.67
2017-10-12 00:00:00,261.0
2017-10-12 00:00:00,261.0
2017-10-12 01:00:00,226.0
2017-10-12 02:00:00,209.0
2017-10-12 03:00:00,206.83
2017-10-12 04:00:00,188.67
2017-10-12 05:00:00,187.0
2017-10-12 06:00:00,165.33
2017-10-12 07:00:00,168.67
2017-10-12 08:00:00,227.33
2017-10-12 09:00:00,206.5
2017-10-12 10:00:00,176.33
2017-10-12 11:00:00,171.67
2017-10-12 12:00:00,186.5
2017-10-12 13:00:00,189.83
2017-10-12 14:00:00,191.67
2017-10-12 15:00:00,170.67
2017-10-12 16:00:00,171.67
2017-10-12 17:00:00,193.67
2017-10-12 18:00:00,268.67
2017-10-12 19:00:00,273.67
2017-10-12 20:00:00,313.33
2017-10-12 21:00:00,300.67
2017-10-12 22:00:00,308.33
2017-10-12 23:00:00,280.08
2017-10-13 00:00:00,255.0
2017-10-13 00:00:00,255.0
2017-10-13 01:00:00,231.83
2017-10-13 02:00:00,192.67
2017-10-13 03:00:00,193.0
2017-10-13 04:00:00,183.67
2017-10-13 05:00:00,176.33
2017-10-13 06:00:00,165.33
2017-10-13 07:00:00,174.33
2017-10-13 08:00:00,173.67
2017-10-13 09:00:00,191.0
2017-10-13 10:00:00,161.67
2017-10-13 11:00:00,214.0
2017-10-13 12:00:00,195.67
2017-10-13 13:00:00,201.67
2017-10-13 14:00:00,180.0
2017-10-13 15:00:00,194.67
2017-10-13 16:00:00,214.67
2017-10-13 17:00:00,216.5
2017-10-13 18:00:00,264.0
2017-10-13 19:00:00,287.0
2017-10-13 20:00:00,291.0
2017-10-13 21:00:00,279.0
2017-10-13 22:00:00,304.5
2017-10-13 23:00:00,279.83
2017-10-14 00:00:00,227.5
2017-10-14 00:00:00,227.5
2017-10-14 01:00:00,236.0
2017-10-14 02:00:00,193.17
2017-10-14 03:00:00,190.67
2017-10-14 04:00:00,199.83
2017-10-14 05:00:00,185.0
2017-10-14 06:00:00,159.17
2017-10-14 07:00:00,161.83
2017-10-14 08:00:00,180.67
2017-10-14 09:00:00,197.5
2017-10-14 10:00:00,181.17
2017-10-14 11:00:00,181.33
2017-10-14 12:00:00,196.33
2017-10-14 13:00:00,195.17
2017-10-14 14:00:00,201.17
2017-10-14 15:00:00,222.33
2017-10-14 16:00:00,210.17
2017-10-14 17:00:00,212.0
2017-10-14 18:00:00,282.33
2017-10-14 19:00:00,273.0
2017-10-14 20:00:00,295.5
2017-10-14 21:00:00,293.33
2017-10-14 22:00:00,283.0
2017-10-14 23:00:00,304.5
2017-10-15 00:00:00,253.25
2017-10-15 00:00:00,253.25
2017-10-15 01:00:00,219.58
2017-10-15 02:00:00,200.83
2017-10-15 03:00:00,194.25
2017-10-15 04:00:00,183.0
2017-10-15 05:00:00,176.0
2017-10-15 06:00:00,160.5
2017-10-15 07:00:00,159.33
2017-10-15 08:00:00,167.33
2017-10-15 09:00:00,172.5
2017-10-15 10:00:00,205.33
2017-10-15 11:00:00,204.67
2017-10-15 12:00:00,214.0
2017-10-15 13:00:00,207.67
2017-10-15 14:00:00,257.33
2017-10-15 15:00:00,243.0
2017-10-15 16:00:00,221.67
2017-10-15 17:00:00,232.67
2017-10-15 18:00:00,300.67
2017-10-15 19:00:00,297.67
2017-10-15 20:00:00,305.67
2017-10-15 21:00:00,311.0
2017-10-15 22:00:00,281.67
2017-10-15 23:00:00,278.83
2017-10-16 00:00:00,277.67
2017-10-16 00:00:00,277.67
2017-10-16 01:00:00,218.33
2017-10-16 02:00:00,192.0
2017-10-16 03:00:00,184.4
2017-10-16 04:00:00,185.83
2017-10-16 05:00:00,170.67
2017-10-16 06:00:00,151.67
2017-10-16 07:00:00,156.83
2017-10-16 08:00:00,199.75
2017-10-16 09:00:00,174.33
2017-10-16 10:00:00,189.17
2017-10-16 11:00:00,181.5
2017-10-16 12:00:00,202.17
2017-10-16 13:00:00,216.33
2017-10-16 14:00:00,186.0
2017-10-16 15:00:00,193.0
2017-10-16 16:00:00,184.0
2017-10-16 17:00:00,210.83
2017-10-16 18:00:00,250.17
2017-10-16 19:00:00,290.83
2017-10-16 20:00:00,321.17
2017-10-16 21:00:00,321.83
2017-10-16 22:00:00,321.17
2017-10-16 23:00:00,278.83
2017-10-17 00:00:00,260.33
2017-10-17 00:00:00,260.33
2017-10-17 01:00:00,235.0
2017-10-17 02:00:00,192.33
2017-10-17 03:00:00,194.33
2017-10-17 04:00:00,179.67
2017-10-17 05:00:00,183.67
2017-10-17 06:00:00,154.0
2017-10-17 07:00:00,160.67
2017-10-17 08:00:00,186.0
2017-10-17 09:00:00,168.0
2017-10-17 10:00:00,177.33
2017-10-17 11:00:00,174.67
2017-10-17 12:00:00,180.33
2017-10-17 13:00:00,190.0
2017-10-17 14:00:00,177.33
2017-10-17 15:00:00,164.67
2017-10-17 16:00:00,164.0
2017-10-17 17:00:00,186.83
2017-10-17 18:00:00,244.0
2017-10-17 19:00:00,293.33
2017-10-17 20:00:00,294.33
2017-10-17 21:00:00,304.33
2017-10-17 22:00:00,312.0
2017-10-17 23:00:00,281.0
2017-10-18 00:00:00,260.67
2017-10-18 00:00:00,260.67
2017-10-18 01:00:00,203.0
2017-10-18 02:00:00,205.17
2017-10-18 03:00:00,176.0
2017-10-18 04:00:00,177.93
2017-10-18 05:00:00,180.33
2017-10-18 06:00:00,157.5
2017-10-18 07:00:00,165.0
2017-10-18 08:00:00,199.67
2017-10-18 09:00:00,178.33
2017-10-18 10:00:00,170.17
2017-10-18 11:00:00,186.0
2017-10-18 12:00:00,187.0
2017-10-18 13:00:00,179.33
2017-10-18 14:00:00,201.67
2017-10-18 15:00:00,189.33
2017-10-18 16:00:00,168.5
2017-10-18 17:00:00,183.17
2017-10-18 18:00:00,273.33
2017-10-18 19:00:00,285.33
2017-10-18 20:00:00,289.0
2017-10-18 21:00:00,288.33
2017-10-18 22:00:00,316.33
2017-10-18 23:00:00,285.17
2017-10-19 00:00:00,240.33
2017-10-19 00:00:00,240.33
2017-10-19 01:00:00,232.42
2017-10-19 02:00:00,188.33
2017-10-19 03:00:00,189.33
2017-10-19 04:00:00,178.83
2017-10-19 05:00:00,165.83
2017-10-19 06:00:00,143.5
2017-10-19 07:00:00,174.75
2017-10-19 08:00:00,187.83
2017-10-19 09:00:00,174.0
2017-10-19 10:00:00,188.5
2017-10-19 11:00:00,189.0
2017-10-19 12:00:00,185.67
2017-10-19 13:00:00,175.0
2017-10-19 14:00:00,167.0
2017-10-19 15:00:00,168.67
2017-10-19 16:00:00,175.67
2017-10-19 17:00:00,184.17
2017-10-19 18:00:00,257.0
2017-10-19 19:00:00,305.5
2017-10-19 20:00:00,285.67
2017-10-19 21:00:00,287.5
2017-10-19 22:00:00,292.83
2017-10-19 23:00:00,266.33
2017-10-20 00:00:00,249.58
2017-10-20 00:00:00,249.58
2017-10-20 01:00:00,221.33
2017-10-20 02:00:00,193.67
2017-10-20 03:00:00,181.83
2017-10-20 04:00:00,171.17
2017-10-20 05:00:00,163.0
2017-10-20 06:00:00,155.5
2017-10-20 07:00:00,158.0
2017-10-20 08:00:00,187.5
2017-10-20 09:00:00,176.33
2017-10-20 10:00:00,167.8
2017-10-20 11:00:00,183.33
2017-10-20 12:00:00,205.67
2017-10-20 13:00:00,202.17
2017-10-20 14:00:00,180.0
2017-10-20 15:00:00,162.5
2017-10-20 16:00:00,180.33
2017-10-20 17:00:00,189.5
2017-10-20 18:00:00,260.5
2017-10-20 19:00:00,253.17
2017-10-20 20:00:00,292.0
2017-10-20 21:00:00,273.67
2017-10-20 22:00:00,291.83
2017-10-20 23:00:00,254.0
2017-10-21 00:00:00,248.33
2017-10-21 00:00:00,248.33
2017-10-21 01:00:00,218.67
2017-10-21 02:00:00,191.67
2017-10-21 03:00:00,169.75
2017-10-21 04:00:00,173.5
2017-10-21 05:00:00,175.33
2017-10-21 06:00:00,151.67
2017-10-21 07:00:00,151.17
2017-10-21 08:00:00,165.5
2017-10-21 09:00:00,169.67
2017-10-21 10:00:00,175.33
2017-10-21 11:00:00,185.5
2017-10-21 12:00:00,199.0
2017-10-21 13:00:00,212.33
2017-10-21 14:00:00,206.33
2017-10-21 15:00:00,204.33
2017-10-21 16:00:00,175.33
2017-10-21 17:00:00,191.67
2017-10-21 18:00:00,259.0
2017-10-21 19:00:00,272.5
2017-10-21 20:00:00,277.0
2017-10-21 21:00:00,290.0
2017-10-21 22:00:00,280.67
2017-10-21 23:00:00,248.0
2017-10-22 00:00:00,237.5
2017-10-22 00:00:00,237.5
2017-10-22 01:00:00,214.75
2017-10-22 02:00:00,187.17
2017-10-22 03:00:00,172.0
2017-10-22 04:00:00,179.0
2017-10-22 05:00:00,186.0
2017-10-22 06:00:00,148.83
2017-10-22 07:00:00,150.67
2017-10-22 08:00:00,166.67
2017-10-22 09:00:00,163.0
2017-10-22 10:00:00,181.67
2017-10-22 11:00:00,189.0
2017-10-22 12:00:00,203.0
2017-10-22 13:00:00,191.33
2017-10-22 14:00:00,190.67
2017-10-22 15:00:00,215.67
2017-10-22 16:00:00,196.33
2017-10-22 17:00:00,209.33
2017-10-22 18:00:00,277.0
2017-10-22 19:00:00,278.5
2017-10-22 20:00:00,275.33
2017-10-22 21:00:00,298.0
2017-10-22 22:00:00,299.5
2017-10-22 23:00:00,275.0
2017-10-23 00:00:00,236.0
2017-10-23 00:00:00,236.0
2017-10-23 01:00:00,198.33
2017-10-23 02:00:00,186.33
2017-10-23 03:00:00,179.67
2017-10-23 04:00:00,163.17
2017-10-23 05:00:00,163.0
2017-10-23 06:00:00,143.0
2017-10-23 07:00:00,162.5
2017-10-23 08:00:00,177.33
2017-10-23 09:00:00,159.5
2017-10-23 10:00:00,162.67
2017-10-23 11:00:00,176.33
2017-10-23 12:00:00,179.0
2017-10-23 13:00:00,186.33
2017-10-23 14:00:00,178.0
2017-10-23 15:00:00,207.33
2017-10-23 16:00:00,168.33
2017-10-23 17:00:00,208.0
2017-10-23 18:00:00,277.67
2017-10-23 19:00:00,291.83
2017-10-23 20:00:00,297.17
2017-10-23 21:00:00,295.83
2017-10-23 22:00:00,288.67
2017-10-23 23:00:00,252.5
2017-10-24 00:00:00,239.17
2017-10-24 00:00:00,239.17
2017-10-24 01:00:00,215.67
2017-10-24 02:00:00,180.0
2017-10-24 03:00:00,184.67
2017-10-24 04:00:00,176.0
2017-10-24 05:00:00,160.5
2017-10-24 06:00:00,149.5
2017-10-24 07:00:00,166.67
2017-10-24 08:00:00,169.5
2017-10-24 09:00:00,171.5
2017-10-24 10:00:00,170.0
2017-10-24 11:00:00,168.0
2017-10-24 12:00:00,168.33
2017-10-24 13:00:00,179.0
2017-10-24 14:00:00,160.0
2017-10-24 15:00:00,180.0
2017-10-24 16:00:00,199.5
2017-10-24 17:00:00,173.83
2017-10-24 18:00:00,269.83
2017-10-24 19:00:00,289.17
2017-10-24 20:00:00,288.83
2017-10-24 21:00:00,302.67
2017-10-24 22:00:00,297.83
2017-10-24 23:00:00,294.5
2017-10-25 00:00:00,270.17
2017-10-25 00:00:00,270.17
2017-10-25 01:00:00,200.5
2017-10-25 02:00:00,186.33
2017-10-25 03:00:00,172.5
2017-10-25 04:00:00,164.33
2017-10-25 05:00:00,154.83
2017-10-25 06:00:00,138.33
2017-10-25 07:00:00,172.0
2017-10-25 08:00:00,194.0
2017-10-25 09:00:00,178.0
2017-10-25 10:00:00,164.67
2017-10-25 11:00:00,166.67
2017-10-25 12:00:00,184.0
2017-10-25 13:00:00,193.67
2017-10-25 14:00:00,155.0
2017-10-25 15:00:00,186.5
2017-10-25 16:00:00,174.33
2017-10-25 17:00:00,193.17
2017-10-25 18:00:00,256.67
2017-10-25 19:00:00,265.0
2017-10-25 20:00:00,278.5
2017-10-25 21:00:00,288.33
2017-10-25 22:00:00,300.33
2017-10-25 23:00:00,246.5
2017-10-26 00:00:00,255.0
2017-10-26 00:00:00,255.0
2017-10-26 01:00:00,233.17
2017-10-26 02:00:00,195.0
2017-10-26 03:00:00,178.5
2017-10-26 04:00:00,164.08
2017-10-26 05:00:00,167.0
2017-10-26 06:00:00,147.17
2017-10-26 07:00:00,167.83
2017-10-26 08:00:00,170.0
2017-10-26 09:00:00,186.0
2017-10-26 10:00:00,189.67
2017-10-26 11:00:00,186.33
2017-10-26 12:00:00,185.67
2017-10-26 13:00:00,194.33
2017-10-26 14:00:00,183.17
2017-10-26 15:00:00,169.33
2017-10-26 16:00:00,219.33
2017-10-26 17:00:00,189.83
2017-10-26 18:00:00,273.0
2017-10-26 19:00:00,270.33
2017-10-26 20:00:00,284.17
2017-10-26 21:00:00,280.67
2017-10-26 22:00:00,276.33
2017-10-26 23:00:00,254.33
2017-10-27 00:00:00,236.67
2017-10-27 00:00:00,236.67
2017-10-27 01:00:00,205.33
2017-10-27 02:00:00,195.33
2017-10-27 03:00:00,188.67
2017-10-27 04:00:00,174.33
2017-10-27 05:00:00,164.67
2017-10-27 06:00:00,156.17
2017-10-27 07:00:00,164.17
2017-10-27 08:00:00,168.0
2017-10-27 09:00:00,183.0
2017-10-27 10:00:00,159.0
2017-10-27 11:00:00,179.83
2017-10-27 12:00:00,196.67
2017-10-27 13:00:00,192.33
2017-10-27 14:00:00,171.17
2017-10-27 15:00:00,180.67
2017-10-27 16:00:00,174.5
2017-10-27 17:00:00,175.33
2017-10-27 18:00:00,254.33
2017-10-27 19:00:00,259.33
2017-10-27 20:00:00,270.17
2017-10-27 21:00:00,274.33
2017-10-27 22:00:00,283.0
2017-10-27 23:00:00,272.33
2017-10-28 00:00:00,232.33
2017-10-28 00:00:00,232.33
2017-10-28 01:00:00,216.83
2017-10-28 02:00:00,199.67
2017-10-28 03:00:00,175.0
2017-10-28 04:00:00,188.83
2017-10-28 05:00:00,171.0
2017-10-28 06:00:00,166.33
2017-10-28 07:00:00,155.17
2017-10-28 08:00:00,173.0
2017-10-28 09:00:00,181.0
2017-10-28 10:00:00,171.5
2017-10-28 11:00:00,188.83
2017-10-28 12:00:00,182.0
2017-10-28 13:00:00,185.0
2017-10-28 14:00:00,180.17
2017-10-28 15:00:00,183.17
2017-10-28 16:00:00,187.17
2017-10-28 17:00:00,201.33
2017-10-28 18:00:00,253.0
2017-10-28 19:00:00,268.33
2017-10-28 20:00:00,272.17
2017-10-28 21:00:00,275.33
2017-10-28 22:00:00,271.67
2017-10-28 23:00:00,237.08
2017-10-29 00:00:00,222.67
2017-10-29 00:00:00,222.67
2017-10-29 01:00:00,211.33
2017-10-29 02:00:00,192.67
2017-10-29 03:00:00,193.17
2017-10-29 04:00:00,176.5
2017-10-29 05:00:00,170.83
2017-10-29 06:00:00,154.0
2017-10-29 07:00:00,158.17
2017-10-29 08:00:00,156.5
2017-10-29 09:00:00,162.0
2017-10-29 10:00:00,182.0
2017-10-29 11:00:00,176.0
2017-10-29 12:00:00,204.5
2017-10-29 13:00:00,190.17
2017-10-29 14:00:00,217.67
2017-10-29 15:00:00,216.5
2017-10-29 16:00:00,215.0
2017-10-29 17:00:00,232.67
2017-10-29 18:00:00,281.0
2017-10-29 19:00:00,278.0
2017-10-29 20:00:00,299.5
2017-10-29 21:00:00,299.5
2017-10-29 22:00:00,321.17
2017-10-29 23:00:00,275.67
2017-10-30 00:00:00,267.67
2017-10-30 00:00:00,267.67
2017-10-30 01:00:00,232.83
2017-10-30 02:00:00,200.33
2017-10-30 03:00:00,203.0
2017-10-30 04:00:00,165.5
2017-10-30 05:00:00,164.33
2017-10-30 06:00:00,168.0
2017-10-30 07:00:00,176.5
2017-10-30 08:00:00,194.0
2017-10-30 09:00:00,176.17
2017-10-30 10:00:00,199.33
2017-10-30 11:00:00,169.33
2017-10-30 12:00:00,188.67
2017-10-30 13:00:00,185.33
2017-10-30 14:00:00,167.67
2017-10-30 15:00:00,169.33
2017-10-30 16:00:00,166.33
2017-10-30 17:00:00,194.67
2017-10-30 18:00:00,259.67
2017-10-30 19:00:00,317.0
2017-10-30 20:00:00,316.67
2017-10-30 21:00:00,314.0
2017-10-30 22:00:00,335.33
2017-10-30 23:00:00,303.67
2017-10-31 00:00:00,267.47
2017-10-31 00:00:00,267.47
2017-10-31 01:00:00,236.42
2017-10-31 02:00:00,196.67
2017-10-31 03:00:00,189.0
2017-10-31 04:00:00,187.67
2017-10-31 05:00:00,169.83
2017-10-31 06:00:00,148.17
2017-10-31 07:00:00,171.17
2017-10-31 08:00:00,200.5
2017-10-31 09:00:00,188.33
2017-10-31 10:00:00,161.17
2017-10-31 11:00:00,179.5
2017-10-31 12:00:00,165.83
2017-10-31 13:00:00,176.83
2017-10-31 14:00:00,167.17
2017-10-31 15:00:00,175.33
2017-10-31 16:00:00,168.92
2017-10-31 17:00:00,190.33
2017-10-31 18:00:00,290.5
2017-10-31 19:00:00,309.67
2017-10-31 20:00:00,318.0
2017-10-31 21:00:00,307.5
2017-10-31 22:00:00,325.0
2017-10-31 23:00:00,302.92
2017-11-01 00:00:00,266.5
2017-11-01 00:00:00,266.5
2017-11-01 01:00:00,208.0
2017-11-01 02:00:00,194.83
2017-11-01 03:00:00,182.67
2017-11-01 04:00:00,197.83
2017-11-01 05:00:00,175.67
2017-11-01 06:00:00,161.67
2017-11-01 07:00:00,181.5
2017-11-01 08:00:00,203.0
2017-11-01 09:00:00,179.83
2017-11-01 10:00:00,184.5
2017-11-01 11:00:00,170.33
2017-11-01 12:00:00,186.33
2017-11-01 13:00:00,185.5
2017-11-01 14:00:00,191.33
2017-11-01 15:00:00,173.17
2017-11-01 16:00:00,176.5
2017-11-01 17:00:00,218.5
2017-11-01 18:00:00,269.67
2017-11-01 19:00:00,279.5
2017-11-01 20:00:00,284.5
2017-11-01 21:00:00,315.33
2017-11-01 22:00:00,335.5
2017-11-01 23:00:00,290.0
2017-11-02 00:00:00,303.0
2017-11-02 00:00:00,303.0
2017-11-02 01:00:00,223.33
2017-11-02 02:00:00,200.0
2017-11-02 03:00:00,183.0
2017-11-02 04:00:00,184.67
2017-11-02 05:00:00,175.33
2017-11-02 06:00:00,160.33
2017-11-02 07:00:00,191.0
2017-11-02 08:00:00,218.33
2017-11-02 09:00:00,207.67
2017-11-02 10:00:00,171.83
2017-11-02 11:00:00,163.0
2017-11-02 12:00:00,178.17
2017-11-02 13:00:00,166.83
2017-11-02 14:00:00,190.67
2017-11-02 15:00:00,178.33
2017-11-02 16:00:00,160.83
2017-11-02 17:00:00,190.83
2017-11-02 18:00:00,258.67
2017-11-02 19:00:00,272.83
2017-11-02 20:00:00,278.67
2017-11-02 21:00:00,319.67
2017-11-02 22:00:00,314.33
2017-11-02 23:00:00,288.33
2017-11-03 00:00:00,274.33
2017-11-03 00:00:00,274.33
2017-11-03 01:00:00,216.0
2017-11-03 02:00:00,181.0
2017-11-03 03:00:00,178.33
2017-11-03 04:00:00,171.33
2017-11-03 05:00:00,179.83
2017-11-03 06:00:00,145.0
2017-11-03 07:00:00,164.33
2017-11-03 08:00:00,194.83
2017-11-03 09:00:00,182.33
2017-11-03 10:00:00,170.67
2017-11-03 11:00:00,174.5
2017-11-03 12:00:00,191.67
2017-11-03 13:00:00,172.0
2017-11-03 14:00:00,167.67
2017-11-03 15:00:00,169.33
2017-11-03 16:00:00,172.0
2017-11-03 17:00:00,200.33
2017-11-03 18:00:00,268.67
2017-11-03 19:00:00,269.67
2017-11-03 20:00:00,290.0
2017-11-03 21:00:00,286.67
2017-11-03 22:00:00,298.5
2017-11-03 23:00:00,266.0
2017-11-04 00:00:00,256.33
2017-11-04 00:00:00,256.33
2017-11-04 01:00:00,214.33
2017-11-04 02:00:00,195.17
2017-11-04 03:00:00,192.17
2017-11-04 04:00:00,175.67
2017-11-04 05:00:00,166.0
2017-11-04 06:00:00,140.5
2017-11-04 07:00:00,156.0
2017-11-04 08:00:00,167.67
2017-11-04 09:00:00,180.33
2017-11-04 10:00:00,168.0
2017-11-04 11:00:00,174.0
2017-11-04 12:00:00,183.83
2017-11-04 13:00:00,177.5
2017-11-04 14:00:00,179.17
2017-11-04 15:00:00,180.33
2017-11-04 16:00:00,168.17
2017-11-04 17:00:00,204.17
2017-11-04 18:00:00,250.0
2017-11-04 19:00:00,269.67
2017-11-04 20:00:00,283.67
2017-11-04 21:00:00,289.33
2017-11-04 22:00:00,327.83
2017-11-04 23:00:00,276.0
2017-11-05 00:00:00,266.33
2017-11-05 00:00:00,266.33
2017-11-05 01:00:00,224.67
2017-11-05 02:00:00,215.33
2017-11-05 03:00:00,189.17
2017-11-05 04:00:00,182.33
2017-11-05 05:00:00,169.0
2017-11-05 06:00:00,146.33
2017-11-05 07:00:00,149.0
2017-11-05 08:00:00,164.67
2017-11-05 09:00:00,182.33
2017-11-05 10:00:00,190.0
2017-11-05 11:00:00,183.67
2017-11-05 12:00:00,209.67
2017-11-05 13:00:00,197.33
2017-11-05 14:00:00,212.67
2017-11-05 15:00:00,219.67
2017-11-05 16:00:00,202.0
2017-11-05 17:00:00,232.33
2017-11-05 18:00:00,278.0
2017-11-05 19:00:00,331.0
2017-11-05 20:00:00,307.0
2017-11-05 21:00:00,312.33
2017-11-05 22:00:00,342.67
2017-11-05 23:00:00,277.67
2017-11-06 00:00:00,261.0
2017-11-06 00:00:00,261.0
2017-11-06 01:00:00,236.5
2017-11-06 02:00:00,195.83
2017-11-06 03:00:00,179.0
2017-11-06 04:00:00,184.33
2017-11-06 05:00:00,169.5
2017-11-06 06:00:00,167.5
2017-11-06 07:00:00,173.0
2017-11-06 08:00:00,188.0
2017-11-06 09:00:00,161.33
2017-11-06 10:00:00,160.67
2017-11-06 11:00:00,157.5
2017-11-06 12:00:00,181.33
2017-11-06 13:00:00,172.33
2017-11-06 14:00:00,146.67
2017-11-06 15:00:00,139.33
2017-11-06 16:00:00,152.0
2017-11-06 17:00:00,162.83
2017-11-06 18:00:00,243.67
2017-11-06 19:00:00,268.33
2017-11-06 20:00:00,264.0
2017-11-06 21:00:00,298.0
2017-11-06 22:00:00,302.0
2017-11-06 23:00:00,276.67
2017-11-07 00:00:00,262.33
2017-11-07 00:00:00,262.33
2017-11-07 01:00:00,227.67
2017-11-07 02:00:00,189.33
2017-11-07 03:00:00,172.67
2017-11-07 04:00:00,164.33
2017-11-07 05:00:00,174.5
2017-11-07 06:00:00,142.33
2017-11-07 07:00:00,174.25
2017-11-07 08:00:00,197.0
2017-11-07 09:00:00,149.67
2017-11-07 10:00:00,164.67
2017-11-07 11:00:00,143.67
2017-11-07 12:00:00,161.0
2017-11-07 13:00:00,179.0
2017-11-07 14:00:00,145.0
2017-11-07 15:00:00,148.67
2017-11-07 16:00:00,152.33
2017-11-07 17:00:00,183.67
2017-11-07 18:00:00,265.67
2017-11-07 19:00:00,259.33
2017-11-07 20:00:00,285.33
2017-11-07 21:00:00,285.67
2017-11-07 22:00:00,291.0
2017-11-07 23:00:00,269.25
2017-11-08 00:00:00,243.0
2017-11-08 00:00:00,243.0
2017-11-08 01:00:00,225.0
2017-11-08 02:00:00,198.0
2017-11-08 03:00:00,175.0
2017-11-08 04:00:00,160.67
2017-11-08 05:00:00,160.0
2017-11-08 06:00:00,142.0
2017-11-08 07:00:00,181.5
2017-11-08 08:00:00,164.0
2017-11-08 09:00:00,175.0
2017-11-08 10:00:00,154.0
2017-11-08 11:00:00,173.92
2017-11-08 12:00:00,151.67
2017-11-08 13:00:00,158.25
2017-11-08 14:00:00,179.0
2017-11-08 15:00:00,163.5
2017-11-08 16:00:00,155.67
2017-11-08 17:00:00,184.67
2017-11-08 18:00:00,234.83
2017-11-08 19:00:00,264.83
2017-11-08 20:00:00,286.5
2017-11-08 21:00:00,279.33
2017-11-08 22:00:00,286.0
2017-11-08 23:00:00,263.33
2017-11-09 00:00:00,229.67
2017-11-09 00:00:00,229.67
2017-11-09 01:00:00,191.0
2017-11-09 02:00:00,180.33
2017-11-09 03:00:00,187.33
2017-11-09 04:00:00,166.33
2017-11-09 05:00:00,169.33
2017-11-09 06:00:00,147.0
2017-11-09 07:00:00,168.0
2017-11-09 08:00:00,183.33
2017-11-09 09:00:00,180.0
2017-11-09 10:00:00,155.33
2017-11-09 11:00:00,143.0
2017-11-09 12:00:00,159.33
2017-11-09 13:00:00,153.0
2017-11-09 14:00:00,162.17
2017-11-09 15:00:00,165.0
2017-11-09 16:00:00,145.33
2017-11-09 17:00:00,161.0
2017-11-09 18:00:00,243.67
2017-11-09 19:00:00,275.58
2017-11-09 20:00:00,263.33
2017-11-09 21:00:00,265.33
2017-11-09 22:00:00,302.0
2017-11-09 23:00:00,242.33
2017-11-10 00:00:00,235.17
2017-11-10 00:00:00,235.17
2017-11-10 01:00:00,213.5
2017-11-10 02:00:00,188.33
2017-11-10 03:00:00,178.5
2017-11-10 04:00:00,159.67
2017-11-10 05:00:00,151.33
2017-11-10 06:00:00,133.83
2017-11-10 07:00:00,151.67
2017-11-10 08:00:00,183.0
2017-11-10 09:00:00,171.67
2017-11-10 10:00:00,162.5
2017-11-10 11:00:00,162.5
2017-11-10 12:00:00,181.83
2017-11-10 13:00:00,178.5
2017-11-10 14:00:00,194.5
2017-11-10 15:00:00,167.17
2017-11-10 16:00:00,161.83
2017-11-10 17:00:00,193.17
2017-11-10 18:00:00,244.67
2017-11-10 19:00:00,263.0
2017-11-10 20:00:00,270.67
2017-11-10 21:00:00,283.67
2017-11-10 22:00:00,270.17
2017-11-10 23:00:00,268.83
2017-11-11 00:00:00,238.0
2017-11-11 00:00:00,238.0
2017-11-11 01:00:00,234.0
2017-11-11 02:00:00,206.0
2017-11-11 03:00:00,173.92
2017-11-11 04:00:00,182.67
2017-11-11 05:00:00,159.33
2017-11-11 06:00:00,132.0
2017-11-11 07:00:00,144.33
2017-11-11 08:00:00,159.0
2017-11-11 09:00:00,162.67
2017-11-11 10:00:00,182.0
2017-11-11 11:00:00,172.0
2017-11-11 12:00:00,184.33
2017-11-11 13:00:00,181.0
2017-11-11 14:00:00,187.33
2017-11-11 15:00:00,178.67
2017-11-11 16:00:00,201.67
2017-11-11 17:00:00,189.67
2017-11-11 18:00:00,274.67
2017-11-11 19:00:00,273.33
2017-11-11 20:00:00,284.0
2017-11-11 21:00:00,271.33
2017-11-11 22:00:00,266.83
2017-11-11 23:00:00,276.67
2017-11-12 00:00:00,238.33
2017-11-12 00:00:00,238.33
2017-11-12 01:00:00,217.0
2017-11-12 02:00:00,193.0
2017-11-12 03:00:00,201.0
2017-11-12 04:00:00,179.0
2017-11-12 05:00:00,169.67
2017-11-12 06:00:00,140.67
2017-11-12 07:00:00,148.67
2017-11-12 08:00:00,170.0
2017-11-12 09:00:00,182.67
2017-11-12 10:00:00,155.0
2017-11-12 11:00:00,162.67
2017-11-12 12:00:00,219.67
2017-11-12 13:00:00,181.33
2017-11-12 14:00:00,211.0
2017-11-12 15:00:00,205.33
2017-11-12 16:00:00,220.67
2017-11-12 17:00:00,203.0
2017-11-12 18:00:00,324.33
2017-11-12 19:00:00,282.0
2017-11-12 20:00:00,297.83
2017-11-12 21:00:00,322.0
2017-11-12 22:00:00,322.67
2017-11-12 23:00:00,275.33
2017-11-13 00:00:00,254.0
2017-11-13 00:00:00,254.0
2017-11-13 01:00:00,218.33
2017-11-13 02:00:00,178.33
2017-11-13 03:00:00,173.0
2017-11-13 04:00:00,170.67
2017-11-13 05:00:00,167.33
2017-11-13 06:00:00,151.0
2017-11-13 07:00:00,166.5
2017-11-13 08:00:00,198.0
2017-11-13 09:00:00,159.0
2017-11-13 10:00:00,185.0
2017-11-13 11:00:00,171.0
2017-11-13 12:00:00,176.67
2017-11-13 13:00:00,178.0
2017-11-13 14:00:00,158.67
2017-11-13 15:00:00,184.67
2017-11-13 16:00:00,201.0
2017-11-13 17:00:00,202.0
2017-11-13 18:00:00,321.0
2017-11-13 19:00:00,315.67
2017-11-13 20:00:00,322.0
2017-11-13 21:00:00,314.0
2017-11-13 22:00:00,313.5
2017-11-13 23:00:00,287.0
2017-11-14 00:00:00,249.0
2017-11-14 00:00:00,249.0
2017-11-14 01:00:00,203.33
2017-11-14 02:00:00,182.67
2017-11-14 03:00:00,164.33
2017-11-14 04:00:00,163.67
2017-11-14 05:00:00,158.67
2017-11-14 06:00:00,144.5
2017-11-14 07:00:00,172.5
2017-11-14 08:00:00,184.67
2017-11-14 09:00:00,177.5
2017-11-14 10:00:00,168.17
2017-11-14 11:00:00,173.0
2017-11-14 12:00:00,168.5
2017-11-14 13:00:00,187.33
2017-11-14 14:00:00,181.5
2017-11-14 15:00:00,165.67
2017-11-14 16:00:00,
2017-11-14 17:00:00,241.5
2017-11-14 18:00:00,261.17
2017-11-14 19:00:00,255.83
2017-11-14 20:00:00,304.33
2017-11-14 21:00:00,308.33
2017-11-14 22:00:00,331.0
2017-11-14 23:00:00,297.0
2017-11-15 00:00:00,251.0
2017-11-15 00:00:00,251.0
2017-11-15 01:00:00,226.42
2017-11-15 02:00:00,204.0
2017-11-15 03:00:00,176.0
2017-11-15 04:00:00,178.0
2017-11-15 05:00:00,159.0
2017-11-15 06:00:00,149.33
2017-11-15 07:00:00,151.5
2017-11-15 08:00:00,165.0
2017-11-15 09:00:00,182.67
2017-11-15 10:00:00,172.0
2017-11-15 11:00:00,198.84
2017-11-15 12:00:00,171.33
2017-11-15 13:00:00,167.5
2017-11-15 14:00:00,190.83
2017-11-15 15:00:00,179.33
2017-11-15 16:00:00,198.83
2017-11-15 17:00:00,210.83
2017-11-15 18:00:00,258.17
2017-11-15 19:00:00,262.0
2017-11-15 20:00:00,283.17
2017-11-15 21:00:00,311.5
2017-11-15 22:00:00,301.67
2017-11-15 23:00:00,293.67
2017-11-16 00:00:00,258.0
2017-11-16 00:00:00,258.0
2017-11-16 01:00:00,216.0
2017-11-16 02:00:00,194.17
2017-11-16 03:00:00,189.67
2017-11-16 04:00:00,182.5
2017-11-16 05:00:00,163.83
2017-11-16 06:00:00,152.17
2017-11-16 07:00:00,167.5
2017-11-16 08:00:00,202.33
2017-11-16 09:00:00,170.0
2017-11-16 10:00:00,178.0
2017-11-16 11:00:00,166.0
2017-11-16 12:00:00,188.33
2017-11-16 13:00:00,185.5
2017-11-16 14:00:00,199.33
2017-11-16 15:00:00,188.17
2017-11-16 16:00:00,192.67
2017-11-16 17:00:00,211.67
2017-11-16 18:00:00,283.83
2017-11-16 19:00:00,286.67
2017-11-16 20:00:00,301.17
2017-11-16 21:00:00,309.0
2017-11-16 22:00:00,333.5
2017-11-16 23:00:00,330.33
2017-11-17 00:00:00,266.0
2017-11-17 00:00:00,266.0
2017-11-17 01:00:00,216.33
2017-11-17 02:00:00,192.5
2017-11-17 03:00:00,186.83
2017-11-17 04:00:00,164.0
2017-11-17 05:00:00,161.5
2017-11-17 06:00:00,164.0
2017-11-17 07:00:00,182.8
2017-11-17 08:00:00,206.83
2017-11-17 09:00:00,171.17
2017-11-17 10:00:00,176.33
2017-11-17 11:00:00,163.33
2017-11-17 12:00:00,187.5
2017-11-17 13:00:00,176.0
2017-11-17 14:00:00,179.33
2017-11-17 15:00:00,162.5
2017-11-17 16:00:00,168.83
2017-11-17 17:00:00,
2017-11-17 18:00:00,
2017-11-17 19:00:00,
2017-11-17 20:00:00,286.83
2017-11-17 21:00:00,308.0
2017-11-17 22:00:00,347.0
2017-11-17 23:00:00,274.83
2017-11-18 00:00:00,277.33
2017-11-18 00:00:00,277.33
2017-11-18 01:00:00,218.0
2017-11-18 02:00:00,216.33
2017-11-18 03:00:00,202.17
2017-11-18 04:00:00,176.83
2017-11-18 05:00:00,190.33
2017-11-18 06:00:00,154.83
2017-11-18 07:00:00,153.33
2017-11-18 08:00:00,202.17
2017-11-18 09:00:00,181.33
2017-11-18 10:00:00,192.75
2017-11-18 11:00:00,197.67
2017-11-18 12:00:00,222.5
2017-11-18 13:00:00,245.5
2017-11-18 14:00:00,218.5
2017-11-18 15:00:00,214.5
2017-11-18 16:00:00,237.5
2017-11-18 17:00:00,231.67
2017-11-18 18:00:00,299.0
2017-11-18 19:00:00,295.0
2017-11-18 20:00:00,324.0
2017-11-18 21:00:00,355.0
2017-11-18 22:00:00,372.0
2017-11-18 23:00:00,324.67
2017-11-19 00:00:00,294.67
2017-11-19 00:00:00,294.67
2017-11-19 01:00:00,263.0
2017-11-19 02:00:00,241.0
2017-11-19 03:00:00,221.5
2017-11-19 04:00:00,198.67
2017-11-19 05:00:00,192.5
2017-11-19 06:00:00,176.58
2017-11-19 07:00:00,174.5
2017-11-19 08:00:00,198.0
2017-11-19 09:00:00,194.0
2017-11-19 10:00:00,186.67
2017-11-19 11:00:00,199.5
2017-11-19 12:00:00,250.5
2017-11-19 13:00:00,240.5
2017-11-19 14:00:00,240.5
2017-11-19 15:00:00,248.0
2017-11-19 16:00:00,280.33
2017-11-19 17:00:00,298.5
2017-11-19 18:00:00,334.5
2017-11-19 19:00:00,333.83
2017-11-19 20:00:00,364.17
2017-11-19 21:00:00,390.17
2017-11-19 22:00:00,401.83
2017-11-19 23:00:00,400.0
2017-11-20 00:00:00,330.83
2017-11-20 00:00:00,330.83
2017-11-20 01:00:00,283.33
2017-11-20 02:00:00,231.0
2017-11-20 03:00:00,203.0
2017-11-20 04:00:00,200.83
2017-11-20 05:00:00,196.83
2017-11-20 06:00:00,186.33
2017-11-20 07:00:00,205.5
2017-11-20 08:00:00,244.83
2017-11-20 09:00:00,209.0
2017-11-20 10:00:00,225.42
2017-11-20 11:00:00,197.67
2017-11-20 12:00:00,227.5
2017-11-20 13:00:00,228.0
2017-11-20 14:00:00,220.0
2017-11-20 15:00:00,207.67
2017-11-20 16:00:00,221.67
2017-11-20 17:00:00,224.33
2017-11-20 18:00:00,319.17
2017-11-20 19:00:00,384.5
2017-11-20 20:00:00,395.0
2017-11-20 21:00:00,434.5
2017-11-20 22:00:00,459.33
2017-11-20 23:00:00,433.33
2017-11-21 00:00:00,365.5
2017-11-21 00:00:00,365.5
2017-11-21 01:00:00,311.67
2017-11-21 02:00:00,283.0
2017-11-21 03:00:00,229.5
2017-11-21 04:00:00,210.33
2017-11-21 05:00:00,205.5
2017-11-21 06:00:00,194.67
2017-11-21 07:00:00,206.0
2017-11-21 08:00:00,262.0
2017-11-21 09:00:00,225.0
2017-11-21 10:00:00,195.83
2017-11-21 11:00:00,226.0
2017-11-21 12:00:00,222.33
2017-11-21 13:00:00,260.0
2017-11-21 14:00:00,204.71
2017-11-21 15:00:00,198.83
2017-11-21 16:00:00,199.17
2017-11-21 17:00:00,283.33
2017-11-21 18:00:00,336.17
2017-11-21 19:00:00,417.0
2017-11-21 20:00:00,420.17
2017-11-21 21:00:00,465.0
2017-11-21 22:00:00,494.33
2017-11-21 23:00:00,465.67
2017-11-22 00:00:00,428.0
2017-11-22 00:00:00,428.0
2017-11-22 01:00:00,322.17
2017-11-22 02:00:00,280.0
2017-11-22 03:00:00,235.67
2017-11-22 04:00:00,215.67
2017-11-22 05:00:00,213.67
2017-11-22 06:00:00,197.67
2017-11-22 07:00:00,225.17
2017-11-22 08:00:00,281.67
2017-11-22 09:00:00,250.67
2017-11-22 10:00:00,220.0
2017-11-22 11:00:00,209.33
2017-11-22 12:00:00,249.0
2017-11-22 13:00:00,226.0
2017-11-22 14:00:00,231.0
2017-11-22 15:00:00,211.0
2017-11-22 16:00:00,190.5
2017-11-22 17:00:00,239.67
2017-11-22 18:00:00,336.83
2017-11-22 19:00:00,388.0
2017-11-22 20:00:00,372.67
2017-11-22 21:00:00,420.0
2017-11-22 22:00:00,447.0
2017-11-22 23:00:00,455.83
2017-11-23 00:00:00,442.0
2017-11-23 00:00:00,442.0
2017-11-23 01:00:00,333.33
2017-11-23 02:00:00,295.0
2017-11-23 03:00:00,258.17
2017-11-23 04:00:00,257.0
2017-11-23 05:00:00,243.33
2017-11-23 06:00:00,215.83
2017-11-23 07:00:00,237.0
2017-11-23 08:00:00,264.67
2017-11-23 09:00:00,212.67
2017-11-23 10:00:00,200.67
2017-11-23 11:00:00,190.67
2017-11-23 12:00:00,208.33
2017-11-23 13:00:00,181.0
2017-11-23 14:00:00,186.5
2017-11-23 15:00:00,196.67
2017-11-23 16:00:00,190.67
2017-11-23 17:00:00,240.67
2017-11-23 18:00:00,310.33
2017-11-23 19:00:00,360.67
2017-11-23 20:00:00,394.67
2017-11-23 21:00:00,417.0
2017-11-23 22:00:00,473.0
2017-11-23 23:00:00,477.0
2017-11-24 00:00:00,391.67
2017-11-24 00:00:00,391.67
2017-11-24 01:00:00,320.0
2017-11-24 02:00:00,288.67
2017-11-24 03:00:00,244.17
2017-11-24 04:00:00,238.17
2017-11-24 05:00:00,228.67
2017-11-24 06:00:00,217.33
2017-11-24 07:00:00,236.33
2017-11-24 08:00:00,258.83
2017-11-24 09:00:00,223.17
2017-11-24 10:00:00,186.0
2017-11-24 11:00:00,205.67
2017-11-24 12:00:00,211.33
2017-11-24 13:00:00,183.17
2017-11-24 14:00:00,215.0
2017-11-24 15:00:00,226.0
2017-11-24 16:00:00,195.67
2017-11-24 17:00:00,269.33
2017-11-24 18:00:00,301.0
2017-11-24 19:00:00,340.5
2017-11-24 20:00:00,357.33
2017-11-24 21:00:00,394.17
2017-11-24 22:00:00,439.83
2017-11-24 23:00:00,408.17
2017-11-25 00:00:00,370.5
2017-11-25 00:00:00,370.5
2017-11-25 01:00:00,317.67
2017-11-25 02:00:00,277.33
2017-11-25 03:00:00,237.33
2017-11-25 04:00:00,219.67
2017-11-25 05:00:00,209.33
2017-11-25 06:00:00,182.33
2017-11-25 07:00:00,200.33
2017-11-25 08:00:00,191.67
2017-11-25 09:00:00,208.67
2017-11-25 10:00:00,225.17
2017-11-25 11:00:00,235.33
2017-11-25 12:00:00,220.67
2017-11-25 13:00:00,249.33
2017-11-25 14:00:00,229.33
2017-11-25 15:00:00,259.67
2017-11-25 16:00:00,251.0
2017-11-25 17:00:00,258.83
2017-11-25 18:00:00,352.0
2017-11-25 19:00:00,344.33
2017-11-25 20:00:00,337.67
2017-11-25 21:00:00,371.33
2017-11-25 22:00:00,392.67
2017-11-25 23:00:00,369.67
2017-11-26 00:00:00,332.0
2017-11-26 00:00:00,332.0
2017-11-26 01:00:00,311.67
2017-11-26 02:00:00,241.0
2017-11-26 03:00:00,223.67
2017-11-26 04:00:00,214.17
2017-11-26 05:00:00,199.33
2017-11-26 06:00:00,180.0
2017-11-26 07:00:00,191.67
2017-11-26 08:00:00,227.0
2017-11-26 09:00:00,230.0
2017-11-26 10:00:00,214.67
2017-11-26 11:00:00,225.0
2017-11-26 12:00:00,238.67
2017-11-26 13:00:00,227.67
2017-11-26 14:00:00,235.83
2017-11-26 15:00:00,223.0
2017-11-26 16:00:00,228.33
2017-11-26 17:00:00,274.17
2017-11-26 18:00:00,338.5
2017-11-26 19:00:00,343.83
2017-11-26 20:00:00,345.17
2017-11-26 21:00:00,387.33
2017-11-26 22:00:00,437.83
2017-11-26 23:00:00,376.33
2017-11-27 00:00:00,325.67
2017-11-27 00:00:00,325.67
2017-11-27 01:00:00,271.67
2017-11-27 02:00:00,238.0
2017-11-27 03:00:00,194.33
2017-11-27 04:00:00,192.33
2017-11-27 05:00:00,194.17
2017-11-27 06:00:00,171.67
2017-11-27 07:00:00,205.83
2017-11-27 08:00:00,219.17
2017-11-27 09:00:00,196.67
2017-11-27 10:00:00,197.42
2017-11-27 11:00:00,187.33
2017-11-27 12:00:00,209.83
2017-11-27 13:00:00,197.67
2017-11-27 14:00:00,209.33
2017-11-27 15:00:00,190.33
2017-11-27 16:00:00,214.33
2017-11-27 17:00:00,237.67
2017-11-27 18:00:00,316.0
2017-11-27 19:00:00,360.33
2017-11-27 20:00:00,368.0
2017-11-27 21:00:00,375.0
2017-11-27 22:00:00,448.0
2017-11-27 23:00:00,399.33
2017-11-28 00:00:00,349.67
2017-11-28 00:00:00,349.67
2017-11-28 01:00:00,327.67
2017-11-28 02:00:00,247.0
2017-11-28 03:00:00,221.83
2017-11-28 04:00:00,207.17
2017-11-28 05:00:00,198.0
2017-11-28 06:00:00,182.67
2017-11-28 07:00:00,204.5
2017-11-28 08:00:00,267.5
2017-11-28 09:00:00,216.67
2017-11-28 10:00:00,244.0
2017-11-28 11:00:00,201.5
2017-11-28 12:00:00,195.5
2017-11-28 13:00:00,202.33
2017-11-28 14:00:00,189.67
2017-11-28 15:00:00,198.0
2017-11-28 16:00:00,188.33
2017-11-28 17:00:00,246.76
2017-11-28 18:00:00,316.67
2017-11-28 19:00:00,356.67
2017-11-28 20:00:00,341.5
2017-11-28 21:00:00,420.92
2017-11-28 22:00:00,406.0
2017-11-28 23:00:00,385.0
2017-11-29 00:00:00,355.67
2017-11-29 00:00:00,355.67
2017-11-29 01:00:00,263.33
2017-11-29 02:00:00,236.67
2017-11-29 03:00:00,228.0
2017-11-29 04:00:00,215.83
2017-11-29 05:00:00,205.83
2017-11-29 06:00:00,193.5
2017-11-29 07:00:00,205.67
2017-11-29 08:00:00,245.5
2017-11-29 09:00:00,219.33
2017-11-29 10:00:00,204.83
2017-11-29 11:00:00,239.17
2017-11-29 12:00:00,234.67
2017-11-29 13:00:00,236.33
2017-11-29 14:00:00,218.0
2017-11-29 15:00:00,206.0
2017-11-29 16:00:00,202.83
2017-11-29 17:00:00,247.17
2017-11-29 18:00:00,280.67
2017-11-29 19:00:00,333.17
2017-11-29 20:00:00,335.0
2017-11-29 21:00:00,397.0
2017-11-29 22:00:00,417.33
2017-11-29 23:00:00,391.67
2017-11-30 00:00:00,381.67
2017-11-30 00:00:00,381.67
2017-11-30 01:00:00,276.0
2017-11-30 02:00:00,230.0
2017-11-30 03:00:00,202.67
2017-11-30 04:00:00,194.33
2017-11-30 05:00:00,188.67
2017-11-30 06:00:00,168.0
2017-11-30 07:00:00,199.67
2017-11-30 08:00:00,212.67
2017-11-30 09:00:00,208.0
2017-11-30 10:00:00,185.67
2017-11-30 11:00:00,176.0
2017-11-30 12:00:00,199.0
2017-11-30 13:00:00,221.0
2017-11-30 14:00:00,205.0
2017-11-30 15:00:00,210.33
2017-11-30 16:00:00,205.67
2017-11-30 17:00:00,233.67
2017-11-30 18:00:00,309.67
2017-11-30 19:00:00,326.67
2017-11-30 20:00:00,347.33
2017-11-30 21:00:00,404.33
2017-11-30 22:00:00,423.67
2017-11-30 23:00:00,371.5
2017-12-01 00:00:00,343.5
2017-12-01 00:00:00,343.5
2017-12-01 01:00:00,289.5
2017-12-01 02:00:00,239.67
2017-12-01 03:00:00,217.67
2017-12-01 04:00:00,226.0
2017-12-01 05:00:00,188.67
2017-12-01 06:00:00,179.67
2017-12-01 07:00:00,191.33
2017-12-01 08:00:00,216.0
2017-12-01 09:00:00,183.67
2017-12-01 10:00:00,222.33
2017-12-01 11:00:00,201.0
2017-12-01 12:00:00,194.0
2017-12-01 13:00:00,229.33
2017-12-01 14:00:00,202.33
2017-12-01 15:00:00,223.67
2017-12-01 16:00:00,210.0
2017-12-01 17:00:00,245.0
2017-12-01 18:00:00,266.67
2017-12-01 19:00:00,293.0
2017-12-01 20:00:00,337.33
2017-12-01 21:00:00,335.67
2017-12-01 22:00:00,373.83
2017-12-01 23:00:00,349.0
2017-12-02 00:00:00,333.67
2017-12-02 00:00:00,333.67
2017-12-02 01:00:00,263.0
2017-12-02 02:00:00,237.0
2017-12-02 03:00:00,234.0
2017-12-02 04:00:00,212.0
2017-12-02 05:00:00,200.17
2017-12-02 06:00:00,194.33
2017-12-02 07:00:00,181.67
2017-12-02 08:00:00,231.33
2017-12-02 09:00:00,197.67
2017-12-02 10:00:00,214.0
2017-12-02 11:00:00,223.33
2017-12-02 12:00:00,236.0
2017-12-02 13:00:00,231.67
2017-12-02 14:00:00,258.33
2017-12-02 15:00:00,226.0
2017-12-02 16:00:00,223.33
2017-12-02 17:00:00,290.33
2017-12-02 18:00:00,311.0
2017-12-02 19:00:00,320.0
2017-12-02 20:00:00,323.33
2017-12-02 21:00:00,375.67
2017-12-02 22:00:00,362.75
2017-12-02 23:00:00,336.83
2017-12-03 00:00:00,288.0
2017-12-03 00:00:00,288.0
2017-12-03 01:00:00,276.17
2017-12-03 02:00:00,218.25
2017-12-03 03:00:00,213.5
2017-12-03 04:00:00,211.5
2017-12-03 05:00:00,184.0
2017-12-03 06:00:00,172.67
2017-12-03 07:00:00,166.5
2017-12-03 08:00:00,187.0
2017-12-03 09:00:00,201.83
2017-12-03 10:00:00,187.5
2017-12-03 11:00:00,197.83
2017-12-03 12:00:00,218.5
2017-12-03 13:00:00,241.83
2017-12-03 14:00:00,244.0
2017-12-03 15:00:00,244.67
2017-12-03 16:00:00,230.5
2017-12-03 17:00:00,254.0
2017-12-03 18:00:00,314.83
2017-12-03 19:00:00,337.0
2017-12-03 20:00:00,330.5
2017-12-03 21:00:00,372.67
2017-12-03 22:00:00,373.17
2017-12-03 23:00:00,334.17
2017-12-04 00:00:00,324.5
2017-12-04 00:00:00,324.5
2017-12-04 01:00:00,253.33
2017-12-04 02:00:00,227.33
2017-12-04 03:00:00,198.17
2017-12-04 04:00:00,189.33
2017-12-04 05:00:00,181.67
2017-12-04 06:00:00,156.67
2017-12-04 07:00:00,177.67
2017-12-04 08:00:00,206.67
2017-12-04 09:00:00,184.33
2017-12-04 10:00:00,195.67
2017-12-04 11:00:00,183.67
2017-12-04 12:00:00,215.0
2017-12-04 13:00:00,216.67
2017-12-04 14:00:00,183.67
2017-12-04 15:00:00,191.0
2017-12-04 16:00:00,192.0
2017-12-04 17:00:00,259.67
2017-12-04 18:00:00,276.17
2017-12-04 19:00:00,325.33
2017-12-04 20:00:00,362.33
2017-12-04 21:00:00,368.17
2017-12-04 22:00:00,378.0
2017-12-04 23:00:00,370.67
2017-12-05 00:00:00,342.67
2017-12-05 00:00:00,342.67
2017-12-05 01:00:00,254.33
2017-12-05 02:00:00,238.17
2017-12-05 03:00:00,228.48
2017-12-05 04:00:00,204.0
2017-12-05 05:00:00,200.0
2017-12-05 06:00:00,179.0
2017-12-05 07:00:00,223.0
2017-12-05 08:00:00,220.67
2017-12-05 09:00:00,217.0
2017-12-05 10:00:00,181.67
2017-12-05 11:00:00,195.5
2017-12-05 12:00:00,177.33
2017-12-05 13:00:00,207.75
2017-12-05 14:00:00,198.0
2017-12-05 15:00:00,200.58
2017-12-05 16:00:00,207.5
2017-12-05 17:00:00,240.58
2017-12-05 18:00:00,296.33
2017-12-05 19:00:00,322.67
2017-12-05 20:00:00,339.17
2017-12-05 21:00:00,401.0
2017-12-05 22:00:00,429.0
2017-12-05 23:00:00,385.67
2017-12-06 00:00:00,354.33
2017-12-06 00:00:00,354.33
2017-12-06 01:00:00,311.33
2017-12-06 02:00:00,267.33
2017-12-06 03:00:00,249.0
2017-12-06 04:00:00,223.33
2017-12-06 05:00:00,217.67
2017-12-06 06:00:00,191.67
2017-12-06 07:00:00,202.0
2017-12-06 08:00:00,231.33
2017-12-06 09:00:00,256.33
2017-12-06 10:00:00,208.33
2017-12-06 11:00:00,221.33
2017-12-06 12:00:00,215.67
2017-12-06 13:00:00,213.67
2017-12-06 14:00:00,198.33
2017-12-06 15:00:00,216.33
2017-12-06 16:00:00,207.0
2017-12-06 17:00:00,231.0
2017-12-06 18:00:00,311.33
2017-12-06 19:00:00,331.67
2017-12-06 20:00:00,353.0
2017-12-06 21:00:00,360.67
2017-12-06 22:00:00,413.67
2017-12-06 23:00:00,437.33
2017-12-07 00:00:00,342.33
2017-12-07 00:00:00,342.33
2017-12-07 01:00:00,288.0
2017-12-07 02:00:00,243.0
2017-12-07 03:00:00,220.33
2017-12-07 04:00:00,216.33
2017-12-07 05:00:00,186.67
2017-12-07 06:00:00,188.0
2017-12-07 07:00:00,195.0
2017-12-07 08:00:00,244.33
2017-12-07 09:00:00,215.33
2017-12-07 10:00:00,207.67
2017-12-07 11:00:00,205.67
2017-12-07 12:00:00,229.67
2017-12-07 13:00:00,202.67
2017-12-07 14:00:00,230.0
2017-12-07 15:00:00,202.0
2017-12-07 16:00:00,205.67
2017-12-07 17:00:00,254.0
2017-12-07 18:00:00,298.33
2017-12-07 19:00:00,331.67
2017-12-07 20:00:00,384.0
2017-12-07 21:00:00,350.17
2017-12-07 22:00:00,379.33
2017-12-07 23:00:00,382.0
2017-12-08 00:00:00,333.0
2017-12-08 00:00:00,333.0
2017-12-08 01:00:00,304.0
2017-12-08 02:00:00,248.33
2017-12-08 03:00:00,231.67
2017-12-08 04:00:00,221.33
2017-12-08 05:00:00,216.5
2017-12-08 06:00:00,205.0
2017-12-08 07:00:00,206.33
2017-12-08 08:00:00,253.0
2017-12-08 09:00:00,218.0
2017-12-08 10:00:00,227.67
2017-12-08 11:00:00,222.0
2017-12-08 12:00:00,229.67
2017-12-08 13:00:00,210.0
2017-12-08 14:00:00,211.33
2017-12-08 15:00:00,216.5
2017-12-08 16:00:00,197.0
2017-12-08 17:00:00,260.33
2017-12-08 18:00:00,301.0
2017-12-08 19:00:00,346.2
2017-12-08 20:00:00,367.67
2017-12-08 21:00:00,381.42
2017-12-08 22:00:00,396.67
2017-12-08 23:00:00,375.67
2017-12-09 00:00:00,362.5
2017-12-09 00:00:00,362.5
2017-12-09 01:00:00,313.0
2017-12-09 02:00:00,257.0
2017-12-09 03:00:00,235.0
2017-12-09 04:00:00,210.33
2017-12-09 05:00:00,198.0
2017-12-09 06:00:00,194.0
2017-12-09 07:00:00,187.5
2017-12-09 08:00:00,231.67
2017-12-09 09:00:00,224.0
2017-12-09 10:00:00,249.83
2017-12-09 11:00:00,245.83
2017-12-09 12:00:00,265.33
2017-12-09 13:00:00,275.67
2017-12-09 14:00:00,230.83
2017-12-09 15:00:00,250.67
2017-12-09 16:00:00,220.83
2017-12-09 17:00:00,273.67
2017-12-09 18:00:00,308.67
2017-12-09 19:00:00,332.33
2017-12-09 20:00:00,354.83
2017-12-09 21:00:00,369.33
2017-12-09 22:00:00,393.83
2017-12-09 23:00:00,394.5
2017-12-10 00:00:00,355.67
2017-12-10 00:00:00,355.67
2017-12-10 01:00:00,311.67
2017-12-10 02:00:00,269.33
2017-12-10 03:00:00,241.0
2017-12-10 04:00:00,235.67
2017-12-10 05:00:00,251.67
2017-12-10 06:00:00,192.0
2017-12-10 07:00:00,193.33
2017-12-10 08:00:00,210.33
2017-12-10 09:00:00,205.0
2017-12-10 10:00:00,237.67
2017-12-10 11:00:00,228.33
2017-12-10 12:00:00,249.08
2017-12-10 13:00:00,256.0
2017-12-10 14:00:00,259.33
2017-12-10 15:00:00,252.33
2017-12-10 16:00:00,277.33
2017-12-10 17:00:00,329.33
2017-12-10 18:00:00,353.83
2017-12-10 19:00:00,360.0
2017-12-10 20:00:00,339.67
2017-12-10 21:00:00,370.67
2017-12-10 22:00:00,394.0
2017-12-10 23:00:00,425.67
2017-12-11 00:00:00,349.67
2017-12-11 00:00:00,349.67
2017-12-11 01:00:00,284.5
2017-12-11 02:00:00,254.17
2017-12-11 03:00:00,228.0
2017-12-11 04:00:00,211.33
2017-12-11 05:00:00,206.33
2017-12-11 06:00:00,178.67
2017-12-11 07:00:00,207.33
2017-12-11 08:00:00,225.83
2017-12-11 09:00:00,231.0
2017-12-11 10:00:00,219.67
2017-12-11 11:00:00,210.67
2017-12-11 12:00:00,222.83
2017-12-11 13:00:00,203.33
2017-12-11 14:00:00,208.0
2017-12-11 15:00:00,215.17
2017-12-11 16:00:00,217.67
2017-12-11 17:00:00,278.17
2017-12-11 18:00:00,311.83
2017-12-11 19:00:00,339.83
2017-12-11 20:00:00,339.0
2017-12-11 21:00:00,401.0
2017-12-11 22:00:00,414.67
2017-12-11 23:00:00,403.5
2017-12-12 00:00:00,377.83
2017-12-12 00:00:00,377.83
2017-12-12 01:00:00,301.33
2017-12-12 02:00:00,256.33
2017-12-12 03:00:00,233.33
2017-12-12 04:00:00,212.33
2017-12-12 05:00:00,210.75
2017-12-12 06:00:00,198.0
2017-12-12 07:00:00,195.67
2017-12-12 08:00:00,242.33
2017-12-12 09:00:00,225.33
2017-12-12 10:00:00,206.33
2017-12-12 11:00:00,213.67
2017-12-12 12:00:00,210.5
2017-12-12 13:00:00,223.5
2017-12-12 14:00:00,204.17
2017-12-12 15:00:00,190.67
2017-12-12 16:00:00,209.5
2017-12-12 17:00:00,251.5
2017-12-12 18:00:00,288.0
2017-12-12 19:00:00,350.67
2017-12-12 20:00:00,385.83
2017-12-12 21:00:00,378.0
2017-12-12 22:00:00,400.33
2017-12-12 23:00:00,409.33
2017-12-13 00:00:00,374.0
2017-12-13 00:00:00,374.0
2017-12-13 01:00:00,341.0
2017-12-13 02:00:00,257.33
2017-12-13 03:00:00,240.75
2017-12-13 04:00:00,227.0
2017-12-13 05:00:00,225.0
2017-12-13 06:00:00,195.0
2017-12-13 07:00:00,195.33
2017-12-13 08:00:00,252.83
2017-12-13 09:00:00,232.67
2017-12-13 10:00:00,237.33
2017-12-13 11:00:00,223.0
2017-12-13 12:00:00,221.5
2017-12-13 13:00:00,229.0
2017-12-13 14:00:00,214.33
2017-12-13 15:00:00,214.33
2017-12-13 16:00:00,222.0
2017-12-13 17:00:00,238.33
2017-12-13 18:00:00,294.0
2017-12-13 19:00:00,313.33
2017-12-13 20:00:00,330.83
2017-12-13 21:00:00,349.67
2017-12-13 22:00:00,400.0
2017-12-13 23:00:00,401.67
2017-12-14 00:00:00,340.0
2017-12-14 00:00:00,340.0
2017-12-14 01:00:00,285.33
2017-12-14 02:00:00,242.5
2017-12-14 03:00:00,225.17
2017-12-14 04:00:00,210.67
2017-12-14 05:00:00,219.67
2017-12-14 06:00:00,185.5
2017-12-14 07:00:00,183.33
2017-12-14 08:00:00,225.83
2017-12-14 09:00:00,243.0
2017-12-14 10:00:00,235.33
2017-12-14 11:00:00,226.33
2017-12-14 12:00:00,218.67
2017-12-14 13:00:00,223.67
2017-12-14 14:00:00,214.75
2017-12-14 15:00:00,212.0
2017-12-14 16:00:00,211.83
2017-12-14 17:00:00,288.0
2017-12-14 18:00:00,335.0
2017-12-14 19:00:00,348.67
2017-12-14 20:00:00,354.33
2017-12-14 21:00:00,396.67
2017-12-14 22:00:00,409.5
2017-12-14 23:00:00,411.97
2017-12-15 00:00:00,361.0
2017-12-15 00:00:00,361.0
2017-12-15 01:00:00,276.0
2017-12-15 02:00:00,250.0
2017-12-15 03:00:00,227.67
2017-12-15 04:00:00,242.33
2017-12-15 05:00:00,214.0
2017-12-15 06:00:00,230.0
2017-12-15 07:00:00,208.67
2017-12-15 08:00:00,245.0
2017-12-15 09:00:00,225.0
2017-12-15 10:00:00,224.0
2017-12-15 11:00:00,214.0
2017-12-15 12:00:00,250.0
2017-12-15 13:00:00,231.67
2017-12-15 14:00:00,243.33
2017-12-15 15:00:00,224.17
2017-12-15 16:00:00,235.33
2017-12-15 17:00:00,269.33
2017-12-15 18:00:00,312.5
2017-12-15 19:00:00,340.17
2017-12-15 20:00:00,346.0
2017-12-15 21:00:00,391.5
2017-12-15 22:00:00,414.0
2017-12-15 23:00:00,382.0
2017-12-16 00:00:00,360.33
2017-12-16 00:00:00,360.33
2017-12-16 01:00:00,306.33
2017-12-16 02:00:00,266.67
2017-12-16 03:00:00,247.67
2017-12-16 04:00:00,232.83
2017-12-16 05:00:00,221.17
2017-12-16 06:00:00,222.67
2017-12-16 07:00:00,213.0
2017-12-16 08:00:00,229.0
2017-12-16 09:00:00,235.0
2017-12-16 10:00:00,250.17
2017-12-16 11:00:00,257.33
2017-12-16 12:00:00,266.0
2017-12-16 13:00:00,235.5
2017-12-16 14:00:00,233.33
2017-12-16 15:00:00,236.17
2017-12-16 16:00:00,235.67
2017-12-16 17:00:00,279.17
2017-12-16 18:00:00,321.0
2017-12-16 19:00:00,335.5
2017-12-16 20:00:00,317.33
2017-12-16 21:00:00,332.33
2017-12-16 22:00:00,383.5
2017-12-16 23:00:00,374.67
2017-12-17 00:00:00,363.67
2017-12-17 00:00:00,363.67
2017-12-17 01:00:00,346.67
2017-12-17 02:00:00,295.83
2017-12-17 03:00:00,237.0
2017-12-17 04:00:00,244.33
2017-12-17 05:00:00,222.33
2017-12-17 06:00:00,197.0
2017-12-17 07:00:00,202.67
2017-12-17 08:00:00,215.67
2017-12-17 09:00:00,240.5
2017-12-17 10:00:00,236.0
2017-12-17 11:00:00,261.33
2017-12-17 12:00:00,270.0
2017-12-17 13:00:00,288.0
2017-12-17 14:00:00,243.33
2017-12-17 15:00:00,281.33
2017-12-17 16:00:00,301.33
2017-12-17 17:00:00,280.33
2017-12-17 18:00:00,339.0
2017-12-17 19:00:00,341.0
2017-12-17 20:00:00,355.0
2017-12-17 21:00:00,394.33
2017-12-17 22:00:00,394.33
2017-12-17 23:00:00,388.5
2017-12-18 00:00:00,362.67
2017-12-18 00:00:00,362.67
2017-12-18 01:00:00,331.0
2017-12-18 02:00:00,273.0
2017-12-18 03:00:00,247.5
2017-12-18 04:00:00,240.5
2017-12-18 05:00:00,211.33
2017-12-18 06:00:00,193.0
2017-12-18 07:00:00,213.76
2017-12-18 08:00:00,221.0
2017-12-18 09:00:00,234.67
2017-12-18 10:00:00,225.0
2017-12-18 11:00:00,226.0
2017-12-18 12:00:00,241.67
2017-12-18 13:00:00,220.33
2017-12-18 14:00:00,206.0
2017-12-18 15:00:00,232.0
2017-12-18 16:00:00,213.33
2017-12-18 17:00:00,261.0
2017-12-18 18:00:00,291.83
2017-12-18 19:00:00,318.67
2017-12-18 20:00:00,306.67
2017-12-18 21:00:00,346.67
2017-12-18 22:00:00,373.33
2017-12-18 23:00:00,380.83
2017-12-19 00:00:00,347.33
2017-12-19 00:00:00,347.33
2017-12-19 01:00:00,311.0
2017-12-19 02:00:00,268.0
2017-12-19 03:00:00,247.17
2017-12-19 04:00:00,217.5
2017-12-19 05:00:00,219.33
2017-12-19 06:00:00,186.67
2017-12-19 07:00:00,198.83
2017-12-19 08:00:00,217.67
2017-12-19 09:00:00,212.33
2017-12-19 10:00:00,230.33
2017-12-19 11:00:00,213.33
2017-12-19 12:00:00,231.0
2017-12-19 13:00:00,223.33
2017-12-19 14:00:00,209.33
2017-12-19 15:00:00,213.83
2017-12-19 16:00:00,203.0
2017-12-19 17:00:00,241.0
2017-12-19 18:00:00,312.33
2017-12-19 19:00:00,315.33
2017-12-19 20:00:00,310.83
2017-12-19 21:00:00,344.33
2017-12-19 22:00:00,371.33
2017-12-19 23:00:00,355.17
2017-12-20 00:00:00,335.5
2017-12-20 00:00:00,335.5
2017-12-20 01:00:00,283.33
2017-12-20 02:00:00,256.67
2017-12-20 03:00:00,229.17
2017-12-20 04:00:00,226.33
2017-12-20 05:00:00,208.67
2017-12-20 06:00:00,195.0
2017-12-20 07:00:00,215.33
2017-12-20 08:00:00,222.33
2017-12-20 09:00:00,203.33
2017-12-20 10:00:00,211.67
2017-12-20 11:00:00,204.33
2017-12-20 12:00:00,184.0
2017-12-20 13:00:00,192.0
2017-12-20 14:00:00,212.33
2017-12-20 15:00:00,199.33
2017-12-20 16:00:00,202.67
2017-12-20 17:00:00,211.67
2017-12-20 18:00:00,261.33
2017-12-20 19:00:00,271.83
2017-12-20 20:00:00,314.67
2017-12-20 21:00:00,337.33
2017-12-20 22:00:00,373.0
2017-12-20 23:00:00,403.0
2017-12-21 00:00:00,343.83
2017-12-21 00:00:00,343.83
2017-12-21 01:00:00,289.5
2017-12-21 02:00:00,262.33
2017-12-21 03:00:00,225.5
2017-12-21 04:00:00,221.0
2017-12-21 05:00:00,203.33
2017-12-21 06:00:00,188.17
2017-12-21 07:00:00,195.17
2017-12-21 08:00:00,210.83
2017-12-21 09:00:00,213.33
2017-12-21 10:00:00,203.17
2017-12-21 11:00:00,196.33
2017-12-21 12:00:00,190.83
2017-12-21 13:00:00,197.33
2017-12-21 14:00:00,204.33
2017-12-21 15:00:00,211.5
2017-12-21 16:00:00,186.33
2017-12-21 17:00:00,242.0
2017-12-21 18:00:00,250.0
2017-12-21 19:00:00,284.5
2017-12-21 20:00:00,284.17
2017-12-21 21:00:00,332.33
2017-12-21 22:00:00,375.0
2017-12-21 23:00:00,372.0
2017-12-22 00:00:00,306.67
2017-12-22 00:00:00,306.67
2017-12-22 01:00:00,293.0
2017-12-22 02:00:00,260.83
2017-12-22 03:00:00,222.0
2017-12-22 04:00:00,211.5
2017-12-22 05:00:00,195.0
2017-12-22 06:00:00,177.0
2017-12-22 07:00:00,197.0
2017-12-22 08:00:00,224.33
2017-12-22 09:00:00,203.67
2017-12-22 10:00:00,223.67
2017-12-22 11:00:00,197.33
2017-12-22 12:00:00,256.0
2017-12-22 13:00:00,199.0
2017-12-22 14:00:00,183.67
2017-12-22 15:00:00,183.33
2017-12-22 16:00:00,204.0
2017-12-22 17:00:00,236.67
2017-12-22 18:00:00,257.33
2017-12-22 19:00:00,323.33
2017-12-22 20:00:00,297.33
2017-12-22 21:00:00,307.67
2017-12-22 22:00:00,340.33
2017-12-22 23:00:00,338.33
2017-12-23 00:00:00,342.17
2017-12-23 00:00:00,342.17
2017-12-23 01:00:00,252.0
2017-12-23 02:00:00,249.0
2017-12-23 03:00:00,238.5
2017-12-23 04:00:00,234.67
2017-12-23 05:00:00,195.25
2017-12-23 06:00:00,170.75
2017-12-23 07:00:00,183.75
2017-12-23 08:00:00,186.25
2017-12-23 09:00:00,206.0
2017-12-23 10:00:00,199.33
2017-12-23 11:00:00,200.08
2017-12-23 12:00:00,188.33
2017-12-23 13:00:00,220.17
2017-12-23 14:00:00,214.33
2017-12-23 15:00:00,227.75
2017-12-23 16:00:00,204.0
2017-12-23 17:00:00,242.25
2017-12-23 18:00:00,246.92
2017-12-23 19:00:00,262.67
2017-12-23 20:00:00,296.67
2017-12-23 21:00:00,280.83
2017-12-23 22:00:00,299.67
2017-12-23 23:00:00,276.5
2017-12-24 00:00:00,283.83
2017-12-24 00:00:00,283.83
2017-12-24 01:00:00,244.67
2017-12-24 02:00:00,207.0
2017-12-24 03:00:00,190.0
2017-12-24 04:00:00,192.33
2017-12-24 05:00:00,185.83
2017-12-24 06:00:00,172.58
2017-12-24 07:00:00,170.0
2017-12-24 08:00:00,179.67
2017-12-24 09:00:00,185.67
2017-12-24 10:00:00,196.67
2017-12-24 11:00:00,217.17
2017-12-24 12:00:00,210.67
2017-12-24 13:00:00,221.0
2017-12-24 14:00:00,217.17
2017-12-24 15:00:00,201.17
2017-12-24 16:00:00,205.0
2017-12-24 17:00:00,260.33
2017-12-24 18:00:00,283.67
2017-12-24 19:00:00,300.5
2017-12-24 20:00:00,284.67
2017-12-24 21:00:00,283.42
2017-12-24 22:00:00,318.83
2017-12-24 23:00:00,310.0
2017-12-25 00:00:00,268.33
2017-12-25 00:00:00,268.33
2017-12-25 01:00:00,244.67
2017-12-25 02:00:00,215.67
2017-12-25 03:00:00,198.17
2017-12-25 04:00:00,194.0
2017-12-25 05:00:00,193.0
2017-12-25 06:00:00,181.33
2017-12-25 07:00:00,181.0
2017-12-25 08:00:00,185.33
2017-12-25 09:00:00,176.0
2017-12-25 10:00:00,172.0
2017-12-25 11:00:00,
2017-12-25 12:00:00,192.0
2017-12-25 13:00:00,187.33
2017-12-25 14:00:00,186.33
2017-12-25 15:00:00,199.0
2017-12-25 16:00:00,197.0
2017-12-25 17:00:00,229.5
2017-12-25 18:00:00,263.17
2017-12-25 19:00:00,277.33
2017-12-25 20:00:00,264.17
2017-12-25 21:00:00,302.17
2017-12-25 22:00:00,355.33
2017-12-25 23:00:00,338.83
2017-12-26 00:00:00,318.33
2017-12-26 00:00:00,318.33
2017-12-26 01:00:00,267.33
2017-12-26 02:00:00,237.67
2017-12-26 03:00:00,217.0
2017-12-26 04:00:00,205.92
2017-12-26 05:00:00,196.5
2017-12-26 06:00:00,172.0
2017-12-26 07:00:00,192.33
2017-12-26 08:00:00,190.75
2017-12-26 09:00:00,189.5
2017-12-26 10:00:00,219.33
2017-12-26 11:00:00,203.08
2017-12-26 12:00:00,212.5
2017-12-26 13:00:00,208.25
2017-12-26 14:00:00,197.0
2017-12-26 15:00:00,182.0
2017-12-26 16:00:00,192.0
2017-12-26 17:00:00,219.5
2017-12-26 18:00:00,242.5
2017-12-26 19:00:00,285.75
2017-12-26 20:00:00,310.5
2017-12-26 21:00:00,320.5
2017-12-26 22:00:00,332.25
2017-12-26 23:00:00,329.5
2017-12-27 00:00:00,296.83
2017-12-27 00:00:00,296.83
2017-12-27 01:00:00,264.67
2017-12-27 02:00:00,218.0
2017-12-27 03:00:00,197.5
2017-12-27 04:00:00,191.33
2017-12-27 05:00:00,194.33
2017-12-27 06:00:00,170.67
2017-12-27 07:00:00,207.0
2017-12-27 08:00:00,200.67
2017-12-27 09:00:00,187.67
2017-12-27 10:00:00,183.67
2017-12-27 11:00:00,199.5
2017-12-27 12:00:00,
2017-12-27 13:00:00,204.17
2017-12-27 14:00:00,180.33
2017-12-27 15:00:00,203.33
2017-12-27 16:00:00,222.67
2017-12-27 17:00:00,235.33
2017-12-27 18:00:00,277.33
2017-12-27 19:00:00,298.5
2017-12-27 20:00:00,323.0
2017-12-27 21:00:00,319.0
2017-12-27 22:00:00,336.67
2017-12-27 23:00:00,339.67
2017-12-28 00:00:00,298.33
2017-12-28 00:00:00,298.33
2017-12-28 01:00:00,272.33
2017-12-28 02:00:00,224.67
2017-12-28 03:00:00,213.67
2017-12-28 04:00:00,200.17
2017-12-28 05:00:00,184.0
2017-12-28 06:00:00,173.0
2017-12-28 07:00:00,191.0
2017-12-28 08:00:00,198.5
2017-12-28 09:00:00,192.75
2017-12-28 10:00:00,194.33
2017-12-28 11:00:00,220.0
2017-12-28 12:00:00,245.67
2017-12-28 13:00:00,220.25
2017-12-28 14:00:00,234.33
2017-12-28 15:00:00,221.67
2017-12-28 16:00:00,230.67
2017-12-28 17:00:00,252.5
2017-12-28 18:00:00,266.67
2017-12-28 19:00:00,284.17
2017-12-28 20:00:00,297.67
2017-12-28 21:00:00,319.83
2017-12-28 22:00:00,360.92
2017-12-28 23:00:00,306.67
2017-12-29 00:00:00,316.0
2017-12-29 00:00:00,316.0
2017-12-29 01:00:00,256.0
2017-12-29 02:00:00,220.5
2017-12-29 03:00:00,234.67
2017-12-29 04:00:00,200.5
2017-12-29 05:00:00,189.83
2017-12-29 06:00:00,176.67
2017-12-29 07:00:00,184.33
2017-12-29 08:00:00,193.83
2017-12-29 09:00:00,235.17
2017-12-29 10:00:00,215.67
2017-12-29 11:00:00,214.08
2017-12-29 12:00:00,193.33
2017-12-29 13:00:00,207.83
2017-12-29 14:00:00,185.0
2017-12-29 15:00:00,188.0
2017-12-29 16:00:00,186.33
2017-12-29 17:00:00,234.58
2017-12-29 18:00:00,238.67
2017-12-29 19:00:00,263.33
2017-12-29 20:00:00,288.67
2017-12-29 21:00:00,283.0
2017-12-29 22:00:00,324.67
2017-12-29 23:00:00,330.0
2017-12-30 00:00:00,302.83
2017-12-30 00:00:00,302.83
2017-12-30 01:00:00,253.5
2017-12-30 02:00:00,214.0
2017-12-30 03:00:00,217.25
2017-12-30 04:00:00,204.17
2017-12-30 05:00:00,194.33
2017-12-30 06:00:00,182.58
2017-12-30 07:00:00,179.67
2017-12-30 08:00:00,209.5
2017-12-30 09:00:00,203.5
2017-12-30 10:00:00,209.17
2017-12-30 11:00:00,205.33
2017-12-30 12:00:00,222.67
2017-12-30 13:00:00,212.67
2017-12-30 14:00:00,219.0
2017-12-30 15:00:00,193.33
2017-12-30 16:00:00,202.83
2017-12-30 17:00:00,255.0
2017-12-30 18:00:00,246.83
2017-12-30 19:00:00,268.33
2017-12-30 20:00:00,285.0
2017-12-30 21:00:00,292.83
2017-12-30 22:00:00,300.83
2017-12-30 23:00:00,280.67
2017-12-31 00:00:00,305.17
2017-12-31 00:00:00,305.17
2017-12-31 01:00:00,244.33
2017-12-31 02:00:00,225.83
2017-12-31 03:00:00,205.83
2017-12-31 04:00:00,190.33
2017-12-31 05:00:00,191.5
2017-12-31 06:00:00,180.33
2017-12-31 07:00:00,178.33
2017-12-31 08:00:00,190.33
2017-12-31 09:00:00,191.33
2017-12-31 10:00:00,198.33
2017-12-31 11:00:00,212.33
2017-12-31 12:00:00,210.67
2017-12-31 13:00:00,198.33
2017-12-31 14:00:00,207.0
2017-12-31 15:00:00,237.67
2017-12-31 16:00:00,196.0
2017-12-31 17:00:00,211.08
2017-12-31 18:00:00,257.5
2017-12-31 19:00:00,271.0
2017-12-31 20:00:00,289.33
2017-12-31 21:00:00,299.83
2017-12-31 22:00:00,300.67
2017-12-31 23:00:00,320.33
2018-01-01 00:00:00,309.33
