Time,Power (kW)
2017-01-01 00:00:00,
2017-01-01 01:00:00,
2017-01-01 02:00:00,
2017-01-01 03:00:00,
2017-01-01 04:00:00,
2017-01-01 05:00:00,
2017-01-01 06:00:00,
2017-01-01 07:00:00,
2017-01-01 08:00:00,
2017-01-01 09:00:00,
2017-01-01 10:00:00,
2017-01-01 11:00:00,
2017-01-01 12:00:00,
2017-01-01 13:00:00,
2017-01-01 14:00:00,
2017-01-01 15:00:00,
2017-01-01 16:00:00,
2017-01-01 17:00:00,
2017-01-01 18:00:00,
2017-01-01 19:00:00,
2017-01-01 20:00:00,
2017-01-01 21:00:00,
2017-01-01 22:00:00,
2017-01-01 23:00:00,
2017-01-02 00:00:00,
2017-01-02 00:00:00,
2017-01-02 01:00:00,
2017-01-02 02:00:00,
2017-01-02 03:00:00,
2017-01-02 04:00:00,
2017-01-02 05:00:00,
2017-01-02 06:00:00,
2017-01-02 07:00:00,
2017-01-02 08:00:00,
2017-01-02 09:00:00,
2017-01-02 10:00:00,
2017-01-02 11:00:00,
2017-01-02 12:00:00,
2017-01-02 13:00:00,
2017-01-02 14:00:00,
2017-01-02 15:00:00,
2017-01-02 16:00:00,
2017-01-02 17:00:00,
2017-01-02 18:00:00,
2017-01-02 19:00:00,
2017-01-02 20:00:00,
2017-01-02 21:00:00,
2017-01-02 22:00:00,
2017-01-02 23:00:00,
2017-01-03 00:00:00,
2017-01-03 00:00:00,
2017-01-03 01:00:00,
2017-01-03 02:00:00,
2017-01-03 03:00:00,
2017-01-03 04:00:00,
2017-01-03 05:00:00,
2017-01-03 06:00:00,
2017-01-03 07:00:00,
2017-01-03 08:00:00,
2017-01-03 09:00:00,
2017-01-03 10:00:00,
2017-01-03 11:00:00,
2017-01-03 12:00:00,
2017-01-03 13:00:00,
2017-01-03 14:00:00,
2017-01-03 15:00:00,
2017-01-03 16:00:00,
2017-01-03 17:00:00,
2017-01-03 18:00:00,
2017-01-03 19:00:00,
2017-01-03 20:00:00,
2017-01-03 21:00:00,
2017-01-03 22:00:00,
2017-01-03 23:00:00,
2017-01-04 00:00:00,
2017-01-04 00:00:00,
2017-01-04 01:00:00,
2017-01-04 02:00:00,
2017-01-04 03:00:00,
2017-01-04 04:00:00,
2017-01-04 05:00:00,
2017-01-04 06:00:00,
2017-01-04 07:00:00,
2017-01-04 08:00:00,
2017-01-04 09:00:00,
2017-01-04 10:00:00,
2017-01-04 11:00:00,
2017-01-04 12:00:00,
2017-01-04 13:00:00,
2017-01-04 14:00:00,
2017-01-04 15:00:00,
2017-01-04 16:00:00,
2017-01-04 17:00:00,
2017-01-04 18:00:00,
2017-01-04 19:00:00,
2017-01-04 20:00:00,
2017-01-04 21:00:00,
2017-01-04 22:00:00,
2017-01-04 23:00:00,
2017-01-05 00:00:00,
2017-01-05 00:00:00,
2017-01-05 01:00:00,
2017-01-05 02:00:00,
2017-01-05 03:00:00,
2017-01-05 04:00:00,
2017-01-05 05:00:00,
2017-01-05 06:00:00,
2017-01-05 07:00:00,
2017-01-05 08:00:00,
2017-01-05 09:00:00,
2017-01-05 10:00:00,
2017-01-05 11:00:00,
2017-01-05 12:00:00,
2017-01-05 13:00:00,
2017-01-05 14:00:00,
2017-01-05 15:00:00,
2017-01-05 16:00:00,
2017-01-05 17:00:00,
2017-01-05 18:00:00,868.58
2017-01-05 19:00:00,899.59
2017-01-05 20:00:00,960.1
2017-01-05 21:00:00,997.25
2017-01-05 22:00:00,1109.94
2017-01-05 23:00:00,1241.72
2017-01-06 00:00:00,1043.49
2017-01-06 00:00:00,1043.49
2017-01-06 01:00:00,787.01
2017-01-06 02:00:00,578.83
2017-01-06 03:00:00,476.29
2017-01-06 04:00:00,428.27
2017-01-06 05:00:00,483.0
2017-01-06 06:00:00,478.6
2017-01-06 07:00:00,484.43
2017-01-06 08:00:00,716.08
2017-01-06 09:00:00,822.78
2017-01-06 10:00:00,744.0
2017-01-06 11:00:00,672.79
2017-01-06 12:00:00,750.87
2017-01-06 13:00:00,614.69
2017-01-06 14:00:00,147.15
2017-01-06 15:00:00,703.88
2017-01-06 16:00:00,713.62
2017-01-06 17:00:00,725.85
2017-01-06 18:00:00,778.82
2017-01-06 19:00:00,852.15
2017-01-06 20:00:00,923.36
2017-01-06 21:00:00,990.03
2017-01-06 22:00:00,1070.51
2017-01-06 23:00:00,1143.25
2017-01-07 00:00:00,970.91
2017-01-07 00:00:00,970.91
2017-01-07 01:00:00,774.88
2017-01-07 02:00:00,601.13
2017-01-07 03:00:00,476.48
2017-01-07 04:00:00,418.56
2017-01-07 05:00:00,421.44
2017-01-07 06:00:00,469.88
2017-01-07 07:00:00,484.09
2017-01-07 08:00:00,599.47
2017-01-07 09:00:00,748.62
2017-01-07 10:00:00,697.98
2017-01-07 11:00:00,732.79
2017-01-07 12:00:00,784.56
2017-01-07 13:00:00,684.07
2017-01-07 14:00:00,658.87
2017-01-07 15:00:00,737.96
2017-01-07 16:00:00,796.09
2017-01-07 17:00:00,741.27
2017-01-07 18:00:00,846.79
2017-01-07 19:00:00,841.08
2017-01-07 20:00:00,901.29
2017-01-07 21:00:00,924.54
2017-01-07 22:00:00,970.66
2017-01-07 23:00:00,1068.75
2017-01-08 00:00:00,963.96
2017-01-08 00:00:00,963.96
2017-01-08 01:00:00,773.47
2017-01-08 02:00:00,582.99
2017-01-08 03:00:00,488.38
2017-01-08 04:00:00,421.58
2017-01-08 05:00:00,457.88
2017-01-08 06:00:00,472.8
2017-01-08 07:00:00,458.79
2017-01-08 08:00:00,537.97
2017-01-08 09:00:00,735.81
2017-01-08 10:00:00,725.44
2017-01-08 11:00:00,765.81
2017-01-08 12:00:00,855.36
2017-01-08 13:00:00,802.14
2017-01-08 14:00:00,733.2
2017-01-08 15:00:00,732.71
2017-01-08 16:00:00,854.89
2017-01-08 17:00:00,861.99
2017-01-08 18:00:00,928.51
2017-01-08 19:00:00,937.77
2017-01-08 20:00:00,899.27
2017-01-08 21:00:00,952.69
2017-01-08 22:00:00,1009.19
2017-01-08 23:00:00,1085.23
2017-01-09 00:00:00,928.99
2017-01-09 00:00:00,928.99
2017-01-09 01:00:00,759.77
2017-01-09 02:00:00,570.6
2017-01-09 03:00:00,483.18
2017-01-09 04:00:00,458.76
2017-01-09 05:00:00,493.71
2017-01-09 06:00:00,481.03
2017-01-09 07:00:00,481.38
2017-01-09 08:00:00,731.41
2017-01-09 09:00:00,841.58
2017-01-09 10:00:00,748.39
2017-01-09 11:00:00,666.22
2017-01-09 12:00:00,739.12
2017-01-09 13:00:00,691.95
2017-01-09 14:00:00,673.62
2017-01-09 15:00:00,661.24
2017-01-09 16:00:00,678.63
2017-01-09 17:00:00,718.17
2017-01-09 18:00:00,865.34
2017-01-09 19:00:00,852.19
2017-01-09 20:00:00,906.45
2017-01-09 21:00:00,938.96
2017-01-09 22:00:00,1012.42
2017-01-09 23:00:00,1103.79
2017-01-10 00:00:00,982.98
2017-01-10 00:00:00,982.98
2017-01-10 01:00:00,736.27
2017-01-10 02:00:00,509.56
2017-01-10 03:00:00,441.49
2017-01-10 04:00:00,403.0
2017-01-10 05:00:00,431.67
2017-01-10 06:00:00,472.62
2017-01-10 07:00:00,455.0
2017-01-10 08:00:00,769.06
2017-01-10 09:00:00,776.02
2017-01-10 10:00:00,684.07
2017-01-10 11:00:00,611.45
2017-01-10 12:00:00,672.69
2017-01-10 13:00:00,628.59
2017-01-10 14:00:00,618.51
2017-01-10 15:00:00,681.12
2017-01-10 16:00:00,662.43
2017-01-10 17:00:00,665.9
2017-01-10 18:00:00,716.41
2017-01-10 19:00:00,838.87
2017-01-10 20:00:00,980.09
2017-01-10 21:00:00,1005.21
2017-01-10 22:00:00,1038.87
2017-01-10 23:00:00,1145.83
2017-01-11 00:00:00,989.37
2017-01-11 00:00:00,989.37
2017-01-11 01:00:00,705.76
2017-01-11 02:00:00,512.37
2017-01-11 03:00:00,464.62
2017-01-11 04:00:00,417.88
2017-01-11 05:00:00,432.27
2017-01-11 06:00:00,449.95
2017-01-11 07:00:00,481.57
2017-01-11 08:00:00,719.36
2017-01-11 09:00:00,820.34
2017-01-11 10:00:00,
2017-01-11 11:00:00,
2017-01-11 12:00:00,765.69
2017-01-11 13:00:00,
2017-01-11 14:00:00,
2017-01-11 15:00:00,0.8
2017-01-11 16:00:00,
2017-01-11 17:00:00,
2017-01-11 18:00:00,823.38
2017-01-11 19:00:00,875.35
2017-01-11 20:00:00,934.9
2017-01-11 21:00:00,976.64
2017-01-11 22:00:00,1023.34
2017-01-11 23:00:00,1114.77
2017-01-12 00:00:00,980.97
2017-01-12 00:00:00,980.97
2017-01-12 01:00:00,697.73
2017-01-12 02:00:00,586.94
2017-01-12 03:00:00,454.7
2017-01-12 04:00:00,405.82
2017-01-12 05:00:00,448.87
2017-01-12 06:00:00,446.87
2017-01-12 07:00:00,485.42
2017-01-12 08:00:00,699.63
2017-01-12 09:00:00,843.48
2017-01-12 10:00:00,769.11
2017-01-12 11:00:00,689.71
2017-01-12 12:00:00,770.88
2017-01-12 13:00:00,683.98
2017-01-12 14:00:00,638.31
2017-01-12 15:00:00,719.79
2017-01-12 16:00:00,700.93
2017-01-12 17:00:00,685.52
2017-01-12 18:00:00,819.45
2017-01-12 19:00:00,811.11
2017-01-12 20:00:00,875.42
2017-01-12 21:00:00,950.71
2017-01-12 22:00:00,1083.64
2017-01-12 23:00:00,1095.28
2017-01-13 00:00:00,930.05
2017-01-13 00:00:00,930.05
2017-01-13 01:00:00,731.56
2017-01-13 02:00:00,564.23
2017-01-13 03:00:00,451.89
2017-01-13 04:00:00,411.16
2017-01-13 05:00:00,469.08
2017-01-13 06:00:00,471.84
2017-01-13 07:00:00,483.68
2017-01-13 08:00:00,656.84
2017-01-13 09:00:00,843.9
2017-01-13 10:00:00,758.02
2017-01-13 11:00:00,712.06
2017-01-13 12:00:00,709.32
2017-01-13 13:00:00,594.57
2017-01-13 14:00:00,579.21
2017-01-13 15:00:00,599.0
2017-01-13 16:00:00,612.46
2017-01-13 17:00:00,575.79
2017-01-13 18:00:00,747.17
2017-01-13 19:00:00,803.23
2017-01-13 20:00:00,849.16
2017-01-13 21:00:00,915.48
2017-01-13 22:00:00,970.94
2017-01-13 23:00:00,1028.39
2017-01-14 00:00:00,900.7
2017-01-14 00:00:00,900.7
2017-01-14 01:00:00,709.07
2017-01-14 02:00:00,545.52
2017-01-14 03:00:00,461.11
2017-01-14 04:00:00,439.39
2017-01-14 05:00:00,457.57
2017-01-14 06:00:00,465.77
2017-01-14 07:00:00,466.59
2017-01-14 08:00:00,530.08
2017-01-14 09:00:00,660.94
2017-01-14 10:00:00,733.83
2017-01-14 11:00:00,711.81
2017-01-14 12:00:00,686.19
2017-01-14 13:00:00,644.6
2017-01-14 14:00:00,586.29
2017-01-14 15:00:00,633.63
2017-01-14 16:00:00,688.19
2017-01-14 17:00:00,647.59
2017-01-14 18:00:00,800.71
2017-01-14 19:00:00,802.88
2017-01-14 20:00:00,863.89
2017-01-14 21:00:00,890.65
2017-01-14 22:00:00,945.06
2017-01-14 23:00:00,945.62
2017-01-15 00:00:00,879.2
2017-01-15 00:00:00,879.2
2017-01-15 01:00:00,693.3
2017-01-15 02:00:00,567.66
2017-01-15 03:00:00,455.22
2017-01-15 04:00:00,453.97
2017-01-15 05:00:00,428.24
2017-01-15 06:00:00,463.39
2017-01-15 07:00:00,423.08
2017-01-15 08:00:00,499.16
2017-01-15 09:00:00,600.84
2017-01-15 10:00:00,648.94
2017-01-15 11:00:00,705.92
2017-01-15 12:00:00,683.82
2017-01-15 13:00:00,632.72
2017-01-15 14:00:00,580.64
2017-01-15 15:00:00,635.22
2017-01-15 16:00:00,691.79
2017-01-15 17:00:00,666.85
2017-01-15 18:00:00,793.04
2017-01-15 19:00:00,790.77
2017-01-15 20:00:00,915.52
2017-01-15 21:00:00,889.32
2017-01-15 22:00:00,978.0
2017-01-15 23:00:00,946.61
2017-01-16 00:00:00,776.78
2017-01-16 00:00:00,776.78
2017-01-16 01:00:00,610.64
2017-01-16 02:00:00,459.85
2017-01-16 03:00:00,389.86
2017-01-16 04:00:00,361.16
2017-01-16 05:00:00,398.94
2017-01-16 06:00:00,434.78
2017-01-16 07:00:00,396.28
2017-01-16 08:00:00,574.82
2017-01-16 09:00:00,723.45
2017-01-16 10:00:00,644.9
2017-01-16 11:00:00,622.58
2017-01-16 12:00:00,670.97
2017-01-16 13:00:00,591.91
2017-01-16 14:00:00,492.57
2017-01-16 15:00:00,556.62
2017-01-16 16:00:00,584.93
2017-01-16 17:00:00,598.03
2017-01-16 18:00:00,624.61
2017-01-16 19:00:00,764.98
2017-01-16 20:00:00,845.02
2017-01-16 21:00:00,890.92
2017-01-16 22:00:00,921.22
2017-01-16 23:00:00,899.7
2017-01-17 00:00:00,770.06
2017-01-17 00:00:00,770.06
2017-01-17 01:00:00,630.75
2017-01-17 02:00:00,505.84
2017-01-17 03:00:00,
2017-01-17 04:00:00,436.07
2017-01-17 05:00:00,409.21
2017-01-17 06:00:00,489.01
2017-01-17 07:00:00,448.42
2017-01-17 08:00:00,559.78
2017-01-17 09:00:00,743.95
2017-01-17 10:00:00,626.63
2017-01-17 11:00:00,662.22
2017-01-17 12:00:00,588.87
2017-01-17 13:00:00,571.17
2017-01-17 14:00:00,564.78
2017-01-17 15:00:00,565.0
2017-01-17 16:00:00,532.89
2017-01-17 17:00:00,557.38
2017-01-17 18:00:00,589.36
2017-01-17 19:00:00,
2017-01-17 20:00:00,
2017-01-17 21:00:00,
2017-01-17 22:00:00,
2017-01-17 23:00:00,897.22
2017-01-18 00:00:00,781.81
2017-01-18 00:00:00,781.81
2017-01-18 01:00:00,579.02
2017-01-18 02:00:00,468.56
2017-01-18 03:00:00,391.64
2017-01-18 04:00:00,363.08
2017-01-18 05:00:00,383.93
2017-01-18 06:00:00,407.96
2017-01-18 07:00:00,381.85
2017-01-18 08:00:00,566.05
2017-01-18 09:00:00,706.7
2017-01-18 10:00:00,533.69
2017-01-18 11:00:00,573.91
2017-01-18 12:00:00,596.86
2017-01-18 13:00:00,531.07
2017-01-18 14:00:00,544.34
2017-01-18 15:00:00,601.96
2017-01-18 16:00:00,569.34
2017-01-18 17:00:00,583.93
2017-01-18 18:00:00,651.22
2017-01-18 19:00:00,729.35
2017-01-18 20:00:00,784.3
2017-01-18 21:00:00,793.0
2017-01-18 22:00:00,844.09
2017-01-18 23:00:00,869.99
2017-01-19 00:00:00,774.96
2017-01-19 00:00:00,774.96
2017-01-19 01:00:00,605.02
2017-01-19 02:00:00,453.87
2017-01-19 03:00:00,402.85
2017-01-19 04:00:00,388.18
2017-01-19 05:00:00,386.09
2017-01-19 06:00:00,411.28
2017-01-19 07:00:00,391.69
2017-01-19 08:00:00,562.36
2017-01-19 09:00:00,663.3
2017-01-19 10:00:00,580.31
2017-01-19 11:00:00,554.49
2017-01-19 12:00:00,579.97
2017-01-19 13:00:00,535.25
2017-01-19 14:00:00,468.2
2017-01-19 15:00:00,528.31
2017-01-19 16:00:00,518.59
2017-01-19 17:00:00,502.09
2017-01-19 18:00:00,596.53
2017-01-19 19:00:00,660.3
2017-01-19 20:00:00,686.08
2017-01-19 21:00:00,767.66
2017-01-19 22:00:00,841.4
2017-01-19 23:00:00,881.24
2017-01-20 00:00:00,777.8
2017-01-20 00:00:00,777.8
2017-01-20 01:00:00,618.45
2017-01-20 02:00:00,443.72
2017-01-20 03:00:00,
2017-01-20 04:00:00,358.47
2017-01-20 05:00:00,398.06
2017-01-20 06:00:00,394.32
2017-01-20 07:00:00,409.28
2017-01-20 08:00:00,553.33
2017-01-20 09:00:00,737.95
2017-01-20 10:00:00,587.98
2017-01-20 11:00:00,578.73
2017-01-20 12:00:00,611.94
2017-01-20 13:00:00,596.42
2017-01-20 14:00:00,511.18
2017-01-20 15:00:00,527.0
2017-01-20 16:00:00,561.97
2017-01-20 17:00:00,532.35
2017-01-20 18:00:00,610.77
2017-01-20 19:00:00,730.82
2017-01-20 20:00:00,785.52
2017-01-20 21:00:00,765.15
2017-01-20 22:00:00,794.51
2017-01-20 23:00:00,767.97
2017-01-21 00:00:00,755.51
2017-01-21 00:00:00,755.51
2017-01-21 01:00:00,618.13
2017-01-21 02:00:00,516.16
2017-01-21 03:00:00,436.64
2017-01-21 04:00:00,412.39
2017-01-21 05:00:00,389.58
2017-01-21 06:00:00,415.18
2017-01-21 07:00:00,390.33
2017-01-21 08:00:00,448.12
2017-01-21 09:00:00,609.73
2017-01-21 10:00:00,616.85
2017-01-21 11:00:00,602.08
2017-01-21 12:00:00,592.14
2017-01-21 13:00:00,552.63
2017-01-21 14:00:00,443.24
2017-01-21 15:00:00,465.93
2017-01-21 16:00:00,494.26
2017-01-21 17:00:00,524.76
2017-01-21 18:00:00,579.85
2017-01-21 19:00:00,593.98
2017-01-21 20:00:00,619.24
2017-01-21 21:00:00,617.57
2017-01-21 22:00:00,643.98
2017-01-21 23:00:00,638.79
2017-01-22 00:00:00,621.33
2017-01-22 00:00:00,621.33
2017-01-22 01:00:00,525.39
2017-01-22 02:00:00,465.23
2017-01-22 03:00:00,380.63
2017-01-22 04:00:00,369.07
2017-01-22 05:00:00,358.29
2017-01-22 06:00:00,393.36
2017-01-22 07:00:00,388.97
2017-01-22 08:00:00,465.73
2017-01-22 09:00:00,593.27
2017-01-22 10:00:00,523.11
2017-01-22 11:00:00,504.25
2017-01-22 12:00:00,493.62
2017-01-22 13:00:00,511.58
2017-01-22 14:00:00,501.38
2017-01-22 15:00:00,445.65
2017-01-22 16:00:00,456.46
2017-01-22 17:00:00,480.03
2017-01-22 18:00:00,503.17
2017-01-22 19:00:00,575.87
2017-01-22 20:00:00,618.86
2017-01-22 21:00:00,648.42
2017-01-22 22:00:00,632.72
2017-01-22 23:00:00,579.73
2017-01-23 00:00:00,507.22
2017-01-23 00:00:00,507.22
2017-01-23 01:00:00,412.47
2017-01-23 02:00:00,362.58
2017-01-23 03:00:00,362.97
2017-01-23 04:00:00,340.2
2017-01-23 05:00:00,338.58
2017-01-23 06:00:00,350.94
2017-01-23 07:00:00,346.6
2017-01-23 08:00:00,454.57
2017-01-23 09:00:00,520.56
2017-01-23 10:00:00,480.11
2017-01-23 11:00:00,451.97
2017-01-23 12:00:00,479.27
2017-01-23 13:00:00,439.79
2017-01-23 14:00:00,408.74
2017-01-23 15:00:00,379.96
2017-01-23 16:00:00,402.8
2017-01-23 17:00:00,402.32
2017-01-23 18:00:00,509.35
2017-01-23 19:00:00,569.12
2017-01-23 20:00:00,601.55
2017-01-23 21:00:00,571.72
2017-01-23 22:00:00,594.96
2017-01-23 23:00:00,535.37
2017-01-24 00:00:00,496.98
2017-01-24 00:00:00,496.98
2017-01-24 01:00:00,421.97
2017-01-24 02:00:00,351.36
2017-01-24 03:00:00,327.29
2017-01-24 04:00:00,314.31
2017-01-24 05:00:00,321.63
2017-01-24 06:00:00,344.27
2017-01-24 07:00:00,368.31
2017-01-24 08:00:00,423.18
2017-01-24 09:00:00,535.05
2017-01-24 10:00:00,447.67
2017-01-24 11:00:00,455.58
2017-01-24 12:00:00,451.92
2017-01-24 13:00:00,378.01
2017-01-24 14:00:00,415.16
2017-01-24 15:00:00,395.95
2017-01-24 16:00:00,404.43
2017-01-24 17:00:00,394.84
2017-01-24 18:00:00,448.88
2017-01-24 19:00:00,532.19
2017-01-24 20:00:00,534.62
2017-01-24 21:00:00,534.25
2017-01-24 22:00:00,571.53
2017-01-24 23:00:00,522.5
2017-01-25 00:00:00,474.12
2017-01-25 00:00:00,474.12
2017-01-25 01:00:00,410.46
2017-01-25 02:00:00,337.07
2017-01-25 03:00:00,317.88
2017-01-25 04:00:00,258.75
2017-01-25 05:00:00,324.66
2017-01-25 06:00:00,322.44
2017-01-25 07:00:00,354.93
2017-01-25 08:00:00,439.93
2017-01-25 09:00:00,468.42
2017-01-25 10:00:00,416.73
2017-01-25 11:00:00,403.32
2017-01-25 12:00:00,421.6
2017-01-25 13:00:00,352.25
2017-01-25 14:00:00,331.25
2017-01-25 15:00:00,315.55
2017-01-25 16:00:00,318.27
2017-01-25 17:00:00,331.61
2017-01-25 18:00:00,384.36
2017-01-25 19:00:00,446.04
2017-01-25 20:00:00,382.82
2017-01-25 21:00:00,391.21
2017-01-25 22:00:00,402.16
2017-01-25 23:00:00,376.13
2017-01-26 00:00:00,366.87
2017-01-26 00:00:00,366.87
2017-01-26 01:00:00,307.71
2017-01-26 02:00:00,289.45
2017-01-26 03:00:00,273.36
2017-01-26 04:00:00,248.98
2017-01-26 05:00:00,287.03
2017-01-26 06:00:00,294.6
2017-01-26 07:00:00,298.12
2017-01-26 08:00:00,294.95
2017-01-26 09:00:00,372.46
2017-01-26 10:00:00,353.34
2017-01-26 11:00:00,336.77
2017-01-26 12:00:00,297.45
2017-01-26 13:00:00,269.05
2017-01-26 14:00:00,281.39
2017-01-26 15:00:00,253.86
2017-01-26 16:00:00,264.57
2017-01-26 17:00:00,260.41
2017-01-26 18:00:00,317.53
2017-01-26 19:00:00,320.72
2017-01-26 20:00:00,333.82
2017-01-26 21:00:00,360.25
2017-01-26 22:00:00,345.93
2017-01-26 23:00:00,313.95
2017-01-27 00:00:00,342.12
2017-01-27 00:00:00,342.12
2017-01-27 01:00:00,262.59
2017-01-27 02:00:00,244.1
2017-01-27 03:00:00,240.92
2017-01-27 04:00:00,231.01
2017-01-27 05:00:00,230.81
2017-01-27 06:00:00,253.45
2017-01-27 07:00:00,238.39
2017-01-27 08:00:00,221.09
2017-01-27 09:00:00,288.62
2017-01-27 10:00:00,264.24
2017-01-27 11:00:00,252.04
2017-01-27 12:00:00,250.06
2017-01-27 13:00:00,254.01
2017-01-27 14:00:00,251.88
2017-01-27 15:00:00,236.72
2017-01-27 16:00:00,232.26
2017-01-27 17:00:00,241.4
2017-01-27 18:00:00,277.15
2017-01-27 19:00:00,257.56
2017-01-27 20:00:00,268.65
2017-01-27 21:00:00,280.57
2017-01-27 22:00:00,278.49
2017-01-27 23:00:00,273.17
2017-01-28 00:00:00,258.32
2017-01-28 00:00:00,258.32
2017-01-28 01:00:00,269.7
2017-01-28 02:00:00,250.3
2017-01-28 03:00:00,223.71
2017-01-28 04:00:00,234.44
2017-01-28 05:00:00,235.09
2017-01-28 06:00:00,229.26
2017-01-28 07:00:00,223.31
2017-01-28 08:00:00,231.21
2017-01-28 09:00:00,219.17
2017-01-28 10:00:00,219.74
2017-01-28 11:00:00,214.94
2017-01-28 12:00:00,238.04
2017-01-28 13:00:00,215.56
2017-01-28 14:00:00,230.87
2017-01-28 15:00:00,210.81
2017-01-28 16:00:00,218.71
2017-01-28 17:00:00,206.4
2017-01-28 18:00:00,274.73
2017-01-28 19:00:00,265.12
2017-01-28 20:00:00,286.5
2017-01-28 21:00:00,276.0
2017-01-28 22:00:00,255.74
2017-01-28 23:00:00,277.12
2017-01-29 00:00:00,242.04
2017-01-29 00:00:00,242.04
2017-01-29 01:00:00,239.89
2017-01-29 02:00:00,242.48
2017-01-29 03:00:00,214.08
2017-01-29 04:00:00,231.1
2017-01-29 05:00:00,212.54
2017-01-29 06:00:00,231.72
2017-01-29 07:00:00,202.39
2017-01-29 08:00:00,213.83
2017-01-29 09:00:00,227.95
2017-01-29 10:00:00,231.39
2017-01-29 11:00:00,211.1
2017-01-29 12:00:00,203.32
2017-01-29 13:00:00,187.23
2017-01-29 14:00:00,192.62
2017-01-29 15:00:00,198.6
2017-01-29 16:00:00,186.02
2017-01-29 17:00:00,192.69
2017-01-29 18:00:00,247.9
2017-01-29 19:00:00,268.79
2017-01-29 20:00:00,275.73
2017-01-29 21:00:00,268.73
2017-01-29 22:00:00,262.24
2017-01-29 23:00:00,260.09
2017-01-30 00:00:00,266.63
2017-01-30 00:00:00,266.63
2017-01-30 01:00:00,243.17
2017-01-30 02:00:00,235.9
2017-01-30 03:00:00,229.88
2017-01-30 04:00:00,209.76
2017-01-30 05:00:00,215.37
2017-01-30 06:00:00,217.7
2017-01-30 07:00:00,205.71
2017-01-30 08:00:00,224.8
2017-01-30 09:00:00,221.01
2017-01-30 10:00:00,230.79
2017-01-30 11:00:00,243.75
2017-01-30 12:00:00,247.65
2017-01-30 13:00:00,261.24
2017-01-30 14:00:00,251.99
2017-01-30 15:00:00,244.61
2017-01-30 16:00:00,226.53
2017-01-30 17:00:00,235.96
2017-01-30 18:00:00,271.24
2017-01-30 19:00:00,289.78
2017-01-30 20:00:00,320.12
2017-01-30 21:00:00,319.06
2017-01-30 22:00:00,289.65
2017-01-30 23:00:00,282.5
2017-01-31 00:00:00,275.15
2017-01-31 00:00:00,275.15
2017-01-31 01:00:00,270.25
2017-01-31 02:00:00,256.18
2017-01-31 03:00:00,244.05
2017-01-31 04:00:00,225.8
2017-01-31 05:00:00,216.49
2017-01-31 06:00:00,233.07
2017-01-31 07:00:00,234.53
2017-01-31 08:00:00,254.36
2017-01-31 09:00:00,283.35
2017-01-31 10:00:00,244.2
2017-01-31 11:00:00,269.41
2017-01-31 12:00:00,261.14
2017-01-31 13:00:00,238.02
2017-01-31 14:00:00,249.89
2017-01-31 15:00:00,235.83
2017-01-31 16:00:00,243.26
2017-01-31 17:00:00,227.48
2017-01-31 18:00:00,289.75
2017-01-31 19:00:00,303.53
2017-01-31 20:00:00,319.99
2017-01-31 21:00:00,311.83
2017-01-31 22:00:00,326.09
2017-01-31 23:00:00,315.22
2017-02-01 00:00:00,286.25
2017-01-31 00:00:00,275.15
2017-01-31 01:00:00,270.25
2017-01-31 02:00:00,256.18
2017-01-31 03:00:00,244.05
2017-01-31 04:00:00,225.8
2017-01-31 05:00:00,216.49
2017-01-31 06:00:00,233.07
2017-01-31 07:00:00,234.53
2017-01-31 08:00:00,254.36
2017-01-31 09:00:00,283.35
2017-01-31 10:00:00,244.2
2017-01-31 11:00:00,269.41
2017-01-31 12:00:00,261.14
2017-01-31 13:00:00,238.02
2017-01-31 14:00:00,249.89
2017-01-31 15:00:00,235.83
2017-01-31 16:00:00,243.26
2017-01-31 17:00:00,227.48
2017-01-31 18:00:00,289.75
2017-01-31 19:00:00,303.53
2017-01-31 20:00:00,319.99
2017-01-31 21:00:00,311.83
2017-01-31 22:00:00,326.09
2017-01-31 23:00:00,315.22
2017-02-01 00:00:00,286.25
2017-02-02 00:00:00,320.78
2017-02-02 01:00:00,293.12
2017-02-02 02:00:00,276.71
2017-02-02 03:00:00,254.85
2017-02-02 04:00:00,233.99
2017-02-02 05:00:00,219.51
2017-02-02 06:00:00,248.29
2017-02-02 07:00:00,232.89
2017-02-02 08:00:00,256.78
2017-02-02 09:00:00,302.9
2017-02-02 10:00:00,299.52
2017-02-02 11:00:00,333.58
2017-02-02 12:00:00,301.39
2017-02-02 13:00:00,274.07
2017-02-02 14:00:00,287.46
2017-02-02 15:00:00,298.58
2017-02-02 16:00:00,286.2
2017-02-02 17:00:00,332.06
2017-02-02 18:00:00,419.53
2017-02-02 19:00:00,435.4
2017-02-02 20:00:00,454.45
2017-02-02 21:00:00,476.02
2017-02-02 22:00:00,508.75
2017-02-02 23:00:00,437.21
2017-02-03 00:00:00,356.9
2017-02-03 00:00:00,356.9
2017-02-03 01:00:00,349.02
2017-02-03 02:00:00,319.34
2017-02-03 03:00:00,276.21
2017-02-03 04:00:00,262.34
2017-02-03 05:00:00,249.73
2017-02-03 06:00:00,280.14
2017-02-03 07:00:00,262.17
2017-02-03 08:00:00,331.7
2017-02-03 09:00:00,417.99
2017-02-03 10:00:00,384.02
2017-02-03 11:00:00,359.27
2017-02-03 12:00:00,372.14
2017-02-03 13:00:00,395.43
2017-02-03 14:00:00,392.69
2017-02-03 15:00:00,377.8
2017-02-03 16:00:00,426.68
2017-02-03 17:00:00,404.48
2017-02-03 18:00:00,435.03
2017-02-03 19:00:00,483.94
2017-02-03 20:00:00,513.44
2017-02-03 21:00:00,573.35
2017-02-03 22:00:00,509.95
2017-02-03 23:00:00,506.84
2017-02-04 00:00:00,416.8
2017-02-04 00:00:00,416.8
2017-02-04 01:00:00,354.02
2017-02-04 02:00:00,322.55
2017-02-04 03:00:00,316.26
2017-02-04 04:00:00,290.63
2017-02-04 05:00:00,286.65
2017-02-04 06:00:00,304.26
2017-02-04 07:00:00,274.13
2017-02-04 08:00:00,372.84
2017-02-04 09:00:00,439.89
2017-02-04 10:00:00,431.45
2017-02-04 11:00:00,415.13
2017-02-04 12:00:00,407.13
2017-02-04 13:00:00,469.75
2017-02-04 14:00:00,411.87
2017-02-04 15:00:00,366.02
2017-02-04 16:00:00,426.24
2017-02-04 17:00:00,387.16
2017-02-04 18:00:00,439.82
2017-02-04 19:00:00,487.03
2017-02-04 20:00:00,555.53
2017-02-04 21:00:00,531.13
2017-02-04 22:00:00,548.29
2017-02-04 23:00:00,520.51
2017-02-05 00:00:00,439.95
2017-02-05 00:00:00,439.95
2017-02-05 01:00:00,385.69
2017-02-05 02:00:00,348.08
2017-02-05 03:00:00,300.15
2017-02-05 04:00:00,298.64
2017-02-05 05:00:00,288.04
2017-02-05 06:00:00,286.13
2017-02-05 07:00:00,284.77
2017-02-05 08:00:00,345.39
2017-02-05 09:00:00,450.14
2017-02-05 10:00:00,435.29
2017-02-05 11:00:00,451.1
2017-02-05 12:00:00,465.41
2017-02-05 13:00:00,451.9
2017-02-05 14:00:00,456.39
2017-02-05 15:00:00,462.03
2017-02-05 16:00:00,437.23
2017-02-05 17:00:00,458.42
2017-02-05 18:00:00,553.0
2017-02-05 19:00:00,582.95
2017-02-05 20:00:00,657.24
2017-02-05 21:00:00,699.26
2017-02-05 22:00:00,679.23
2017-02-05 23:00:00,625.99
2017-02-06 00:00:00,514.07
2017-02-06 00:00:00,514.07
2017-02-06 01:00:00,413.59
2017-02-06 02:00:00,364.25
2017-02-06 03:00:00,290.75
2017-02-06 04:00:00,275.3
2017-02-06 05:00:00,279.41
2017-02-06 06:00:00,316.36
2017-02-06 07:00:00,309.8
2017-02-06 08:00:00,435.93
2017-02-06 09:00:00,566.37
2017-02-06 10:00:00,491.07
2017-02-06 11:00:00,469.0
2017-02-06 12:00:00,487.94
2017-02-06 13:00:00,511.7
2017-02-06 14:00:00,427.82
2017-02-06 15:00:00,443.94
2017-02-06 16:00:00,439.18
2017-02-06 17:00:00,502.91
2017-02-06 18:00:00,597.04
2017-02-06 19:00:00,657.83
2017-02-06 20:00:00,759.09
2017-02-06 21:00:00,761.26
2017-02-06 22:00:00,827.03
2017-02-06 23:00:00,724.33
2017-02-07 00:00:00,568.29
2017-02-07 00:00:00,568.29
2017-02-07 01:00:00,449.19
2017-02-07 02:00:00,368.6
2017-02-07 03:00:00,331.08
2017-02-07 04:00:00,318.9
2017-02-07 05:00:00,320.09
2017-02-07 06:00:00,326.88
2017-02-07 07:00:00,339.46
2017-02-07 08:00:00,501.33
2017-02-07 09:00:00,557.16
2017-02-07 10:00:00,492.7
2017-02-07 11:00:00,440.84
2017-02-07 12:00:00,478.56
2017-02-07 13:00:00,429.05
2017-02-07 14:00:00,454.15
2017-02-07 15:00:00,446.61
2017-02-07 16:00:00,446.24
2017-02-07 17:00:00,473.44
2017-02-07 18:00:00,567.58
2017-02-07 19:00:00,686.29
2017-02-07 20:00:00,733.51
2017-02-07 21:00:00,769.25
2017-02-07 22:00:00,872.66
2017-02-07 23:00:00,776.6
2017-02-08 00:00:00,593.42
2017-02-08 00:00:00,593.42
2017-02-08 01:00:00,479.98
2017-02-08 02:00:00,388.41
2017-02-08 03:00:00,341.3
2017-02-08 04:00:00,322.1
2017-02-08 05:00:00,312.79
2017-02-08 06:00:00,327.78
2017-02-08 07:00:00,381.82
2017-02-08 08:00:00,518.87
2017-02-08 09:00:00,600.94
2017-02-08 10:00:00,530.0
2017-02-08 11:00:00,494.47
2017-02-08 12:00:00,544.88
2017-02-08 13:00:00,523.91
2017-02-08 14:00:00,540.74
2017-02-08 15:00:00,536.53
2017-02-08 16:00:00,498.58
2017-02-08 17:00:00,517.72
2017-02-08 18:00:00,641.9
2017-02-08 19:00:00,746.9
2017-02-08 20:00:00,840.55
2017-02-08 21:00:00,810.59
2017-02-08 22:00:00,849.41
2017-02-08 23:00:00,829.52
2017-02-09 00:00:00,699.56
2017-02-09 00:00:00,699.56
2017-02-09 01:00:00,523.05
2017-02-09 02:00:00,442.72
2017-02-09 03:00:00,404.05
2017-02-09 04:00:00,399.95
2017-02-09 05:00:00,396.84
2017-02-09 06:00:00,407.95
2017-02-09 07:00:00,421.13
2017-02-09 08:00:00,571.56
2017-02-09 09:00:00,653.26
2017-02-09 10:00:00,565.44
2017-02-09 11:00:00,537.28
2017-02-09 12:00:00,560.29
2017-02-09 13:00:00,550.52
2017-02-09 14:00:00,542.21
2017-02-09 15:00:00,516.61
2017-02-09 16:00:00,503.42
2017-02-09 17:00:00,533.52
2017-02-09 18:00:00,680.63
2017-02-09 19:00:00,774.55
2017-02-09 20:00:00,815.64
2017-02-09 21:00:00,817.29
2017-02-09 22:00:00,919.53
2017-02-09 23:00:00,899.65
2017-02-10 00:00:00,720.41
2017-02-10 00:00:00,720.41
2017-02-10 01:00:00,567.3
2017-02-10 02:00:00,477.76
2017-02-10 03:00:00,402.61
2017-02-10 04:00:00,397.49
2017-02-10 05:00:00,402.85
2017-02-10 06:00:00,433.43
2017-02-10 07:00:00,424.91
2017-02-10 08:00:00,577.41
2017-02-10 09:00:00,647.93
2017-02-10 10:00:00,588.88
2017-02-10 11:00:00,587.0
2017-02-10 12:00:00,589.63
2017-02-10 13:00:00,553.48
2017-02-10 14:00:00,533.66
2017-02-10 15:00:00,510.67
2017-02-10 16:00:00,513.24
2017-02-10 17:00:00,562.19
2017-02-10 18:00:00,655.1
2017-02-10 19:00:00,749.63
2017-02-10 20:00:00,815.55
2017-02-10 21:00:00,874.19
2017-02-10 22:00:00,870.67
2017-02-10 23:00:00,928.31
2017-02-11 00:00:00,831.95
2017-02-11 00:00:00,831.95
2017-02-11 01:00:00,651.72
2017-02-11 02:00:00,533.78
2017-02-11 03:00:00,457.54
2017-02-11 04:00:00,413.04
2017-02-11 05:00:00,444.02
2017-02-11 06:00:00,452.8
2017-02-11 07:00:00,444.33
2017-02-11 08:00:00,492.34
2017-02-11 09:00:00,677.26
2017-02-11 10:00:00,707.02
2017-02-11 11:00:00,638.47
2017-02-11 12:00:00,656.01
2017-02-11 13:00:00,627.06
2017-02-11 14:00:00,602.05
2017-02-11 15:00:00,579.29
2017-02-11 16:00:00,581.87
2017-02-11 17:00:00,608.73
2017-02-11 18:00:00,673.51
2017-02-11 19:00:00,722.69
2017-02-11 20:00:00,776.72
2017-02-11 21:00:00,817.61
2017-02-11 22:00:00,884.11
2017-02-11 23:00:00,889.77
2017-02-12 00:00:00,810.43
2017-02-12 00:00:00,810.43
2017-02-12 01:00:00,642.42
2017-02-12 02:00:00,549.82
2017-02-12 03:00:00,468.53
2017-02-12 04:00:00,419.8
2017-02-12 05:00:00,430.86
2017-02-12 06:00:00,425.41
2017-02-12 07:00:00,408.84
2017-02-12 08:00:00,490.26
2017-02-12 09:00:00,608.39
2017-02-12 10:00:00,641.63
2017-02-12 11:00:00,618.14
2017-02-12 12:00:00,688.0
2017-02-12 13:00:00,584.27
2017-02-12 14:00:00,549.19
2017-02-12 15:00:00,578.18
2017-02-12 16:00:00,615.38
2017-02-12 17:00:00,660.27
2017-02-12 18:00:00,766.28
2017-02-12 19:00:00,804.67
2017-02-12 20:00:00,892.54
2017-02-12 21:00:00,973.84
2017-02-12 22:00:00,1049.05
2017-02-12 23:00:00,970.54
2017-02-13 00:00:00,815.48
2017-02-13 00:00:00,815.48
2017-02-13 01:00:00,610.07
2017-02-13 02:00:00,481.06
2017-02-13 03:00:00,423.94
2017-02-13 04:00:00,421.39
2017-02-13 05:00:00,437.33
2017-02-13 06:00:00,442.62
2017-02-13 07:00:00,422.11
2017-02-13 08:00:00,642.5
2017-02-13 09:00:00,713.07
2017-02-13 10:00:00,637.62
2017-02-13 11:00:00,549.43
2017-02-13 12:00:00,567.21
2017-02-13 13:00:00,545.27
2017-02-13 14:00:00,525.61
2017-02-13 15:00:00,511.39
2017-02-13 16:00:00,528.56
2017-02-13 17:00:00,583.98
2017-02-13 18:00:00,667.38
2017-02-13 19:00:00,772.13
2017-02-13 20:00:00,861.22
2017-02-13 21:00:00,931.53
2017-02-13 22:00:00,1063.45
2017-02-13 23:00:00,1041.79
2017-02-14 00:00:00,852.98
2017-02-14 00:00:00,852.98
2017-02-14 01:00:00,593.66
2017-02-14 02:00:00,455.38
2017-02-14 03:00:00,382.08
2017-02-14 04:00:00,362.87
2017-02-14 05:00:00,430.6
2017-02-14 06:00:00,461.51
2017-02-14 07:00:00,417.02
2017-02-14 08:00:00,675.52
2017-02-14 09:00:00,799.16
2017-02-14 10:00:00,650.77
2017-02-14 11:00:00,597.54
2017-02-14 12:00:00,617.35
2017-02-14 13:00:00,501.99
2017-02-14 14:00:00,503.74
2017-02-14 15:00:00,514.91
2017-02-14 16:00:00,519.16
2017-02-14 17:00:00,574.85
2017-02-14 18:00:00,676.13
2017-02-14 19:00:00,743.19
2017-02-14 20:00:00,789.73
2017-02-14 21:00:00,838.09
2017-02-14 22:00:00,879.78
2017-02-14 23:00:00,991.96
2017-02-15 00:00:00,845.49
2017-02-15 00:00:00,845.49
2017-02-15 01:00:00,647.96
2017-02-15 02:00:00,450.69
2017-02-15 03:00:00,371.8
2017-02-15 04:00:00,378.32
2017-02-15 05:00:00,401.55
2017-02-15 06:00:00,428.85
2017-02-15 07:00:00,432.11
2017-02-15 08:00:00,654.53
2017-02-15 09:00:00,694.84
2017-02-15 10:00:00,677.76
2017-02-15 11:00:00,651.66
2017-02-15 12:00:00,616.34
2017-02-15 13:00:00,556.71
2017-02-15 14:00:00,476.32
2017-02-15 15:00:00,523.57
2017-02-15 16:00:00,536.72
2017-02-15 17:00:00,529.4
2017-02-15 18:00:00,661.29
2017-02-15 19:00:00,755.42
2017-02-15 20:00:00,804.21
2017-02-15 21:00:00,845.44
2017-02-15 22:00:00,947.04
2017-02-15 23:00:00,1013.64
2017-02-16 00:00:00,811.05
2017-02-16 00:00:00,811.05
2017-02-16 01:00:00,616.1
2017-02-16 02:00:00,465.45
2017-02-16 03:00:00,400.66
2017-02-16 04:00:00,380.78
2017-02-16 05:00:00,403.34
2017-02-16 06:00:00,449.03
2017-02-16 07:00:00,445.08
2017-02-16 08:00:00,669.97
2017-02-16 09:00:00,767.39
2017-02-16 10:00:00,729.67
2017-02-16 11:00:00,646.01
2017-02-16 12:00:00,631.5
2017-02-16 13:00:00,560.15
2017-02-16 14:00:00,517.85
2017-02-16 15:00:00,535.12
2017-02-16 16:00:00,547.24
2017-02-16 17:00:00,512.69
2017-02-16 18:00:00,608.48
2017-02-16 19:00:00,747.23
2017-02-16 20:00:00,779.54
2017-02-16 21:00:00,864.2
2017-02-16 22:00:00,953.49
2017-02-16 23:00:00,966.03
2017-02-17 00:00:00,709.29
2017-02-17 00:00:00,709.29
2017-02-17 01:00:00,516.8
2017-02-17 02:00:00,430.94
2017-02-17 03:00:00,358.32
2017-02-17 04:00:00,351.7
2017-02-17 05:00:00,367.85
2017-02-17 06:00:00,410.78
2017-02-17 07:00:00,411.57
2017-02-17 08:00:00,618.08
2017-02-17 09:00:00,800.53
2017-02-17 10:00:00,662.24
2017-02-17 11:00:00,607.2
2017-02-17 12:00:00,607.39
2017-02-17 13:00:00,703.07
2017-02-17 14:00:00,629.52
2017-02-17 15:00:00,592.49
2017-02-17 16:00:00,629.45
2017-02-17 17:00:00,616.78
2017-02-17 18:00:00,747.21
2017-02-17 19:00:00,789.86
2017-02-17 20:00:00,899.86
2017-02-17 21:00:00,866.97
2017-02-17 22:00:00,914.5
2017-02-17 23:00:00,953.35
2017-02-18 00:00:00,866.28
2017-02-18 00:00:00,866.28
2017-02-18 01:00:00,634.12
2017-02-18 02:00:00,445.19
2017-02-18 03:00:00,382.72
2017-02-18 04:00:00,386.22
2017-02-18 05:00:00,395.92
2017-02-18 06:00:00,448.2
2017-02-18 07:00:00,448.88
2017-02-18 08:00:00,528.12
2017-02-18 09:00:00,717.48
2017-02-18 10:00:00,709.02
2017-02-18 11:00:00,692.32
2017-02-18 12:00:00,681.65
2017-02-18 13:00:00,594.1
2017-02-18 14:00:00,536.19
2017-02-18 15:00:00,558.93
2017-02-18 16:00:00,586.97
2017-02-18 17:00:00,624.33
2017-02-18 18:00:00,747.85
2017-02-18 19:00:00,797.3
2017-02-18 20:00:00,822.32
2017-02-18 21:00:00,849.45
2017-02-18 22:00:00,885.54
2017-02-18 23:00:00,950.12
2017-02-19 00:00:00,774.43
2017-02-19 00:00:00,774.43
2017-02-19 01:00:00,567.37
2017-02-19 02:00:00,500.12
2017-02-19 03:00:00,381.56
2017-02-19 04:00:00,375.65
2017-02-19 05:00:00,392.6
2017-02-19 06:00:00,412.35
2017-02-19 07:00:00,393.68
2017-02-19 08:00:00,483.46
2017-02-19 09:00:00,659.17
2017-02-19 10:00:00,690.88
2017-02-19 11:00:00,703.02
2017-02-19 12:00:00,736.03
2017-02-19 13:00:00,656.16
2017-02-19 14:00:00,582.69
2017-02-19 15:00:00,607.31
2017-02-19 16:00:00,665.79
2017-02-19 17:00:00,662.9
2017-02-19 18:00:00,776.57
2017-02-19 19:00:00,849.98
2017-02-19 20:00:00,858.82
2017-02-19 21:00:00,952.13
2017-02-19 22:00:00,959.93
2017-02-19 23:00:00,925.13
2017-02-20 00:00:00,730.98
2017-02-20 00:00:00,730.98
2017-02-20 01:00:00,543.45
2017-02-20 02:00:00,412.66
2017-02-20 03:00:00,391.97
2017-02-20 04:00:00,328.73
2017-02-20 05:00:00,359.61
2017-02-20 06:00:00,391.23
2017-02-20 07:00:00,414.53
2017-02-20 08:00:00,599.91
2017-02-20 09:00:00,752.15
2017-02-20 10:00:00,641.26
2017-02-20 11:00:00,668.0
2017-02-20 12:00:00,688.95
2017-02-20 13:00:00,648.74
2017-02-20 14:00:00,563.6
2017-02-20 15:00:00,607.69
2017-02-20 16:00:00,682.5
2017-02-20 17:00:00,679.02
2017-02-20 18:00:00,761.2
2017-02-20 19:00:00,854.14
2017-02-20 20:00:00,904.05
2017-02-20 21:00:00,1037.83
2017-02-20 22:00:00,1052.84
2017-02-20 23:00:00,1128.41
2017-02-21 00:00:00,864.41
2017-02-21 00:00:00,864.41
2017-02-21 01:00:00,667.5
2017-02-21 02:00:00,490.84
2017-02-21 03:00:00,433.13
2017-02-21 04:00:00,417.67
2017-02-21 05:00:00,438.97
2017-02-21 06:00:00,476.56
2017-02-21 07:00:00,468.1
2017-02-21 08:00:00,648.59
2017-02-21 09:00:00,781.51
2017-02-21 10:00:00,713.67
2017-02-21 11:00:00,708.47
2017-02-21 12:00:00,680.59
2017-02-21 13:00:00,648.73
2017-02-21 14:00:00,613.79
2017-02-21 15:00:00,641.67
2017-02-21 16:00:00,685.66
2017-02-21 17:00:00,733.34
2017-02-21 18:00:00,822.74
2017-02-21 19:00:00,947.06
2017-02-21 20:00:00,953.81
2017-02-21 21:00:00,977.04
2017-02-21 22:00:00,1087.54
2017-02-21 23:00:00,1130.88
2017-02-22 00:00:00,897.05
2017-02-22 00:00:00,897.05
2017-02-22 01:00:00,655.2
2017-02-22 02:00:00,491.22
2017-02-22 03:00:00,447.99
2017-02-22 04:00:00,408.13
2017-02-22 05:00:00,431.91
2017-02-22 06:00:00,468.72
2017-02-22 07:00:00,458.34
2017-02-22 08:00:00,672.45
2017-02-22 09:00:00,824.81
2017-02-22 10:00:00,705.02
2017-02-22 11:00:00,697.46
2017-02-22 12:00:00,719.25
2017-02-22 13:00:00,708.48
2017-02-22 14:00:00,668.78
2017-02-22 15:00:00,717.5
2017-02-22 16:00:00,795.78
2017-02-22 17:00:00,792.29
2017-02-22 18:00:00,915.12
2017-02-22 19:00:00,1007.31
2017-02-22 20:00:00,1017.98
2017-02-22 21:00:00,1116.79
2017-02-22 22:00:00,1193.44
2017-02-22 23:00:00,1194.79
2017-02-23 00:00:00,971.58
2017-02-23 00:00:00,971.58
2017-02-23 01:00:00,694.29
2017-02-23 02:00:00,522.51
2017-02-23 03:00:00,477.52
2017-02-23 04:00:00,421.39
2017-02-23 05:00:00,475.61
2017-02-23 06:00:00,487.93
2017-02-23 07:00:00,519.45
2017-02-23 08:00:00,716.6
2017-02-23 09:00:00,833.23
2017-02-23 10:00:00,718.21
2017-02-23 11:00:00,691.46
2017-02-23 12:00:00,729.37
2017-02-23 13:00:00,727.91
2017-02-23 14:00:00,597.93
2017-02-23 15:00:00,661.41
2017-02-23 16:00:00,727.11
2017-02-23 17:00:00,739.72
2017-02-23 18:00:00,886.18
2017-02-23 19:00:00,929.94
2017-02-23 20:00:00,1028.12
2017-02-23 21:00:00,1104.76
2017-02-23 22:00:00,1179.62
2017-02-23 23:00:00,1310.42
2017-02-24 00:00:00,1051.43
2017-02-24 00:00:00,1051.43
2017-02-24 01:00:00,734.6
2017-02-24 02:00:00,547.46
2017-02-24 03:00:00,476.89
2017-02-24 04:00:00,457.78
2017-02-24 05:00:00,450.26
2017-02-24 06:00:00,480.03
2017-02-24 07:00:00,506.9
2017-02-24 08:00:00,738.36
2017-02-24 09:00:00,801.32
2017-02-24 10:00:00,694.71
2017-02-24 11:00:00,717.47
2017-02-24 12:00:00,725.16
2017-02-24 13:00:00,747.19
2017-02-24 14:00:00,649.1
2017-02-24 15:00:00,719.02
2017-02-24 16:00:00,734.12
2017-02-24 17:00:00,698.67
2017-02-24 18:00:00,821.5
2017-02-24 19:00:00,911.21
2017-02-24 20:00:00,1032.29
2017-02-24 21:00:00,1082.92
2017-02-24 22:00:00,1157.3
2017-02-24 23:00:00,1178.25
2017-02-25 00:00:00,999.65
2017-02-25 00:00:00,999.65
2017-02-25 01:00:00,764.02
2017-02-25 02:00:00,594.1
2017-02-25 03:00:00,487.7
2017-02-25 04:00:00,444.66
2017-02-25 05:00:00,434.88
2017-02-25 06:00:00,474.11
2017-02-25 07:00:00,484.12
2017-02-25 08:00:00,608.02
2017-02-25 09:00:00,763.1
2017-02-25 10:00:00,746.2
2017-02-25 11:00:00,716.21
2017-02-25 12:00:00,791.15
2017-02-25 13:00:00,703.48
2017-02-25 14:00:00,633.7
2017-02-25 15:00:00,651.41
2017-02-25 16:00:00,662.85
2017-02-25 17:00:00,673.34
2017-02-25 18:00:00,801.71
2017-02-25 19:00:00,894.6
2017-02-25 20:00:00,899.92
2017-02-25 21:00:00,957.43
2017-02-25 22:00:00,1003.9
2017-02-25 23:00:00,1081.89
2017-02-26 00:00:00,918.21
2017-02-26 00:00:00,918.21
2017-02-26 01:00:00,727.69
2017-02-26 02:00:00,547.04
2017-02-26 03:00:00,464.68
2017-02-26 04:00:00,425.74
2017-02-26 05:00:00,426.97
2017-02-26 06:00:00,477.08
2017-02-26 07:00:00,434.12
2017-02-26 08:00:00,585.09
2017-02-26 09:00:00,679.59
2017-02-26 10:00:00,757.9
2017-02-26 11:00:00,722.67
2017-02-26 12:00:00,774.6
2017-02-26 13:00:00,745.52
2017-02-26 14:00:00,671.4
2017-02-26 15:00:00,734.09
2017-02-26 16:00:00,686.88
2017-02-26 17:00:00,697.56
2017-02-26 18:00:00,843.18
2017-02-26 19:00:00,910.55
2017-02-26 20:00:00,996.41
2017-02-26 21:00:00,1036.87
2017-02-26 22:00:00,1150.03
2017-02-26 23:00:00,1125.73
2017-02-27 00:00:00,932.44
2017-02-27 00:00:00,932.44
2017-02-27 01:00:00,708.86
2017-02-27 02:00:00,540.25
2017-02-27 03:00:00,446.83
2017-02-27 04:00:00,375.43
2017-02-27 05:00:00,431.37
2017-02-27 06:00:00,438.62
2017-02-27 07:00:00,484.38
2017-02-27 08:00:00,711.17
2017-02-27 09:00:00,770.01
2017-02-27 10:00:00,675.45
2017-02-27 11:00:00,718.73
2017-02-27 12:00:00,680.14
2017-02-27 13:00:00,629.17
2017-02-27 14:00:00,518.87
2017-02-27 15:00:00,543.43
2017-02-27 16:00:00,647.44
2017-02-27 17:00:00,621.43
2017-02-27 18:00:00,698.17
2017-02-27 19:00:00,814.56
2017-02-27 20:00:00,907.53
2017-02-27 21:00:00,976.35
2017-02-27 22:00:00,1095.77
2017-02-27 23:00:00,1099.65
2017-02-28 00:00:00,904.59
2017-02-28 00:00:00,904.59
2017-02-28 01:00:00,656.15
2017-02-28 02:00:00,489.28
2017-02-28 03:00:00,428.73
2017-02-28 04:00:00,407.4
2017-02-28 05:00:00,425.18
2017-02-28 06:00:00,454.44
2017-02-28 07:00:00,428.65
2017-02-28 08:00:00,687.92
2017-02-28 09:00:00,766.52
2017-02-28 10:00:00,605.35
2017-02-28 11:00:00,610.46
2017-02-28 12:00:00,616.65
2017-02-28 13:00:00,594.44
2017-02-28 14:00:00,564.83
2017-02-28 15:00:00,555.87
2017-02-28 16:00:00,637.72
2017-02-28 17:00:00,592.41
2017-02-28 18:00:00,737.96
2017-02-28 19:00:00,885.41
2017-02-28 20:00:00,968.66
2017-02-28 21:00:00,989.78
2017-02-28 22:00:00,1097.48
2017-02-28 23:00:00,1175.33
2017-03-01 00:00:00,941.59
2017-03-01 00:00:00,941.59
2017-03-01 01:00:00,674.79
2017-03-01 02:00:00,492.47
2017-03-01 03:00:00,399.78
2017-03-01 04:00:00,413.66
2017-03-01 05:00:00,425.97
2017-03-01 06:00:00,478.24
2017-03-01 07:00:00,471.98
2017-03-01 08:00:00,726.93
2017-03-01 09:00:00,694.22
2017-03-01 10:00:00,555.66
2017-03-01 11:00:00,627.18
2017-03-01 12:00:00,647.57
2017-03-01 13:00:00,609.27
2017-03-01 14:00:00,585.88
2017-03-01 15:00:00,553.74
2017-03-01 16:00:00,713.87
2017-03-01 17:00:00,681.27
2017-03-01 18:00:00,773.84
2017-03-01 19:00:00,880.54
2017-03-01 20:00:00,944.46
2017-03-01 21:00:00,987.73
2017-03-01 22:00:00,1116.33
2017-03-01 23:00:00,1141.21
2017-03-02 00:00:00,940.07
2017-03-02 00:00:00,940.07
2017-03-02 01:00:00,641.58
2017-03-02 02:00:00,502.74
2017-03-02 03:00:00,443.4
2017-03-02 04:00:00,419.01
2017-03-02 05:00:00,439.93
2017-03-02 06:00:00,465.59
2017-03-02 07:00:00,484.52
2017-03-02 08:00:00,760.14
2017-03-02 09:00:00,770.9
2017-03-02 10:00:00,607.71
2017-03-02 11:00:00,654.13
2017-03-02 12:00:00,663.4
2017-03-02 13:00:00,576.66
2017-03-02 14:00:00,563.63
2017-03-02 15:00:00,554.68
2017-03-02 16:00:00,638.99
2017-03-02 17:00:00,566.8
2017-03-02 18:00:00,749.1
2017-03-02 19:00:00,875.72
2017-03-02 20:00:00,986.92
2017-03-02 21:00:00,1004.83
2017-03-02 22:00:00,1088.2
2017-03-02 23:00:00,1127.92
2017-03-03 00:00:00,937.93
2017-03-03 00:00:00,937.93
2017-03-03 01:00:00,647.81
2017-03-03 02:00:00,483.54
2017-03-03 03:00:00,419.3
2017-03-03 04:00:00,391.65
2017-03-03 05:00:00,411.09
2017-03-03 06:00:00,454.52
2017-03-03 07:00:00,484.8
2017-03-03 08:00:00,750.86
2017-03-03 09:00:00,726.76
2017-03-03 10:00:00,605.17
2017-03-03 11:00:00,653.26
2017-03-03 12:00:00,657.62
2017-03-03 13:00:00,608.99
2017-03-03 14:00:00,514.75
2017-03-03 15:00:00,473.7
2017-03-03 16:00:00,675.37
2017-03-03 17:00:00,623.93
2017-03-03 18:00:00,712.99
2017-03-03 19:00:00,846.3
2017-03-03 20:00:00,892.14
2017-03-03 21:00:00,863.74
2017-03-03 22:00:00,942.9
2017-03-03 23:00:00,1005.88
2017-03-04 00:00:00,843.4
2017-03-04 00:00:00,843.4
2017-03-04 01:00:00,632.37
2017-03-04 02:00:00,464.61
2017-03-04 03:00:00,435.81
2017-03-04 04:00:00,391.57
2017-03-04 05:00:00,393.02
2017-03-04 06:00:00,420.82
2017-03-04 07:00:00,442.71
2017-03-04 08:00:00,549.69
2017-03-04 09:00:00,502.21
2017-03-04 10:00:00,487.56
2017-03-04 11:00:00,489.8
2017-03-04 12:00:00,449.95
2017-03-04 13:00:00,413.82
2017-03-04 14:00:00,400.81
2017-03-04 15:00:00,416.42
2017-03-04 16:00:00,647.0
2017-03-04 17:00:00,668.88
2017-03-04 18:00:00,745.61
2017-03-04 19:00:00,820.89
2017-03-04 20:00:00,801.44
2017-03-04 21:00:00,869.05
2017-03-04 22:00:00,924.02
2017-03-04 23:00:00,883.05
2017-03-05 00:00:00,801.79
2017-03-05 00:00:00,801.79
2017-03-05 01:00:00,603.58
2017-03-05 02:00:00,469.74
2017-03-05 03:00:00,383.49
2017-03-05 04:00:00,359.75
2017-03-05 05:00:00,362.35
2017-03-05 06:00:00,417.86
2017-03-05 07:00:00,357.39
2017-03-05 08:00:00,537.3
2017-03-05 09:00:00,588.81
2017-03-05 10:00:00,663.06
2017-03-05 11:00:00,653.48
2017-03-05 12:00:00,756.15
2017-03-05 13:00:00,663.4
2017-03-05 14:00:00,632.02
2017-03-05 15:00:00,621.5
2017-03-05 16:00:00,787.57
2017-03-05 17:00:00,683.07
2017-03-05 18:00:00,722.42
2017-03-05 19:00:00,789.24
2017-03-05 20:00:00,851.95
2017-03-05 21:00:00,854.57
2017-03-05 22:00:00,938.18
2017-03-05 23:00:00,920.39
2017-03-06 00:00:00,753.09
2017-03-06 00:00:00,753.09
2017-03-06 01:00:00,581.5
2017-03-06 02:00:00,421.99
2017-03-06 03:00:00,392.18
2017-03-06 04:00:00,349.29
2017-03-06 05:00:00,353.77
2017-03-06 06:00:00,394.58
2017-03-06 07:00:00,403.74
2017-03-06 08:00:00,632.56
2017-03-06 09:00:00,697.21
2017-03-06 10:00:00,621.03
2017-03-06 11:00:00,662.68
2017-03-06 12:00:00,623.86
2017-03-06 13:00:00,632.74
2017-03-06 14:00:00,524.37
2017-03-06 15:00:00,557.24
2017-03-06 16:00:00,616.49
2017-03-06 17:00:00,578.45
2017-03-06 18:00:00,666.63
2017-03-06 19:00:00,831.66
2017-03-06 20:00:00,867.08
2017-03-06 21:00:00,880.13
2017-03-06 22:00:00,979.17
2017-03-06 23:00:00,996.6
2017-03-07 00:00:00,840.32
2017-03-07 00:00:00,840.32
2017-03-07 01:00:00,601.0
2017-03-07 02:00:00,434.37
2017-03-07 03:00:00,402.12
2017-03-07 04:00:00,341.08
2017-03-07 05:00:00,355.66
2017-03-07 06:00:00,418.26
2017-03-07 07:00:00,428.85
2017-03-07 08:00:00,694.3
2017-03-07 09:00:00,685.31
2017-03-07 10:00:00,597.15
2017-03-07 11:00:00,602.45
2017-03-07 12:00:00,668.64
2017-03-07 13:00:00,564.32
2017-03-07 14:00:00,523.45
2017-03-07 15:00:00,511.83
2017-03-07 16:00:00,607.28
2017-03-07 17:00:00,543.89
2017-03-07 18:00:00,666.91
2017-03-07 19:00:00,810.55
2017-03-07 20:00:00,869.67
2017-03-07 21:00:00,927.52
2017-03-07 22:00:00,1065.6
2017-03-07 23:00:00,1055.92
2017-03-08 00:00:00,876.26
2017-03-08 00:00:00,876.26
2017-03-08 01:00:00,617.06
2017-03-08 02:00:00,453.33
2017-03-08 03:00:00,384.29
2017-03-08 04:00:00,365.73
2017-03-08 05:00:00,380.65
2017-03-08 06:00:00,416.64
2017-03-08 07:00:00,422.17
2017-03-08 08:00:00,725.32
2017-03-08 09:00:00,773.91
2017-03-08 10:00:00,604.88
2017-03-08 11:00:00,652.52
2017-03-08 12:00:00,663.21
2017-03-08 13:00:00,593.74
2017-03-08 14:00:00,526.98
2017-03-08 15:00:00,583.58
2017-03-08 16:00:00,667.03
2017-03-08 17:00:00,662.24
2017-03-08 18:00:00,748.44
2017-03-08 19:00:00,832.83
2017-03-08 20:00:00,882.43
2017-03-08 21:00:00,908.74
2017-03-08 22:00:00,1014.93
2017-03-08 23:00:00,1036.78
2017-03-09 00:00:00,847.46
2017-03-09 00:00:00,847.46
2017-03-09 01:00:00,611.7
2017-03-09 02:00:00,418.24
2017-03-09 03:00:00,414.84
2017-03-09 04:00:00,369.67
2017-03-09 05:00:00,409.52
2017-03-09 06:00:00,434.76
2017-03-09 07:00:00,448.65
2017-03-09 08:00:00,686.94
2017-03-09 09:00:00,698.91
2017-03-09 10:00:00,640.94
2017-03-09 11:00:00,610.45
2017-03-09 12:00:00,607.23
2017-03-09 13:00:00,533.96
2017-03-09 14:00:00,536.74
2017-03-09 15:00:00,516.29
2017-03-09 16:00:00,611.75
2017-03-09 17:00:00,576.96
2017-03-09 18:00:00,664.77
2017-03-09 19:00:00,768.74
2017-03-09 20:00:00,849.96
2017-03-09 21:00:00,809.61
2017-03-09 22:00:00,989.65
2017-03-09 23:00:00,999.38
2017-03-10 00:00:00,794.11
2017-03-10 00:00:00,794.11
2017-03-10 01:00:00,573.91
2017-03-10 02:00:00,451.11
2017-03-10 03:00:00,399.74
2017-03-10 04:00:00,360.41
2017-03-10 05:00:00,369.04
2017-03-10 06:00:00,435.49
2017-03-10 07:00:00,401.0
2017-03-10 08:00:00,660.25
2017-03-10 09:00:00,682.86
2017-03-10 10:00:00,618.9
2017-03-10 11:00:00,615.14
2017-03-10 12:00:00,631.68
2017-03-10 13:00:00,553.77
2017-03-10 14:00:00,496.36
2017-03-10 15:00:00,508.03
2017-03-10 16:00:00,630.57
2017-03-10 17:00:00,567.09
2017-03-10 18:00:00,652.68
2017-03-10 19:00:00,769.19
2017-03-10 20:00:00,759.61
2017-03-10 21:00:00,837.66
2017-03-10 22:00:00,888.89
2017-03-10 23:00:00,910.08
2017-03-11 00:00:00,783.48
2017-03-11 00:00:00,783.48
2017-03-11 01:00:00,568.78
2017-03-11 02:00:00,430.24
2017-03-11 03:00:00,397.92
2017-03-11 04:00:00,350.8
2017-03-11 05:00:00,394.78
2017-03-11 06:00:00,419.97
2017-03-11 07:00:00,389.23
2017-03-11 08:00:00,538.93
2017-03-11 09:00:00,631.91
2017-03-11 10:00:00,587.75
2017-03-11 11:00:00,647.28
2017-03-11 12:00:00,604.91
2017-03-11 13:00:00,629.12
2017-03-11 14:00:00,510.78
2017-03-11 15:00:00,622.51
2017-03-11 16:00:00,626.23
2017-03-11 17:00:00,575.81
2017-03-11 18:00:00,665.24
2017-03-11 19:00:00,741.55
2017-03-11 20:00:00,764.43
2017-03-11 21:00:00,816.35
2017-03-11 22:00:00,898.35
2017-03-11 23:00:00,912.92
2017-03-12 00:00:00,739.88
2017-03-12 00:00:00,739.88
2017-03-12 01:00:00,532.06
2017-03-12 02:00:00,432.03
2017-03-12 03:00:00,362.53
2017-03-12 04:00:00,352.57
2017-03-12 05:00:00,368.15
2017-03-12 06:00:00,372.87
2017-03-12 07:00:00,394.43
2017-03-12 08:00:00,507.25
2017-03-12 09:00:00,599.84
2017-03-12 10:00:00,592.45
2017-03-12 11:00:00,611.3
2017-03-12 12:00:00,660.5
2017-03-12 13:00:00,641.08
2017-03-12 14:00:00,683.78
2017-03-12 15:00:00,678.33
2017-03-12 16:00:00,776.62
2017-03-12 17:00:00,715.77
2017-03-12 18:00:00,798.88
2017-03-12 19:00:00,812.69
2017-03-12 20:00:00,858.56
2017-03-12 21:00:00,877.86
2017-03-12 22:00:00,900.55
2017-03-12 23:00:00,898.42
2017-03-13 00:00:00,721.34
2017-03-13 00:00:00,721.34
2017-03-13 01:00:00,527.41
2017-03-13 02:00:00,435.94
2017-03-13 03:00:00,369.0
2017-03-13 04:00:00,326.58
2017-03-13 05:00:00,360.47
2017-03-13 06:00:00,359.45
2017-03-13 07:00:00,417.06
2017-03-13 08:00:00,653.95
2017-03-13 09:00:00,684.08
2017-03-13 10:00:00,610.04
2017-03-13 11:00:00,675.32
2017-03-13 12:00:00,659.42
2017-03-13 13:00:00,581.61
2017-03-13 14:00:00,566.54
2017-03-13 15:00:00,596.79
2017-03-13 16:00:00,656.29
2017-03-13 17:00:00,656.7
2017-03-13 18:00:00,777.67
2017-03-13 19:00:00,807.41
2017-03-13 20:00:00,870.47
2017-03-13 21:00:00,859.02
2017-03-13 22:00:00,931.27
2017-03-13 23:00:00,999.34
2017-03-14 00:00:00,819.45
2017-03-14 00:00:00,819.45
2017-03-14 01:00:00,597.77
2017-03-14 02:00:00,465.63
2017-03-14 03:00:00,419.2
2017-03-14 04:00:00,372.66
2017-03-14 05:00:00,399.72
2017-03-14 06:00:00,444.74
2017-03-14 07:00:00,435.82
2017-03-14 08:00:00,693.14
2017-03-14 09:00:00,720.89
2017-03-14 10:00:00,671.08
2017-03-14 11:00:00,625.94
2017-03-14 12:00:00,643.19
2017-03-14 13:00:00,625.2
2017-03-14 14:00:00,550.81
2017-03-14 15:00:00,594.61
2017-03-14 16:00:00,657.64
2017-03-14 17:00:00,630.12
2017-03-14 18:00:00,708.03
2017-03-14 19:00:00,846.15
2017-03-14 20:00:00,904.7
2017-03-14 21:00:00,939.31
2017-03-14 22:00:00,999.34
2017-03-14 23:00:00,1108.74
2017-03-15 00:00:00,874.56
2017-03-15 00:00:00,874.56
2017-03-15 01:00:00,583.91
2017-03-15 02:00:00,444.04
2017-03-15 03:00:00,398.65
2017-03-15 04:00:00,382.58
2017-03-15 05:00:00,402.09
2017-03-15 06:00:00,411.47
2017-03-15 07:00:00,432.17
2017-03-15 08:00:00,746.14
2017-03-15 09:00:00,702.01
2017-03-15 10:00:00,612.52
2017-03-15 11:00:00,668.94
2017-03-15 12:00:00,632.34
2017-03-15 13:00:00,608.47
2017-03-15 14:00:00,511.28
2017-03-15 15:00:00,544.86
2017-03-15 16:00:00,673.04
2017-03-15 17:00:00,630.22
2017-03-15 18:00:00,692.27
2017-03-15 19:00:00,823.03
2017-03-15 20:00:00,866.11
2017-03-15 21:00:00,900.18
2017-03-15 22:00:00,998.79
2017-03-15 23:00:00,1013.0
2017-03-16 00:00:00,834.77
2017-03-16 00:00:00,834.77
2017-03-16 01:00:00,609.84
2017-03-16 02:00:00,479.52
2017-03-16 03:00:00,406.99
2017-03-16 04:00:00,363.12
2017-03-16 05:00:00,382.62
2017-03-16 06:00:00,404.11
2017-03-16 07:00:00,407.38
2017-03-16 08:00:00,697.24
2017-03-16 09:00:00,766.35
2017-03-16 10:00:00,617.85
2017-03-16 11:00:00,666.77
2017-03-16 12:00:00,582.35
2017-03-16 13:00:00,595.14
2017-03-16 14:00:00,526.45
2017-03-16 15:00:00,581.14
2017-03-16 16:00:00,632.45
2017-03-16 17:00:00,587.01
2017-03-16 18:00:00,682.21
2017-03-16 19:00:00,803.91
2017-03-16 20:00:00,892.39
2017-03-16 21:00:00,894.22
2017-03-16 22:00:00,1050.59
2017-03-16 23:00:00,1024.08
2017-03-17 00:00:00,853.36
2017-03-17 00:00:00,853.36
2017-03-17 01:00:00,609.38
2017-03-17 02:00:00,477.65
2017-03-17 03:00:00,389.6
2017-03-17 04:00:00,358.21
2017-03-17 05:00:00,395.19
2017-03-17 06:00:00,411.17
2017-03-17 07:00:00,420.99
2017-03-17 08:00:00,692.03
2017-03-17 09:00:00,748.12
2017-03-17 10:00:00,650.14
2017-03-17 11:00:00,666.11
2017-03-17 12:00:00,663.23
2017-03-17 13:00:00,608.69
2017-03-17 14:00:00,527.26
2017-03-17 15:00:00,576.85
2017-03-17 16:00:00,640.91
2017-03-17 17:00:00,642.37
2017-03-17 18:00:00,694.68
2017-03-17 19:00:00,792.65
2017-03-17 20:00:00,836.86
2017-03-17 21:00:00,884.45
2017-03-17 22:00:00,920.92
2017-03-17 23:00:00,1006.43
2017-03-18 00:00:00,825.36
2017-03-18 00:00:00,825.36
2017-03-18 01:00:00,581.51
2017-03-18 02:00:00,449.81
2017-03-18 03:00:00,396.74
2017-03-18 04:00:00,370.66
2017-03-18 05:00:00,397.84
2017-03-18 06:00:00,379.99
2017-03-18 07:00:00,411.88
2017-03-18 08:00:00,555.17
2017-03-18 09:00:00,630.32
2017-03-18 10:00:00,646.59
2017-03-18 11:00:00,615.15
2017-03-18 12:00:00,676.66
2017-03-18 13:00:00,609.0
2017-03-18 14:00:00,579.23
2017-03-18 15:00:00,605.15
2017-03-18 16:00:00,642.34
2017-03-18 17:00:00,610.13
2017-03-18 18:00:00,707.16
2017-03-18 19:00:00,795.02
2017-03-18 20:00:00,775.2
2017-03-18 21:00:00,801.83
2017-03-18 22:00:00,836.04
2017-03-18 23:00:00,864.45
2017-03-19 00:00:00,717.81
2017-03-19 00:00:00,717.81
2017-03-19 01:00:00,543.34
2017-03-19 02:00:00,460.6
2017-03-19 03:00:00,400.33
2017-03-19 04:00:00,379.01
2017-03-19 05:00:00,390.01
2017-03-19 06:00:00,380.6
2017-03-19 07:00:00,387.48
2017-03-19 08:00:00,555.02
2017-03-19 09:00:00,628.73
2017-03-19 10:00:00,629.69
2017-03-19 11:00:00,604.93
2017-03-19 12:00:00,638.5
2017-03-19 13:00:00,678.28
2017-03-19 14:00:00,661.47
2017-03-19 15:00:00,679.45
2017-03-19 16:00:00,742.73
2017-03-19 17:00:00,716.62
2017-03-19 18:00:00,803.82
2017-03-19 19:00:00,836.54
2017-03-19 20:00:00,891.53
2017-03-19 21:00:00,908.97
2017-03-19 22:00:00,941.4
2017-03-19 23:00:00,958.57
2017-03-20 00:00:00,767.76
2017-03-20 00:00:00,767.76
2017-03-20 01:00:00,580.39
2017-03-20 02:00:00,457.12
2017-03-20 03:00:00,385.8
2017-03-20 04:00:00,381.47
2017-03-20 05:00:00,379.13
2017-03-20 06:00:00,386.52
2017-03-20 07:00:00,420.67
2017-03-20 08:00:00,615.54
2017-03-20 09:00:00,699.0
2017-03-20 10:00:00,582.87
2017-03-20 11:00:00,579.28
2017-03-20 12:00:00,643.82
2017-03-20 13:00:00,630.39
2017-03-20 14:00:00,564.38
2017-03-20 15:00:00,605.46
2017-03-20 16:00:00,626.55
2017-03-20 17:00:00,646.03
2017-03-20 18:00:00,694.91
2017-03-20 19:00:00,812.92
2017-03-20 20:00:00,877.31
2017-03-20 21:00:00,879.39
2017-03-20 22:00:00,925.35
2017-03-20 23:00:00,952.1
2017-03-21 00:00:00,751.98
2017-03-21 00:00:00,751.98
2017-03-21 01:00:00,567.84
2017-03-21 02:00:00,439.18
2017-03-21 03:00:00,372.78
2017-03-21 04:00:00,339.67
2017-03-21 05:00:00,367.47
2017-03-21 06:00:00,400.82
2017-03-21 07:00:00,403.18
2017-03-21 08:00:00,661.22
2017-03-21 09:00:00,709.97
2017-03-21 10:00:00,635.33
2017-03-21 11:00:00,583.07
2017-03-21 12:00:00,573.05
2017-03-21 13:00:00,550.91
2017-03-21 14:00:00,480.54
2017-03-21 15:00:00,501.59
2017-03-21 16:00:00,593.45
2017-03-21 17:00:00,567.06
2017-03-21 18:00:00,684.99
2017-03-21 19:00:00,807.97
2017-03-21 20:00:00,798.18
2017-03-21 21:00:00,877.89
2017-03-21 22:00:00,1000.38
2017-03-21 23:00:00,1026.09
2017-03-22 00:00:00,849.86
2017-03-22 00:00:00,849.86
2017-03-22 01:00:00,579.11
2017-03-22 02:00:00,448.89
2017-03-22 03:00:00,402.19
2017-03-22 04:00:00,370.2
2017-03-22 05:00:00,399.3
2017-03-22 06:00:00,399.63
2017-03-22 07:00:00,414.62
2017-03-22 08:00:00,613.68
2017-03-22 09:00:00,725.44
2017-03-22 10:00:00,648.62
2017-03-22 11:00:00,662.95
2017-03-22 12:00:00,640.26
2017-03-22 13:00:00,594.57
2017-03-22 14:00:00,577.16
2017-03-22 15:00:00,682.88
2017-03-22 16:00:00,677.49
2017-03-22 17:00:00,669.51
2017-03-22 18:00:00,758.0
2017-03-22 19:00:00,848.98
2017-03-22 20:00:00,916.1
2017-03-22 21:00:00,925.56
2017-03-22 22:00:00,934.46
2017-03-22 23:00:00,953.16
2017-03-23 00:00:00,807.49
2017-03-23 00:00:00,807.49
2017-03-23 01:00:00,591.15
2017-03-23 02:00:00,475.49
2017-03-23 03:00:00,423.71
2017-03-23 04:00:00,370.3
2017-03-23 05:00:00,373.49
2017-03-23 06:00:00,410.44
2017-03-23 07:00:00,442.05
2017-03-23 08:00:00,615.69
2017-03-23 09:00:00,784.7
2017-03-23 10:00:00,670.13
2017-03-23 11:00:00,696.87
2017-03-23 12:00:00,674.95
2017-03-23 13:00:00,620.94
2017-03-23 14:00:00,568.99
2017-03-23 15:00:00,562.42
2017-03-23 16:00:00,646.12
2017-03-23 17:00:00,652.35
2017-03-23 18:00:00,720.4
2017-03-23 19:00:00,828.48
2017-03-23 20:00:00,819.0
2017-03-23 21:00:00,808.51
2017-03-23 22:00:00,863.78
2017-03-23 23:00:00,932.19
2017-03-24 00:00:00,791.0
2017-03-24 00:00:00,791.0
2017-03-24 01:00:00,606.51
2017-03-24 02:00:00,441.34
2017-03-24 03:00:00,424.43
2017-03-24 04:00:00,380.82
2017-03-24 05:00:00,401.96
2017-03-24 06:00:00,415.18
2017-03-24 07:00:00,448.83
2017-03-24 08:00:00,652.66
2017-03-24 09:00:00,705.11
2017-03-24 10:00:00,629.13
2017-03-24 11:00:00,617.57
2017-03-24 12:00:00,611.8
2017-03-24 13:00:00,560.48
2017-03-24 14:00:00,538.65
2017-03-24 15:00:00,615.45
2017-03-24 16:00:00,657.54
2017-03-24 17:00:00,645.77
2017-03-24 18:00:00,719.99
2017-03-24 19:00:00,814.25
2017-03-24 20:00:00,892.15
2017-03-24 21:00:00,915.31
2017-03-24 22:00:00,897.65
2017-03-24 23:00:00,915.9
2017-03-25 00:00:00,824.87
2017-03-25 00:00:00,824.87
2017-03-25 01:00:00,654.75
2017-03-25 02:00:00,484.33
2017-03-25 03:00:00,398.59
2017-03-25 04:00:00,379.29
2017-03-25 05:00:00,428.41
2017-03-25 06:00:00,429.09
2017-03-25 07:00:00,454.03
2017-03-25 08:00:00,584.7
2017-03-25 09:00:00,725.69
2017-03-25 10:00:00,619.93
2017-03-25 11:00:00,557.08
2017-03-25 12:00:00,593.8
2017-03-25 13:00:00,522.44
2017-03-25 14:00:00,563.36
2017-03-25 15:00:00,656.65
2017-03-25 16:00:00,750.35
2017-03-25 17:00:00,718.14
2017-03-25 18:00:00,740.51
2017-03-25 19:00:00,772.64
2017-03-25 20:00:00,839.58
2017-03-25 21:00:00,871.77
2017-03-25 22:00:00,898.51
2017-03-25 23:00:00,880.96
2017-03-26 00:00:00,769.6
2017-03-26 00:00:00,769.6
2017-03-26 01:00:00,591.6
2017-03-26 02:00:00,470.57
2017-03-26 03:00:00,384.3
2017-03-26 04:00:00,386.82
2017-03-26 05:00:00,359.82
2017-03-26 06:00:00,398.16
2017-03-26 07:00:00,383.89
2017-03-26 08:00:00,559.67
2017-03-26 09:00:00,594.57
2017-03-26 10:00:00,671.74
2017-03-26 11:00:00,603.52
2017-03-26 12:00:00,642.57
2017-03-26 13:00:00,602.44
2017-03-26 14:00:00,599.76
2017-03-26 15:00:00,673.92
2017-03-26 16:00:00,700.34
2017-03-26 17:00:00,651.81
2017-03-26 18:00:00,706.29
2017-03-26 19:00:00,733.13
2017-03-26 20:00:00,834.44
2017-03-26 21:00:00,888.77
2017-03-26 22:00:00,911.73
2017-03-26 23:00:00,908.34
2017-03-27 00:00:00,754.44
2017-03-27 00:00:00,754.44
2017-03-27 01:00:00,538.83
2017-03-27 02:00:00,408.77
2017-03-27 03:00:00,341.36
2017-03-27 04:00:00,338.21
2017-03-27 05:00:00,385.17
2017-03-27 06:00:00,423.11
2017-03-27 07:00:00,374.47
2017-03-27 08:00:00,621.21
2017-03-27 09:00:00,704.42
2017-03-27 10:00:00,576.75
2017-03-27 11:00:00,580.35
2017-03-27 12:00:00,557.82
2017-03-27 13:00:00,484.55
2017-03-27 14:00:00,453.81
2017-03-27 15:00:00,525.04
2017-03-27 16:00:00,573.49
2017-03-27 17:00:00,558.71
2017-03-27 18:00:00,641.12
2017-03-27 19:00:00,714.37
2017-03-27 20:00:00,757.49
2017-03-27 21:00:00,813.41
2017-03-27 22:00:00,859.3
2017-03-27 23:00:00,887.75
2017-03-28 00:00:00,742.73
2017-03-28 00:00:00,742.73
2017-03-28 01:00:00,524.28
2017-03-28 02:00:00,393.64
2017-03-28 03:00:00,338.8
2017-03-28 04:00:00,318.14
2017-03-28 05:00:00,355.95
2017-03-28 06:00:00,374.44
2017-03-28 07:00:00,387.06
2017-03-28 08:00:00,609.76
2017-03-28 09:00:00,665.91
2017-03-28 10:00:00,608.83
2017-03-28 11:00:00,558.17
2017-03-28 12:00:00,557.04
2017-03-28 13:00:00,487.76
2017-03-28 14:00:00,447.41
2017-03-28 15:00:00,498.8
2017-03-28 16:00:00,562.35
2017-03-28 17:00:00,538.93
2017-03-28 18:00:00,619.71
2017-03-28 19:00:00,703.36
2017-03-28 20:00:00,752.1
2017-03-28 21:00:00,744.82
2017-03-28 22:00:00,851.72
2017-03-28 23:00:00,874.7
2017-03-29 00:00:00,688.07
2017-03-29 00:00:00,688.07
2017-03-29 01:00:00,446.01
2017-03-29 02:00:00,349.01
2017-03-29 03:00:00,307.42
2017-03-29 04:00:00,304.47
2017-03-29 05:00:00,334.21
2017-03-29 06:00:00,374.31
2017-03-29 07:00:00,371.93
2017-03-29 08:00:00,658.19
2017-03-29 09:00:00,690.98
2017-03-29 10:00:00,538.96
2017-03-29 11:00:00,534.42
2017-03-29 12:00:00,536.72
2017-03-29 13:00:00,520.29
2017-03-29 14:00:00,497.97
2017-03-29 15:00:00,538.36
2017-03-29 16:00:00,562.66
2017-03-29 17:00:00,524.76
2017-03-29 18:00:00,626.99
2017-03-29 19:00:00,701.88
2017-03-29 20:00:00,736.31
2017-03-29 21:00:00,770.73
2017-03-29 22:00:00,847.54
2017-03-29 23:00:00,846.18
2017-03-30 00:00:00,733.56
2017-03-30 00:00:00,733.56
2017-03-30 01:00:00,513.29
2017-03-30 02:00:00,403.75
2017-03-30 03:00:00,331.06
2017-03-30 04:00:00,330.4
2017-03-30 05:00:00,366.95
2017-03-30 06:00:00,349.02
2017-03-30 07:00:00,361.4
2017-03-30 08:00:00,580.97
2017-03-30 09:00:00,662.64
2017-03-30 10:00:00,582.23
2017-03-30 11:00:00,527.77
2017-03-30 12:00:00,547.23
2017-03-30 13:00:00,521.1
2017-03-30 14:00:00,511.75
2017-03-30 15:00:00,536.05
2017-03-30 16:00:00,569.4
2017-03-30 17:00:00,564.45
2017-03-30 18:00:00,601.27
2017-03-30 19:00:00,728.17
2017-03-30 20:00:00,755.19
2017-03-30 21:00:00,789.76
2017-03-30 22:00:00,881.72
2017-03-30 23:00:00,879.86
2017-03-31 00:00:00,715.23
2017-03-31 00:00:00,715.23
2017-03-31 01:00:00,524.46
2017-03-31 02:00:00,397.14
2017-03-31 03:00:00,323.98
2017-03-31 04:00:00,353.37
2017-03-31 05:00:00,386.92
2017-03-31 06:00:00,419.17
2017-03-31 07:00:00,405.24
2017-03-31 08:00:00,601.19
2017-03-31 09:00:00,667.82
2017-03-31 10:00:00,563.57
2017-03-31 11:00:00,523.85
2017-03-31 12:00:00,575.09
2017-03-31 13:00:00,546.71
2017-03-31 14:00:00,486.05
2017-03-31 15:00:00,448.56
2017-03-31 16:00:00,531.15
2017-03-31 17:00:00,565.4
2017-03-31 18:00:00,599.35
2017-03-31 19:00:00,710.16
2017-03-31 20:00:00,778.1
2017-03-31 21:00:00,823.17
2017-03-31 22:00:00,839.06
2017-03-31 23:00:00,867.74
2017-04-01 00:00:00,704.35
2017-04-01 00:00:00,704.35
2017-04-01 01:00:00,538.92
2017-04-01 02:00:00,444.19
2017-04-01 03:00:00,361.71
2017-04-01 04:00:00,335.28
2017-04-01 05:00:00,362.49
2017-04-01 06:00:00,366.97
2017-04-01 07:00:00,356.8
2017-04-01 08:00:00,560.5
2017-04-01 09:00:00,680.32
2017-04-01 10:00:00,638.18
2017-04-01 11:00:00,543.99
2017-04-01 12:00:00,582.18
2017-04-01 13:00:00,545.68
2017-04-01 14:00:00,470.72
2017-04-01 15:00:00,447.76
2017-04-01 16:00:00,516.02
2017-04-01 17:00:00,489.87
2017-04-01 18:00:00,513.39
2017-04-01 19:00:00,601.11
2017-04-01 20:00:00,716.0
2017-04-01 21:00:00,688.66
2017-04-01 22:00:00,723.28
2017-04-01 23:00:00,776.46
2017-04-02 00:00:00,649.86
2017-04-02 00:00:00,649.86
2017-04-02 01:00:00,544.69
2017-04-02 02:00:00,380.5
2017-04-02 03:00:00,355.59
2017-04-02 04:00:00,359.27
2017-04-02 05:00:00,393.62
2017-04-02 06:00:00,334.61
2017-04-02 07:00:00,373.69
2017-04-02 08:00:00,454.9
2017-04-02 09:00:00,618.11
2017-04-02 10:00:00,
2017-04-02 11:00:00,
2017-04-02 12:00:00,575.43
2017-04-02 13:00:00,513.79
2017-04-02 14:00:00,456.43
2017-04-02 15:00:00,410.69
2017-04-02 16:00:00,534.67
2017-04-02 17:00:00,442.75
2017-04-02 18:00:00,488.97
2017-04-02 19:00:00,597.28
2017-04-02 20:00:00,598.64
2017-04-02 21:00:00,601.09
2017-04-02 22:00:00,671.85
2017-04-02 23:00:00,675.5
2017-04-03 00:00:00,611.57
2017-04-03 00:00:00,611.57
2017-04-03 01:00:00,463.74
2017-04-03 02:00:00,326.49
2017-04-03 03:00:00,322.22
2017-04-03 04:00:00,327.78
2017-04-03 05:00:00,338.79
2017-04-03 06:00:00,347.57
2017-04-03 07:00:00,340.28
2017-04-03 08:00:00,421.97
2017-04-03 09:00:00,487.37
2017-04-03 10:00:00,551.72
2017-04-03 11:00:00,499.27
2017-04-03 12:00:00,507.51
2017-04-03 13:00:00,474.7
2017-04-03 14:00:00,450.27
2017-04-03 15:00:00,460.93
2017-04-03 16:00:00,457.21
2017-04-03 17:00:00,458.17
2017-04-03 18:00:00,476.45
2017-04-03 19:00:00,557.04
2017-04-03 20:00:00,606.64
2017-04-03 21:00:00,591.27
2017-04-03 22:00:00,646.52
2017-04-03 23:00:00,643.28
2017-04-04 00:00:00,578.03
2017-04-04 00:00:00,578.03
2017-04-04 01:00:00,445.7
2017-04-04 02:00:00,339.78
2017-04-04 03:00:00,316.69
2017-04-04 04:00:00,310.02
2017-04-04 05:00:00,321.54
2017-04-04 06:00:00,340.48
2017-04-04 07:00:00,310.25
2017-04-04 08:00:00,469.69
2017-04-04 09:00:00,492.03
2017-04-04 10:00:00,490.69
2017-04-04 11:00:00,567.56
2017-04-04 12:00:00,501.48
2017-04-04 13:00:00,509.36
2017-04-04 14:00:00,457.87
2017-04-04 15:00:00,451.59
2017-04-04 16:00:00,536.26
2017-04-04 17:00:00,550.74
2017-04-04 18:00:00,601.29
2017-04-04 19:00:00,689.31
2017-04-04 20:00:00,725.37
2017-04-04 21:00:00,736.84
2017-04-04 22:00:00,762.09
2017-04-04 23:00:00,695.86
2017-04-05 00:00:00,605.75
2017-04-05 00:00:00,605.75
2017-04-05 01:00:00,426.44
2017-04-05 02:00:00,369.73
2017-04-05 03:00:00,288.43
2017-04-05 04:00:00,276.53
2017-04-05 05:00:00,311.49
2017-04-05 06:00:00,305.44
2017-04-05 07:00:00,320.57
2017-04-05 08:00:00,529.23
2017-04-05 09:00:00,585.68
2017-04-05 10:00:00,536.44
2017-04-05 11:00:00,470.31
2017-04-05 12:00:00,510.21
2017-04-05 13:00:00,484.22
2017-04-05 14:00:00,448.09
2017-04-05 15:00:00,426.52
2017-04-05 16:00:00,499.53
2017-04-05 17:00:00,496.82
2017-04-05 18:00:00,541.21
2017-04-05 19:00:00,656.73
2017-04-05 20:00:00,694.76
2017-04-05 21:00:00,677.48
2017-04-05 22:00:00,703.28
2017-04-05 23:00:00,703.25
2017-04-06 00:00:00,565.32
2017-04-06 00:00:00,565.32
2017-04-06 01:00:00,407.58
2017-04-06 02:00:00,310.04
2017-04-06 03:00:00,269.54
2017-04-06 04:00:00,298.39
2017-04-06 05:00:00,296.33
2017-04-06 06:00:00,296.68
2017-04-06 07:00:00,314.65
2017-04-06 08:00:00,491.14
2017-04-06 09:00:00,570.82
2017-04-06 10:00:00,520.18
2017-04-06 11:00:00,523.44
2017-04-06 12:00:00,525.97
2017-04-06 13:00:00,417.42
2017-04-06 14:00:00,420.38
2017-04-06 15:00:00,451.88
2017-04-06 16:00:00,617.36
2017-04-06 17:00:00,435.47
2017-04-06 18:00:00,517.02
2017-04-06 19:00:00,623.3
2017-04-06 20:00:00,658.9
2017-04-06 21:00:00,642.47
2017-04-06 22:00:00,717.94
2017-04-06 23:00:00,779.91
2017-04-07 00:00:00,565.53
2017-04-07 00:00:00,565.53
2017-04-07 01:00:00,432.63
2017-04-07 02:00:00,344.54
2017-04-07 03:00:00,298.59
2017-04-07 04:00:00,289.32
2017-04-07 05:00:00,332.97
2017-04-07 06:00:00,334.13
2017-04-07 07:00:00,337.65
2017-04-07 08:00:00,548.85
2017-04-07 09:00:00,595.96
2017-04-07 10:00:00,523.45
2017-04-07 11:00:00,519.67
2017-04-07 12:00:00,542.65
2017-04-07 13:00:00,516.06
2017-04-07 14:00:00,385.4
2017-04-07 15:00:00,438.5
2017-04-07 16:00:00,517.08
2017-04-07 17:00:00,474.07
2017-04-07 18:00:00,534.6
2017-04-07 19:00:00,629.25
2017-04-07 20:00:00,631.64
2017-04-07 21:00:00,669.61
2017-04-07 22:00:00,704.92
2017-04-07 23:00:00,720.31
2017-04-08 00:00:00,579.61
2017-04-08 00:00:00,579.61
2017-04-08 01:00:00,456.49
2017-04-08 02:00:00,360.88
2017-04-08 03:00:00,315.32
2017-04-08 04:00:00,296.23
2017-04-08 05:00:00,311.28
2017-04-08 06:00:00,336.54
2017-04-08 07:00:00,329.5
2017-04-08 08:00:00,476.86
2017-04-08 09:00:00,506.74
2017-04-08 10:00:00,554.19
2017-04-08 11:00:00,500.39
2017-04-08 12:00:00,584.06
2017-04-08 13:00:00,528.89
2017-04-08 14:00:00,443.4
2017-04-08 15:00:00,476.72
2017-04-08 16:00:00,563.33
2017-04-08 17:00:00,515.34
2017-04-08 18:00:00,531.32
2017-04-08 19:00:00,606.48
2017-04-08 20:00:00,552.66
2017-04-08 21:00:00,572.53
2017-04-08 22:00:00,679.89
2017-04-08 23:00:00,714.99
2017-04-09 00:00:00,570.62
2017-04-09 00:00:00,570.62
2017-04-09 01:00:00,457.47
2017-04-09 02:00:00,363.2
2017-04-09 03:00:00,308.95
2017-04-09 04:00:00,299.2
2017-04-09 05:00:00,294.6
2017-04-09 06:00:00,305.37
2017-04-09 07:00:00,325.13
2017-04-09 08:00:00,413.47
2017-04-09 09:00:00,513.66
2017-04-09 10:00:00,523.53
2017-04-09 11:00:00,511.26
2017-04-09 12:00:00,569.58
2017-04-09 13:00:00,562.34
2017-04-09 14:00:00,469.98
2017-04-09 15:00:00,535.49
2017-04-09 16:00:00,608.03
2017-04-09 17:00:00,596.55
2017-04-09 18:00:00,640.09
2017-04-09 19:00:00,697.29
2017-04-09 20:00:00,700.63
2017-04-09 21:00:00,678.7
2017-04-09 22:00:00,710.77
2017-04-09 23:00:00,697.96
2017-04-10 00:00:00,550.03
2017-04-10 00:00:00,550.03
2017-04-10 01:00:00,435.49
2017-04-10 02:00:00,338.96
2017-04-10 03:00:00,290.76
2017-04-10 04:00:00,300.07
2017-04-10 05:00:00,336.89
2017-04-10 06:00:00,315.67
2017-04-10 07:00:00,350.56
2017-04-10 08:00:00,517.44
2017-04-10 09:00:00,652.75
2017-04-10 10:00:00,541.22
2017-04-10 11:00:00,557.64
2017-04-10 12:00:00,525.06
2017-04-10 13:00:00,486.52
2017-04-10 14:00:00,470.25
2017-04-10 15:00:00,491.18
2017-04-10 16:00:00,543.51
2017-04-10 17:00:00,497.98
2017-04-10 18:00:00,535.72
2017-04-10 19:00:00,656.18
2017-04-10 20:00:00,678.04
2017-04-10 21:00:00,693.78
2017-04-10 22:00:00,1003.7
2017-04-10 23:00:00,989.62
2017-04-11 00:00:00,704.47
2017-04-11 00:00:00,704.47
2017-04-11 01:00:00,486.77
2017-04-11 02:00:00,367.14
2017-04-11 03:00:00,342.87
2017-04-11 04:00:00,319.81
2017-04-11 05:00:00,355.88
2017-04-11 06:00:00,352.37
2017-04-11 07:00:00,367.52
2017-04-11 08:00:00,584.92
2017-04-11 09:00:00,623.26
2017-04-11 10:00:00,554.06
2017-04-11 11:00:00,542.51
2017-04-11 12:00:00,613.56
2017-04-11 13:00:00,510.63
2017-04-11 14:00:00,495.71
2017-04-11 15:00:00,506.5
2017-04-11 16:00:00,611.03
2017-04-11 17:00:00,543.58
2017-04-11 18:00:00,632.87
2017-04-11 19:00:00,716.9
2017-04-11 20:00:00,700.03
2017-04-11 21:00:00,710.97
2017-04-11 22:00:00,765.56
2017-04-11 23:00:00,827.22
2017-04-12 00:00:00,716.07
2017-04-12 00:00:00,716.07
2017-04-12 01:00:00,489.22
2017-04-12 02:00:00,393.53
2017-04-12 03:00:00,328.86
2017-04-12 04:00:00,338.42
2017-04-12 05:00:00,380.12
2017-04-12 06:00:00,389.14
2017-04-12 07:00:00,396.02
2017-04-12 08:00:00,623.63
2017-04-12 09:00:00,645.63
2017-04-12 10:00:00,553.96
2017-04-12 11:00:00,552.6
2017-04-12 12:00:00,547.51
2017-04-12 13:00:00,438.22
2017-04-12 14:00:00,426.0
2017-04-12 15:00:00,471.02
2017-04-12 16:00:00,562.04
2017-04-12 17:00:00,486.25
2017-04-12 18:00:00,585.02
2017-04-12 19:00:00,680.69
2017-04-12 20:00:00,730.36
2017-04-12 21:00:00,700.02
2017-04-12 22:00:00,740.39
2017-04-12 23:00:00,781.04
2017-04-13 00:00:00,679.44
2017-04-13 00:00:00,679.44
2017-04-13 01:00:00,466.86
2017-04-13 02:00:00,351.95
2017-04-13 03:00:00,327.16
2017-04-13 04:00:00,314.19
2017-04-13 05:00:00,324.94
2017-04-13 06:00:00,359.83
2017-04-13 07:00:00,339.13
2017-04-13 08:00:00,573.37
2017-04-13 09:00:00,617.86
2017-04-13 10:00:00,548.15
2017-04-13 11:00:00,475.14
2017-04-13 12:00:00,486.37
2017-04-13 13:00:00,441.47
2017-04-13 14:00:00,401.06
2017-04-13 15:00:00,444.54
2017-04-13 16:00:00,560.19
2017-04-13 17:00:00,479.52
2017-04-13 18:00:00,578.44
2017-04-13 19:00:00,626.61
2017-04-13 20:00:00,670.9
2017-04-13 21:00:00,686.83
2017-04-13 22:00:00,734.67
2017-04-13 23:00:00,794.9
2017-04-14 00:00:00,589.01
2017-04-14 00:00:00,589.01
2017-04-14 01:00:00,437.65
2017-04-14 02:00:00,344.57
2017-04-14 03:00:00,300.29
2017-04-14 04:00:00,321.56
2017-04-14 05:00:00,376.98
2017-04-14 06:00:00,361.64
2017-04-14 07:00:00,370.95
2017-04-14 08:00:00,517.15
2017-04-14 09:00:00,601.04
2017-04-14 10:00:00,473.44
2017-04-14 11:00:00,465.27
2017-04-14 12:00:00,501.62
2017-04-14 13:00:00,408.73
2017-04-14 14:00:00,459.01
2017-04-14 15:00:00,451.34
2017-04-14 16:00:00,515.34
2017-04-14 17:00:00,470.25
2017-04-14 18:00:00,519.45
2017-04-14 19:00:00,678.46
2017-04-14 20:00:00,652.7
2017-04-14 21:00:00,646.29
2017-04-14 22:00:00,675.29
2017-04-14 23:00:00,688.97
2017-04-15 00:00:00,582.39
2017-04-15 00:00:00,582.39
2017-04-15 01:00:00,438.66
2017-04-15 02:00:00,354.67
2017-04-15 03:00:00,303.44
2017-04-15 04:00:00,300.25
2017-04-15 05:00:00,334.34
2017-04-15 06:00:00,303.14
2017-04-15 07:00:00,311.4
2017-04-15 08:00:00,422.89
2017-04-15 09:00:00,478.95
2017-04-15 10:00:00,489.35
2017-04-15 11:00:00,514.91
2017-04-15 12:00:00,515.96
2017-04-15 13:00:00,522.57
2017-04-15 14:00:00,423.44
2017-04-15 15:00:00,488.96
2017-04-15 16:00:00,540.13
2017-04-15 17:00:00,466.8
2017-04-15 18:00:00,514.43
2017-04-15 19:00:00,602.19
2017-04-15 20:00:00,607.81
2017-04-15 21:00:00,617.17
2017-04-15 22:00:00,634.96
2017-04-15 23:00:00,648.91
2017-04-16 00:00:00,553.96
2017-04-16 00:00:00,553.96
2017-04-16 01:00:00,440.22
2017-04-16 02:00:00,355.88
2017-04-16 03:00:00,270.81
2017-04-16 04:00:00,290.42
2017-04-16 05:00:00,324.5
2017-04-16 06:00:00,291.55
2017-04-16 07:00:00,315.19
2017-04-16 08:00:00,396.44
2017-04-16 09:00:00,519.57
2017-04-16 10:00:00,526.96
2017-04-16 11:00:00,536.74
2017-04-16 12:00:00,499.73
2017-04-16 13:00:00,488.14
2017-04-16 14:00:00,454.46
2017-04-16 15:00:00,508.86
2017-04-16 16:00:00,573.09
2017-04-16 17:00:00,504.81
2017-04-16 18:00:00,548.2
2017-04-16 19:00:00,635.1
2017-04-16 20:00:00,620.67
2017-04-16 21:00:00,669.79
2017-04-16 22:00:00,685.23
2017-04-16 23:00:00,630.85
2017-04-17 00:00:00,544.64
2017-04-17 00:00:00,544.64
2017-04-17 01:00:00,405.26
2017-04-17 02:00:00,318.03
2017-04-17 03:00:00,260.91
2017-04-17 04:00:00,286.15
2017-04-17 05:00:00,344.34
2017-04-17 06:00:00,294.98
2017-04-17 07:00:00,315.05
2017-04-17 08:00:00,434.86
2017-04-17 09:00:00,558.01
2017-04-17 10:00:00,507.54
2017-04-17 11:00:00,499.97
2017-04-17 12:00:00,471.39
2017-04-17 13:00:00,391.7
2017-04-17 14:00:00,398.79
2017-04-17 15:00:00,471.01
2017-04-17 16:00:00,500.18
2017-04-17 17:00:00,459.66
2017-04-17 18:00:00,541.78
2017-04-17 19:00:00,587.91
2017-04-17 20:00:00,622.09
2017-04-17 21:00:00,666.33
2017-04-17 22:00:00,662.73
2017-04-17 23:00:00,679.42
2017-04-18 00:00:00,542.8
2017-04-18 00:00:00,542.8
2017-04-18 01:00:00,415.09
2017-04-18 02:00:00,333.12
2017-04-18 03:00:00,281.1
2017-04-18 04:00:00,281.68
2017-04-18 05:00:00,326.27
2017-04-18 06:00:00,299.14
2017-04-18 07:00:00,319.88
2017-04-18 08:00:00,526.95
2017-04-18 09:00:00,565.91
2017-04-18 10:00:00,480.44
2017-04-18 11:00:00,464.04
2017-04-18 12:00:00,494.47
2017-04-18 13:00:00,421.5
2017-04-18 14:00:00,377.01
2017-04-18 15:00:00,426.56
2017-04-18 16:00:00,542.74
2017-04-18 17:00:00,455.46
2017-04-18 18:00:00,502.66
2017-04-18 19:00:00,628.76
2017-04-18 20:00:00,623.77
2017-04-18 21:00:00,592.43
2017-04-18 22:00:00,727.71
2017-04-18 23:00:00,725.59
2017-04-19 00:00:00,569.75
2017-04-19 00:00:00,569.75
2017-04-19 01:00:00,385.65
2017-04-19 02:00:00,326.99
2017-04-19 03:00:00,277.35
2017-04-19 04:00:00,279.28
2017-04-19 05:00:00,338.23
2017-04-19 06:00:00,288.66
2017-04-19 07:00:00,335.59
2017-04-19 08:00:00,484.99
2017-04-19 09:00:00,577.54
2017-04-19 10:00:00,473.93
2017-04-19 11:00:00,476.61
2017-04-19 12:00:00,490.36
2017-04-19 13:00:00,405.42
2017-04-19 14:00:00,436.3
2017-04-19 15:00:00,431.19
2017-04-19 16:00:00,488.19
2017-04-19 17:00:00,463.48
2017-04-19 18:00:00,493.65
2017-04-19 19:00:00,642.47
2017-04-19 20:00:00,632.59
2017-04-19 21:00:00,665.11
2017-04-19 22:00:00,669.32
2017-04-19 23:00:00,668.21
2017-04-20 00:00:00,530.62
2017-04-20 00:00:00,530.62
2017-04-20 01:00:00,415.85
2017-04-20 02:00:00,319.82
2017-04-20 03:00:00,279.58
2017-04-20 04:00:00,276.48
2017-04-20 05:00:00,317.74
2017-04-20 06:00:00,277.65
2017-04-20 07:00:00,311.13
2017-04-20 08:00:00,502.13
2017-04-20 09:00:00,544.9
2017-04-20 10:00:00,463.19
2017-04-20 11:00:00,480.39
2017-04-20 12:00:00,492.41
2017-04-20 13:00:00,399.83
2017-04-20 14:00:00,382.77
2017-04-20 15:00:00,450.42
2017-04-20 16:00:00,501.34
2017-04-20 17:00:00,480.01
2017-04-20 18:00:00,514.32
2017-04-20 19:00:00,603.44
2017-04-20 20:00:00,605.89
2017-04-20 21:00:00,615.37
2017-04-20 22:00:00,689.61
2017-04-20 23:00:00,684.38
2017-04-21 00:00:00,508.85
2017-04-21 00:00:00,508.85
2017-04-21 01:00:00,358.09
2017-04-21 02:00:00,297.62
2017-04-21 03:00:00,
2017-04-21 04:00:00,
2017-04-21 05:00:00,
2017-04-21 06:00:00,
2017-04-21 07:00:00,
2017-04-21 08:00:00,
2017-04-21 09:00:00,
2017-04-21 10:00:00,
2017-04-21 11:00:00,
2017-04-21 12:00:00,
2017-04-21 13:00:00,
2017-04-21 14:00:00,
2017-04-21 15:00:00,
2017-04-21 16:00:00,
2017-04-21 17:00:00,
2017-04-21 18:00:00,
2017-04-21 19:00:00,
2017-04-21 20:00:00,
2017-04-21 21:00:00,
2017-04-21 22:00:00,
2017-04-21 23:00:00,
2017-04-22 00:00:00,
2017-04-22 00:00:00,
2017-04-22 01:00:00,
2017-04-22 02:00:00,
2017-04-22 03:00:00,
2017-04-22 04:00:00,
2017-04-22 05:00:00,
2017-04-22 06:00:00,
2017-04-22 07:00:00,
2017-04-22 08:00:00,
2017-04-22 09:00:00,
2017-04-22 10:00:00,
2017-04-22 11:00:00,
2017-04-22 12:00:00,
2017-04-22 13:00:00,
2017-04-22 14:00:00,
2017-04-22 15:00:00,
2017-04-22 16:00:00,
2017-04-22 17:00:00,
2017-04-22 18:00:00,
2017-04-22 19:00:00,
2017-04-22 20:00:00,
2017-04-22 21:00:00,
2017-04-22 22:00:00,
2017-04-22 23:00:00,
2017-04-23 00:00:00,
2017-04-23 00:00:00,
2017-04-23 01:00:00,
2017-04-23 02:00:00,
2017-04-23 03:00:00,
2017-04-23 04:00:00,
2017-04-23 05:00:00,
2017-04-23 06:00:00,
2017-04-23 07:00:00,
2017-04-23 08:00:00,
2017-04-23 09:00:00,
2017-04-23 10:00:00,
2017-04-23 11:00:00,
2017-04-23 12:00:00,
2017-04-23 13:00:00,
2017-04-23 14:00:00,
2017-04-23 15:00:00,
2017-04-23 16:00:00,
2017-04-23 17:00:00,
2017-04-23 18:00:00,
2017-04-23 19:00:00,
2017-04-23 20:00:00,
2017-04-23 21:00:00,
2017-04-23 22:00:00,
2017-04-23 23:00:00,
2017-04-24 00:00:00,
2017-04-24 00:00:00,
2017-04-24 01:00:00,
2017-04-24 02:00:00,
2017-04-24 03:00:00,
2017-04-24 04:00:00,
2017-04-24 05:00:00,
2017-04-24 06:00:00,
2017-04-24 07:00:00,
2017-04-24 08:00:00,
2017-04-24 09:00:00,
2017-04-24 10:00:00,
2017-04-24 11:00:00,
2017-04-24 12:00:00,
2017-04-24 13:00:00,
2017-04-24 14:00:00,
2017-04-24 15:00:00,
2017-04-24 16:00:00,
2017-04-24 17:00:00,
2017-04-24 18:00:00,
2017-04-24 19:00:00,
2017-04-24 20:00:00,
2017-04-24 21:00:00,
2017-04-24 22:00:00,
2017-04-24 23:00:00,
2017-04-25 00:00:00,
2017-04-25 00:00:00,
2017-04-25 01:00:00,
2017-04-25 02:00:00,
2017-04-25 03:00:00,
2017-04-25 04:00:00,
2017-04-25 05:00:00,
2017-04-25 06:00:00,
2017-04-25 07:00:00,
2017-04-25 08:00:00,
2017-04-25 09:00:00,
2017-04-25 10:00:00,
2017-04-25 11:00:00,
2017-04-25 12:00:00,
2017-04-25 13:00:00,
2017-04-25 14:00:00,
2017-04-25 15:00:00,
2017-04-25 16:00:00,
2017-04-25 17:00:00,
2017-04-25 18:00:00,
2017-04-25 19:00:00,
2017-04-25 20:00:00,
2017-04-25 21:00:00,
2017-04-25 22:00:00,
2017-04-25 23:00:00,
2017-04-26 00:00:00,
2017-04-26 00:00:00,
2017-04-26 01:00:00,
2017-04-26 02:00:00,
2017-04-26 03:00:00,
2017-04-26 04:00:00,
2017-04-26 05:00:00,
2017-04-26 06:00:00,
2017-04-26 07:00:00,
2017-04-26 08:00:00,
2017-04-26 09:00:00,
2017-04-26 10:00:00,
2017-04-26 11:00:00,
2017-04-26 12:00:00,
2017-04-26 13:00:00,
2017-04-26 14:00:00,
2017-04-26 15:00:00,
2017-04-26 16:00:00,455.22
2017-04-26 17:00:00,416.71
2017-04-26 18:00:00,504.64
2017-04-26 19:00:00,634.76
2017-04-26 20:00:00,623.61
2017-04-26 21:00:00,640.23
2017-04-26 22:00:00,636.06
2017-04-26 23:00:00,652.57
2017-04-27 00:00:00,497.23
2017-04-27 00:00:00,497.23
2017-04-27 01:00:00,415.39
2017-04-27 02:00:00,343.95
2017-04-27 03:00:00,281.1
2017-04-27 04:00:00,284.7
2017-04-27 05:00:00,312.88
2017-04-27 06:00:00,313.44
2017-04-27 07:00:00,301.43
2017-04-27 08:00:00,491.39
2017-04-27 09:00:00,555.06
2017-04-27 10:00:00,452.55
2017-04-27 11:00:00,482.62
2017-04-27 12:00:00,452.42
2017-04-27 13:00:00,407.87
2017-04-27 14:00:00,387.62
2017-04-27 15:00:00,387.53
2017-04-27 16:00:00,477.54
2017-04-27 17:00:00,455.24
2017-04-27 18:00:00,462.91
2017-04-27 19:00:00,571.24
2017-04-27 20:00:00,598.08
2017-04-27 21:00:00,587.02
2017-04-27 22:00:00,644.12
2017-04-27 23:00:00,635.39
2017-04-28 00:00:00,559.48
2017-04-28 00:00:00,559.48
2017-04-28 01:00:00,399.52
2017-04-28 02:00:00,317.46
2017-04-28 03:00:00,283.54
2017-04-28 04:00:00,281.11
2017-04-28 05:00:00,327.29
2017-04-28 06:00:00,277.5
2017-04-28 07:00:00,351.86
2017-04-28 08:00:00,487.51
2017-04-28 09:00:00,522.53
2017-04-28 10:00:00,476.14
2017-04-28 11:00:00,423.16
2017-04-28 12:00:00,431.92
2017-04-28 13:00:00,424.11
2017-04-28 14:00:00,394.2
2017-04-28 15:00:00,443.89
2017-04-28 16:00:00,489.59
2017-04-28 17:00:00,379.1
2017-04-28 18:00:00,475.52
2017-04-28 19:00:00,574.18
2017-04-28 20:00:00,577.9
2017-04-28 21:00:00,537.33
2017-04-28 22:00:00,567.75
2017-04-28 23:00:00,524.72
2017-04-29 00:00:00,483.07
2017-04-29 00:00:00,483.07
2017-04-29 01:00:00,414.46
2017-04-29 02:00:00,321.98
2017-04-29 03:00:00,283.89
2017-04-29 04:00:00,297.95
2017-04-29 05:00:00,321.8
2017-04-29 06:00:00,282.34
2017-04-29 07:00:00,313.16
2017-04-29 08:00:00,373.88
2017-04-29 09:00:00,514.56
2017-04-29 10:00:00,478.53
2017-04-29 11:00:00,450.57
2017-04-29 12:00:00,486.2
2017-04-29 13:00:00,374.03
2017-04-29 14:00:00,388.95
2017-04-29 15:00:00,417.78
2017-04-29 16:00:00,403.84
2017-04-29 17:00:00,424.35
2017-04-29 18:00:00,410.15
2017-04-29 19:00:00,499.39
2017-04-29 20:00:00,504.88
2017-04-29 21:00:00,481.76
2017-04-29 22:00:00,532.53
2017-04-29 23:00:00,562.49
2017-04-30 00:00:00,452.79
2017-04-30 00:00:00,452.79
2017-04-30 01:00:00,356.27
2017-04-30 02:00:00,311.76
2017-04-30 03:00:00,271.46
2017-04-30 04:00:00,281.31
2017-04-30 05:00:00,268.09
2017-04-30 06:00:00,295.12
2017-04-30 07:00:00,290.88
2017-04-30 08:00:00,365.38
2017-04-30 09:00:00,497.54
2017-04-30 10:00:00,443.5
2017-04-30 11:00:00,434.49
2017-04-30 12:00:00,421.47
2017-04-30 13:00:00,387.78
2017-04-30 14:00:00,389.17
2017-04-30 15:00:00,361.28
2017-04-30 16:00:00,454.39
2017-04-30 17:00:00,391.15
2017-04-30 18:00:00,364.17
2017-04-30 19:00:00,435.46
2017-04-30 20:00:00,474.33
2017-04-30 21:00:00,475.79
2017-04-30 22:00:00,490.46
2017-04-30 23:00:00,489.7
2017-05-01 00:00:00,441.36
2017-05-01 00:00:00,441.36
2017-05-01 01:00:00,375.11
2017-05-01 02:00:00,307.57
2017-05-01 03:00:00,290.45
2017-05-01 04:00:00,299.64
2017-05-01 05:00:00,263.21
2017-05-01 06:00:00,294.77
2017-05-01 07:00:00,319.66
2017-05-01 08:00:00,360.55
2017-05-01 09:00:00,431.27
2017-05-01 10:00:00,484.21
2017-05-01 11:00:00,449.32
2017-05-01 12:00:00,469.73
2017-05-01 13:00:00,421.11
2017-05-01 14:00:00,375.41
2017-05-01 15:00:00,390.01
2017-05-01 16:00:00,494.26
2017-05-01 17:00:00,455.37
2017-05-01 18:00:00,501.49
2017-05-01 19:00:00,590.65
2017-05-01 20:00:00,568.92
2017-05-01 21:00:00,582.99
2017-05-01 22:00:00,570.08
2017-05-01 23:00:00,557.64
2017-05-02 00:00:00,452.96
2017-05-02 00:00:00,452.96
2017-05-02 01:00:00,367.48
2017-05-02 02:00:00,314.66
2017-05-02 03:00:00,258.7
2017-05-02 04:00:00,290.46
2017-05-02 05:00:00,324.96
2017-05-02 06:00:00,327.06
2017-05-02 07:00:00,318.39
2017-05-02 08:00:00,484.4
2017-05-02 09:00:00,569.7
2017-05-02 10:00:00,462.7
2017-05-02 11:00:00,468.42
2017-05-02 12:00:00,448.62
2017-05-02 13:00:00,403.69
2017-05-02 14:00:00,386.77
2017-05-02 15:00:00,417.03
2017-05-02 16:00:00,538.51
2017-05-02 17:00:00,467.52
2017-05-02 18:00:00,468.58
2017-05-02 19:00:00,555.99
2017-05-02 20:00:00,592.54
2017-05-02 21:00:00,537.24
2017-05-02 22:00:00,590.72
2017-05-02 23:00:00,606.84
2017-05-03 00:00:00,489.53
2017-05-03 00:00:00,489.53
2017-05-03 01:00:00,369.55
2017-05-03 02:00:00,305.72
2017-05-03 03:00:00,277.88
2017-05-03 04:00:00,298.45
2017-05-03 05:00:00,292.32
2017-05-03 06:00:00,296.19
2017-05-03 07:00:00,299.91
2017-05-03 08:00:00,474.07
2017-05-03 09:00:00,500.96
2017-05-03 10:00:00,446.99
2017-05-03 11:00:00,441.0
2017-05-03 12:00:00,439.39
2017-05-03 13:00:00,430.83
2017-05-03 14:00:00,376.91
2017-05-03 15:00:00,395.3
2017-05-03 16:00:00,479.34
2017-05-03 17:00:00,449.52
2017-05-03 18:00:00,475.75
2017-05-03 19:00:00,614.57
2017-05-03 20:00:00,561.52
2017-05-03 21:00:00,594.25
2017-05-03 22:00:00,651.02
2017-05-03 23:00:00,644.69
2017-05-04 00:00:00,505.75
2017-05-04 00:00:00,505.75
2017-05-04 01:00:00,386.73
2017-05-04 02:00:00,315.76
2017-05-04 03:00:00,276.35
2017-05-04 04:00:00,285.95
2017-05-04 05:00:00,289.89
2017-05-04 06:00:00,325.26
2017-05-04 07:00:00,330.55
2017-05-04 08:00:00,508.14
2017-05-04 09:00:00,516.95
2017-05-04 10:00:00,448.33
2017-05-04 11:00:00,481.91
2017-05-04 12:00:00,472.38
2017-05-04 13:00:00,423.77
2017-05-04 14:00:00,355.47
2017-05-04 15:00:00,412.6
2017-05-04 16:00:00,521.98
2017-05-04 17:00:00,460.49
2017-05-04 18:00:00,511.04
2017-05-04 19:00:00,600.83
2017-05-04 20:00:00,573.57
2017-05-04 21:00:00,540.08
2017-05-04 22:00:00,618.9
2017-05-04 23:00:00,655.73
2017-05-05 00:00:00,510.77
2017-05-05 00:00:00,510.77
2017-05-05 01:00:00,408.04
2017-05-05 02:00:00,305.54
2017-05-05 03:00:00,281.59
2017-05-05 04:00:00,270.92
2017-05-05 05:00:00,274.51
2017-05-05 06:00:00,316.89
2017-05-05 07:00:00,297.82
2017-05-05 08:00:00,463.67
2017-05-05 09:00:00,504.36
2017-05-05 10:00:00,497.7
2017-05-05 11:00:00,452.09
2017-05-05 12:00:00,457.05
2017-05-05 13:00:00,407.79
2017-05-05 14:00:00,390.6
2017-05-05 15:00:00,392.55
2017-05-05 16:00:00,484.4
2017-05-05 17:00:00,454.7
2017-05-05 18:00:00,526.15
2017-05-05 19:00:00,576.94
2017-05-05 20:00:00,600.49
2017-05-05 21:00:00,594.51
2017-05-05 22:00:00,638.69
2017-05-05 23:00:00,639.97
2017-05-06 00:00:00,548.28
2017-05-06 00:00:00,548.28
2017-05-06 01:00:00,431.18
2017-05-06 02:00:00,319.86
2017-05-06 03:00:00,307.0
2017-05-06 04:00:00,301.93
2017-05-06 05:00:00,312.4
2017-05-06 06:00:00,315.51
2017-05-06 07:00:00,295.17
2017-05-06 08:00:00,409.87
2017-05-06 09:00:00,488.58
2017-05-06 10:00:00,485.37
2017-05-06 11:00:00,494.12
2017-05-06 12:00:00,453.71
2017-05-06 13:00:00,474.47
2017-05-06 14:00:00,405.44
2017-05-06 15:00:00,446.87
2017-05-06 16:00:00,542.17
2017-05-06 17:00:00,464.23
2017-05-06 18:00:00,487.9
2017-05-06 19:00:00,542.25
2017-05-06 20:00:00,583.31
2017-05-06 21:00:00,607.34
2017-05-06 22:00:00,600.6
2017-05-06 23:00:00,565.78
2017-05-07 00:00:00,505.03
2017-05-07 00:00:00,505.03
2017-05-07 01:00:00,396.42
2017-05-07 02:00:00,347.66
2017-05-07 03:00:00,275.07
2017-05-07 04:00:00,328.61
2017-05-07 05:00:00,308.61
2017-05-07 06:00:00,300.3
2017-05-07 07:00:00,312.3
2017-05-07 08:00:00,417.47
2017-05-07 09:00:00,503.74
2017-05-07 10:00:00,480.84
2017-05-07 11:00:00,476.77
2017-05-07 12:00:00,486.31
2017-05-07 13:00:00,488.56
2017-05-07 14:00:00,498.83
2017-05-07 15:00:00,527.32
2017-05-07 16:00:00,559.55
2017-05-07 17:00:00,499.53
2017-05-07 18:00:00,513.23
2017-05-07 19:00:00,614.77
2017-05-07 20:00:00,622.92
2017-05-07 21:00:00,624.1
2017-05-07 22:00:00,580.59
2017-05-07 23:00:00,644.05
2017-05-08 00:00:00,581.86
2017-05-08 00:00:00,581.86
2017-05-08 01:00:00,387.61
2017-05-08 02:00:00,327.54
2017-05-08 03:00:00,279.54
2017-05-08 04:00:00,297.61
2017-05-08 05:00:00,323.44
2017-05-08 06:00:00,307.4
2017-05-08 07:00:00,350.88
2017-05-08 08:00:00,445.25
2017-05-08 09:00:00,544.69
2017-05-08 10:00:00,431.74
2017-05-08 11:00:00,494.38
2017-05-08 12:00:00,445.63
2017-05-08 13:00:00,399.42
2017-05-08 14:00:00,355.89
2017-05-08 15:00:00,424.39
2017-05-08 16:00:00,479.12
2017-05-08 17:00:00,480.6
2017-05-08 18:00:00,527.7
2017-05-08 19:00:00,609.29
2017-05-08 20:00:00,576.42
2017-05-08 21:00:00,624.29
2017-05-08 22:00:00,634.08
2017-05-08 23:00:00,660.38
2017-05-09 00:00:00,549.5
2017-05-09 00:00:00,549.5
2017-05-09 01:00:00,387.46
2017-05-09 02:00:00,325.0
2017-05-09 03:00:00,295.96
2017-05-09 04:00:00,276.76
2017-05-09 05:00:00,294.46
2017-05-09 06:00:00,305.27
2017-05-09 07:00:00,311.61
2017-05-09 08:00:00,497.6
2017-05-09 09:00:00,549.83
2017-05-09 10:00:00,490.54
2017-05-09 11:00:00,512.5
2017-05-09 12:00:00,520.18
2017-05-09 13:00:00,429.7
2017-05-09 14:00:00,410.04
2017-05-09 15:00:00,412.23
2017-05-09 16:00:00,511.11
2017-05-09 17:00:00,469.09
2017-05-09 18:00:00,497.47
2017-05-09 19:00:00,601.66
2017-05-09 20:00:00,640.52
2017-05-09 21:00:00,623.33
2017-05-09 22:00:00,683.62
2017-05-09 23:00:00,689.01
2017-05-10 00:00:00,550.52
2017-05-10 00:00:00,550.52
2017-05-10 01:00:00,399.59
2017-05-10 02:00:00,302.19
2017-05-10 03:00:00,285.34
2017-05-10 04:00:00,282.96
2017-05-10 05:00:00,298.9
2017-05-10 06:00:00,293.45
2017-05-10 07:00:00,317.51
2017-05-10 08:00:00,461.88
2017-05-10 09:00:00,592.95
2017-05-10 10:00:00,467.85
2017-05-10 11:00:00,496.09
2017-05-10 12:00:00,487.82
2017-05-10 13:00:00,418.61
2017-05-10 14:00:00,405.44
2017-05-10 15:00:00,483.41
2017-05-10 16:00:00,522.51
2017-05-10 17:00:00,427.56
2017-05-10 18:00:00,469.12
2017-05-10 19:00:00,601.15
2017-05-10 20:00:00,658.54
2017-05-10 21:00:00,679.38
2017-05-10 22:00:00,730.39
2017-05-10 23:00:00,728.47
2017-05-11 00:00:00,617.58
2017-05-11 00:00:00,617.58
2017-05-11 01:00:00,420.31
2017-05-11 02:00:00,340.82
2017-05-11 03:00:00,295.64
2017-05-11 04:00:00,306.59
2017-05-11 05:00:00,335.97
2017-05-11 06:00:00,318.34
2017-05-11 07:00:00,331.47
2017-05-11 08:00:00,513.45
2017-05-11 09:00:00,548.41
2017-05-11 10:00:00,451.15
2017-05-11 11:00:00,544.33
2017-05-11 12:00:00,542.46
2017-05-11 13:00:00,505.6
2017-05-11 14:00:00,418.72
2017-05-11 15:00:00,472.65
2017-05-11 16:00:00,533.26
2017-05-11 17:00:00,502.42
2017-05-11 18:00:00,600.57
2017-05-11 19:00:00,685.94
2017-05-11 20:00:00,731.5
2017-05-11 21:00:00,677.29
2017-05-11 22:00:00,758.11
2017-05-11 23:00:00,714.57
2017-05-12 00:00:00,614.39
2017-05-12 00:00:00,614.39
2017-05-12 01:00:00,483.55
2017-05-12 02:00:00,367.82
2017-05-12 03:00:00,292.64
2017-05-12 04:00:00,315.01
2017-05-12 05:00:00,323.24
2017-05-12 06:00:00,314.56
2017-05-12 07:00:00,343.81
2017-05-12 08:00:00,470.26
2017-05-12 09:00:00,468.56
2017-05-12 10:00:00,459.48
2017-05-12 11:00:00,450.36
2017-05-12 12:00:00,435.98
2017-05-12 13:00:00,431.32
2017-05-12 14:00:00,356.88
2017-05-12 15:00:00,386.57
2017-05-12 16:00:00,479.87
2017-05-12 17:00:00,424.05
2017-05-12 18:00:00,476.97
2017-05-12 19:00:00,574.97
2017-05-12 20:00:00,597.94
2017-05-12 21:00:00,566.62
2017-05-12 22:00:00,638.31
2017-05-12 23:00:00,709.78
2017-05-13 00:00:00,543.43
2017-05-13 00:00:00,543.43
2017-05-13 01:00:00,396.23
2017-05-13 02:00:00,338.33
2017-05-13 03:00:00,318.08
2017-05-13 04:00:00,299.68
2017-05-13 05:00:00,321.26
2017-05-13 06:00:00,296.72
2017-05-13 07:00:00,324.76
2017-05-13 08:00:00,425.29
2017-05-13 09:00:00,488.87
2017-05-13 10:00:00,539.84
2017-05-13 11:00:00,560.67
2017-05-13 12:00:00,494.32
2017-05-13 13:00:00,444.25
2017-05-13 14:00:00,435.54
2017-05-13 15:00:00,513.57
2017-05-13 16:00:00,527.06
2017-05-13 17:00:00,471.13
2017-05-13 18:00:00,543.42
2017-05-13 19:00:00,575.77
2017-05-13 20:00:00,622.6
2017-05-13 21:00:00,626.25
2017-05-13 22:00:00,660.35
2017-05-13 23:00:00,654.39
2017-05-14 00:00:00,603.13
2017-05-14 00:00:00,603.13
2017-05-14 01:00:00,459.92
2017-05-14 02:00:00,340.75
2017-05-14 03:00:00,310.75
2017-05-14 04:00:00,316.73
2017-05-14 05:00:00,317.67
2017-05-14 06:00:00,321.58
2017-05-14 07:00:00,352.07
2017-05-14 08:00:00,416.58
2017-05-14 09:00:00,483.98
2017-05-14 10:00:00,520.47
2017-05-14 11:00:00,554.66
2017-05-14 12:00:00,542.66
2017-05-14 13:00:00,481.42
2017-05-14 14:00:00,473.38
2017-05-14 15:00:00,484.64
2017-05-14 16:00:00,555.8
2017-05-14 17:00:00,504.12
2017-05-14 18:00:00,549.96
2017-05-14 19:00:00,606.86
2017-05-14 20:00:00,620.76
2017-05-14 21:00:00,618.34
2017-05-14 22:00:00,649.07
2017-05-14 23:00:00,619.61
2017-05-15 00:00:00,536.22
2017-05-15 00:00:00,536.22
2017-05-15 01:00:00,404.72
2017-05-15 02:00:00,314.71
2017-05-15 03:00:00,317.29
2017-05-15 04:00:00,282.42
2017-05-15 05:00:00,307.1
2017-05-15 06:00:00,319.71
2017-05-15 07:00:00,342.0
2017-05-15 08:00:00,476.36
2017-05-15 09:00:00,529.34
2017-05-15 10:00:00,465.96
2017-05-15 11:00:00,525.04
2017-05-15 12:00:00,469.52
2017-05-15 13:00:00,407.59
2017-05-15 14:00:00,412.94
2017-05-15 15:00:00,415.97
2017-05-15 16:00:00,490.39
2017-05-15 17:00:00,437.45
2017-05-15 18:00:00,502.14
2017-05-15 19:00:00,618.98
2017-05-15 20:00:00,592.94
2017-05-15 21:00:00,609.09
2017-05-15 22:00:00,629.47
2017-05-15 23:00:00,705.3
2017-05-16 00:00:00,534.6
2017-05-16 00:00:00,534.6
2017-05-16 01:00:00,411.08
2017-05-16 02:00:00,314.22
2017-05-16 03:00:00,306.12
2017-05-16 04:00:00,306.74
2017-05-16 05:00:00,293.36
2017-05-16 06:00:00,290.74
2017-05-16 07:00:00,324.77
2017-05-16 08:00:00,477.76
2017-05-16 09:00:00,502.78
2017-05-16 10:00:00,423.63
2017-05-16 11:00:00,483.21
2017-05-16 12:00:00,450.95
2017-05-16 13:00:00,425.69
2017-05-16 14:00:00,394.14
2017-05-16 15:00:00,380.79
2017-05-16 16:00:00,516.29
2017-05-16 17:00:00,450.48
2017-05-16 18:00:00,493.12
2017-05-16 19:00:00,597.34
2017-05-16 20:00:00,635.51
2017-05-16 21:00:00,643.84
2017-05-16 22:00:00,682.65
2017-05-16 23:00:00,708.2
2017-05-17 00:00:00,493.53
2017-05-17 00:00:00,493.53
2017-05-17 01:00:00,407.71
2017-05-17 02:00:00,299.62
2017-05-17 03:00:00,283.52
2017-05-17 04:00:00,315.95
2017-05-17 05:00:00,308.77
2017-05-17 06:00:00,299.33
2017-05-17 07:00:00,329.83
2017-05-17 08:00:00,526.51
2017-05-17 09:00:00,542.06
2017-05-17 10:00:00,514.38
2017-05-17 11:00:00,469.45
2017-05-17 12:00:00,476.86
2017-05-17 13:00:00,476.0
2017-05-17 14:00:00,406.59
2017-05-17 15:00:00,413.5
2017-05-17 16:00:00,506.77
2017-05-17 17:00:00,489.09
2017-05-17 18:00:00,523.26
2017-05-17 19:00:00,636.41
2017-05-17 20:00:00,619.56
2017-05-17 21:00:00,637.12
2017-05-17 22:00:00,696.06
2017-05-17 23:00:00,719.25
2017-05-18 00:00:00,564.77
2017-05-18 00:00:00,564.77
2017-05-18 01:00:00,450.95
2017-05-18 02:00:00,326.31
2017-05-18 03:00:00,321.52
2017-05-18 04:00:00,317.43
2017-05-18 05:00:00,331.85
2017-05-18 06:00:00,319.16
2017-05-18 07:00:00,340.47
2017-05-18 08:00:00,510.47
2017-05-18 09:00:00,533.6
2017-05-18 10:00:00,395.48
2017-05-18 11:00:00,469.31
2017-05-18 12:00:00,472.55
2017-05-18 13:00:00,455.38
2017-05-18 14:00:00,391.98
2017-05-18 15:00:00,427.15
2017-05-18 16:00:00,516.39
2017-05-18 17:00:00,445.54
2017-05-18 18:00:00,538.79
2017-05-18 19:00:00,596.27
2017-05-18 20:00:00,691.76
2017-05-18 21:00:00,611.86
2017-05-18 22:00:00,669.12
2017-05-18 23:00:00,728.21
2017-05-19 00:00:00,581.47
2017-05-19 00:00:00,581.47
2017-05-19 01:00:00,445.49
2017-05-19 02:00:00,365.43
2017-05-19 03:00:00,365.65
2017-05-19 04:00:00,328.91
2017-05-19 05:00:00,318.09
2017-05-19 06:00:00,329.43
2017-05-19 07:00:00,337.84
2017-05-19 08:00:00,510.44
2017-05-19 09:00:00,587.94
2017-05-19 10:00:00,465.94
2017-05-19 11:00:00,518.76
2017-05-19 12:00:00,504.83
2017-05-19 13:00:00,460.1
2017-05-19 14:00:00,397.09
2017-05-19 15:00:00,466.41
2017-05-19 16:00:00,542.69
2017-05-19 17:00:00,486.19
2017-05-19 18:00:00,504.49
2017-05-19 19:00:00,610.82
2017-05-19 20:00:00,643.07
2017-05-19 21:00:00,634.72
2017-05-19 22:00:00,675.69
2017-05-19 23:00:00,678.64
2017-05-20 00:00:00,543.6
2017-05-20 00:00:00,543.6
2017-05-20 01:00:00,432.26
2017-05-20 02:00:00,362.49
2017-05-20 03:00:00,346.6
2017-05-20 04:00:00,346.17
2017-05-20 05:00:00,325.83
2017-05-20 06:00:00,301.21
2017-05-20 07:00:00,325.4
2017-05-20 08:00:00,391.46
2017-05-20 09:00:00,561.95
2017-05-20 10:00:00,516.83
2017-05-20 11:00:00,526.0
2017-05-20 12:00:00,561.11
2017-05-20 13:00:00,535.09
2017-05-20 14:00:00,487.14
2017-05-20 15:00:00,515.64
2017-05-20 16:00:00,545.92
2017-05-20 17:00:00,564.27
2017-05-20 18:00:00,515.99
2017-05-20 19:00:00,563.28
2017-05-20 20:00:00,579.06
2017-05-20 21:00:00,593.86
2017-05-20 22:00:00,605.78
2017-05-20 23:00:00,617.34
2017-05-21 00:00:00,524.29
2017-05-21 00:00:00,524.29
2017-05-21 01:00:00,430.46
2017-05-21 02:00:00,369.42
2017-05-21 03:00:00,337.48
2017-05-21 04:00:00,328.17
2017-05-21 05:00:00,312.92
2017-05-21 06:00:00,337.92
2017-05-21 07:00:00,317.44
2017-05-21 08:00:00,432.51
2017-05-21 09:00:00,513.54
2017-05-21 10:00:00,519.74
2017-05-21 11:00:00,527.93
2017-05-21 12:00:00,551.79
2017-05-21 13:00:00,534.98
2017-05-21 14:00:00,493.65
2017-05-21 15:00:00,514.46
2017-05-21 16:00:00,589.39
2017-05-21 17:00:00,508.35
2017-05-21 18:00:00,559.41
2017-05-21 19:00:00,581.61
2017-05-21 20:00:00,656.07
2017-05-21 21:00:00,672.43
2017-05-21 22:00:00,714.01
2017-05-21 23:00:00,721.68
2017-05-22 00:00:00,584.06
2017-05-22 00:00:00,584.06
2017-05-22 01:00:00,454.56
2017-05-22 02:00:00,369.23
2017-05-22 03:00:00,319.42
2017-05-22 04:00:00,343.59
2017-05-22 05:00:00,367.75
2017-05-22 06:00:00,335.72
2017-05-22 07:00:00,332.43
2017-05-22 08:00:00,504.78
2017-05-22 09:00:00,548.71
2017-05-22 10:00:00,512.49
2017-05-22 11:00:00,503.51
2017-05-22 12:00:00,514.36
2017-05-22 13:00:00,575.52
2017-05-22 14:00:00,412.47
2017-05-22 15:00:00,446.15
2017-05-22 16:00:00,527.78
2017-05-22 17:00:00,520.2
2017-05-22 18:00:00,572.83
2017-05-22 19:00:00,658.97
2017-05-22 20:00:00,700.18
2017-05-22 21:00:00,679.68
2017-05-22 22:00:00,685.14
2017-05-22 23:00:00,727.34
2017-05-23 00:00:00,663.48
2017-05-23 00:00:00,663.48
2017-05-23 01:00:00,497.55
2017-05-23 02:00:00,384.17
2017-05-23 03:00:00,335.15
2017-05-23 04:00:00,373.36
2017-05-23 05:00:00,357.63
2017-05-23 06:00:00,358.65
2017-05-23 07:00:00,354.41
2017-05-23 08:00:00,491.09
2017-05-23 09:00:00,513.34
2017-05-23 10:00:00,465.42
2017-05-23 11:00:00,481.73
2017-05-23 12:00:00,497.36
2017-05-23 13:00:00,481.03
2017-05-23 14:00:00,402.27
2017-05-23 15:00:00,454.79
2017-05-23 16:00:00,507.36
2017-05-23 17:00:00,485.49
2017-05-23 18:00:00,589.04
2017-05-23 19:00:00,635.33
2017-05-23 20:00:00,607.6
2017-05-23 21:00:00,633.39
2017-05-23 22:00:00,669.4
2017-05-23 23:00:00,704.26
2017-05-24 00:00:00,508.24
2017-05-24 00:00:00,508.24
2017-05-24 01:00:00,394.72
2017-05-24 02:00:00,348.24
2017-05-24 03:00:00,318.93
2017-05-24 04:00:00,320.43
2017-05-24 05:00:00,334.25
2017-05-24 06:00:00,326.14
2017-05-24 07:00:00,322.96
2017-05-24 08:00:00,482.4
2017-05-24 09:00:00,515.82
2017-05-24 10:00:00,492.07
2017-05-24 11:00:00,439.39
2017-05-24 12:00:00,456.61
2017-05-24 13:00:00,428.77
2017-05-24 14:00:00,367.95
2017-05-24 15:00:00,460.49
2017-05-24 16:00:00,525.57
2017-05-24 17:00:00,503.94
2017-05-24 18:00:00,553.58
2017-05-24 19:00:00,534.58
2017-05-24 20:00:00,585.17
2017-05-24 21:00:00,631.51
2017-05-24 22:00:00,696.29
2017-05-24 23:00:00,677.84
2017-05-25 00:00:00,557.85
2017-05-25 00:00:00,557.85
2017-05-25 01:00:00,407.14
2017-05-25 02:00:00,353.76
2017-05-25 03:00:00,326.09
2017-05-25 04:00:00,307.42
2017-05-25 05:00:00,318.96
2017-05-25 06:00:00,297.5
2017-05-25 07:00:00,310.63
2017-05-25 08:00:00,457.24
2017-05-25 09:00:00,538.16
2017-05-25 10:00:00,459.48
2017-05-25 11:00:00,525.16
2017-05-25 12:00:00,482.29
2017-05-25 13:00:00,390.96
2017-05-25 14:00:00,431.03
2017-05-25 15:00:00,438.63
2017-05-25 16:00:00,481.33
2017-05-25 17:00:00,482.41
2017-05-25 18:00:00,505.8
2017-05-25 19:00:00,573.78
2017-05-25 20:00:00,614.99
2017-05-25 21:00:00,670.73
2017-05-25 22:00:00,683.65
2017-05-25 23:00:00,695.61
2017-05-26 00:00:00,569.88
2017-05-26 00:00:00,569.88
2017-05-26 01:00:00,429.77
2017-05-26 02:00:00,338.86
2017-05-26 03:00:00,331.31
2017-05-26 04:00:00,318.55
2017-05-26 05:00:00,345.51
2017-05-26 06:00:00,308.72
2017-05-26 07:00:00,350.23
2017-05-26 08:00:00,472.36
2017-05-26 09:00:00,534.56
2017-05-26 10:00:00,481.88
2017-05-26 11:00:00,466.02
2017-05-26 12:00:00,511.83
2017-05-26 13:00:00,429.38
2017-05-26 14:00:00,422.01
2017-05-26 15:00:00,444.54
2017-05-26 16:00:00,531.6
2017-05-26 17:00:00,458.76
2017-05-26 18:00:00,532.18
2017-05-26 19:00:00,552.21
2017-05-26 20:00:00,671.31
2017-05-26 21:00:00,684.52
2017-05-26 22:00:00,687.91
2017-05-26 23:00:00,724.29
2017-05-27 00:00:00,605.99
2017-05-27 00:00:00,605.99
2017-05-27 01:00:00,491.88
2017-05-27 02:00:00,367.76
2017-05-27 03:00:00,338.07
2017-05-27 04:00:00,370.65
2017-05-27 05:00:00,321.58
2017-05-27 06:00:00,314.04
2017-05-27 07:00:00,332.07
2017-05-27 08:00:00,477.62
2017-05-27 09:00:00,577.41
2017-05-27 10:00:00,535.46
2017-05-27 11:00:00,480.33
2017-05-27 12:00:00,498.68
2017-05-27 13:00:00,467.13
2017-05-27 14:00:00,445.59
2017-05-27 15:00:00,476.04
2017-05-27 16:00:00,533.77
2017-05-27 17:00:00,478.83
2017-05-27 18:00:00,596.13
2017-05-27 19:00:00,584.15
2017-05-27 20:00:00,640.13
2017-05-27 21:00:00,639.13
2017-05-27 22:00:00,664.98
2017-05-27 23:00:00,652.73
2017-05-28 00:00:00,559.63
2017-05-28 00:00:00,559.63
2017-05-28 01:00:00,473.82
2017-05-28 02:00:00,390.09
2017-05-28 03:00:00,365.63
2017-05-28 04:00:00,347.61
2017-05-28 05:00:00,350.39
2017-05-28 06:00:00,342.73
2017-05-28 07:00:00,344.15
2017-05-28 08:00:00,437.96
2017-05-28 09:00:00,481.3
2017-05-28 10:00:00,491.67
2017-05-28 11:00:00,489.64
2017-05-28 12:00:00,540.9
2017-05-28 13:00:00,516.31
2017-05-28 14:00:00,462.12
2017-05-28 15:00:00,481.03
2017-05-28 16:00:00,593.63
2017-05-28 17:00:00,495.06
2017-05-28 18:00:00,477.06
2017-05-28 19:00:00,547.41
2017-05-28 20:00:00,585.78
2017-05-28 21:00:00,589.76
2017-05-28 22:00:00,613.15
2017-05-28 23:00:00,653.83
2017-05-29 00:00:00,565.77
2017-05-29 00:00:00,565.77
2017-05-29 01:00:00,488.78
2017-05-29 02:00:00,401.52
2017-05-29 03:00:00,357.06
2017-05-29 04:00:00,373.79
2017-05-29 05:00:00,372.16
2017-05-29 06:00:00,357.2
2017-05-29 07:00:00,336.0
2017-05-29 08:00:00,419.6
2017-05-29 09:00:00,
2017-05-29 10:00:00,
2017-05-29 11:00:00,
2017-05-29 12:00:00,
2017-05-29 13:00:00,
2017-05-29 14:00:00,
2017-05-29 15:00:00,
2017-05-29 16:00:00,
2017-05-29 17:00:00,
2017-05-29 18:00:00,510.78
2017-05-29 19:00:00,523.03
2017-05-29 20:00:00,574.96
2017-05-29 21:00:00,584.78
2017-05-29 22:00:00,623.5
2017-05-29 23:00:00,583.0
2017-05-30 00:00:00,575.5
2017-05-30 00:00:00,575.5
2017-05-30 01:00:00,484.58
2017-05-30 02:00:00,417.27
2017-05-30 03:00:00,367.94
2017-05-30 04:00:00,387.79
2017-05-30 05:00:00,366.01
2017-05-30 06:00:00,359.72
2017-05-30 07:00:00,333.27
2017-05-30 08:00:00,389.57
2017-05-30 09:00:00,474.68
2017-05-30 10:00:00,462.59
2017-05-30 11:00:00,494.8
2017-05-30 12:00:00,540.96
2017-05-30 13:00:00,572.14
2017-05-30 14:00:00,504.23
2017-05-30 15:00:00,516.31
2017-05-30 16:00:00,657.44
2017-05-30 17:00:00,566.98
2017-05-30 18:00:00,636.91
2017-05-30 19:00:00,672.84
2017-05-30 20:00:00,747.02
2017-05-30 21:00:00,796.15
2017-05-30 22:00:00,772.87
2017-05-30 23:00:00,753.35
2017-05-31 00:00:00,693.89
2017-05-31 00:00:00,693.89
2017-05-31 01:00:00,572.43
2017-05-31 02:00:00,486.67
2017-05-31 03:00:00,454.45
2017-05-31 04:00:00,442.47
2017-05-31 05:00:00,440.21
2017-05-31 06:00:00,413.27
2017-05-31 07:00:00,417.81
2017-05-31 08:00:00,555.79
2017-05-31 09:00:00,577.64
2017-05-31 10:00:00,500.27
2017-05-31 11:00:00,504.3
2017-05-31 12:00:00,529.08
2017-05-31 13:00:00,597.39
2017-05-31 14:00:00,553.93
2017-05-31 15:00:00,580.65
2017-05-31 16:00:00,682.0
2017-05-31 17:00:00,594.9
2017-05-31 18:00:00,658.64
2017-05-31 19:00:00,715.32
2017-05-31 20:00:00,823.57
2017-05-31 21:00:00,839.66
2017-05-31 22:00:00,869.65
2017-05-31 23:00:00,926.53
2017-06-01 00:00:00,808.4
2017-06-01 00:00:00,808.4
2017-06-01 01:00:00,667.44
2017-06-01 02:00:00,549.96
2017-06-01 03:00:00,526.76
2017-06-01 04:00:00,491.12
2017-06-01 05:00:00,468.29
2017-06-01 06:00:00,476.91
2017-06-01 07:00:00,443.34
2017-06-01 08:00:00,569.47
2017-06-01 09:00:00,654.53
2017-06-01 10:00:00,573.39
2017-06-01 11:00:00,561.27
2017-06-01 12:00:00,606.98
2017-06-01 13:00:00,604.54
2017-06-01 14:00:00,570.7
2017-06-01 15:00:00,626.16
2017-06-01 16:00:00,717.37
2017-06-01 17:00:00,646.77
2017-06-01 18:00:00,646.42
2017-06-01 19:00:00,749.44
2017-06-01 20:00:00,865.59
2017-06-01 21:00:00,917.66
2017-06-01 22:00:00,948.8
2017-06-01 23:00:00,1022.3
2017-06-02 00:00:00,907.93
2017-06-02 00:00:00,907.93
2017-06-02 01:00:00,709.9
2017-06-02 02:00:00,604.54
2017-06-02 03:00:00,545.96
2017-06-02 04:00:00,510.88
2017-06-02 05:00:00,468.83
2017-06-02 06:00:00,448.75
2017-06-02 07:00:00,454.86
2017-06-02 08:00:00,554.45
2017-06-02 09:00:00,611.1
2017-06-02 10:00:00,517.01
2017-06-02 11:00:00,590.75
2017-06-02 12:00:00,588.09
2017-06-02 13:00:00,623.04
2017-06-02 14:00:00,601.71
2017-06-02 15:00:00,578.82
2017-06-02 16:00:00,638.84
2017-06-02 17:00:00,569.1
2017-06-02 18:00:00,594.17
2017-06-02 19:00:00,707.56
2017-06-02 20:00:00,754.44
2017-06-02 21:00:00,744.96
2017-06-02 22:00:00,781.85
2017-06-02 23:00:00,769.57
2017-06-03 00:00:00,717.01
2017-06-03 00:00:00,717.01
2017-06-03 01:00:00,570.98
2017-06-03 02:00:00,519.88
2017-06-03 03:00:00,455.35
2017-06-03 04:00:00,456.78
2017-06-03 05:00:00,445.49
2017-06-03 06:00:00,441.23
2017-06-03 07:00:00,409.96
2017-06-03 08:00:00,502.22
2017-06-03 09:00:00,588.94
2017-06-03 10:00:00,551.37
2017-06-03 11:00:00,556.47
2017-06-03 12:00:00,602.07
2017-06-03 13:00:00,551.25
2017-06-03 14:00:00,524.55
2017-06-03 15:00:00,569.97
2017-06-03 16:00:00,613.24
2017-06-03 17:00:00,533.73
2017-06-03 18:00:00,596.37
2017-06-03 19:00:00,677.36
2017-06-03 20:00:00,676.36
2017-06-03 21:00:00,694.25
2017-06-03 22:00:00,730.56
2017-06-03 23:00:00,715.02
2017-06-04 00:00:00,657.28
2017-06-04 00:00:00,657.28
2017-06-04 01:00:00,516.83
2017-06-04 02:00:00,471.35
2017-06-04 03:00:00,447.96
2017-06-04 04:00:00,462.47
2017-06-04 05:00:00,405.36
2017-06-04 06:00:00,400.52
2017-06-04 07:00:00,407.59
2017-06-04 08:00:00,507.85
2017-06-04 09:00:00,600.53
2017-06-04 10:00:00,515.33
2017-06-04 11:00:00,526.36
2017-06-04 12:00:00,569.51
2017-06-04 13:00:00,542.66
2017-06-04 14:00:00,574.57
2017-06-04 15:00:00,595.37
2017-06-04 16:00:00,597.93
2017-06-04 17:00:00,575.3
2017-06-04 18:00:00,579.85
2017-06-04 19:00:00,621.87
2017-06-04 20:00:00,676.08
2017-06-04 21:00:00,667.27
2017-06-04 22:00:00,693.47
2017-06-04 23:00:00,730.69
2017-06-05 00:00:00,637.69
2017-06-05 00:00:00,637.69
2017-06-05 01:00:00,558.91
2017-06-05 02:00:00,474.44
2017-06-05 03:00:00,408.41
2017-06-05 04:00:00,409.66
2017-06-05 05:00:00,391.34
2017-06-05 06:00:00,399.22
2017-06-05 07:00:00,377.6
2017-06-05 08:00:00,502.84
2017-06-05 09:00:00,577.53
2017-06-05 10:00:00,415.27
2017-06-05 11:00:00,502.63
2017-06-05 12:00:00,459.24
2017-06-05 13:00:00,415.51
2017-06-05 14:00:00,404.16
2017-06-05 15:00:00,421.79
2017-06-05 16:00:00,462.33
2017-06-05 17:00:00,420.51
2017-06-05 18:00:00,478.86
2017-06-05 19:00:00,533.43
2017-06-05 20:00:00,584.93
2017-06-05 21:00:00,592.02
2017-06-05 22:00:00,623.69
2017-06-05 23:00:00,645.62
2017-06-06 00:00:00,510.15
2017-06-06 00:00:00,510.15
2017-06-06 01:00:00,413.56
2017-06-06 02:00:00,345.94
2017-06-06 03:00:00,344.87
2017-06-06 04:00:00,353.37
2017-06-06 05:00:00,331.29
2017-06-06 06:00:00,334.64
2017-06-06 07:00:00,315.98
2017-06-06 08:00:00,508.66
2017-06-06 09:00:00,521.42
2017-06-06 10:00:00,502.91
2017-06-06 11:00:00,479.82
2017-06-06 12:00:00,499.12
2017-06-06 13:00:00,496.84
2017-06-06 14:00:00,434.45
2017-06-06 15:00:00,457.92
2017-06-06 16:00:00,501.83
2017-06-06 17:00:00,502.15
2017-06-06 18:00:00,520.01
2017-06-06 19:00:00,558.73
2017-06-06 20:00:00,635.14
2017-06-06 21:00:00,622.19
2017-06-06 22:00:00,659.75
2017-06-06 23:00:00,705.26
2017-06-07 00:00:00,585.41
2017-06-07 00:00:00,585.41
2017-06-07 01:00:00,414.1
2017-06-07 02:00:00,382.95
2017-06-07 03:00:00,343.23
2017-06-07 04:00:00,333.52
2017-06-07 05:00:00,301.68
2017-06-07 06:00:00,330.8
2017-06-07 07:00:00,327.52
2017-06-07 08:00:00,454.29
2017-06-07 09:00:00,558.57
2017-06-07 10:00:00,483.4
2017-06-07 11:00:00,488.43
2017-06-07 12:00:00,485.28
2017-06-07 13:00:00,444.38
2017-06-07 14:00:00,427.05
2017-06-07 15:00:00,469.21
2017-06-07 16:00:00,507.65
2017-06-07 17:00:00,459.65
2017-06-07 18:00:00,534.82
2017-06-07 19:00:00,582.61
2017-06-07 20:00:00,676.92
2017-06-07 21:00:00,652.26
2017-06-07 22:00:00,682.99
2017-06-07 23:00:00,699.01
2017-06-08 00:00:00,643.83
2017-06-08 00:00:00,643.83
2017-06-08 01:00:00,459.12
2017-06-08 02:00:00,404.56
2017-06-08 03:00:00,343.49
2017-06-08 04:00:00,367.96
2017-06-08 05:00:00,348.71
2017-06-08 06:00:00,339.55
2017-06-08 07:00:00,359.41
2017-06-08 08:00:00,521.35
2017-06-08 09:00:00,587.11
2017-06-08 10:00:00,485.77
2017-06-08 11:00:00,568.13
2017-06-08 12:00:00,574.6
2017-06-08 13:00:00,503.28
2017-06-08 14:00:00,457.89
2017-06-08 15:00:00,487.61
2017-06-08 16:00:00,536.99
2017-06-08 17:00:00,520.73
2017-06-08 18:00:00,607.71
2017-06-08 19:00:00,685.33
2017-06-08 20:00:00,723.39
2017-06-08 21:00:00,717.62
2017-06-08 22:00:00,758.56
2017-06-08 23:00:00,764.89
2017-06-09 00:00:00,675.57
2017-06-09 00:00:00,675.57
2017-06-09 01:00:00,521.16
2017-06-09 02:00:00,469.02
2017-06-09 03:00:00,395.09
2017-06-09 04:00:00,399.19
2017-06-09 05:00:00,389.31
2017-06-09 06:00:00,386.39
2017-06-09 07:00:00,399.8
2017-06-09 08:00:00,556.57
2017-06-09 09:00:00,595.81
2017-06-09 10:00:00,579.62
2017-06-09 11:00:00,553.44
2017-06-09 12:00:00,595.73
2017-06-09 13:00:00,620.58
2017-06-09 14:00:00,605.97
2017-06-09 15:00:00,565.29
2017-06-09 16:00:00,674.53
2017-06-09 17:00:00,578.99
2017-06-09 18:00:00,578.8
2017-06-09 19:00:00,677.58
2017-06-09 20:00:00,808.65
2017-06-09 21:00:00,831.99
2017-06-09 22:00:00,887.64
2017-06-09 23:00:00,915.07
2017-06-10 00:00:00,774.61
2017-06-10 00:00:00,774.61
2017-06-10 01:00:00,663.54
2017-06-10 02:00:00,542.1
2017-06-10 03:00:00,481.9
2017-06-10 04:00:00,456.78
2017-06-10 05:00:00,448.83
2017-06-10 06:00:00,476.78
2017-06-10 07:00:00,427.99
2017-06-10 08:00:00,469.92
2017-06-10 09:00:00,556.19
2017-06-10 10:00:00,517.48
2017-06-10 11:00:00,536.09
2017-06-10 12:00:00,526.26
2017-06-10 13:00:00,576.26
2017-06-10 14:00:00,508.6
2017-06-10 15:00:00,486.82
2017-06-10 16:00:00,635.08
2017-06-10 17:00:00,547.65
2017-06-10 18:00:00,561.83
2017-06-10 19:00:00,586.72
2017-06-10 20:00:00,674.5
2017-06-10 21:00:00,639.87
2017-06-10 22:00:00,663.47
2017-06-10 23:00:00,683.47
2017-06-11 00:00:00,659.02
2017-06-11 00:00:00,659.02
2017-06-11 01:00:00,537.51
2017-06-11 02:00:00,465.5
2017-06-11 03:00:00,376.53
2017-06-11 04:00:00,391.95
2017-06-11 05:00:00,386.16
2017-06-11 06:00:00,379.96
2017-06-11 07:00:00,347.68
2017-06-11 08:00:00,457.54
2017-06-11 09:00:00,583.95
2017-06-11 10:00:00,571.32
2017-06-11 11:00:00,530.29
2017-06-11 12:00:00,582.98
2017-06-11 13:00:00,585.21
2017-06-11 14:00:00,546.67
2017-06-11 15:00:00,552.27
2017-06-11 16:00:00,641.42
2017-06-11 17:00:00,582.81
2017-06-11 18:00:00,557.45
2017-06-11 19:00:00,635.66
2017-06-11 20:00:00,689.61
2017-06-11 21:00:00,725.62
2017-06-11 22:00:00,705.78
2017-06-11 23:00:00,755.03
2017-06-12 00:00:00,649.52
2017-06-12 00:00:00,649.52
2017-06-12 01:00:00,540.98
2017-06-12 02:00:00,464.45
2017-06-12 03:00:00,395.88
2017-06-12 04:00:00,418.23
2017-06-12 05:00:00,395.21
2017-06-12 06:00:00,388.61
2017-06-12 07:00:00,381.43
2017-06-12 08:00:00,445.64
2017-06-12 09:00:00,598.12
2017-06-12 10:00:00,472.98
2017-06-12 11:00:00,488.99
2017-06-12 12:00:00,520.03
2017-06-12 13:00:00,449.47
2017-06-12 14:00:00,453.35
2017-06-12 15:00:00,460.97
2017-06-12 16:00:00,485.89
2017-06-12 17:00:00,467.89
2017-06-12 18:00:00,489.88
2017-06-12 19:00:00,588.95
2017-06-12 20:00:00,609.04
2017-06-12 21:00:00,572.27
2017-06-12 22:00:00,674.02
2017-06-12 23:00:00,676.57
2017-06-13 00:00:00,581.53
2017-06-13 00:00:00,581.53
2017-06-13 01:00:00,455.55
2017-06-13 02:00:00,366.65
2017-06-13 03:00:00,371.16
2017-06-13 04:00:00,337.47
2017-06-13 05:00:00,344.48
2017-06-13 06:00:00,327.38
2017-06-13 07:00:00,367.74
2017-06-13 08:00:00,469.66
2017-06-13 09:00:00,563.93
2017-06-13 10:00:00,454.28
2017-06-13 11:00:00,528.59
2017-06-13 12:00:00,486.14
2017-06-13 13:00:00,433.38
2017-06-13 14:00:00,462.05
2017-06-13 15:00:00,478.65
2017-06-13 16:00:00,548.93
2017-06-13 17:00:00,474.01
2017-06-13 18:00:00,494.97
2017-06-13 19:00:00,573.99
2017-06-13 20:00:00,599.76
2017-06-13 21:00:00,580.33
2017-06-13 22:00:00,586.15
2017-06-13 23:00:00,600.23
2017-06-14 00:00:00,537.48
2017-06-14 00:00:00,537.48
2017-06-14 01:00:00,449.97
2017-06-14 02:00:00,370.44
2017-06-14 03:00:00,336.98
2017-06-14 04:00:00,366.25
2017-06-14 05:00:00,324.76
2017-06-14 06:00:00,341.09
2017-06-14 07:00:00,357.44
2017-06-14 08:00:00,482.4
2017-06-14 09:00:00,514.68
2017-06-14 10:00:00,508.58
2017-06-14 11:00:00,464.87
2017-06-14 12:00:00,509.07
2017-06-14 13:00:00,460.27
2017-06-14 14:00:00,435.23
2017-06-14 15:00:00,446.19
2017-06-14 16:00:00,570.35
2017-06-14 17:00:00,481.45
2017-06-14 18:00:00,495.69
2017-06-14 19:00:00,563.3
2017-06-14 20:00:00,646.69
2017-06-14 21:00:00,639.92
2017-06-14 22:00:00,643.41
2017-06-14 23:00:00,682.56
2017-06-15 00:00:00,553.18
2017-06-15 00:00:00,553.18
2017-06-15 01:00:00,469.7
2017-06-15 02:00:00,359.97
2017-06-15 03:00:00,323.97
2017-06-15 04:00:00,308.42
2017-06-15 05:00:00,344.22
2017-06-15 06:00:00,338.66
2017-06-15 07:00:00,322.74
2017-06-15 08:00:00,480.08
2017-06-15 09:00:00,618.74
2017-06-15 10:00:00,542.21
2017-06-15 11:00:00,457.33
2017-06-15 12:00:00,482.86
2017-06-15 13:00:00,440.02
2017-06-15 14:00:00,465.66
2017-06-15 15:00:00,473.36
2017-06-15 16:00:00,492.12
2017-06-15 17:00:00,470.91
2017-06-15 18:00:00,462.01
2017-06-15 19:00:00,518.49
2017-06-15 20:00:00,608.37
2017-06-15 21:00:00,612.08
2017-06-15 22:00:00,649.77
2017-06-15 23:00:00,620.67
2017-06-16 00:00:00,573.4
2017-06-16 00:00:00,573.4
2017-06-16 01:00:00,433.94
2017-06-16 02:00:00,351.48
2017-06-16 03:00:00,328.62
2017-06-16 04:00:00,351.36
2017-06-16 05:00:00,343.8
2017-06-16 06:00:00,341.89
2017-06-16 07:00:00,337.04
2017-06-16 08:00:00,449.13
2017-06-16 09:00:00,553.67
2017-06-16 10:00:00,500.24
2017-06-16 11:00:00,470.28
2017-06-16 12:00:00,531.5
2017-06-16 13:00:00,484.12
2017-06-16 14:00:00,436.87
2017-06-16 15:00:00,497.7
2017-06-16 16:00:00,519.77
2017-06-16 17:00:00,463.32
2017-06-16 18:00:00,469.96
2017-06-16 19:00:00,532.04
2017-06-16 20:00:00,594.62
2017-06-16 21:00:00,611.25
2017-06-16 22:00:00,611.69
2017-06-16 23:00:00,580.48
2017-06-17 00:00:00,570.08
2017-06-17 00:00:00,570.08
2017-06-17 01:00:00,408.22
2017-06-17 02:00:00,334.99
2017-06-17 03:00:00,301.91
2017-06-17 04:00:00,338.52
2017-06-17 05:00:00,319.67
2017-06-17 06:00:00,347.24
2017-06-17 07:00:00,329.53
2017-06-17 08:00:00,0.41
2017-06-17 09:00:00,
2017-06-17 10:00:00,
2017-06-17 11:00:00,505.52
2017-06-17 12:00:00,563.06
2017-06-17 13:00:00,426.55
2017-06-17 14:00:00,423.59
2017-06-17 15:00:00,418.72
2017-06-17 16:00:00,525.78
2017-06-17 17:00:00,445.8
2017-06-17 18:00:00,474.07
2017-06-17 19:00:00,559.04
2017-06-17 20:00:00,599.96
2017-06-17 21:00:00,596.7
2017-06-17 22:00:00,589.43
2017-06-17 23:00:00,558.93
2017-06-18 00:00:00,516.13
2017-06-18 00:00:00,516.13
2017-06-18 01:00:00,429.56
2017-06-18 02:00:00,353.61
2017-06-18 03:00:00,347.66
2017-06-18 04:00:00,322.24
2017-06-18 05:00:00,328.12
2017-06-18 06:00:00,309.72
2017-06-18 07:00:00,317.81
2017-06-18 08:00:00,428.31
2017-06-18 09:00:00,487.19
2017-06-18 10:00:00,488.18
2017-06-18 11:00:00,467.43
2017-06-18 12:00:00,489.61
2017-06-18 13:00:00,496.15
2017-06-18 14:00:00,457.82
2017-06-18 15:00:00,479.19
2017-06-18 16:00:00,510.42
2017-06-18 17:00:00,565.6
2017-06-18 18:00:00,517.25
2017-06-18 19:00:00,536.77
2017-06-18 20:00:00,644.19
2017-06-18 21:00:00,680.6
2017-06-18 22:00:00,687.83
2017-06-18 23:00:00,660.61
2017-06-19 00:00:00,598.42
2017-06-19 00:00:00,598.42
2017-06-19 01:00:00,441.26
2017-06-19 02:00:00,384.24
2017-06-19 03:00:00,351.61
2017-06-19 04:00:00,346.75
2017-06-19 05:00:00,361.81
2017-06-19 06:00:00,370.89
2017-06-19 07:00:00,344.83
2017-06-19 08:00:00,475.0
2017-06-19 09:00:00,507.47
2017-06-19 10:00:00,465.21
2017-06-19 11:00:00,463.61
2017-06-19 12:00:00,500.08
2017-06-19 13:00:00,444.94
2017-06-19 14:00:00,419.63
2017-06-19 15:00:00,420.88
2017-06-19 16:00:00,507.12
2017-06-19 17:00:00,449.46
2017-06-19 18:00:00,463.38
2017-06-19 19:00:00,590.27
2017-06-19 20:00:00,593.14
2017-06-19 21:00:00,606.82
2017-06-19 22:00:00,627.98
2017-06-19 23:00:00,669.43
2017-06-20 00:00:00,506.63
2017-06-20 00:00:00,506.63
2017-06-20 01:00:00,438.2
2017-06-20 02:00:00,335.78
2017-06-20 03:00:00,319.58
2017-06-20 04:00:00,327.89
2017-06-20 05:00:00,325.58
2017-06-20 06:00:00,305.67
2017-06-20 07:00:00,323.27
2017-06-20 08:00:00,504.68
2017-06-20 09:00:00,553.55
2017-06-20 10:00:00,492.36
2017-06-20 11:00:00,512.29
2017-06-20 12:00:00,560.6
2017-06-20 13:00:00,536.94
2017-06-20 14:00:00,408.09
2017-06-20 15:00:00,503.61
2017-06-20 16:00:00,543.37
2017-06-20 17:00:00,500.9
2017-06-20 18:00:00,496.68
2017-06-20 19:00:00,596.98
2017-06-20 20:00:00,681.36
2017-06-20 21:00:00,670.29
2017-06-20 22:00:00,736.37
2017-06-20 23:00:00,819.25
2017-06-21 00:00:00,638.06
2017-06-21 00:00:00,638.06
2017-06-21 01:00:00,456.12
2017-06-21 02:00:00,390.71
2017-06-21 03:00:00,334.07
2017-06-21 04:00:00,366.03
2017-06-21 05:00:00,325.56
2017-06-21 06:00:00,331.1
2017-06-21 07:00:00,341.82
2017-06-21 08:00:00,477.15
2017-06-21 09:00:00,568.0
2017-06-21 10:00:00,516.52
2017-06-21 11:00:00,499.07
2017-06-21 12:00:00,473.33
2017-06-21 13:00:00,477.74
2017-06-21 14:00:00,440.41
2017-06-21 15:00:00,465.84
2017-06-21 16:00:00,555.53
2017-06-21 17:00:00,471.54
2017-06-21 18:00:00,517.41
2017-06-21 19:00:00,578.46
2017-06-21 20:00:00,681.33
2017-06-21 21:00:00,645.82
2017-06-21 22:00:00,731.93
2017-06-21 23:00:00,741.41
2017-06-22 00:00:00,625.6
2017-06-22 00:00:00,625.6
2017-06-22 01:00:00,476.82
2017-06-22 02:00:00,380.64
2017-06-22 03:00:00,361.16
2017-06-22 04:00:00,341.08
2017-06-22 05:00:00,339.75
2017-06-22 06:00:00,321.38
2017-06-22 07:00:00,347.07
2017-06-22 08:00:00,401.02
2017-06-22 09:00:00,550.18
2017-06-22 10:00:00,452.63
2017-06-22 11:00:00,434.16
2017-06-22 12:00:00,477.19
2017-06-22 13:00:00,409.81
2017-06-22 14:00:00,368.41
2017-06-22 15:00:00,405.29
2017-06-22 16:00:00,457.63
2017-06-22 17:00:00,427.07
2017-06-22 18:00:00,447.57
2017-06-22 19:00:00,532.99
2017-06-22 20:00:00,631.85
2017-06-22 21:00:00,615.29
2017-06-22 22:00:00,640.53
2017-06-22 23:00:00,666.56
2017-06-23 00:00:00,524.31
2017-06-23 00:00:00,524.31
2017-06-23 01:00:00,429.8
2017-06-23 02:00:00,355.78
2017-06-23 03:00:00,360.96
2017-06-23 04:00:00,324.96
2017-06-23 05:00:00,311.49
2017-06-23 06:00:00,317.65
2017-06-23 07:00:00,334.11
2017-06-23 08:00:00,464.87
2017-06-23 09:00:00,554.04
2017-06-23 10:00:00,510.28
2017-06-23 11:00:00,475.22
2017-06-23 12:00:00,490.64
2017-06-23 13:00:00,486.64
2017-06-23 14:00:00,423.28
2017-06-23 15:00:00,471.05
2017-06-23 16:00:00,475.38
2017-06-23 17:00:00,467.23
2017-06-23 18:00:00,495.08
2017-06-23 19:00:00,540.04
2017-06-23 20:00:00,642.0
2017-06-23 21:00:00,597.14
2017-06-23 22:00:00,571.38
2017-06-23 23:00:00,607.42
2017-06-24 00:00:00,539.28
2017-06-24 00:00:00,539.28
2017-06-24 01:00:00,464.3
2017-06-24 02:00:00,361.5
2017-06-24 03:00:00,361.93
2017-06-24 04:00:00,354.64
2017-06-24 05:00:00,325.49
2017-06-24 06:00:00,336.72
2017-06-24 07:00:00,348.76
2017-06-24 08:00:00,403.19
2017-06-24 09:00:00,501.88
2017-06-24 10:00:00,457.39
2017-06-24 11:00:00,509.82
2017-06-24 12:00:00,539.27
2017-06-24 13:00:00,468.11
2017-06-24 14:00:00,451.87
2017-06-24 15:00:00,504.1
2017-06-24 16:00:00,546.62
2017-06-24 17:00:00,469.35
2017-06-24 18:00:00,477.3
2017-06-24 19:00:00,531.86
2017-06-24 20:00:00,593.78
2017-06-24 21:00:00,610.24
2017-06-24 22:00:00,649.65
2017-06-24 23:00:00,673.98
2017-06-25 00:00:00,619.07
2017-06-25 00:00:00,619.07
2017-06-25 01:00:00,505.87
2017-06-25 02:00:00,434.94
2017-06-25 03:00:00,388.71
2017-06-25 04:00:00,371.29
2017-06-25 05:00:00,353.05
2017-06-25 06:00:00,347.56
2017-06-25 07:00:00,364.4
2017-06-25 08:00:00,394.96
2017-06-25 09:00:00,542.21
2017-06-25 10:00:00,507.61
2017-06-25 11:00:00,491.34
2017-06-25 12:00:00,516.79
2017-06-25 13:00:00,517.25
2017-06-25 14:00:00,480.69
2017-06-25 15:00:00,512.31
2017-06-25 16:00:00,543.68
2017-06-25 17:00:00,530.88
2017-06-25 18:00:00,499.64
2017-06-25 19:00:00,581.09
2017-06-25 20:00:00,636.17
2017-06-25 21:00:00,643.5
2017-06-25 22:00:00,687.41
2017-06-25 23:00:00,617.52
2017-06-26 00:00:00,569.42
2017-06-26 00:00:00,569.42
2017-06-26 01:00:00,440.29
2017-06-26 02:00:00,354.4
2017-06-26 03:00:00,336.76
2017-06-26 04:00:00,332.33
2017-06-26 05:00:00,345.29
2017-06-26 06:00:00,332.54
2017-06-26 07:00:00,327.33
2017-06-26 08:00:00,468.9
2017-06-26 09:00:00,559.02
2017-06-26 10:00:00,502.52
2017-06-26 11:00:00,489.55
2017-06-26 12:00:00,513.46
2017-06-26 13:00:00,509.11
2017-06-26 14:00:00,466.13
2017-06-26 15:00:00,490.8
2017-06-26 16:00:00,559.98
2017-06-26 17:00:00,517.44
2017-06-26 18:00:00,512.89
2017-06-26 19:00:00,575.97
2017-06-26 20:00:00,616.78
2017-06-26 21:00:00,640.02
2017-06-26 22:00:00,674.35
2017-06-26 23:00:00,675.73
2017-06-27 00:00:00,591.49
2017-06-27 00:00:00,591.49
2017-06-27 01:00:00,464.25
2017-06-27 02:00:00,395.93
2017-06-27 03:00:00,347.35
2017-06-27 04:00:00,342.48
2017-06-27 05:00:00,331.09
2017-06-27 06:00:00,332.49
2017-06-27 07:00:00,347.96
2017-06-27 08:00:00,495.65
2017-06-27 09:00:00,606.0
2017-06-27 10:00:00,510.72
2017-06-27 11:00:00,514.07
2017-06-27 12:00:00,546.76
2017-06-27 13:00:00,512.94
2017-06-27 14:00:00,443.97
2017-06-27 15:00:00,487.66
2017-06-27 16:00:00,573.43
2017-06-27 17:00:00,531.42
2017-06-27 18:00:00,531.62
2017-06-27 19:00:00,598.96
2017-06-27 20:00:00,642.4
2017-06-27 21:00:00,691.77
2017-06-27 22:00:00,724.17
2017-06-27 23:00:00,697.15
2017-06-28 00:00:00,619.0
2017-06-28 00:00:00,619.0
2017-06-28 01:00:00,497.47
2017-06-28 02:00:00,386.18
2017-06-28 03:00:00,339.53
2017-06-28 04:00:00,336.66
2017-06-28 05:00:00,382.6
2017-06-28 06:00:00,340.93
2017-06-28 07:00:00,348.49
2017-06-28 08:00:00,493.15
2017-06-28 09:00:00,553.28
2017-06-28 10:00:00,507.85
2017-06-28 11:00:00,448.7
2017-06-28 12:00:00,497.1
2017-06-28 13:00:00,486.72
2017-06-28 14:00:00,466.18
2017-06-28 15:00:00,473.48
2017-06-28 16:00:00,536.86
2017-06-28 17:00:00,487.61
2017-06-28 18:00:00,487.68
2017-06-28 19:00:00,571.62
2017-06-28 20:00:00,626.7
2017-06-28 21:00:00,674.99
2017-06-28 22:00:00,650.55
2017-06-28 23:00:00,686.94
2017-06-29 00:00:00,560.09
2017-06-29 00:00:00,560.09
2017-06-29 01:00:00,420.75
2017-06-29 02:00:00,378.55
2017-06-29 03:00:00,336.7
2017-06-29 04:00:00,339.18
2017-06-29 05:00:00,339.59
2017-06-29 06:00:00,317.13
2017-06-29 07:00:00,345.2
2017-06-29 08:00:00,476.96
2017-06-29 09:00:00,537.78
2017-06-29 10:00:00,483.44
2017-06-29 11:00:00,545.81
2017-06-29 12:00:00,560.84
2017-06-29 13:00:00,524.79
2017-06-29 14:00:00,473.37
2017-06-29 15:00:00,515.33
2017-06-29 16:00:00,573.69
2017-06-29 17:00:00,501.74
2017-06-29 18:00:00,500.03
2017-06-29 19:00:00,629.42
2017-06-29 20:00:00,678.12
2017-06-29 21:00:00,708.48
2017-06-29 22:00:00,738.63
2017-06-29 23:00:00,689.01
2017-06-30 00:00:00,575.36
2017-06-30 00:00:00,575.36
2017-06-30 01:00:00,456.44
2017-06-30 02:00:00,403.09
2017-06-30 03:00:00,392.02
2017-06-30 04:00:00,379.61
2017-06-30 05:00:00,342.93
2017-06-30 06:00:00,369.14
2017-06-30 07:00:00,355.87
2017-06-30 08:00:00,497.23
2017-06-30 09:00:00,605.6
2017-06-30 10:00:00,593.54
2017-06-30 11:00:00,0.7
2017-06-30 12:00:00,579.61
2017-06-30 13:00:00,626.37
2017-06-30 14:00:00,584.02
2017-06-30 15:00:00,588.11
2017-06-30 16:00:00,641.84
2017-06-30 17:00:00,522.2
2017-06-30 18:00:00,503.15
2017-06-30 19:00:00,586.86
2017-06-30 20:00:00,661.44
2017-06-30 21:00:00,652.82
2017-06-30 22:00:00,684.87
2017-06-30 23:00:00,681.49
2017-07-01 00:00:00,584.62
2017-07-01 00:00:00,584.62
2017-07-01 01:00:00,486.8
2017-07-01 02:00:00,404.27
2017-07-01 03:00:00,377.81
2017-07-01 04:00:00,373.23
2017-07-01 05:00:00,356.15
2017-07-01 06:00:00,362.15
2017-07-01 07:00:00,378.18
2017-07-01 08:00:00,434.29
2017-07-01 09:00:00,500.49
2017-07-01 10:00:00,492.93
2017-07-01 11:00:00,503.58
2017-07-01 12:00:00,543.55
2017-07-01 13:00:00,578.67
2017-07-01 14:00:00,550.97
2017-07-01 15:00:00,611.04
2017-07-01 16:00:00,581.62
2017-07-01 17:00:00,510.16
2017-07-01 18:00:00,488.37
2017-07-01 19:00:00,549.1
2017-07-01 20:00:00,649.46
2017-07-01 21:00:00,625.12
2017-07-01 22:00:00,655.15
2017-07-01 23:00:00,622.51
2017-07-02 00:00:00,572.5
2017-07-02 00:00:00,572.5
2017-07-02 01:00:00,483.07
2017-07-02 02:00:00,429.06
2017-07-02 03:00:00,372.93
2017-07-02 04:00:00,377.72
2017-07-02 05:00:00,358.78
2017-07-02 06:00:00,354.06
2017-07-02 07:00:00,376.26
2017-07-02 08:00:00,470.11
2017-07-02 09:00:00,579.99
2017-07-02 10:00:00,513.81
2017-07-02 11:00:00,570.06
2017-07-02 12:00:00,550.01
2017-07-02 13:00:00,602.41
2017-07-02 14:00:00,597.88
2017-07-02 15:00:00,594.12
2017-07-02 16:00:00,649.71
2017-07-02 17:00:00,615.57
2017-07-02 18:00:00,585.88
2017-07-02 19:00:00,674.85
2017-07-02 20:00:00,709.23
2017-07-02 21:00:00,715.02
2017-07-02 22:00:00,738.84
2017-07-02 23:00:00,762.85
2017-07-03 00:00:00,617.36
2017-07-03 00:00:00,617.36
2017-07-03 01:00:00,514.97
2017-07-03 02:00:00,444.28
2017-07-03 03:00:00,426.55
2017-07-03 04:00:00,391.37
2017-07-03 05:00:00,391.18
2017-07-03 06:00:00,363.18
2017-07-03 07:00:00,391.14
2017-07-03 08:00:00,538.15
2017-07-03 09:00:00,643.78
2017-07-03 10:00:00,629.89
2017-07-03 11:00:00,556.87
2017-07-03 12:00:00,574.32
2017-07-03 13:00:00,615.3
2017-07-03 14:00:00,556.03
2017-07-03 15:00:00,615.06
2017-07-03 16:00:00,620.17
2017-07-03 17:00:00,556.28
2017-07-03 18:00:00,556.43
2017-07-03 19:00:00,742.89
2017-07-03 20:00:00,795.96
2017-07-03 21:00:00,886.72
2017-07-03 22:00:00,866.14
2017-07-03 23:00:00,868.08
2017-07-04 00:00:00,736.7
2017-07-04 00:00:00,736.7
2017-07-04 01:00:00,625.24
2017-07-04 02:00:00,524.91
2017-07-04 03:00:00,473.73
2017-07-04 04:00:00,479.8
2017-07-04 05:00:00,456.03
2017-07-04 06:00:00,462.46
2017-07-04 07:00:00,443.71
2017-07-04 08:00:00,625.91
2017-07-04 09:00:00,624.81
2017-07-04 10:00:00,574.97
2017-07-04 11:00:00,561.15
2017-07-04 12:00:00,533.94
2017-07-04 13:00:00,556.24
2017-07-04 14:00:00,576.45
2017-07-04 15:00:00,650.49
2017-07-04 16:00:00,634.91
2017-07-04 17:00:00,557.35
2017-07-04 18:00:00,579.2
2017-07-04 19:00:00,709.52
2017-07-04 20:00:00,760.47
2017-07-04 21:00:00,873.27
2017-07-04 22:00:00,870.6
2017-07-04 23:00:00,896.82
2017-07-05 00:00:00,749.0
2017-07-05 00:00:00,749.0
2017-07-05 01:00:00,633.97
2017-07-05 02:00:00,532.71
2017-07-05 03:00:00,507.28
2017-07-05 04:00:00,467.97
2017-07-05 05:00:00,466.82
2017-07-05 06:00:00,457.03
2017-07-05 07:00:00,442.68
2017-07-05 08:00:00,540.66
2017-07-05 09:00:00,611.37
2017-07-05 10:00:00,609.74
2017-07-05 11:00:00,572.38
2017-07-05 12:00:00,623.04
2017-07-05 13:00:00,661.92
2017-07-05 14:00:00,653.65
2017-07-05 15:00:00,682.97
2017-07-05 16:00:00,632.43
2017-07-05 17:00:00,580.79
2017-07-05 18:00:00,618.11
2017-07-05 19:00:00,738.81
2017-07-05 20:00:00,790.63
2017-07-05 21:00:00,749.55
2017-07-05 22:00:00,815.08
2017-07-05 23:00:00,836.52
2017-07-06 00:00:00,690.01
2017-07-06 00:00:00,690.01
2017-07-06 01:00:00,612.67
2017-07-06 02:00:00,524.65
2017-07-06 03:00:00,502.03
2017-07-06 04:00:00,467.13
2017-07-06 05:00:00,463.67
2017-07-06 06:00:00,450.81
2017-07-06 07:00:00,452.54
2017-07-06 08:00:00,588.79
2017-07-06 09:00:00,635.59
2017-07-06 10:00:00,561.92
2017-07-06 11:00:00,570.77
2017-07-06 12:00:00,584.11
2017-07-06 13:00:00,650.53
2017-07-06 14:00:00,580.52
2017-07-06 15:00:00,594.43
2017-07-06 16:00:00,647.05
2017-07-06 17:00:00,601.01
2017-07-06 18:00:00,599.11
2017-07-06 19:00:00,809.54
2017-07-06 20:00:00,867.38
2017-07-06 21:00:00,620.63
2017-07-06 22:00:00,988.69
2017-07-06 23:00:00,988.95
2017-07-07 00:00:00,0.87
2017-07-07 00:00:00,0.87
2017-07-07 01:00:00,701.42
2017-07-07 02:00:00,604.99
2017-07-07 03:00:00,573.02
2017-07-07 04:00:00,540.42
2017-07-07 05:00:00,530.26
2017-07-07 06:00:00,537.19
2017-07-07 07:00:00,518.64
2017-07-07 08:00:00,591.69
2017-07-07 09:00:00,710.12
2017-07-07 10:00:00,638.44
2017-07-07 11:00:00,668.94
2017-07-07 12:00:00,678.16
2017-07-07 13:00:00,692.69
2017-07-07 14:00:00,688.65
2017-07-07 15:00:00,697.49
2017-07-07 16:00:00,757.05
2017-07-07 17:00:00,632.0
2017-07-07 18:00:00,640.8
2017-07-07 19:00:00,765.16
2017-07-07 20:00:00,898.29
2017-07-07 21:00:00,950.02
2017-07-07 22:00:00,898.63
2017-07-07 23:00:00,955.81
2017-07-08 00:00:00,859.06
2017-07-08 00:00:00,859.06
2017-07-08 01:00:00,766.69
2017-07-08 02:00:00,665.01
2017-07-08 03:00:00,614.35
2017-07-08 04:00:00,587.23
2017-07-08 05:00:00,565.56
2017-07-08 06:00:00,572.5
2017-07-08 07:00:00,550.96
2017-07-08 08:00:00,637.79
2017-07-08 09:00:00,750.48
2017-07-08 10:00:00,688.18
2017-07-08 11:00:00,722.55
2017-07-08 12:00:00,706.04
2017-07-08 13:00:00,691.0
2017-07-08 14:00:00,664.18
2017-07-08 15:00:00,680.68
2017-07-08 16:00:00,749.18
2017-07-08 17:00:00,606.54
2017-07-08 18:00:00,640.66
2017-07-08 19:00:00,721.43
2017-07-08 20:00:00,828.77
2017-07-08 21:00:00,839.09
2017-07-08 22:00:00,841.51
2017-07-08 23:00:00,900.86
2017-07-09 00:00:00,857.63
2017-07-09 00:00:00,857.63
2017-07-09 01:00:00,731.89
2017-07-09 02:00:00,671.59
2017-07-09 03:00:00,632.37
2017-07-09 04:00:00,611.04
2017-07-09 05:00:00,561.56
2017-07-09 06:00:00,544.21
2017-07-09 07:00:00,520.84
2017-07-09 08:00:00,627.5
2017-07-09 09:00:00,728.52
2017-07-09 10:00:00,
2017-07-09 11:00:00,710.84
2017-07-09 12:00:00,709.48
2017-07-09 13:00:00,694.26
2017-07-09 14:00:00,696.15
2017-07-09 15:00:00,715.17
2017-07-09 16:00:00,689.24
2017-07-09 17:00:00,641.67
2017-07-09 18:00:00,681.89
2017-07-09 19:00:00,778.04
2017-07-09 20:00:00,815.75
2017-07-09 21:00:00,862.98
2017-07-09 22:00:00,928.15
2017-07-09 23:00:00,929.51
2017-07-10 00:00:00,815.2
2017-07-10 00:00:00,815.2
2017-07-10 01:00:00,715.84
2017-07-10 02:00:00,616.74
2017-07-10 03:00:00,576.52
2017-07-10 04:00:00,574.43
2017-07-10 05:00:00,559.35
2017-07-10 06:00:00,527.19
2017-07-10 07:00:00,535.51
2017-07-10 08:00:00,636.07
2017-07-10 09:00:00,707.45
2017-07-10 10:00:00,645.61
2017-07-10 11:00:00,591.31
2017-07-10 12:00:00,616.04
2017-07-10 13:00:00,610.64
2017-07-10 14:00:00,549.58
2017-07-10 15:00:00,567.0
2017-07-10 16:00:00,635.95
2017-07-10 17:00:00,559.55
2017-07-10 18:00:00,594.17
2017-07-10 19:00:00,723.19
2017-07-10 20:00:00,808.69
2017-07-10 21:00:00,865.04
2017-07-10 22:00:00,849.69
2017-07-10 23:00:00,863.47
2017-07-11 00:00:00,777.06
2017-07-11 00:00:00,777.06
2017-07-11 01:00:00,632.34
2017-07-11 02:00:00,567.45
2017-07-11 03:00:00,520.45
2017-07-11 04:00:00,499.4
2017-07-11 05:00:00,502.42
2017-07-11 06:00:00,468.55
2017-07-11 07:00:00,442.96
2017-07-11 08:00:00,547.32
2017-07-11 09:00:00,674.83
2017-07-11 10:00:00,638.45
2017-07-11 11:00:00,605.38
2017-07-11 12:00:00,593.0
2017-07-11 13:00:00,601.45
2017-07-11 14:00:00,571.53
2017-07-11 15:00:00,617.03
2017-07-11 16:00:00,691.94
2017-07-11 17:00:00,615.4
2017-07-11 18:00:00,638.98
2017-07-11 19:00:00,807.77
2017-07-11 20:00:00,854.19
2017-07-11 21:00:00,945.14
2017-07-11 22:00:00,1011.72
2017-07-11 23:00:00,1014.3
2017-07-12 00:00:00,902.91
2017-07-12 00:00:00,902.91
2017-07-12 01:00:00,709.4
2017-07-12 02:00:00,638.33
2017-07-12 03:00:00,587.61
2017-07-12 04:00:00,564.17
2017-07-12 05:00:00,597.49
2017-07-12 06:00:00,551.76
2017-07-12 07:00:00,571.23
2017-07-12 08:00:00,687.2
2017-07-12 09:00:00,767.73
2017-07-12 10:00:00,678.08
2017-07-12 11:00:00,676.04
2017-07-12 12:00:00,676.05
2017-07-12 13:00:00,734.83
2017-07-12 14:00:00,662.42
2017-07-12 15:00:00,675.36
2017-07-12 16:00:00,739.83
2017-07-12 17:00:00,658.01
2017-07-12 18:00:00,688.77
2017-07-12 19:00:00,870.83
2017-07-12 20:00:00,967.89
2017-07-12 21:00:00,1002.59
2017-07-12 22:00:00,1097.81
2017-07-12 23:00:00,1038.88
2017-07-13 00:00:00,970.54
2017-07-13 00:00:00,970.54
2017-07-13 01:00:00,792.04
2017-07-13 02:00:00,717.14
2017-07-13 03:00:00,667.89
2017-07-13 04:00:00,672.02
2017-07-13 05:00:00,633.13
2017-07-13 06:00:00,618.04
2017-07-13 07:00:00,618.72
2017-07-13 08:00:00,757.17
2017-07-13 09:00:00,719.05
2017-07-13 10:00:00,660.15
2017-07-13 11:00:00,622.67
2017-07-13 12:00:00,663.03
2017-07-13 13:00:00,627.5
2017-07-13 14:00:00,582.06
2017-07-13 15:00:00,629.61
2017-07-13 16:00:00,661.84
2017-07-13 17:00:00,563.17
2017-07-13 18:00:00,602.55
2017-07-13 19:00:00,831.5
2017-07-13 20:00:00,927.26
2017-07-13 21:00:00,975.5
2017-07-13 22:00:00,1050.69
2017-07-13 23:00:00,1160.09
2017-07-14 00:00:00,960.23
2017-07-14 00:00:00,960.23
2017-07-14 01:00:00,855.93
2017-07-14 02:00:00,777.89
2017-07-14 03:00:00,728.93
2017-07-14 04:00:00,687.81
2017-07-14 05:00:00,698.24
2017-07-14 06:00:00,670.24
2017-07-14 07:00:00,643.09
2017-07-14 08:00:00,725.44
2017-07-14 09:00:00,743.44
2017-07-14 10:00:00,705.07
2017-07-14 11:00:00,711.36
2017-07-14 12:00:00,702.67
2017-07-14 13:00:00,683.29
2017-07-14 14:00:00,609.36
2017-07-14 15:00:00,668.22
2017-07-14 16:00:00,692.91
2017-07-14 17:00:00,650.41
2017-07-14 18:00:00,707.06
2017-07-14 19:00:00,885.41
2017-07-14 20:00:00,990.26
2017-07-14 21:00:00,1035.29
2017-07-14 22:00:00,1121.43
2017-07-14 23:00:00,1080.44
2017-07-15 00:00:00,979.38
2017-07-15 00:00:00,979.38
2017-07-15 01:00:00,889.8
2017-07-15 02:00:00,797.18
2017-07-15 03:00:00,745.46
2017-07-15 04:00:00,745.09
2017-07-15 05:00:00,686.85
2017-07-15 06:00:00,691.45
2017-07-15 07:00:00,670.07
2017-07-15 08:00:00,753.03
2017-07-15 09:00:00,839.74
2017-07-15 10:00:00,846.12
2017-07-15 11:00:00,784.26
2017-07-15 12:00:00,826.0
2017-07-15 13:00:00,785.78
2017-07-15 14:00:00,766.42
2017-07-15 15:00:00,780.21
2017-07-15 16:00:00,817.17
2017-07-15 17:00:00,768.35
2017-07-15 18:00:00,816.82
2017-07-15 19:00:00,868.66
2017-07-15 20:00:00,921.65
2017-07-15 21:00:00,933.66
2017-07-15 22:00:00,1029.15
2017-07-15 23:00:00,1095.97
2017-07-16 00:00:00,1018.88
2017-07-16 00:00:00,1018.88
2017-07-16 01:00:00,884.15
2017-07-16 02:00:00,820.83
2017-07-16 03:00:00,773.79
2017-07-16 04:00:00,740.55
2017-07-16 05:00:00,683.74
2017-07-16 06:00:00,670.89
2017-07-16 07:00:00,645.4
2017-07-16 08:00:00,771.46
2017-07-16 09:00:00,878.81
2017-07-16 10:00:00,831.4
2017-07-16 11:00:00,833.5
2017-07-16 12:00:00,874.71
2017-07-16 13:00:00,954.3
2017-07-16 14:00:00,888.17
2017-07-16 15:00:00,902.13
2017-07-16 16:00:00,915.71
2017-07-16 17:00:00,833.0
2017-07-16 18:00:00,882.17
2017-07-16 19:00:00,930.35
2017-07-16 20:00:00,1000.97
2017-07-16 21:00:00,1044.51
2017-07-16 22:00:00,1038.92
2017-07-16 23:00:00,1030.31
2017-07-17 00:00:00,953.63
2017-07-17 00:00:00,953.63
2017-07-17 01:00:00,866.56
2017-07-17 02:00:00,788.31
2017-07-17 03:00:00,745.69
2017-07-17 04:00:00,696.06
2017-07-17 05:00:00,673.65
2017-07-17 06:00:00,666.16
2017-07-17 07:00:00,664.61
2017-07-17 08:00:00,757.56
2017-07-17 09:00:00,767.78
2017-07-17 10:00:00,771.81
2017-07-17 11:00:00,759.04
2017-07-17 12:00:00,767.73
2017-07-17 13:00:00,756.92
2017-07-17 14:00:00,742.34
2017-07-17 15:00:00,834.32
2017-07-17 16:00:00,740.01
2017-07-17 17:00:00,653.85
2017-07-17 18:00:00,669.58
2017-07-17 19:00:00,894.24
2017-07-17 20:00:00,979.27
2017-07-17 21:00:00,1016.99
2017-07-17 22:00:00,1057.31
2017-07-17 23:00:00,1089.73
2017-07-18 00:00:00,1007.6
2017-07-18 00:00:00,1007.6
2017-07-18 01:00:00,953.66
2017-07-18 02:00:00,823.96
2017-07-18 03:00:00,798.32
2017-07-18 04:00:00,773.43
2017-07-18 05:00:00,758.11
2017-07-18 06:00:00,725.52
2017-07-18 07:00:00,711.2
2017-07-18 08:00:00,824.11
2017-07-18 09:00:00,844.16
2017-07-18 10:00:00,852.17
2017-07-18 11:00:00,792.63
2017-07-18 12:00:00,832.89
2017-07-18 13:00:00,793.81
2017-07-18 14:00:00,754.37
2017-07-18 15:00:00,790.21
2017-07-18 16:00:00,732.03
2017-07-18 17:00:00,658.77
2017-07-18 18:00:00,692.95
2017-07-18 19:00:00,876.42
2017-07-18 20:00:00,941.19
2017-07-18 21:00:00,998.26
2017-07-18 22:00:00,1029.6
2017-07-18 23:00:00,1136.13
2017-07-19 00:00:00,1022.65
2017-07-19 00:00:00,1022.65
2017-07-19 01:00:00,911.43
2017-07-19 02:00:00,835.68
2017-07-19 03:00:00,782.05
2017-07-19 04:00:00,758.16
2017-07-19 05:00:00,749.19
2017-07-19 06:00:00,763.43
2017-07-19 07:00:00,736.96
2017-07-19 08:00:00,854.0
2017-07-19 09:00:00,826.05
2017-07-19 10:00:00,876.49
2017-07-19 11:00:00,761.26
2017-07-19 12:00:00,799.49
2017-07-19 13:00:00,771.53
2017-07-19 14:00:00,729.92
2017-07-19 15:00:00,727.14
2017-07-19 16:00:00,824.88
2017-07-19 17:00:00,722.79
2017-07-19 18:00:00,695.31
2017-07-19 19:00:00,890.02
2017-07-19 20:00:00,943.88
2017-07-19 21:00:00,975.19
2017-07-19 22:00:00,1115.68
2017-07-19 23:00:00,1179.05
2017-07-20 00:00:00,1071.02
2017-07-20 00:00:00,1071.02
2017-07-20 01:00:00,958.86
2017-07-20 02:00:00,911.73
2017-07-20 03:00:00,864.89
2017-07-20 04:00:00,851.49
2017-07-20 05:00:00,802.33
2017-07-20 06:00:00,777.86
2017-07-20 07:00:00,778.74
2017-07-20 08:00:00,822.22
2017-07-20 09:00:00,870.11
2017-07-20 10:00:00,805.2
2017-07-20 11:00:00,784.55
2017-07-20 12:00:00,777.27
2017-07-20 13:00:00,752.95
2017-07-20 14:00:00,797.08
2017-07-20 15:00:00,780.99
2017-07-20 16:00:00,837.46
2017-07-20 17:00:00,747.09
2017-07-20 18:00:00,783.11
2017-07-20 19:00:00,903.52
2017-07-20 20:00:00,1028.81
2017-07-20 21:00:00,1014.39
2017-07-20 22:00:00,1128.37
2017-07-20 23:00:00,1257.34
2017-07-21 00:00:00,1095.05
2017-07-21 00:00:00,1095.05
2017-07-21 01:00:00,988.73
2017-07-21 02:00:00,926.68
2017-07-21 03:00:00,908.55
2017-07-21 04:00:00,875.81
2017-07-21 05:00:00,855.81
2017-07-21 06:00:00,820.43
2017-07-21 07:00:00,826.35
2017-07-21 08:00:00,828.27
2017-07-21 09:00:00,891.27
2017-07-21 10:00:00,856.83
2017-07-21 11:00:00,849.19
2017-07-21 12:00:00,859.35
2017-07-21 13:00:00,802.35
2017-07-21 14:00:00,775.27
2017-07-21 15:00:00,795.55
2017-07-21 16:00:00,758.12
2017-07-21 17:00:00,836.65
2017-07-21 18:00:00,831.07
2017-07-21 19:00:00,1067.24
2017-07-21 20:00:00,1175.72
2017-07-21 21:00:00,1157.44
2017-07-21 22:00:00,1196.68
2017-07-21 23:00:00,1184.47
2017-07-22 00:00:00,1084.35
2017-07-22 00:00:00,1084.35
2017-07-22 01:00:00,1050.45
2017-07-22 02:00:00,939.18
2017-07-22 03:00:00,902.98
2017-07-22 04:00:00,841.11
2017-07-22 05:00:00,846.09
2017-07-22 06:00:00,833.72
2017-07-22 07:00:00,883.9
2017-07-22 08:00:00,992.17
2017-07-22 09:00:00,1048.86
2017-07-22 10:00:00,984.64
2017-07-22 11:00:00,984.27
2017-07-22 12:00:00,944.42
2017-07-22 13:00:00,910.71
2017-07-22 14:00:00,877.14
2017-07-22 15:00:00,859.07
2017-07-22 16:00:00,915.12
2017-07-22 17:00:00,951.61
2017-07-22 18:00:00,936.25
2017-07-22 19:00:00,961.32
2017-07-22 20:00:00,1046.09
2017-07-22 21:00:00,1069.58
2017-07-22 22:00:00,1150.47
2017-07-22 23:00:00,1110.46
2017-07-23 00:00:00,1065.72
2017-07-23 00:00:00,1065.72
2017-07-23 01:00:00,965.88
2017-07-23 02:00:00,923.16
2017-07-23 03:00:00,910.57
2017-07-23 04:00:00,871.51
2017-07-23 05:00:00,846.29
2017-07-23 06:00:00,841.38
2017-07-23 07:00:00,814.57
2017-07-23 08:00:00,902.89
2017-07-23 09:00:00,1026.01
2017-07-23 10:00:00,999.07
2017-07-23 11:00:00,958.73
2017-07-23 12:00:00,919.4
2017-07-23 13:00:00,979.37
2017-07-23 14:00:00,860.49
2017-07-23 15:00:00,870.55
2017-07-23 16:00:00,951.82
2017-07-23 17:00:00,944.66
2017-07-23 18:00:00,884.78
2017-07-23 19:00:00,996.91
2017-07-23 20:00:00,1124.37
2017-07-23 21:00:00,1129.4
2017-07-23 22:00:00,1183.8
2017-07-23 23:00:00,1111.33
2017-07-24 00:00:00,1068.9
2017-07-24 00:00:00,1068.9
2017-07-24 01:00:00,977.9
2017-07-24 02:00:00,907.82
2017-07-24 03:00:00,855.99
2017-07-24 04:00:00,848.01
2017-07-24 05:00:00,818.38
2017-07-24 06:00:00,816.61
2017-07-24 07:00:00,816.95
2017-07-24 08:00:00,854.3
2017-07-24 09:00:00,844.55
2017-07-24 10:00:00,813.08
2017-07-24 11:00:00,737.86
2017-07-24 12:00:00,764.03
2017-07-24 13:00:00,711.86
2017-07-24 14:00:00,659.61
2017-07-24 15:00:00,741.83
2017-07-24 16:00:00,745.1
2017-07-24 17:00:00,734.14
2017-07-24 18:00:00,799.48
2017-07-24 19:00:00,998.69
2017-07-24 20:00:00,1112.71
2017-07-24 21:00:00,1076.16
2017-07-24 22:00:00,1133.07
2017-07-24 23:00:00,1169.92
2017-07-25 00:00:00,1114.61
2017-07-25 00:00:00,1114.61
2017-07-25 01:00:00,993.53
2017-07-25 02:00:00,939.58
2017-07-25 03:00:00,869.52
2017-07-25 04:00:00,855.44
2017-07-25 05:00:00,862.71
2017-07-25 06:00:00,837.83
2017-07-25 07:00:00,822.01
2017-07-25 08:00:00,759.39
2017-07-25 09:00:00,819.25
2017-07-25 10:00:00,800.5
2017-07-25 11:00:00,776.25
2017-07-25 12:00:00,816.92
2017-07-25 13:00:00,770.51
2017-07-25 14:00:00,693.58
2017-07-25 15:00:00,732.45
2017-07-25 16:00:00,778.55
2017-07-25 17:00:00,721.11
2017-07-25 18:00:00,726.01
2017-07-25 19:00:00,971.07
2017-07-25 20:00:00,1115.82
2017-07-25 21:00:00,1103.71
2017-07-25 22:00:00,1140.17
2017-07-25 23:00:00,1246.59
2017-07-26 00:00:00,1111.39
2017-07-26 00:00:00,1111.39
2017-07-26 01:00:00,1018.57
2017-07-26 02:00:00,952.17
2017-07-26 03:00:00,911.1
2017-07-26 04:00:00,887.73
2017-07-26 05:00:00,849.01
2017-07-26 06:00:00,829.03
2017-07-26 07:00:00,826.26
2017-07-26 08:00:00,816.43
2017-07-26 09:00:00,861.34
2017-07-26 10:00:00,730.05
2017-07-26 11:00:00,750.54
2017-07-26 12:00:00,782.44
2017-07-26 13:00:00,782.57
2017-07-26 14:00:00,725.1
2017-07-26 15:00:00,722.33
2017-07-26 16:00:00,794.39
2017-07-26 17:00:00,715.51
2017-07-26 18:00:00,790.94
2017-07-26 19:00:00,989.0
2017-07-26 20:00:00,1070.09
2017-07-26 21:00:00,1062.94
2017-07-26 22:00:00,1152.6
2017-07-26 23:00:00,1188.24
2017-07-27 00:00:00,1063.28
2017-07-27 00:00:00,1063.28
2017-07-27 01:00:00,975.62
2017-07-27 02:00:00,895.68
2017-07-27 03:00:00,853.72
2017-07-27 04:00:00,850.66
2017-07-27 05:00:00,813.2
2017-07-27 06:00:00,796.07
2017-07-27 07:00:00,812.9
2017-07-27 08:00:00,821.49
2017-07-27 09:00:00,853.68
2017-07-27 10:00:00,724.31
2017-07-27 11:00:00,725.11
2017-07-27 12:00:00,749.49
2017-07-27 13:00:00,777.78
2017-07-27 14:00:00,698.58
2017-07-27 15:00:00,724.0
2017-07-27 16:00:00,756.97
2017-07-27 17:00:00,672.35
2017-07-27 18:00:00,692.29
2017-07-27 19:00:00,947.72
2017-07-27 20:00:00,1053.51
2017-07-27 21:00:00,1001.21
2017-07-27 22:00:00,1043.93
2017-07-27 23:00:00,1195.18
2017-07-28 00:00:00,1065.21
2017-07-28 00:00:00,1065.21
2017-07-28 01:00:00,961.93
2017-07-28 02:00:00,903.49
2017-07-28 03:00:00,856.26
2017-07-28 04:00:00,832.92
2017-07-28 05:00:00,801.89
2017-07-28 06:00:00,789.19
2017-07-28 07:00:00,815.02
2017-07-28 08:00:00,754.79
2017-07-28 09:00:00,823.56
2017-07-28 10:00:00,751.66
2017-07-28 11:00:00,700.54
2017-07-28 12:00:00,773.29
2017-07-28 13:00:00,701.53
2017-07-28 14:00:00,716.71
2017-07-28 15:00:00,
2017-07-28 16:00:00,706.58
2017-07-28 17:00:00,675.63
2017-07-28 18:00:00,754.29
2017-07-28 19:00:00,948.74
2017-07-28 20:00:00,1072.01
2017-07-28 21:00:00,1055.64
2017-07-28 22:00:00,1121.03
2017-07-28 23:00:00,1064.57
2017-07-29 00:00:00,1005.63
2017-07-29 00:00:00,1005.63
2017-07-29 01:00:00,935.43
2017-07-29 02:00:00,880.16
2017-07-29 03:00:00,842.67
2017-07-29 04:00:00,835.98
2017-07-29 05:00:00,810.91
2017-07-29 06:00:00,775.47
2017-07-29 07:00:00,755.0
2017-07-29 08:00:00,818.65
2017-07-29 09:00:00,894.2
2017-07-29 10:00:00,823.16
2017-07-29 11:00:00,807.54
2017-07-29 12:00:00,841.79
2017-07-29 13:00:00,883.29
2017-07-29 14:00:00,748.95
2017-07-29 15:00:00,657.41
2017-07-29 16:00:00,733.4
2017-07-29 17:00:00,734.48
2017-07-29 18:00:00,758.87
2017-07-29 19:00:00,872.63
2017-07-29 20:00:00,938.56
2017-07-29 21:00:00,951.35
2017-07-29 22:00:00,1021.98
2017-07-29 23:00:00,971.54
2017-07-30 00:00:00,951.01
2017-07-30 00:00:00,951.01
2017-07-30 01:00:00,881.21
2017-07-30 02:00:00,809.62
2017-07-30 03:00:00,768.75
2017-07-30 04:00:00,747.63
2017-07-30 05:00:00,723.01
2017-07-30 06:00:00,717.24
2017-07-30 07:00:00,704.9
2017-07-30 08:00:00,758.39
2017-07-30 09:00:00,904.91
2017-07-30 10:00:00,819.84
2017-07-30 11:00:00,775.92
2017-07-30 12:00:00,804.53
2017-07-30 13:00:00,825.46
2017-07-30 14:00:00,776.23
2017-07-30 15:00:00,807.51
2017-07-30 16:00:00,789.62
2017-07-30 17:00:00,738.51
2017-07-30 18:00:00,794.24
2017-07-30 19:00:00,826.04
2017-07-30 20:00:00,948.69
2017-07-30 21:00:00,1016.75
2017-07-30 22:00:00,1019.89
2017-07-30 23:00:00,1038.2
2017-07-31 00:00:00,938.29
2017-07-31 00:00:00,938.29
2017-07-31 01:00:00,856.58
2017-07-31 02:00:00,825.21
2017-07-31 03:00:00,775.25
2017-07-31 04:00:00,749.77
2017-07-31 05:00:00,697.68
2017-07-31 06:00:00,700.21
2017-07-31 07:00:00,702.18
2017-07-31 08:00:00,717.4
2017-07-31 09:00:00,770.67
2017-07-31 10:00:00,686.22
2017-07-31 11:00:00,644.17
2017-07-31 12:00:00,744.58
2017-07-31 13:00:00,705.04
2017-07-31 14:00:00,682.58
2017-07-31 15:00:00,726.05
2017-07-31 16:00:00,705.29
2017-07-31 17:00:00,650.75
2017-07-31 18:00:00,663.43
2017-07-31 19:00:00,879.39
2017-07-31 20:00:00,954.48
2017-07-31 21:00:00,960.15
2017-07-31 22:00:00,1022.93
2017-07-31 23:00:00,1121.4
2017-08-01 00:00:00,971.15
2017-08-01 00:00:00,971.15
2017-08-01 01:00:00,864.78
2017-08-01 02:00:00,804.61
2017-08-01 03:00:00,790.64
2017-08-01 04:00:00,729.76
2017-08-01 05:00:00,676.79
2017-08-01 06:00:00,703.47
2017-08-01 07:00:00,740.58
2017-08-01 08:00:00,737.19
2017-08-01 09:00:00,794.06
2017-08-01 10:00:00,762.4
2017-08-01 11:00:00,718.74
2017-08-01 12:00:00,747.91
2017-08-01 13:00:00,744.88
2017-08-01 14:00:00,697.76
2017-08-01 15:00:00,729.45
2017-08-01 16:00:00,696.43
2017-08-01 17:00:00,684.83
2017-08-01 18:00:00,724.05
2017-08-01 19:00:00,895.22
2017-08-01 20:00:00,981.24
2017-08-01 21:00:00,1041.1
2017-08-01 22:00:00,1042.57
2017-08-01 23:00:00,1131.69
2017-08-02 00:00:00,989.9
2017-08-02 00:00:00,989.9
2017-08-02 01:00:00,900.28
2017-08-02 02:00:00,838.25
2017-08-02 03:00:00,778.34
2017-08-02 04:00:00,752.17
2017-08-02 05:00:00,744.95
2017-08-02 06:00:00,707.69
2017-08-02 07:00:00,694.63
2017-08-02 08:00:00,665.44
2017-08-02 09:00:00,783.11
2017-08-02 10:00:00,695.53
2017-08-02 11:00:00,670.39
2017-08-02 12:00:00,720.09
2017-08-02 13:00:00,707.04
2017-08-02 14:00:00,605.25
2017-08-02 15:00:00,641.42
2017-08-02 16:00:00,689.75
2017-08-02 17:00:00,668.12
2017-08-02 18:00:00,703.74
2017-08-02 19:00:00,928.19
2017-08-02 20:00:00,991.05
2017-08-02 21:00:00,988.97
2017-08-02 22:00:00,1073.96
2017-08-02 23:00:00,1106.3
2017-08-03 00:00:00,993.26
2017-08-03 00:00:00,993.26
2017-08-03 01:00:00,883.15
2017-08-03 02:00:00,798.02
2017-08-03 03:00:00,778.88
2017-08-03 04:00:00,736.63
2017-08-03 05:00:00,700.83
2017-08-03 06:00:00,707.75
2017-08-03 07:00:00,693.82
2017-08-03 08:00:00,644.99
2017-08-03 09:00:00,760.04
2017-08-03 10:00:00,
2017-08-03 11:00:00,1.38
2017-08-03 12:00:00,1.27
2017-08-03 13:00:00,1.39
2017-08-03 14:00:00,1.18
2017-08-03 15:00:00,1.03
2017-08-03 16:00:00,1.5
2017-08-03 17:00:00,678.78
2017-08-03 18:00:00,756.79
2017-08-03 19:00:00,952.92
2017-08-03 20:00:00,1071.81
2017-08-03 21:00:00,1027.64
2017-08-03 22:00:00,1139.81
2017-08-03 23:00:00,1198.72
2017-08-04 00:00:00,1075.56
2017-08-04 00:00:00,1075.56
2017-08-04 01:00:00,959.37
2017-08-04 02:00:00,883.41
2017-08-04 03:00:00,848.57
2017-08-04 04:00:00,814.73
2017-08-04 05:00:00,782.09
2017-08-04 06:00:00,767.55
2017-08-04 07:00:00,777.24
2017-08-04 08:00:00,753.22
2017-08-04 09:00:00,714.18
2017-08-04 10:00:00,673.03
2017-08-04 11:00:00,689.82
2017-08-04 12:00:00,732.1
2017-08-04 13:00:00,743.43
2017-08-04 14:00:00,675.68
2017-08-04 15:00:00,665.59
2017-08-04 16:00:00,752.2
2017-08-04 17:00:00,655.16
2017-08-04 18:00:00,688.16
2017-08-04 19:00:00,887.61
2017-08-04 20:00:00,1007.43
2017-08-04 21:00:00,1047.92
2017-08-04 22:00:00,1119.48
2017-08-04 23:00:00,1116.79
2017-08-05 00:00:00,1019.88
2017-08-05 00:00:00,1019.88
2017-08-05 01:00:00,907.69
2017-08-05 02:00:00,853.54
2017-08-05 03:00:00,831.23
2017-08-05 04:00:00,801.06
2017-08-05 05:00:00,769.55
2017-08-05 06:00:00,733.24
2017-08-05 07:00:00,698.64
2017-08-05 08:00:00,747.69
2017-08-05 09:00:00,818.68
2017-08-05 10:00:00,765.79
2017-08-05 11:00:00,757.35
2017-08-05 12:00:00,781.87
2017-08-05 13:00:00,828.13
2017-08-05 14:00:00,707.14
2017-08-05 15:00:00,691.56
2017-08-05 16:00:00,748.15
2017-08-05 17:00:00,648.36
2017-08-05 18:00:00,784.56
2017-08-05 19:00:00,907.92
2017-08-05 20:00:00,982.76
2017-08-05 21:00:00,1017.4
2017-08-05 22:00:00,1079.34
2017-08-05 23:00:00,1040.4
2017-08-06 00:00:00,991.35
2017-08-06 00:00:00,991.35
2017-08-06 01:00:00,924.45
2017-08-06 02:00:00,846.05
2017-08-06 03:00:00,800.96
2017-08-06 04:00:00,759.34
2017-08-06 05:00:00,732.74
2017-08-06 06:00:00,741.43
2017-08-06 07:00:00,715.94
2017-08-06 08:00:00,798.43
2017-08-06 09:00:00,894.38
2017-08-06 10:00:00,842.53
2017-08-06 11:00:00,838.36
2017-08-06 12:00:00,881.44
2017-08-06 13:00:00,906.03
2017-08-06 14:00:00,854.41
2017-08-06 15:00:00,814.04
2017-08-06 16:00:00,904.68
2017-08-06 17:00:00,831.62
2017-08-06 18:00:00,835.73
2017-08-06 19:00:00,916.05
2017-08-06 20:00:00,1022.6
2017-08-06 21:00:00,1110.72
2017-08-06 22:00:00,1191.67
2017-08-06 23:00:00,1140.16
2017-08-07 00:00:00,1039.6
2017-08-07 00:00:00,1039.6
2017-08-07 01:00:00,915.01
2017-08-07 02:00:00,843.01
2017-08-07 03:00:00,814.59
2017-08-07 04:00:00,769.58
2017-08-07 05:00:00,751.46
2017-08-07 06:00:00,758.64
2017-08-07 07:00:00,794.97
2017-08-07 08:00:00,732.18
2017-08-07 09:00:00,795.6
2017-08-07 10:00:00,745.06
2017-08-07 11:00:00,629.82
2017-08-07 12:00:00,729.96
2017-08-07 13:00:00,764.55
2017-08-07 14:00:00,695.05
2017-08-07 15:00:00,687.33
2017-08-07 16:00:00,772.31
2017-08-07 17:00:00,709.73
2017-08-07 18:00:00,721.49
2017-08-07 19:00:00,934.04
2017-08-07 20:00:00,1054.76
2017-08-07 21:00:00,961.99
2017-08-07 22:00:00,1029.74
2017-08-07 23:00:00,1076.43
2017-08-08 00:00:00,916.38
2017-08-08 00:00:00,916.38
2017-08-08 01:00:00,824.2
2017-08-08 02:00:00,765.08
2017-08-08 03:00:00,719.27
2017-08-08 04:00:00,680.75
2017-08-08 05:00:00,708.54
2017-08-08 06:00:00,686.84
2017-08-08 07:00:00,701.18
2017-08-08 08:00:00,659.54
2017-08-08 09:00:00,687.59
2017-08-08 10:00:00,625.66
2017-08-08 11:00:00,647.12
2017-08-08 12:00:00,702.14
2017-08-08 13:00:00,675.36
2017-08-08 14:00:00,579.11
2017-08-08 15:00:00,596.09
2017-08-08 16:00:00,610.74
2017-08-08 17:00:00,582.36
2017-08-08 18:00:00,605.93
2017-08-08 19:00:00,808.05
2017-08-08 20:00:00,787.37
2017-08-08 21:00:00,865.89
2017-08-08 22:00:00,913.74
2017-08-08 23:00:00,996.85
2017-08-09 00:00:00,841.72
2017-08-09 00:00:00,841.72
2017-08-09 01:00:00,706.57
2017-08-09 02:00:00,652.42
2017-08-09 03:00:00,643.77
2017-08-09 04:00:00,571.89
2017-08-09 05:00:00,578.75
2017-08-09 06:00:00,592.45
2017-08-09 07:00:00,546.68
2017-08-09 08:00:00,582.62
2017-08-09 09:00:00,649.05
2017-08-09 10:00:00,558.36
2017-08-09 11:00:00,561.07
2017-08-09 12:00:00,648.07
2017-08-09 13:00:00,607.84
2017-08-09 14:00:00,540.36
2017-08-09 15:00:00,555.52
2017-08-09 16:00:00,628.82
2017-08-09 17:00:00,552.1
2017-08-09 18:00:00,576.26
2017-08-09 19:00:00,805.14
2017-08-09 20:00:00,826.38
2017-08-09 21:00:00,842.54
2017-08-09 22:00:00,953.13
2017-08-09 23:00:00,970.81
2017-08-10 00:00:00,794.13
2017-08-10 00:00:00,794.13
2017-08-10 01:00:00,639.4
2017-08-10 02:00:00,592.36
2017-08-10 03:00:00,566.67
2017-08-10 04:00:00,568.05
2017-08-10 05:00:00,528.94
2017-08-10 06:00:00,504.17
2017-08-10 07:00:00,501.33
2017-08-10 08:00:00,565.82
2017-08-10 09:00:00,682.72
2017-08-10 10:00:00,619.58
2017-08-10 11:00:00,590.02
2017-08-10 12:00:00,650.87
2017-08-10 13:00:00,632.17
2017-08-10 14:00:00,586.51
2017-08-10 15:00:00,740.83
2017-08-10 16:00:00,720.45
2017-08-10 17:00:00,586.52
2017-08-10 18:00:00,620.42
2017-08-10 19:00:00,790.56
2017-08-10 20:00:00,916.95
2017-08-10 21:00:00,924.34
2017-08-10 22:00:00,996.35
2017-08-10 23:00:00,1031.47
2017-08-11 00:00:00,925.65
2017-08-11 00:00:00,925.65
2017-08-11 01:00:00,762.57
2017-08-11 02:00:00,697.9
2017-08-11 03:00:00,663.16
2017-08-11 04:00:00,617.52
2017-08-11 05:00:00,618.17
2017-08-11 06:00:00,581.91
2017-08-11 07:00:00,621.36
2017-08-11 08:00:00,654.95
2017-08-11 09:00:00,799.84
2017-08-11 10:00:00,642.65
2017-08-11 11:00:00,647.9
2017-08-11 12:00:00,715.91
2017-08-11 13:00:00,716.12
2017-08-11 14:00:00,676.56
2017-08-11 15:00:00,669.36
2017-08-11 16:00:00,687.48
2017-08-11 17:00:00,646.05
2017-08-11 18:00:00,716.64
2017-08-11 19:00:00,916.68
2017-08-11 20:00:00,949.4
2017-08-11 21:00:00,1068.15
2017-08-11 22:00:00,1062.03
2017-08-11 23:00:00,1106.34
2017-08-12 00:00:00,941.35
2017-08-12 00:00:00,941.35
2017-08-12 01:00:00,866.63
2017-08-12 02:00:00,795.2
2017-08-12 03:00:00,726.5
2017-08-12 04:00:00,677.88
2017-08-12 05:00:00,691.87
2017-08-12 06:00:00,674.16
2017-08-12 07:00:00,650.69
2017-08-12 08:00:00,700.9
2017-08-12 09:00:00,700.03
2017-08-12 10:00:00,700.5
2017-08-12 11:00:00,647.25
2017-08-12 12:00:00,629.51
2017-08-12 13:00:00,623.56
2017-08-12 14:00:00,550.46
2017-08-12 15:00:00,
2017-08-12 16:00:00,636.05
2017-08-12 17:00:00,578.82
2017-08-12 18:00:00,625.87
2017-08-12 19:00:00,784.67
2017-08-12 20:00:00,832.23
2017-08-12 21:00:00,909.06
2017-08-12 22:00:00,926.9
2017-08-12 23:00:00,874.7
2017-08-13 00:00:00,773.13
2017-08-13 00:00:00,773.13
2017-08-13 01:00:00,680.62
2017-08-13 02:00:00,618.29
2017-08-13 03:00:00,579.68
2017-08-13 04:00:00,564.18
2017-08-13 05:00:00,551.55
2017-08-13 06:00:00,539.48
2017-08-13 07:00:00,575.46
2017-08-13 08:00:00,579.28
2017-08-13 09:00:00,754.6
2017-08-13 10:00:00,643.85
2017-08-13 11:00:00,635.93
2017-08-13 12:00:00,725.28
2017-08-13 13:00:00,758.58
2017-08-13 14:00:00,717.98
2017-08-13 15:00:00,672.91
2017-08-13 16:00:00,715.65
2017-08-13 17:00:00,660.8
2017-08-13 18:00:00,654.9
2017-08-13 19:00:00,841.41
2017-08-13 20:00:00,929.17
2017-08-13 21:00:00,952.51
2017-08-13 22:00:00,941.18
2017-08-13 23:00:00,923.62
2017-08-14 00:00:00,783.27
2017-08-14 00:00:00,783.27
2017-08-14 01:00:00,690.86
2017-08-14 02:00:00,578.0
2017-08-14 03:00:00,567.35
2017-08-14 04:00:00,529.65
2017-08-14 05:00:00,525.84
2017-08-14 06:00:00,542.57
2017-08-14 07:00:00,554.88
2017-08-14 08:00:00,564.61
2017-08-14 09:00:00,674.57
2017-08-14 10:00:00,544.74
2017-08-14 11:00:00,575.33
2017-08-14 12:00:00,616.59
2017-08-14 13:00:00,637.55
2017-08-14 14:00:00,581.41
2017-08-14 15:00:00,639.37
2017-08-14 16:00:00,625.87
2017-08-14 17:00:00,565.48
2017-08-14 18:00:00,586.27
2017-08-14 19:00:00,803.78
2017-08-14 20:00:00,830.05
2017-08-14 21:00:00,888.76
2017-08-14 22:00:00,911.73
2017-08-14 23:00:00,1058.02
2017-08-15 00:00:00,874.24
2017-08-15 00:00:00,874.24
2017-08-15 01:00:00,727.38
2017-08-15 02:00:00,640.38
2017-08-15 03:00:00,567.1
2017-08-15 04:00:00,577.11
2017-08-15 05:00:00,574.81
2017-08-15 06:00:00,539.63
2017-08-15 07:00:00,521.95
2017-08-15 08:00:00,557.34
2017-08-15 09:00:00,655.64
2017-08-15 10:00:00,608.1
2017-08-15 11:00:00,606.54
2017-08-15 12:00:00,636.05
2017-08-15 13:00:00,652.05
2017-08-15 14:00:00,620.16
2017-08-15 15:00:00,612.88
2017-08-15 16:00:00,609.82
2017-08-15 17:00:00,562.72
2017-08-15 18:00:00,567.06
2017-08-15 19:00:00,758.61
2017-08-15 20:00:00,863.38
2017-08-15 21:00:00,849.45
2017-08-15 22:00:00,974.53
2017-08-15 23:00:00,1044.14
2017-08-16 00:00:00,928.49
2017-08-16 00:00:00,928.49
2017-08-16 01:00:00,766.6
2017-08-16 02:00:00,648.53
2017-08-16 03:00:00,620.1
2017-08-16 04:00:00,611.65
2017-08-16 05:00:00,550.82
2017-08-16 06:00:00,579.98
2017-08-16 07:00:00,508.44
2017-08-16 08:00:00,599.18
2017-08-16 09:00:00,645.07
2017-08-16 10:00:00,660.23
2017-08-16 11:00:00,608.07
2017-08-16 12:00:00,639.16
2017-08-16 13:00:00,690.1
2017-08-16 14:00:00,584.01
2017-08-16 15:00:00,591.77
2017-08-16 16:00:00,625.13
2017-08-16 17:00:00,559.45
2017-08-16 18:00:00,565.98
2017-08-16 19:00:00,739.84
2017-08-16 20:00:00,834.38
2017-08-16 21:00:00,856.41
2017-08-16 22:00:00,929.35
2017-08-16 23:00:00,981.69
2017-08-17 00:00:00,843.59
2017-08-17 00:00:00,843.59
2017-08-17 01:00:00,692.51
2017-08-17 02:00:00,594.72
2017-08-17 03:00:00,578.03
2017-08-17 04:00:00,535.47
2017-08-17 05:00:00,513.85
2017-08-17 06:00:00,522.56
2017-08-17 07:00:00,504.28
2017-08-17 08:00:00,522.24
2017-08-17 09:00:00,669.93
2017-08-17 10:00:00,703.77
2017-08-17 11:00:00,658.34
2017-08-17 12:00:00,697.27
2017-08-17 13:00:00,657.34
2017-08-17 14:00:00,599.06
2017-08-17 15:00:00,611.8
2017-08-17 16:00:00,625.62
2017-08-17 17:00:00,580.61
2017-08-17 18:00:00,621.02
2017-08-17 19:00:00,826.45
2017-08-17 20:00:00,888.32
2017-08-17 21:00:00,810.55
2017-08-17 22:00:00,845.79
2017-08-17 23:00:00,939.68
2017-08-18 00:00:00,792.52
2017-08-18 00:00:00,792.52
2017-08-18 01:00:00,682.24
2017-08-18 02:00:00,590.13
2017-08-18 03:00:00,578.7
2017-08-18 04:00:00,509.44
2017-08-18 05:00:00,491.84
2017-08-18 06:00:00,488.73
2017-08-18 07:00:00,519.33
2017-08-18 08:00:00,549.19
2017-08-18 09:00:00,592.45
2017-08-18 10:00:00,665.08
2017-08-18 11:00:00,610.58
2017-08-18 12:00:00,647.93
2017-08-18 13:00:00,656.45
2017-08-18 14:00:00,592.2
2017-08-18 15:00:00,582.28
2017-08-18 16:00:00,651.31
2017-08-18 17:00:00,596.26
2017-08-18 18:00:00,646.42
2017-08-18 19:00:00,802.43
2017-08-18 20:00:00,909.38
2017-08-18 21:00:00,910.66
2017-08-18 22:00:00,970.13
2017-08-18 23:00:00,965.5
2017-08-19 00:00:00,861.93
2017-08-19 00:00:00,861.93
2017-08-19 01:00:00,763.29
2017-08-19 02:00:00,663.6
2017-08-19 03:00:00,617.78
2017-08-19 04:00:00,574.93
2017-08-19 05:00:00,558.97
2017-08-19 06:00:00,547.86
2017-08-19 07:00:00,589.34
2017-08-19 08:00:00,661.2
2017-08-19 09:00:00,775.06
2017-08-19 10:00:00,788.65
2017-08-19 11:00:00,735.4
2017-08-19 12:00:00,718.75
2017-08-19 13:00:00,722.66
2017-08-19 14:00:00,720.72
2017-08-19 15:00:00,693.3
2017-08-19 16:00:00,704.19
2017-08-19 17:00:00,721.82
2017-08-19 18:00:00,770.95
2017-08-19 19:00:00,872.2
2017-08-19 20:00:00,899.91
2017-08-19 21:00:00,936.78
2017-08-19 22:00:00,963.5
2017-08-19 23:00:00,834.94
2017-08-20 00:00:00,787.05
2017-08-20 00:00:00,787.05
2017-08-20 01:00:00,713.99
2017-08-20 02:00:00,613.84
2017-08-20 03:00:00,560.98
2017-08-20 04:00:00,556.26
2017-08-20 05:00:00,516.49
2017-08-20 06:00:00,526.21
2017-08-20 07:00:00,496.02
2017-08-20 08:00:00,543.16
2017-08-20 09:00:00,660.02
2017-08-20 10:00:00,667.12
2017-08-20 11:00:00,626.47
2017-08-20 12:00:00,635.62
2017-08-20 13:00:00,677.36
2017-08-20 14:00:00,646.5
2017-08-20 15:00:00,635.65
2017-08-20 16:00:00,707.29
2017-08-20 17:00:00,635.16
2017-08-20 18:00:00,655.23
2017-08-20 19:00:00,769.94
2017-08-20 20:00:00,822.45
2017-08-20 21:00:00,904.61
2017-08-20 22:00:00,920.2
2017-08-20 23:00:00,905.13
2017-08-21 00:00:00,809.51
2017-08-21 00:00:00,809.51
2017-08-21 01:00:00,698.07
2017-08-21 02:00:00,604.63
2017-08-21 03:00:00,556.06
2017-08-21 04:00:00,531.2
2017-08-21 05:00:00,533.14
2017-08-21 06:00:00,529.57
2017-08-21 07:00:00,559.42
2017-08-21 08:00:00,540.06
2017-08-21 09:00:00,688.91
2017-08-21 10:00:00,688.73
2017-08-21 11:00:00,665.71
2017-08-21 12:00:00,681.15
2017-08-21 13:00:00,668.82
2017-08-21 14:00:00,677.22
2017-08-21 15:00:00,605.91
2017-08-21 16:00:00,719.08
2017-08-21 17:00:00,572.42
2017-08-21 18:00:00,619.2
2017-08-21 19:00:00,759.73
2017-08-21 20:00:00,855.04
2017-08-21 21:00:00,873.83
2017-08-21 22:00:00,953.76
2017-08-21 23:00:00,1017.08
2017-08-22 00:00:00,868.31
2017-08-22 00:00:00,868.31
2017-08-22 01:00:00,718.23
2017-08-22 02:00:00,626.41
2017-08-22 03:00:00,595.02
2017-08-22 04:00:00,552.01
2017-08-22 05:00:00,565.06
2017-08-22 06:00:00,565.91
2017-08-22 07:00:00,574.05
2017-08-22 08:00:00,634.71
2017-08-22 09:00:00,849.12
2017-08-22 10:00:00,732.81
2017-08-22 11:00:00,741.02
2017-08-22 12:00:00,763.37
2017-08-22 13:00:00,780.03
2017-08-22 14:00:00,794.17
2017-08-22 15:00:00,771.04
2017-08-22 16:00:00,805.66
2017-08-22 17:00:00,748.08
2017-08-22 18:00:00,696.72
2017-08-22 19:00:00,908.67
2017-08-22 20:00:00,972.24
2017-08-22 21:00:00,1007.83
2017-08-22 22:00:00,1089.85
2017-08-22 23:00:00,1151.12
2017-08-23 00:00:00,974.57
2017-08-23 00:00:00,974.57
2017-08-23 01:00:00,865.7
2017-08-23 02:00:00,763.93
2017-08-23 03:00:00,704.81
2017-08-23 04:00:00,689.7
2017-08-23 05:00:00,647.49
2017-08-23 06:00:00,631.15
2017-08-23 07:00:00,664.75
2017-08-23 08:00:00,696.34
2017-08-23 09:00:00,731.93
2017-08-23 10:00:00,718.88
2017-08-23 11:00:00,712.67
2017-08-23 12:00:00,766.44
2017-08-23 13:00:00,766.44
2017-08-23 14:00:00,764.59
2017-08-23 15:00:00,722.11
2017-08-23 16:00:00,802.86
2017-08-23 17:00:00,669.51
2017-08-23 18:00:00,652.58
2017-08-23 19:00:00,832.33
2017-08-23 20:00:00,935.14
2017-08-23 21:00:00,966.43
2017-08-23 22:00:00,986.48
2017-08-23 23:00:00,1091.77
2017-08-24 00:00:00,978.35
2017-08-24 00:00:00,978.35
2017-08-24 01:00:00,841.0
2017-08-24 02:00:00,743.63
2017-08-24 03:00:00,689.62
2017-08-24 04:00:00,664.02
2017-08-24 05:00:00,662.3
2017-08-24 06:00:00,607.63
2017-08-24 07:00:00,659.35
2017-08-24 08:00:00,641.79
2017-08-24 09:00:00,746.93
2017-08-24 10:00:00,723.28
2017-08-24 11:00:00,675.44
2017-08-24 12:00:00,699.89
2017-08-24 13:00:00,716.01
2017-08-24 14:00:00,678.27
2017-08-24 15:00:00,694.08
2017-08-24 16:00:00,742.45
2017-08-24 17:00:00,683.81
2017-08-24 18:00:00,663.15
2017-08-24 19:00:00,835.04
2017-08-24 20:00:00,950.16
2017-08-24 21:00:00,1025.6
2017-08-24 22:00:00,1111.74
2017-08-24 23:00:00,1134.78
2017-08-25 00:00:00,1017.75
2017-08-25 00:00:00,1017.75
2017-08-25 01:00:00,877.31
2017-08-25 02:00:00,780.01
2017-08-25 03:00:00,771.14
2017-08-25 04:00:00,713.88
2017-08-25 05:00:00,712.82
2017-08-25 06:00:00,687.06
2017-08-25 07:00:00,700.97
2017-08-25 08:00:00,714.83
2017-08-25 09:00:00,799.45
2017-08-25 10:00:00,789.49
2017-08-25 11:00:00,711.16
2017-08-25 12:00:00,724.59
2017-08-25 13:00:00,728.81
2017-08-25 14:00:00,702.58
2017-08-25 15:00:00,665.05
2017-08-25 16:00:00,694.85
2017-08-25 17:00:00,594.14
2017-08-25 18:00:00,668.0
2017-08-25 19:00:00,876.07
2017-08-25 20:00:00,957.44
2017-08-25 21:00:00,1022.38
2017-08-25 22:00:00,1029.79
2017-08-25 23:00:00,1059.93
2017-08-26 00:00:00,935.53
2017-08-26 00:00:00,935.53
2017-08-26 01:00:00,796.29
2017-08-26 02:00:00,706.35
2017-08-26 03:00:00,662.49
2017-08-26 04:00:00,652.0
2017-08-26 05:00:00,651.78
2017-08-26 06:00:00,609.81
2017-08-26 07:00:00,606.61
2017-08-26 08:00:00,580.83
2017-08-26 09:00:00,624.34
2017-08-26 10:00:00,584.88
2017-08-26 11:00:00,586.45
2017-08-26 12:00:00,585.8
2017-08-26 13:00:00,620.35
2017-08-26 14:00:00,581.27
2017-08-26 15:00:00,630.06
2017-08-26 16:00:00,586.92
2017-08-26 17:00:00,541.46
2017-08-26 18:00:00,597.1
2017-08-26 19:00:00,699.47
2017-08-26 20:00:00,711.34
2017-08-26 21:00:00,777.75
2017-08-26 22:00:00,831.99
2017-08-26 23:00:00,863.14
2017-08-27 00:00:00,764.41
2017-08-27 00:00:00,764.41
2017-08-27 01:00:00,668.29
2017-08-27 02:00:00,576.33
2017-08-27 03:00:00,538.72
2017-08-27 04:00:00,554.38
2017-08-27 05:00:00,513.48
2017-08-27 06:00:00,543.85
2017-08-27 07:00:00,556.48
2017-08-27 08:00:00,589.95
2017-08-27 09:00:00,692.55
2017-08-27 10:00:00,766.04
2017-08-27 11:00:00,720.81
2017-08-27 12:00:00,723.96
2017-08-27 13:00:00,745.12
2017-08-27 14:00:00,791.36
2017-08-27 15:00:00,756.89
2017-08-27 16:00:00,781.35
2017-08-27 17:00:00,721.85
2017-08-27 18:00:00,758.55
2017-08-27 19:00:00,890.29
2017-08-27 20:00:00,903.24
2017-08-27 21:00:00,979.7
2017-08-27 22:00:00,1013.87
2017-08-27 23:00:00,989.09
2017-08-28 00:00:00,873.33
2017-08-28 00:00:00,873.33
2017-08-28 01:00:00,732.9
2017-08-28 02:00:00,642.24
2017-08-28 03:00:00,621.1
2017-08-28 04:00:00,594.45
2017-08-28 05:00:00,575.87
2017-08-28 06:00:00,519.84
2017-08-28 07:00:00,578.56
2017-08-28 08:00:00,617.74
2017-08-28 09:00:00,794.55
2017-08-28 10:00:00,795.67
2017-08-28 11:00:00,711.32
2017-08-28 12:00:00,728.15
2017-08-28 13:00:00,731.1
2017-08-28 14:00:00,773.81
2017-08-28 15:00:00,722.69
2017-08-28 16:00:00,746.81
2017-08-28 17:00:00,671.22
2017-08-28 18:00:00,677.95
2017-08-28 19:00:00,868.59
2017-08-28 20:00:00,922.31
2017-08-28 21:00:00,921.52
2017-08-28 22:00:00,1033.53
2017-08-28 23:00:00,1117.34
2017-08-29 00:00:00,957.73
2017-08-29 00:00:00,957.73
2017-08-29 01:00:00,855.55
2017-08-29 02:00:00,761.78
2017-08-29 03:00:00,717.9
2017-08-29 04:00:00,687.86
2017-08-29 05:00:00,719.84
2017-08-29 06:00:00,654.17
2017-08-29 07:00:00,660.5
2017-08-29 08:00:00,645.99
2017-08-29 09:00:00,665.28
2017-08-29 10:00:00,693.1
2017-08-29 11:00:00,616.57
2017-08-29 12:00:00,692.72
2017-08-29 13:00:00,653.79
2017-08-29 14:00:00,607.99
2017-08-29 15:00:00,602.53
2017-08-29 16:00:00,625.55
2017-08-29 17:00:00,545.43
2017-08-29 18:00:00,562.96
2017-08-29 19:00:00,753.77
2017-08-29 20:00:00,778.17
2017-08-29 21:00:00,780.39
2017-08-29 22:00:00,803.82
2017-08-29 23:00:00,889.96
2017-08-30 00:00:00,739.72
2017-08-30 00:00:00,739.72
2017-08-30 01:00:00,622.95
2017-08-30 02:00:00,556.24
2017-08-30 03:00:00,530.08
2017-08-30 04:00:00,488.59
2017-08-30 05:00:00,465.92
2017-08-30 06:00:00,429.75
2017-08-30 07:00:00,474.17
2017-08-30 08:00:00,477.45
2017-08-30 09:00:00,681.95
2017-08-30 10:00:00,609.15
2017-08-30 11:00:00,550.46
2017-08-30 12:00:00,560.5
2017-08-30 13:00:00,582.72
2017-08-30 14:00:00,533.94
2017-08-30 15:00:00,525.19
2017-08-30 16:00:00,532.74
2017-08-30 17:00:00,470.03
2017-08-30 18:00:00,503.59
2017-08-30 19:00:00,624.56
2017-08-30 20:00:00,686.15
2017-08-30 21:00:00,737.56
2017-08-30 22:00:00,714.72
2017-08-30 23:00:00,740.41
2017-08-31 00:00:00,608.8
2017-08-31 00:00:00,608.8
2017-08-31 01:00:00,509.68
2017-08-31 02:00:00,440.04
2017-08-31 03:00:00,407.06
2017-08-31 04:00:00,405.38
2017-08-31 05:00:00,390.03
2017-08-31 06:00:00,385.04
2017-08-31 07:00:00,418.88
2017-08-31 08:00:00,486.76
2017-08-31 09:00:00,587.2
2017-08-31 10:00:00,561.97
2017-08-31 11:00:00,582.71
2017-08-31 12:00:00,560.86
2017-08-31 13:00:00,529.76
2017-08-31 14:00:00,490.5
2017-08-31 15:00:00,524.79
2017-08-31 16:00:00,539.95
2017-08-31 17:00:00,494.27
2017-08-31 18:00:00,465.34
2017-08-31 19:00:00,543.38
2017-08-31 20:00:00,606.34
2017-08-31 21:00:00,598.68
2017-08-31 22:00:00,598.24
2017-08-31 23:00:00,654.6
2017-09-01 00:00:00,549.98
2017-09-01 00:00:00,549.98
2017-09-01 01:00:00,428.23
2017-09-01 02:00:00,377.94
2017-09-01 03:00:00,346.48
2017-09-01 04:00:00,347.85
2017-09-01 05:00:00,343.22
2017-09-01 06:00:00,352.49
2017-09-01 07:00:00,371.44
2017-09-01 08:00:00,450.0
2017-09-01 09:00:00,496.93
2017-09-01 10:00:00,514.78
2017-09-01 11:00:00,480.41
2017-09-01 12:00:00,496.44
2017-09-01 13:00:00,441.06
2017-09-01 14:00:00,417.2
2017-09-01 15:00:00,470.56
2017-09-01 16:00:00,474.91
2017-09-01 17:00:00,427.26
2017-09-01 18:00:00,449.47
2017-09-01 19:00:00,505.41
2017-09-01 20:00:00,527.04
2017-09-01 21:00:00,459.14
2017-09-01 22:00:00,444.34
2017-09-01 23:00:00,409.0
2017-09-02 00:00:00,376.35
2017-09-02 00:00:00,376.35
2017-09-02 01:00:00,364.38
2017-09-02 02:00:00,400.93
2017-09-02 03:00:00,380.37
2017-09-02 04:00:00,342.46
2017-09-02 05:00:00,354.44
2017-09-02 06:00:00,357.33
2017-09-02 07:00:00,424.43
2017-09-02 08:00:00,499.41
2017-09-02 09:00:00,572.22
2017-09-02 10:00:00,555.77
2017-09-02 11:00:00,520.18
2017-09-02 12:00:00,577.86
2017-09-02 13:00:00,468.19
2017-09-02 14:00:00,437.24
2017-09-02 15:00:00,556.69
2017-09-02 16:00:00,628.03
2017-09-02 17:00:00,573.38
2017-09-02 18:00:00,598.01
2017-09-02 19:00:00,687.75
2017-09-02 20:00:00,759.19
2017-09-02 21:00:00,761.36
2017-09-02 22:00:00,717.62
2017-09-02 23:00:00,705.92
2017-09-03 00:00:00,557.78
2017-09-03 00:00:00,557.78
2017-09-03 01:00:00,522.54
2017-09-03 02:00:00,462.63
2017-09-03 03:00:00,425.13
2017-09-03 04:00:00,420.86
2017-09-03 05:00:00,398.42
2017-09-03 06:00:00,387.69
2017-09-03 07:00:00,398.61
2017-09-03 08:00:00,456.27
2017-09-03 09:00:00,562.16
2017-09-03 10:00:00,539.95
2017-09-03 11:00:00,567.47
2017-09-03 12:00:00,591.78
2017-09-03 13:00:00,571.39
2017-09-03 14:00:00,543.47
2017-09-03 15:00:00,560.54
2017-09-03 16:00:00,597.97
2017-09-03 17:00:00,554.61
2017-09-03 18:00:00,597.38
2017-09-03 19:00:00,736.37
2017-09-03 20:00:00,794.58
2017-09-03 21:00:00,791.24
2017-09-03 22:00:00,844.18
2017-09-03 23:00:00,768.18
2017-09-04 00:00:00,631.26
2017-09-04 00:00:00,631.26
2017-09-04 01:00:00,539.23
2017-09-04 02:00:00,475.77
2017-09-04 03:00:00,447.7
2017-09-04 04:00:00,412.73
2017-09-04 05:00:00,432.29
2017-09-04 06:00:00,423.25
2017-09-04 07:00:00,417.91
2017-09-04 08:00:00,538.57
2017-09-04 09:00:00,568.66
2017-09-04 10:00:00,524.76
2017-09-04 11:00:00,499.53
2017-09-04 12:00:00,613.13
2017-09-04 13:00:00,639.6
2017-09-04 14:00:00,586.03
2017-09-04 15:00:00,581.4
2017-09-04 16:00:00,656.84
2017-09-04 17:00:00,645.66
2017-09-04 18:00:00,718.43
2017-09-04 19:00:00,788.12
2017-09-04 20:00:00,839.22
2017-09-04 21:00:00,908.37
2017-09-04 22:00:00,928.86
2017-09-04 23:00:00,911.13
2017-09-05 00:00:00,719.24
2017-09-05 00:00:00,719.24
2017-09-05 01:00:00,604.31
2017-09-05 02:00:00,505.13
2017-09-05 03:00:00,465.55
2017-09-05 04:00:00,453.8
2017-09-05 05:00:00,461.82
2017-09-05 06:00:00,456.47
2017-09-05 07:00:00,476.85
2017-09-05 08:00:00,592.81
2017-09-05 09:00:00,623.73
2017-09-05 10:00:00,588.28
2017-09-05 11:00:00,
2017-09-05 12:00:00,
2017-09-05 13:00:00,
2017-09-05 14:00:00,
2017-09-05 15:00:00,
2017-09-05 16:00:00,
2017-09-05 17:00:00,
2017-09-05 18:00:00,
2017-09-05 19:00:00,
2017-09-05 20:00:00,
2017-09-05 21:00:00,
2017-09-05 22:00:00,
2017-09-05 23:00:00,
2017-09-06 00:00:00,
2017-09-06 00:00:00,
2017-09-06 01:00:00,
2017-09-06 02:00:00,
2017-09-06 03:00:00,
2017-09-06 04:00:00,
2017-09-06 05:00:00,
2017-09-06 06:00:00,
2017-09-06 07:00:00,
2017-09-06 08:00:00,
2017-09-06 09:00:00,
2017-09-06 10:00:00,
2017-09-06 11:00:00,
2017-09-06 12:00:00,
2017-09-06 13:00:00,
2017-09-06 14:00:00,
2017-09-06 15:00:00,
2017-09-06 16:00:00,
2017-09-06 17:00:00,
2017-09-06 18:00:00,
2017-09-06 19:00:00,
2017-09-06 20:00:00,
2017-09-06 21:00:00,
2017-09-06 22:00:00,
2017-09-06 23:00:00,
2017-09-07 00:00:00,
2017-09-07 00:00:00,
2017-09-07 01:00:00,
2017-09-07 02:00:00,
2017-09-07 03:00:00,
2017-09-07 04:00:00,
2017-09-07 05:00:00,
2017-09-07 06:00:00,
2017-09-07 07:00:00,
2017-09-07 08:00:00,
2017-09-07 09:00:00,
2017-09-07 10:00:00,
2017-09-07 11:00:00,
2017-09-07 12:00:00,
2017-09-07 13:00:00,
2017-09-07 14:00:00,
2017-09-07 15:00:00,
2017-09-07 16:00:00,
2017-09-07 17:00:00,
2017-09-07 18:00:00,
2017-09-07 19:00:00,
2017-09-07 20:00:00,
2017-09-07 21:00:00,
2017-09-07 22:00:00,
2017-09-07 23:00:00,
2017-09-08 00:00:00,
2017-09-08 00:00:00,
2017-09-08 01:00:00,
2017-09-08 02:00:00,
2017-09-08 03:00:00,
2017-09-08 04:00:00,
2017-09-08 05:00:00,
2017-09-08 06:00:00,
2017-09-08 07:00:00,
2017-09-08 08:00:00,
2017-09-08 09:00:00,
2017-09-08 10:00:00,
2017-09-08 11:00:00,
2017-09-08 12:00:00,
2017-09-08 13:00:00,
2017-09-08 14:00:00,
2017-09-08 15:00:00,
2017-09-08 16:00:00,
2017-09-08 17:00:00,
2017-09-08 18:00:00,
2017-09-08 19:00:00,
2017-09-08 20:00:00,
2017-09-08 21:00:00,
2017-09-08 22:00:00,
2017-09-08 23:00:00,
2017-09-09 00:00:00,
2017-09-09 00:00:00,
2017-09-09 01:00:00,
2017-09-09 02:00:00,
2017-09-09 03:00:00,
2017-09-09 04:00:00,
2017-09-09 05:00:00,
2017-09-09 06:00:00,
2017-09-09 07:00:00,
2017-09-09 08:00:00,
2017-09-09 09:00:00,
2017-09-09 10:00:00,
2017-09-09 11:00:00,
2017-09-09 12:00:00,
2017-09-09 13:00:00,
2017-09-09 14:00:00,
2017-09-09 15:00:00,
2017-09-09 16:00:00,
2017-09-09 17:00:00,
2017-09-09 18:00:00,
2017-09-09 19:00:00,
2017-09-09 20:00:00,
2017-09-09 21:00:00,
2017-09-09 22:00:00,
2017-09-09 23:00:00,
2017-09-10 00:00:00,
2017-09-10 00:00:00,
2017-09-10 01:00:00,
2017-09-10 02:00:00,
2017-09-10 03:00:00,
2017-09-10 04:00:00,
2017-09-10 05:00:00,
2017-09-10 06:00:00,
2017-09-10 07:00:00,
2017-09-10 08:00:00,
2017-09-10 09:00:00,
2017-09-10 10:00:00,
2017-09-10 11:00:00,
2017-09-10 12:00:00,
2017-09-10 13:00:00,
2017-09-10 14:00:00,
2017-09-10 15:00:00,
2017-09-10 16:00:00,
2017-09-10 17:00:00,
2017-09-10 18:00:00,
2017-09-10 19:00:00,
2017-09-10 20:00:00,
2017-09-10 21:00:00,
2017-09-10 22:00:00,
2017-09-10 23:00:00,
2017-09-11 00:00:00,
2017-09-11 00:00:00,
2017-09-11 01:00:00,
2017-09-11 02:00:00,
2017-09-11 03:00:00,
2017-09-11 04:00:00,
2017-09-11 05:00:00,
2017-09-11 06:00:00,
2017-09-11 07:00:00,
2017-09-11 08:00:00,
2017-09-11 09:00:00,
2017-09-11 10:00:00,
2017-09-11 11:00:00,
2017-09-11 12:00:00,
2017-09-11 13:00:00,
2017-09-11 14:00:00,
2017-09-11 15:00:00,
2017-09-11 16:00:00,
2017-09-11 17:00:00,
2017-09-11 18:00:00,
2017-09-11 19:00:00,
2017-09-11 20:00:00,
2017-09-11 21:00:00,
2017-09-11 22:00:00,
2017-09-11 23:00:00,
2017-09-12 00:00:00,
2017-09-12 00:00:00,
2017-09-12 01:00:00,
2017-09-12 02:00:00,
2017-09-12 03:00:00,
2017-09-12 04:00:00,
2017-09-12 05:00:00,
2017-09-12 06:00:00,
2017-09-12 07:00:00,
2017-09-12 08:00:00,
2017-09-12 09:00:00,
2017-09-12 10:00:00,
2017-09-12 11:00:00,
2017-09-12 12:00:00,
2017-09-12 13:00:00,
2017-09-12 14:00:00,
2017-09-12 15:00:00,
2017-09-12 16:00:00,
2017-09-12 17:00:00,
2017-09-12 18:00:00,
2017-09-12 19:00:00,
2017-09-12 20:00:00,
2017-09-12 21:00:00,
2017-09-12 22:00:00,
2017-09-12 23:00:00,
2017-09-13 00:00:00,
2017-09-13 00:00:00,
2017-09-13 01:00:00,
2017-09-13 02:00:00,
2017-09-13 03:00:00,
2017-09-13 04:00:00,
2017-09-13 05:00:00,
2017-09-13 06:00:00,
2017-09-13 07:00:00,
2017-09-13 08:00:00,
2017-09-13 09:00:00,
2017-09-13 10:00:00,
2017-09-13 11:00:00,
2017-09-13 12:00:00,
2017-09-13 13:00:00,
2017-09-13 14:00:00,
2017-09-13 15:00:00,
2017-09-13 16:00:00,
2017-09-13 17:00:00,
2017-09-13 18:00:00,
2017-09-13 19:00:00,
2017-09-13 20:00:00,
2017-09-13 21:00:00,
2017-09-13 22:00:00,
2017-09-13 23:00:00,
2017-09-14 00:00:00,
2017-09-14 00:00:00,
2017-09-14 01:00:00,
2017-09-14 02:00:00,
2017-09-14 03:00:00,
2017-09-14 04:00:00,
2017-09-14 05:00:00,
2017-09-14 06:00:00,
2017-09-14 07:00:00,
2017-09-14 08:00:00,
2017-09-14 09:00:00,
2017-09-14 10:00:00,
2017-09-14 11:00:00,
2017-09-14 12:00:00,
2017-09-14 13:00:00,
2017-09-14 14:00:00,
2017-09-14 15:00:00,
2017-09-14 16:00:00,
2017-09-14 17:00:00,
2017-09-14 18:00:00,
2017-09-14 19:00:00,
2017-09-14 20:00:00,
2017-09-14 21:00:00,
2017-09-14 22:00:00,
2017-09-14 23:00:00,
2017-09-15 00:00:00,
2017-09-15 00:00:00,
2017-09-15 01:00:00,
2017-09-15 02:00:00,
2017-09-15 03:00:00,
2017-09-15 04:00:00,
2017-09-15 05:00:00,
2017-09-15 06:00:00,
2017-09-15 07:00:00,
2017-09-15 08:00:00,
2017-09-15 09:00:00,
2017-09-15 10:00:00,
2017-09-15 11:00:00,
2017-09-15 12:00:00,
2017-09-15 13:00:00,
2017-09-15 14:00:00,
2017-09-15 15:00:00,
2017-09-15 16:00:00,
2017-09-15 17:00:00,
2017-09-15 18:00:00,
2017-09-15 19:00:00,
2017-09-15 20:00:00,
2017-09-15 21:00:00,
2017-09-15 22:00:00,
2017-09-15 23:00:00,
2017-09-16 00:00:00,
2017-09-16 00:00:00,
2017-09-16 01:00:00,
2017-09-16 02:00:00,
2017-09-16 03:00:00,
2017-09-16 04:00:00,
2017-09-16 05:00:00,
2017-09-16 06:00:00,
2017-09-16 07:00:00,
2017-09-16 08:00:00,
2017-09-16 09:00:00,
2017-09-16 10:00:00,
2017-09-16 11:00:00,
2017-09-16 12:00:00,
2017-09-16 13:00:00,
2017-09-16 14:00:00,
2017-09-16 15:00:00,
2017-09-16 16:00:00,
2017-09-16 17:00:00,
2017-09-16 18:00:00,
2017-09-16 19:00:00,
2017-09-16 20:00:00,
2017-09-16 21:00:00,
2017-09-16 22:00:00,
2017-09-16 23:00:00,
2017-09-17 00:00:00,
2017-09-17 00:00:00,
2017-09-17 01:00:00,
2017-09-17 02:00:00,
2017-09-17 03:00:00,
2017-09-17 04:00:00,
2017-09-17 05:00:00,
2017-09-17 06:00:00,
2017-09-17 07:00:00,
2017-09-17 08:00:00,
2017-09-17 09:00:00,
2017-09-17 10:00:00,
2017-09-17 11:00:00,
2017-09-17 12:00:00,
2017-09-17 13:00:00,
2017-09-17 14:00:00,
2017-09-17 15:00:00,
2017-09-17 16:00:00,
2017-09-17 17:00:00,
2017-09-17 18:00:00,
2017-09-17 19:00:00,
2017-09-17 20:00:00,
2017-09-17 21:00:00,
2017-09-17 22:00:00,
2017-09-17 23:00:00,
2017-09-18 00:00:00,
2017-09-18 00:00:00,
2017-09-18 01:00:00,
2017-09-18 02:00:00,
2017-09-18 03:00:00,
2017-09-18 04:00:00,
2017-09-18 05:00:00,
2017-09-18 06:00:00,
2017-09-18 07:00:00,
2017-09-18 08:00:00,
2017-09-18 09:00:00,
2017-09-18 10:00:00,
2017-09-18 11:00:00,
2017-09-18 12:00:00,
2017-09-18 13:00:00,
2017-09-18 14:00:00,
2017-09-18 15:00:00,
2017-09-18 16:00:00,
2017-09-18 17:00:00,
2017-09-18 18:00:00,
2017-09-18 19:00:00,
2017-09-18 20:00:00,
2017-09-18 21:00:00,
2017-09-18 22:00:00,
2017-09-18 23:00:00,
2017-09-19 00:00:00,
2017-09-19 00:00:00,
2017-09-19 01:00:00,
2017-09-19 02:00:00,
2017-09-19 03:00:00,
2017-09-19 04:00:00,
2017-09-19 05:00:00,
2017-09-19 06:00:00,
2017-09-19 07:00:00,
2017-09-19 08:00:00,
2017-09-19 09:00:00,
2017-09-19 10:00:00,
2017-09-19 11:00:00,
2017-09-19 12:00:00,
2017-09-19 13:00:00,
2017-09-19 14:00:00,
2017-09-19 15:00:00,
2017-09-19 16:00:00,
2017-09-19 17:00:00,
2017-09-19 18:00:00,
2017-09-19 19:00:00,
2017-09-19 20:00:00,
2017-09-19 21:00:00,
2017-09-19 22:00:00,
2017-09-19 23:00:00,
2017-09-20 00:00:00,
2017-09-20 00:00:00,
2017-09-20 01:00:00,
2017-09-20 02:00:00,
2017-09-20 03:00:00,
2017-09-20 04:00:00,
2017-09-20 05:00:00,
2017-09-20 06:00:00,
2017-09-20 07:00:00,
2017-09-20 08:00:00,
2017-09-20 09:00:00,
2017-09-20 10:00:00,
2017-09-20 11:00:00,
2017-09-20 12:00:00,
2017-09-20 13:00:00,
2017-09-20 14:00:00,
2017-09-20 15:00:00,
2017-09-20 16:00:00,
2017-09-20 17:00:00,
2017-09-20 18:00:00,
2017-09-20 19:00:00,
2017-09-20 20:00:00,
2017-09-20 21:00:00,
2017-09-20 22:00:00,
2017-09-20 23:00:00,
2017-09-21 00:00:00,
2017-09-21 00:00:00,
2017-09-21 01:00:00,
2017-09-21 02:00:00,
2017-09-21 03:00:00,
2017-09-21 04:00:00,
2017-09-21 05:00:00,
2017-09-21 06:00:00,
2017-09-21 07:00:00,
2017-09-21 08:00:00,
2017-09-21 09:00:00,
2017-09-21 10:00:00,
2017-09-21 11:00:00,
2017-09-21 12:00:00,
2017-09-21 13:00:00,
2017-09-21 14:00:00,
2017-09-21 15:00:00,
2017-09-21 16:00:00,
2017-09-21 17:00:00,
2017-09-21 18:00:00,
2017-09-21 19:00:00,
2017-09-21 20:00:00,
2017-09-21 21:00:00,
2017-09-21 22:00:00,
2017-09-21 23:00:00,
2017-09-22 00:00:00,
2017-09-22 00:00:00,
2017-09-22 01:00:00,
2017-09-22 02:00:00,
2017-09-22 03:00:00,
2017-09-22 04:00:00,
2017-09-22 05:00:00,
2017-09-22 06:00:00,
2017-09-22 07:00:00,
2017-09-22 08:00:00,
2017-09-22 09:00:00,
2017-09-22 10:00:00,
2017-09-22 11:00:00,
2017-09-22 12:00:00,
2017-09-22 13:00:00,
2017-09-22 14:00:00,
2017-09-22 15:00:00,
2017-09-22 16:00:00,
2017-09-22 17:00:00,
2017-09-22 18:00:00,
2017-09-22 19:00:00,
2017-09-22 20:00:00,
2017-09-22 21:00:00,
2017-09-22 22:00:00,
2017-09-22 23:00:00,
2017-09-23 00:00:00,
2017-09-23 00:00:00,
2017-09-23 01:00:00,
2017-09-23 02:00:00,
2017-09-23 03:00:00,
2017-09-23 04:00:00,
2017-09-23 05:00:00,
2017-09-23 06:00:00,
2017-09-23 07:00:00,
2017-09-23 08:00:00,
2017-09-23 09:00:00,
2017-09-23 10:00:00,
2017-09-23 11:00:00,
2017-09-23 12:00:00,
2017-09-23 13:00:00,
2017-09-23 14:00:00,
2017-09-23 15:00:00,
2017-09-23 16:00:00,
2017-09-23 17:00:00,
2017-09-23 18:00:00,
2017-09-23 19:00:00,
2017-09-23 20:00:00,
2017-09-23 21:00:00,
2017-09-23 22:00:00,
2017-09-23 23:00:00,
2017-09-24 00:00:00,
2017-09-24 00:00:00,
2017-09-24 01:00:00,
2017-09-24 02:00:00,
2017-09-24 03:00:00,
2017-09-24 04:00:00,
2017-09-24 05:00:00,
2017-09-24 06:00:00,
2017-09-24 07:00:00,
2017-09-24 08:00:00,
2017-09-24 09:00:00,
2017-09-24 10:00:00,
2017-09-24 11:00:00,
2017-09-24 12:00:00,
2017-09-24 13:00:00,
2017-09-24 14:00:00,
2017-09-24 15:00:00,
2017-09-24 16:00:00,
2017-09-24 17:00:00,
2017-09-24 18:00:00,
2017-09-24 19:00:00,
2017-09-24 20:00:00,
2017-09-24 21:00:00,
2017-09-24 22:00:00,
2017-09-24 23:00:00,
2017-09-25 00:00:00,
2017-09-25 00:00:00,
2017-09-25 01:00:00,
2017-09-25 02:00:00,
2017-09-25 03:00:00,
2017-09-25 04:00:00,
2017-09-25 05:00:00,
2017-09-25 06:00:00,
2017-09-25 07:00:00,
2017-09-25 08:00:00,
2017-09-25 09:00:00,
2017-09-25 10:00:00,
2017-09-25 11:00:00,
2017-09-25 12:00:00,
2017-09-25 13:00:00,
2017-09-25 14:00:00,
2017-09-25 15:00:00,
2017-09-25 16:00:00,
2017-09-25 17:00:00,
2017-09-25 18:00:00,
2017-09-25 19:00:00,
2017-09-25 20:00:00,
2017-09-25 21:00:00,
2017-09-25 22:00:00,
2017-09-25 23:00:00,
2017-09-26 00:00:00,
2017-09-26 00:00:00,
2017-09-26 01:00:00,
2017-09-26 02:00:00,
2017-09-26 03:00:00,
2017-09-26 04:00:00,
2017-09-26 05:00:00,
2017-09-26 06:00:00,
2017-09-26 07:00:00,
2017-09-26 08:00:00,
2017-09-26 09:00:00,
2017-09-26 10:00:00,
2017-09-26 11:00:00,
2017-09-26 12:00:00,
2017-09-26 13:00:00,
2017-09-26 14:00:00,
2017-09-26 15:00:00,
2017-09-26 16:00:00,
2017-09-26 17:00:00,
2017-09-26 18:00:00,
2017-09-26 19:00:00,
2017-09-26 20:00:00,
2017-09-26 21:00:00,
2017-09-26 22:00:00,
2017-09-26 23:00:00,
2017-09-27 00:00:00,
2017-09-27 00:00:00,
2017-09-27 01:00:00,
2017-09-27 02:00:00,
2017-09-27 03:00:00,
2017-09-27 04:00:00,
2017-09-27 05:00:00,
2017-09-27 06:00:00,
2017-09-27 07:00:00,
2017-09-27 08:00:00,
2017-09-27 09:00:00,
2017-09-27 10:00:00,
2017-09-27 11:00:00,
2017-09-27 12:00:00,
2017-09-27 13:00:00,
2017-09-27 14:00:00,
2017-09-27 15:00:00,
2017-09-27 16:00:00,
2017-09-27 17:00:00,
2017-09-27 18:00:00,
2017-09-27 19:00:00,
2017-09-27 20:00:00,
2017-09-27 21:00:00,
2017-09-27 22:00:00,
2017-09-27 23:00:00,
2017-09-28 00:00:00,
2017-09-28 00:00:00,
2017-09-28 01:00:00,
2017-09-28 02:00:00,
2017-09-28 03:00:00,
2017-09-28 04:00:00,
2017-09-28 05:00:00,
2017-09-28 06:00:00,
2017-09-28 07:00:00,
2017-09-28 08:00:00,
2017-09-28 09:00:00,
2017-09-28 10:00:00,
2017-09-28 11:00:00,
2017-09-28 12:00:00,
2017-09-28 13:00:00,
2017-09-28 14:00:00,
2017-09-28 15:00:00,
2017-09-28 16:00:00,
2017-09-28 17:00:00,
2017-09-28 18:00:00,
2017-09-28 19:00:00,
2017-09-28 20:00:00,
2017-09-28 21:00:00,
2017-09-28 22:00:00,
2017-09-28 23:00:00,
2017-09-29 00:00:00,
2017-09-29 00:00:00,
2017-09-29 01:00:00,
2017-09-29 02:00:00,
2017-09-29 03:00:00,
2017-09-29 04:00:00,
2017-09-29 05:00:00,
2017-09-29 06:00:00,
2017-09-29 07:00:00,
2017-09-29 08:00:00,
2017-09-29 09:00:00,
2017-09-29 10:00:00,
2017-09-29 11:00:00,
2017-09-29 12:00:00,
2017-09-29 13:00:00,
2017-09-29 14:00:00,
2017-09-29 15:00:00,
2017-09-29 16:00:00,
2017-09-29 17:00:00,
2017-09-29 18:00:00,
2017-09-29 19:00:00,
2017-09-29 20:00:00,
2017-09-29 21:00:00,
2017-09-29 22:00:00,
2017-09-29 23:00:00,
2017-09-30 00:00:00,
2017-09-30 00:00:00,
2017-09-30 01:00:00,
2017-09-30 02:00:00,
2017-09-30 03:00:00,
2017-09-30 04:00:00,
2017-09-30 05:00:00,
2017-09-30 06:00:00,
2017-09-30 07:00:00,
2017-09-30 08:00:00,
2017-09-30 09:00:00,
2017-09-30 10:00:00,
2017-09-30 11:00:00,
2017-09-30 12:00:00,
2017-09-30 13:00:00,
2017-09-30 14:00:00,
2017-09-30 15:00:00,
2017-09-30 16:00:00,
2017-09-30 17:00:00,
2017-09-30 18:00:00,
2017-09-30 19:00:00,
2017-09-30 20:00:00,
2017-09-30 21:00:00,
2017-09-30 22:00:00,
2017-09-30 23:00:00,
2017-10-01 00:00:00,
2017-10-01 00:00:00,
2017-10-01 01:00:00,
2017-10-01 02:00:00,
2017-10-01 03:00:00,
2017-10-01 04:00:00,
2017-10-01 05:00:00,
2017-10-01 06:00:00,
2017-10-01 07:00:00,
2017-10-01 08:00:00,
2017-10-01 09:00:00,
2017-10-01 10:00:00,
2017-10-01 11:00:00,
2017-10-01 12:00:00,
2017-10-01 13:00:00,
2017-10-01 14:00:00,
2017-10-01 15:00:00,
2017-10-01 16:00:00,
2017-10-01 17:00:00,
2017-10-01 18:00:00,
2017-10-01 19:00:00,
2017-10-01 20:00:00,
2017-10-01 21:00:00,
2017-10-01 22:00:00,
2017-10-01 23:00:00,
2017-10-02 00:00:00,
2017-10-02 00:00:00,
2017-10-02 01:00:00,
2017-10-02 02:00:00,
2017-10-02 03:00:00,
2017-10-02 04:00:00,
2017-10-02 05:00:00,
2017-10-02 06:00:00,
2017-10-02 07:00:00,
2017-10-02 08:00:00,
2017-10-02 09:00:00,
2017-10-02 10:00:00,
2017-10-02 11:00:00,
2017-10-02 12:00:00,
2017-10-02 13:00:00,
2017-10-02 14:00:00,
2017-10-02 15:00:00,
2017-10-02 16:00:00,
2017-10-02 17:00:00,
2017-10-02 18:00:00,
2017-10-02 19:00:00,
2017-10-02 20:00:00,
2017-10-02 21:00:00,
2017-10-02 22:00:00,
2017-10-02 23:00:00,
2017-10-03 00:00:00,
2017-10-03 00:00:00,
2017-10-03 01:00:00,
2017-10-03 02:00:00,
2017-10-03 03:00:00,
2017-10-03 04:00:00,
2017-10-03 05:00:00,
2017-10-03 06:00:00,
2017-10-03 07:00:00,
2017-10-03 08:00:00,
2017-10-03 09:00:00,
2017-10-03 10:00:00,
2017-10-03 11:00:00,
2017-10-03 12:00:00,
2017-10-03 13:00:00,
2017-10-03 14:00:00,
2017-10-03 15:00:00,
2017-10-03 16:00:00,
2017-10-03 17:00:00,
2017-10-03 18:00:00,
2017-10-03 19:00:00,
2017-10-03 20:00:00,
2017-10-03 21:00:00,
2017-10-03 22:00:00,
2017-10-03 23:00:00,
2017-10-04 00:00:00,
2017-10-04 00:00:00,
2017-10-04 01:00:00,
2017-10-04 02:00:00,
2017-10-04 03:00:00,
2017-10-04 04:00:00,
2017-10-04 05:00:00,
2017-10-04 06:00:00,
2017-10-04 07:00:00,
2017-10-04 08:00:00,
2017-10-04 09:00:00,
2017-10-04 10:00:00,
2017-10-04 11:00:00,
2017-10-04 12:00:00,
2017-10-04 13:00:00,
2017-10-04 14:00:00,
2017-10-04 15:00:00,
2017-10-04 16:00:00,
2017-10-04 17:00:00,
2017-10-04 18:00:00,
2017-10-04 19:00:00,
2017-10-04 20:00:00,
2017-10-04 21:00:00,
2017-10-04 22:00:00,
2017-10-04 23:00:00,
2017-10-05 00:00:00,
2017-10-05 00:00:00,
2017-10-05 01:00:00,
2017-10-05 02:00:00,
2017-10-05 03:00:00,
2017-10-05 04:00:00,
2017-10-05 05:00:00,
2017-10-05 06:00:00,
2017-10-05 07:00:00,
2017-10-05 08:00:00,
2017-10-05 09:00:00,
2017-10-05 10:00:00,
2017-10-05 11:00:00,
2017-10-05 12:00:00,
2017-10-05 13:00:00,
2017-10-05 14:00:00,
2017-10-05 15:00:00,
2017-10-05 16:00:00,
2017-10-05 17:00:00,
2017-10-05 18:00:00,
2017-10-05 19:00:00,
2017-10-05 20:00:00,
2017-10-05 21:00:00,
2017-10-05 22:00:00,
2017-10-05 23:00:00,
2017-10-06 00:00:00,
2017-10-06 00:00:00,
2017-10-06 01:00:00,
2017-10-06 02:00:00,
2017-10-06 03:00:00,
2017-10-06 04:00:00,
2017-10-06 05:00:00,
2017-10-06 06:00:00,
2017-10-06 07:00:00,
2017-10-06 08:00:00,
2017-10-06 09:00:00,
2017-10-06 10:00:00,
2017-10-06 11:00:00,
2017-10-06 12:00:00,
2017-10-06 13:00:00,
2017-10-06 14:00:00,
2017-10-06 15:00:00,
2017-10-06 16:00:00,
2017-10-06 17:00:00,
2017-10-06 18:00:00,
2017-10-06 19:00:00,
2017-10-06 20:00:00,
2017-10-06 21:00:00,
2017-10-06 22:00:00,
2017-10-06 23:00:00,
2017-10-07 00:00:00,
2017-10-07 00:00:00,
2017-10-07 01:00:00,
2017-10-07 02:00:00,
2017-10-07 03:00:00,
2017-10-07 04:00:00,
2017-10-07 05:00:00,
2017-10-07 06:00:00,
2017-10-07 07:00:00,
2017-10-07 08:00:00,
2017-10-07 09:00:00,
2017-10-07 10:00:00,
2017-10-07 11:00:00,
2017-10-07 12:00:00,
2017-10-07 13:00:00,
2017-10-07 14:00:00,
2017-10-07 15:00:00,
2017-10-07 16:00:00,
2017-10-07 17:00:00,
2017-10-07 18:00:00,
2017-10-07 19:00:00,
2017-10-07 20:00:00,
2017-10-07 21:00:00,
2017-10-07 22:00:00,
2017-10-07 23:00:00,
2017-10-08 00:00:00,
2017-10-08 00:00:00,
2017-10-08 01:00:00,
2017-10-08 02:00:00,
2017-10-08 03:00:00,
2017-10-08 04:00:00,
2017-10-08 05:00:00,
2017-10-08 06:00:00,
2017-10-08 07:00:00,
2017-10-08 08:00:00,
2017-10-08 09:00:00,
2017-10-08 10:00:00,
2017-10-08 11:00:00,
2017-10-08 12:00:00,
2017-10-08 13:00:00,
2017-10-08 14:00:00,
2017-10-08 15:00:00,
2017-10-08 16:00:00,
2017-10-08 17:00:00,
2017-10-08 18:00:00,
2017-10-08 19:00:00,
2017-10-08 20:00:00,
2017-10-08 21:00:00,
2017-10-08 22:00:00,
2017-10-08 23:00:00,
2017-10-09 00:00:00,
2017-10-09 00:00:00,
2017-10-09 01:00:00,
2017-10-09 02:00:00,
2017-10-09 03:00:00,
2017-10-09 04:00:00,
2017-10-09 05:00:00,
2017-10-09 06:00:00,
2017-10-09 07:00:00,
2017-10-09 08:00:00,
2017-10-09 09:00:00,
2017-10-09 10:00:00,
2017-10-09 11:00:00,
2017-10-09 12:00:00,
2017-10-09 13:00:00,
2017-10-09 14:00:00,
2017-10-09 15:00:00,
2017-10-09 16:00:00,
2017-10-09 17:00:00,
2017-10-09 18:00:00,
2017-10-09 19:00:00,
2017-10-09 20:00:00,
2017-10-09 21:00:00,
2017-10-09 22:00:00,
2017-10-09 23:00:00,
2017-10-10 00:00:00,
2017-10-10 00:00:00,
2017-10-10 01:00:00,
2017-10-10 02:00:00,
2017-10-10 03:00:00,
2017-10-10 04:00:00,
2017-10-10 05:00:00,
2017-10-10 06:00:00,
2017-10-10 07:00:00,
2017-10-10 08:00:00,
2017-10-10 09:00:00,
2017-10-10 10:00:00,
2017-10-10 11:00:00,
2017-10-10 12:00:00,
2017-10-10 13:00:00,
2017-10-10 14:00:00,
2017-10-10 15:00:00,
2017-10-10 16:00:00,
2017-10-10 17:00:00,
2017-10-10 18:00:00,
2017-10-10 19:00:00,
2017-10-10 20:00:00,
2017-10-10 21:00:00,
2017-10-10 22:00:00,
2017-10-10 23:00:00,
2017-10-11 00:00:00,
2017-10-11 00:00:00,
2017-10-11 01:00:00,
2017-10-11 02:00:00,
2017-10-11 03:00:00,
2017-10-11 04:00:00,
2017-10-11 05:00:00,
2017-10-11 06:00:00,
2017-10-11 07:00:00,
2017-10-11 08:00:00,
2017-10-11 09:00:00,
2017-10-11 10:00:00,
2017-10-11 11:00:00,
2017-10-11 12:00:00,
2017-10-11 13:00:00,
2017-10-11 14:00:00,
2017-10-11 15:00:00,
2017-10-11 16:00:00,
2017-10-11 17:00:00,
2017-10-11 18:00:00,
2017-10-11 19:00:00,
2017-10-11 20:00:00,
2017-10-11 21:00:00,
2017-10-11 22:00:00,
2017-10-11 23:00:00,
2017-10-12 00:00:00,
2017-10-12 00:00:00,
2017-10-12 01:00:00,
2017-10-12 02:00:00,
2017-10-12 03:00:00,
2017-10-12 04:00:00,
2017-10-12 05:00:00,
2017-10-12 06:00:00,
2017-10-12 07:00:00,
2017-10-12 08:00:00,
2017-10-12 09:00:00,
2017-10-12 10:00:00,
2017-10-12 11:00:00,
2017-10-12 12:00:00,
2017-10-12 13:00:00,
2017-10-12 14:00:00,
2017-10-12 15:00:00,
2017-10-12 16:00:00,
2017-10-12 17:00:00,
2017-10-12 18:00:00,
2017-10-12 19:00:00,
2017-10-12 20:00:00,
2017-10-12 21:00:00,
2017-10-12 22:00:00,
2017-10-12 23:00:00,
2017-10-13 00:00:00,
2017-10-13 00:00:00,
2017-10-13 01:00:00,
2017-10-13 02:00:00,
2017-10-13 03:00:00,
2017-10-13 04:00:00,
2017-10-13 05:00:00,
2017-10-13 06:00:00,
2017-10-13 07:00:00,
2017-10-13 08:00:00,
2017-10-13 09:00:00,
2017-10-13 10:00:00,
2017-10-13 11:00:00,
2017-10-13 12:00:00,
2017-10-13 13:00:00,
2017-10-13 14:00:00,
2017-10-13 15:00:00,
2017-10-13 16:00:00,
2017-10-13 17:00:00,
2017-10-13 18:00:00,
2017-10-13 19:00:00,
2017-10-13 20:00:00,
2017-10-13 21:00:00,
2017-10-13 22:00:00,
2017-10-13 23:00:00,
2017-10-14 00:00:00,
2017-10-14 00:00:00,
2017-10-14 01:00:00,
2017-10-14 02:00:00,
2017-10-14 03:00:00,
2017-10-14 04:00:00,
2017-10-14 05:00:00,
2017-10-14 06:00:00,
2017-10-14 07:00:00,
2017-10-14 08:00:00,
2017-10-14 09:00:00,
2017-10-14 10:00:00,
2017-10-14 11:00:00,
2017-10-14 12:00:00,
2017-10-14 13:00:00,
2017-10-14 14:00:00,
2017-10-14 15:00:00,
2017-10-14 16:00:00,
2017-10-14 17:00:00,
2017-10-14 18:00:00,
2017-10-14 19:00:00,
2017-10-14 20:00:00,
2017-10-14 21:00:00,
2017-10-14 22:00:00,
2017-10-14 23:00:00,
2017-10-15 00:00:00,
2017-10-15 00:00:00,
2017-10-15 01:00:00,
2017-10-15 02:00:00,
2017-10-15 03:00:00,
2017-10-15 04:00:00,
2017-10-15 05:00:00,
2017-10-15 06:00:00,
2017-10-15 07:00:00,
2017-10-15 08:00:00,
2017-10-15 09:00:00,
2017-10-15 10:00:00,
2017-10-15 11:00:00,
2017-10-15 12:00:00,
2017-10-15 13:00:00,
2017-10-15 14:00:00,
2017-10-15 15:00:00,
2017-10-15 16:00:00,
2017-10-15 17:00:00,
2017-10-15 18:00:00,
2017-10-15 19:00:00,
2017-10-15 20:00:00,
2017-10-15 21:00:00,
2017-10-15 22:00:00,
2017-10-15 23:00:00,
2017-10-16 00:00:00,
2017-10-16 00:00:00,
2017-10-16 01:00:00,
2017-10-16 02:00:00,
2017-10-16 03:00:00,
2017-10-16 04:00:00,
2017-10-16 05:00:00,
2017-10-16 06:00:00,
2017-10-16 07:00:00,
2017-10-16 08:00:00,
2017-10-16 09:00:00,
2017-10-16 10:00:00,
2017-10-16 11:00:00,
2017-10-16 12:00:00,
2017-10-16 13:00:00,
2017-10-16 14:00:00,
2017-10-16 15:00:00,
2017-10-16 16:00:00,
2017-10-16 17:00:00,
2017-10-16 18:00:00,
2017-10-16 19:00:00,
2017-10-16 20:00:00,
2017-10-16 21:00:00,
2017-10-16 22:00:00,
2017-10-16 23:00:00,
2017-10-17 00:00:00,
2017-10-17 00:00:00,
2017-10-17 01:00:00,
2017-10-17 02:00:00,
2017-10-17 03:00:00,
2017-10-17 04:00:00,
2017-10-17 05:00:00,
2017-10-17 06:00:00,
2017-10-17 07:00:00,
2017-10-17 08:00:00,
2017-10-17 09:00:00,
2017-10-17 10:00:00,
2017-10-17 11:00:00,
2017-10-17 12:00:00,
2017-10-17 13:00:00,
2017-10-17 14:00:00,
2017-10-17 15:00:00,
2017-10-17 16:00:00,
2017-10-17 17:00:00,
2017-10-17 18:00:00,
2017-10-17 19:00:00,
2017-10-17 20:00:00,
2017-10-17 21:00:00,
2017-10-17 22:00:00,
2017-10-17 23:00:00,
2017-10-18 00:00:00,
2017-10-18 00:00:00,
2017-10-18 01:00:00,
2017-10-18 02:00:00,
2017-10-18 03:00:00,
2017-10-18 04:00:00,
2017-10-18 05:00:00,
2017-10-18 06:00:00,
2017-10-18 07:00:00,
2017-10-18 08:00:00,
2017-10-18 09:00:00,
2017-10-18 10:00:00,
2017-10-18 11:00:00,
2017-10-18 12:00:00,
2017-10-18 13:00:00,
2017-10-18 14:00:00,
2017-10-18 15:00:00,
2017-10-18 16:00:00,
2017-10-18 17:00:00,
2017-10-18 18:00:00,
2017-10-18 19:00:00,
2017-10-18 20:00:00,
2017-10-18 21:00:00,
2017-10-18 22:00:00,
2017-10-18 23:00:00,
2017-10-19 00:00:00,
2017-10-19 00:00:00,
2017-10-19 01:00:00,
2017-10-19 02:00:00,
2017-10-19 03:00:00,
2017-10-19 04:00:00,
2017-10-19 05:00:00,
2017-10-19 06:00:00,
2017-10-19 07:00:00,
2017-10-19 08:00:00,
2017-10-19 09:00:00,
2017-10-19 10:00:00,
2017-10-19 11:00:00,
2017-10-19 12:00:00,
2017-10-19 13:00:00,
2017-10-19 14:00:00,
2017-10-19 15:00:00,
2017-10-19 16:00:00,
2017-10-19 17:00:00,
2017-10-19 18:00:00,
2017-10-19 19:00:00,
2017-10-19 20:00:00,
2017-10-19 21:00:00,
2017-10-19 22:00:00,
2017-10-19 23:00:00,
2017-10-20 00:00:00,
2017-10-20 00:00:00,
2017-10-20 01:00:00,
2017-10-20 02:00:00,
2017-10-20 03:00:00,
2017-10-20 04:00:00,
2017-10-20 05:00:00,
2017-10-20 06:00:00,
2017-10-20 07:00:00,
2017-10-20 08:00:00,
2017-10-20 09:00:00,
2017-10-20 10:00:00,
2017-10-20 11:00:00,
2017-10-20 12:00:00,
2017-10-20 13:00:00,
2017-10-20 14:00:00,
2017-10-20 15:00:00,
2017-10-20 16:00:00,
2017-10-20 17:00:00,
2017-10-20 18:00:00,
2017-10-20 19:00:00,
2017-10-20 20:00:00,
2017-10-20 21:00:00,
2017-10-20 22:00:00,
2017-10-20 23:00:00,
2017-10-21 00:00:00,
2017-10-21 00:00:00,
2017-10-21 01:00:00,
2017-10-21 02:00:00,
2017-10-21 03:00:00,
2017-10-21 04:00:00,
2017-10-21 05:00:00,
2017-10-21 06:00:00,
2017-10-21 07:00:00,
2017-10-21 08:00:00,
2017-10-21 09:00:00,
2017-10-21 10:00:00,
2017-10-21 11:00:00,
2017-10-21 12:00:00,
2017-10-21 13:00:00,
2017-10-21 14:00:00,
2017-10-21 15:00:00,
2017-10-21 16:00:00,
2017-10-21 17:00:00,
2017-10-21 18:00:00,
2017-10-21 19:00:00,
2017-10-21 20:00:00,
2017-10-21 21:00:00,
2017-10-21 22:00:00,
2017-10-21 23:00:00,
2017-10-22 00:00:00,
2017-10-22 00:00:00,
2017-10-22 01:00:00,
2017-10-22 02:00:00,
2017-10-22 03:00:00,
2017-10-22 04:00:00,
2017-10-22 05:00:00,
2017-10-22 06:00:00,
2017-10-22 07:00:00,
2017-10-22 08:00:00,
2017-10-22 09:00:00,
2017-10-22 10:00:00,
2017-10-22 11:00:00,
2017-10-22 12:00:00,
2017-10-22 13:00:00,
2017-10-22 14:00:00,
2017-10-22 15:00:00,
2017-10-22 16:00:00,
2017-10-22 17:00:00,
2017-10-22 18:00:00,
2017-10-22 19:00:00,
2017-10-22 20:00:00,
2017-10-22 21:00:00,
2017-10-22 22:00:00,
2017-10-22 23:00:00,
2017-10-23 00:00:00,
2017-10-23 00:00:00,
2017-10-23 01:00:00,
2017-10-23 02:00:00,
2017-10-23 03:00:00,
2017-10-23 04:00:00,
2017-10-23 05:00:00,
2017-10-23 06:00:00,
2017-10-23 07:00:00,
2017-10-23 08:00:00,
2017-10-23 09:00:00,
2017-10-23 10:00:00,
2017-10-23 11:00:00,
2017-10-23 12:00:00,
2017-10-23 13:00:00,
2017-10-23 14:00:00,
2017-10-23 15:00:00,
2017-10-23 16:00:00,
2017-10-23 17:00:00,
2017-10-23 18:00:00,
2017-10-23 19:00:00,
2017-10-23 20:00:00,
2017-10-23 21:00:00,
2017-10-23 22:00:00,
2017-10-23 23:00:00,
2017-10-24 00:00:00,
2017-10-24 00:00:00,
2017-10-24 01:00:00,
2017-10-24 02:00:00,
2017-10-24 03:00:00,
2017-10-24 04:00:00,
2017-10-24 05:00:00,
2017-10-24 06:00:00,
2017-10-24 07:00:00,
2017-10-24 08:00:00,
2017-10-24 09:00:00,
2017-10-24 10:00:00,
2017-10-24 11:00:00,
2017-10-24 12:00:00,
2017-10-24 13:00:00,
2017-10-24 14:00:00,
2017-10-24 15:00:00,
2017-10-24 16:00:00,
2017-10-24 17:00:00,
2017-10-24 18:00:00,
2017-10-24 19:00:00,
2017-10-24 20:00:00,
2017-10-24 21:00:00,
2017-10-24 22:00:00,
2017-10-24 23:00:00,
2017-10-25 00:00:00,
2017-10-25 00:00:00,
2017-10-25 01:00:00,
2017-10-25 02:00:00,
2017-10-25 03:00:00,
2017-10-25 04:00:00,
2017-10-25 05:00:00,
2017-10-25 06:00:00,
2017-10-25 07:00:00,
2017-10-25 08:00:00,
2017-10-25 09:00:00,
2017-10-25 10:00:00,
2017-10-25 11:00:00,
2017-10-25 12:00:00,
2017-10-25 13:00:00,
2017-10-25 14:00:00,
2017-10-25 15:00:00,
2017-10-25 16:00:00,
2017-10-25 17:00:00,
2017-10-25 18:00:00,
2017-10-25 19:00:00,
2017-10-25 20:00:00,
2017-10-25 21:00:00,
2017-10-25 22:00:00,
2017-10-25 23:00:00,
2017-10-26 00:00:00,
2017-10-26 00:00:00,
2017-10-26 01:00:00,
2017-10-26 02:00:00,
2017-10-26 03:00:00,
2017-10-26 04:00:00,
2017-10-26 05:00:00,
2017-10-26 06:00:00,
2017-10-26 07:00:00,
2017-10-26 08:00:00,
2017-10-26 09:00:00,
2017-10-26 10:00:00,
2017-10-26 11:00:00,
2017-10-26 12:00:00,
2017-10-26 13:00:00,
2017-10-26 14:00:00,
2017-10-26 15:00:00,
2017-10-26 16:00:00,
2017-10-26 17:00:00,
2017-10-26 18:00:00,
2017-10-26 19:00:00,
2017-10-26 20:00:00,
2017-10-26 21:00:00,
2017-10-26 22:00:00,
2017-10-26 23:00:00,
2017-10-27 00:00:00,
2017-10-27 00:00:00,
2017-10-27 01:00:00,
2017-10-27 02:00:00,
2017-10-27 03:00:00,
2017-10-27 04:00:00,
2017-10-27 05:00:00,
2017-10-27 06:00:00,
2017-10-27 07:00:00,
2017-10-27 08:00:00,
2017-10-27 09:00:00,
2017-10-27 10:00:00,
2017-10-27 11:00:00,
2017-10-27 12:00:00,
2017-10-27 13:00:00,
2017-10-27 14:00:00,
2017-10-27 15:00:00,
2017-10-27 16:00:00,
2017-10-27 17:00:00,465.37
2017-10-27 18:00:00,614.68
2017-10-27 19:00:00,653.88
2017-10-27 20:00:00,692.57
2017-10-27 21:00:00,765.29
2017-10-27 22:00:00,724.37
2017-10-27 23:00:00,768.5
2017-10-28 00:00:00,663.21
2017-10-28 00:00:00,663.21
2017-10-28 01:00:00,477.89
2017-10-28 02:00:00,365.24
2017-10-28 03:00:00,282.12
2017-10-28 04:00:00,294.66
2017-10-28 05:00:00,296.19
2017-10-28 06:00:00,310.7
2017-10-28 07:00:00,318.96
2017-10-28 08:00:00,438.22
2017-10-28 09:00:00,512.06
2017-10-28 10:00:00,480.36
2017-10-28 11:00:00,502.92
2017-10-28 12:00:00,564.72
2017-10-28 13:00:00,537.87
2017-10-28 14:00:00,520.91
2017-10-28 15:00:00,506.31
2017-10-28 16:00:00,546.4
2017-10-28 17:00:00,556.51
2017-10-28 18:00:00,634.46
2017-10-28 19:00:00,623.14
2017-10-28 20:00:00,665.73
2017-10-28 21:00:00,680.91
2017-10-28 22:00:00,779.99
2017-10-28 23:00:00,769.45
2017-10-29 00:00:00,605.52
2017-10-29 00:00:00,605.52
2017-10-29 01:00:00,440.23
2017-10-29 02:00:00,339.57
2017-10-29 03:00:00,284.89
2017-10-29 04:00:00,285.23
2017-10-29 05:00:00,289.82
2017-10-29 06:00:00,349.31
2017-10-29 07:00:00,302.42
2017-10-29 08:00:00,405.32
2017-10-29 09:00:00,499.08
2017-10-29 10:00:00,511.46
2017-10-29 11:00:00,486.94
2017-10-29 12:00:00,553.19
2017-10-29 13:00:00,538.81
2017-10-29 14:00:00,486.38
2017-10-29 15:00:00,511.94
2017-10-29 16:00:00,560.86
2017-10-29 17:00:00,593.98
2017-10-29 18:00:00,796.0
2017-10-29 19:00:00,752.89
2017-10-29 20:00:00,821.83
2017-10-29 21:00:00,891.63
2017-10-29 22:00:00,909.22
2017-10-29 23:00:00,859.77
2017-10-30 00:00:00,702.45
2017-10-30 00:00:00,702.45
2017-10-30 01:00:00,486.3
2017-10-30 02:00:00,388.79
2017-10-30 03:00:00,310.91
2017-10-30 04:00:00,287.33
2017-10-30 05:00:00,315.2
2017-10-30 06:00:00,331.11
2017-10-30 07:00:00,385.52
2017-10-30 08:00:00,635.25
2017-10-30 09:00:00,524.45
2017-10-30 10:00:00,538.99
2017-10-30 11:00:00,502.38
2017-10-30 12:00:00,517.9
2017-10-30 13:00:00,467.6
2017-10-30 14:00:00,448.71
2017-10-30 15:00:00,448.34
2017-10-30 16:00:00,520.37
2017-10-30 17:00:00,542.84
2017-10-30 18:00:00,707.94
2017-10-30 19:00:00,781.91
2017-10-30 20:00:00,869.51
2017-10-30 21:00:00,908.47
2017-10-30 22:00:00,905.06
2017-10-30 23:00:00,980.75
2017-10-31 00:00:00,729.44
2017-10-31 00:00:00,729.44
2017-10-31 01:00:00,531.75
2017-10-31 02:00:00,398.7
2017-10-31 03:00:00,317.33
2017-10-31 04:00:00,299.52
2017-10-31 05:00:00,301.93
2017-10-31 06:00:00,334.25
2017-10-31 07:00:00,339.04
2017-10-31 08:00:00,689.63
2017-10-31 09:00:00,602.64
2017-10-31 10:00:00,556.84
2017-10-31 11:00:00,500.09
2017-10-31 12:00:00,570.75
2017-10-31 13:00:00,509.4
2017-10-31 14:00:00,394.15
2017-10-31 15:00:00,430.64
2017-10-31 16:00:00,547.0
2017-10-31 17:00:00,551.43
2017-10-31 18:00:00,685.62
2017-10-31 19:00:00,809.25
2017-10-31 20:00:00,876.07
2017-10-31 21:00:00,880.11
2017-10-31 22:00:00,954.89
2017-10-31 23:00:00,1011.3
2017-11-01 00:00:00,809.34
2017-11-01 00:00:00,809.34
2017-11-01 01:00:00,571.01
2017-11-01 02:00:00,422.74
2017-11-01 03:00:00,316.52
2017-11-01 04:00:00,325.23
2017-11-01 05:00:00,315.01
2017-11-01 06:00:00,323.37
2017-11-01 07:00:00,364.12
2017-11-01 08:00:00,648.98
2017-11-01 09:00:00,596.14
2017-11-01 10:00:00,539.14
2017-11-01 11:00:00,459.44
2017-11-01 12:00:00,505.06
2017-11-01 13:00:00,557.48
2017-11-01 14:00:00,432.18
2017-11-01 15:00:00,499.07
2017-11-01 16:00:00,506.28
2017-11-01 17:00:00,622.17
2017-11-01 18:00:00,760.78
2017-11-01 19:00:00,730.51
2017-11-01 20:00:00,831.61
2017-11-01 21:00:00,902.24
2017-11-01 22:00:00,954.17
2017-11-01 23:00:00,1024.28
2017-11-02 00:00:00,749.07
2017-11-02 00:00:00,749.07
2017-11-02 01:00:00,528.13
2017-11-02 02:00:00,354.26
2017-11-02 03:00:00,313.95
2017-11-02 04:00:00,303.46
2017-11-02 05:00:00,316.2
2017-11-02 06:00:00,343.31
2017-11-02 07:00:00,383.2
2017-11-02 08:00:00,642.26
2017-11-02 09:00:00,589.29
2017-11-02 10:00:00,471.22
2017-11-02 11:00:00,486.43
2017-11-02 12:00:00,516.29
2017-11-02 13:00:00,519.75
2017-11-02 14:00:00,445.38
2017-11-02 15:00:00,420.03
2017-11-02 16:00:00,466.07
2017-11-02 17:00:00,532.14
2017-11-02 18:00:00,676.14
2017-11-02 19:00:00,786.93
2017-11-02 20:00:00,804.41
2017-11-02 21:00:00,876.82
2017-11-02 22:00:00,924.28
2017-11-02 23:00:00,978.79
2017-11-03 00:00:00,801.28
2017-11-03 00:00:00,801.28
2017-11-03 01:00:00,539.98
2017-11-03 02:00:00,401.9
2017-11-03 03:00:00,342.74
2017-11-03 04:00:00,287.97
2017-11-03 05:00:00,308.81
2017-11-03 06:00:00,309.31
2017-11-03 07:00:00,357.98
2017-11-03 08:00:00,676.51
2017-11-03 09:00:00,569.26
2017-11-03 10:00:00,523.07
2017-11-03 11:00:00,525.32
2017-11-03 12:00:00,470.34
2017-11-03 13:00:00,457.03
2017-11-03 14:00:00,395.84
2017-11-03 15:00:00,409.06
2017-11-03 16:00:00,513.9
2017-11-03 17:00:00,509.22
2017-11-03 18:00:00,664.42
2017-11-03 19:00:00,685.63
2017-11-03 20:00:00,719.29
2017-11-03 21:00:00,779.95
2017-11-03 22:00:00,798.87
2017-11-03 23:00:00,819.01
2017-11-04 00:00:00,681.05
2017-11-04 00:00:00,681.05
2017-11-04 01:00:00,514.4
2017-11-04 02:00:00,373.19
2017-11-04 03:00:00,350.51
2017-11-04 04:00:00,320.27
2017-11-04 05:00:00,285.99
2017-11-04 06:00:00,313.07
2017-11-04 07:00:00,362.62
2017-11-04 08:00:00,437.12
2017-11-04 09:00:00,602.64
2017-11-04 10:00:00,535.92
2017-11-04 11:00:00,543.18
2017-11-04 12:00:00,584.39
2017-11-04 13:00:00,593.88
2017-11-04 14:00:00,532.1
2017-11-04 15:00:00,527.54
2017-11-04 16:00:00,535.4
2017-11-04 17:00:00,569.97
2017-11-04 18:00:00,701.73
2017-11-04 19:00:00,787.39
2017-11-04 20:00:00,777.77
2017-11-04 21:00:00,869.68
2017-11-04 22:00:00,833.41
2017-11-04 23:00:00,819.11
2017-11-05 00:00:00,663.99
2017-11-05 00:00:00,663.99
2017-11-05 01:00:00,546.45
2017-11-05 02:00:00,423.6
2017-11-05 03:00:00,340.99
2017-11-05 04:00:00,319.61
2017-11-05 05:00:00,320.63
2017-11-05 06:00:00,380.07
2017-11-05 07:00:00,325.67
2017-11-05 08:00:00,442.79
2017-11-05 09:00:00,542.07
2017-11-05 10:00:00,512.98
2017-11-05 11:00:00,573.41
2017-11-05 12:00:00,611.83
2017-11-05 13:00:00,603.35
2017-11-05 14:00:00,590.73
2017-11-05 15:00:00,593.29
2017-11-05 16:00:00,656.29
2017-11-05 17:00:00,650.53
2017-11-05 18:00:00,752.2
2017-11-05 19:00:00,819.42
2017-11-05 20:00:00,880.3
2017-11-05 21:00:00,946.23
2017-11-05 22:00:00,903.16
2017-11-05 23:00:00,914.83
2017-11-06 00:00:00,708.33
2017-11-06 00:00:00,708.33
2017-11-06 01:00:00,593.59
2017-11-06 02:00:00,391.7
2017-11-06 03:00:00,302.02
2017-11-06 04:00:00,300.98
2017-11-06 05:00:00,336.57
2017-11-06 06:00:00,359.63
2017-11-06 07:00:00,348.21
2017-11-06 08:00:00,651.95
2017-11-06 09:00:00,639.51
2017-11-06 10:00:00,562.78
2017-11-06 11:00:00,504.36
2017-11-06 12:00:00,527.69
2017-11-06 13:00:00,516.24
2017-11-06 14:00:00,414.63
2017-11-06 15:00:00,437.79
2017-11-06 16:00:00,535.61
2017-11-06 17:00:00,562.74
2017-11-06 18:00:00,708.36
2017-11-06 19:00:00,740.52
2017-11-06 20:00:00,812.4
2017-11-06 21:00:00,924.35
2017-11-06 22:00:00,993.97
2017-11-06 23:00:00,1046.37
2017-11-07 00:00:00,782.24
2017-11-07 00:00:00,782.24
2017-11-07 01:00:00,531.04
2017-11-07 02:00:00,358.52
2017-11-07 03:00:00,299.02
2017-11-07 04:00:00,276.75
2017-11-07 05:00:00,317.12
2017-11-07 06:00:00,302.35
2017-11-07 07:00:00,344.12
2017-11-07 08:00:00,688.85
2017-11-07 09:00:00,613.26
2017-11-07 10:00:00,477.14
2017-11-07 11:00:00,489.39
2017-11-07 12:00:00,517.0
2017-11-07 13:00:00,481.26
2017-11-07 14:00:00,372.71
2017-11-07 15:00:00,422.1
2017-11-07 16:00:00,589.72
2017-11-07 17:00:00,553.81
2017-11-07 18:00:00,696.37
2017-11-07 19:00:00,748.56
2017-11-07 20:00:00,817.28
2017-11-07 21:00:00,877.63
2017-11-07 22:00:00,947.61
2017-11-07 23:00:00,1023.92
2017-11-08 00:00:00,758.19
2017-11-08 00:00:00,758.19
2017-11-08 01:00:00,552.75
2017-11-08 02:00:00,418.4
2017-11-08 03:00:00,294.62
2017-11-08 04:00:00,296.62
2017-11-08 05:00:00,296.8
2017-11-08 06:00:00,362.66
2017-11-08 07:00:00,366.53
2017-11-08 08:00:00,653.58
2017-11-08 09:00:00,598.78
2017-11-08 10:00:00,501.07
2017-11-08 11:00:00,454.6
2017-11-08 12:00:00,547.94
2017-11-08 13:00:00,490.33
2017-11-08 14:00:00,379.47
2017-11-08 15:00:00,504.26
2017-11-08 16:00:00,518.62
2017-11-08 17:00:00,612.13
2017-11-08 18:00:00,711.83
2017-11-08 19:00:00,763.82
2017-11-08 20:00:00,835.85
2017-11-08 21:00:00,929.17
2017-11-08 22:00:00,921.92
2017-11-08 23:00:00,1000.55
2017-11-09 00:00:00,769.81
2017-11-09 00:00:00,769.81
2017-11-09 01:00:00,533.74
2017-11-09 02:00:00,406.25
2017-11-09 03:00:00,322.62
2017-11-09 04:00:00,279.11
2017-11-09 05:00:00,345.3
2017-11-09 06:00:00,352.35
2017-11-09 07:00:00,340.08
2017-11-09 08:00:00,636.08
2017-11-09 09:00:00,591.76
2017-11-09 10:00:00,484.23
2017-11-09 11:00:00,532.74
2017-11-09 12:00:00,568.61
2017-11-09 13:00:00,464.92
2017-11-09 14:00:00,441.24
2017-11-09 15:00:00,455.72
2017-11-09 16:00:00,537.99
2017-11-09 17:00:00,510.5
2017-11-09 18:00:00,667.5
2017-11-09 19:00:00,802.18
2017-11-09 20:00:00,827.59
2017-11-09 21:00:00,923.14
2017-11-09 22:00:00,958.21
2017-11-09 23:00:00,928.23
2017-11-10 00:00:00,785.21
2017-11-10 00:00:00,785.21
2017-11-10 01:00:00,548.33
2017-11-10 02:00:00,375.68
2017-11-10 03:00:00,322.54
2017-11-10 04:00:00,299.35
2017-11-10 05:00:00,300.24
2017-11-10 06:00:00,325.83
2017-11-10 07:00:00,369.56
2017-11-10 08:00:00,616.09
2017-11-10 09:00:00,627.93
2017-11-10 10:00:00,539.98
2017-11-10 11:00:00,522.2
2017-11-10 12:00:00,484.92
2017-11-10 13:00:00,451.46
2017-11-10 14:00:00,418.07
2017-11-10 15:00:00,431.44
2017-11-10 16:00:00,516.95
2017-11-10 17:00:00,521.65
2017-11-10 18:00:00,677.29
2017-11-10 19:00:00,661.83
2017-11-10 20:00:00,720.63
2017-11-10 21:00:00,764.17
2017-11-10 22:00:00,784.58
2017-11-10 23:00:00,814.01
2017-11-11 00:00:00,729.76
2017-11-11 00:00:00,729.76
2017-11-11 01:00:00,493.15
2017-11-11 02:00:00,404.76
2017-11-11 03:00:00,324.66
2017-11-11 04:00:00,307.91
2017-11-11 05:00:00,346.89
2017-11-11 06:00:00,371.7
2017-11-11 07:00:00,302.26
2017-11-11 08:00:00,486.53
2017-11-11 09:00:00,566.1
2017-11-11 10:00:00,569.84
2017-11-11 11:00:00,586.17
2017-11-11 12:00:00,618.91
2017-11-11 13:00:00,580.62
2017-11-11 14:00:00,553.8
2017-11-11 15:00:00,544.63
2017-11-11 16:00:00,600.91
2017-11-11 17:00:00,596.17
2017-11-11 18:00:00,699.0
2017-11-11 19:00:00,692.08
2017-11-11 20:00:00,689.82
2017-11-11 21:00:00,740.58
2017-11-11 22:00:00,757.05
2017-11-11 23:00:00,738.3
2017-11-12 00:00:00,668.51
2017-11-12 00:00:00,668.51
2017-11-12 01:00:00,508.58
2017-11-12 02:00:00,421.59
2017-11-12 03:00:00,337.05
2017-11-12 04:00:00,299.09
2017-11-12 05:00:00,304.56
2017-11-12 06:00:00,360.16
2017-11-12 07:00:00,314.22
2017-11-12 08:00:00,462.89
2017-11-12 09:00:00,456.86
2017-11-12 10:00:00,534.86
2017-11-12 11:00:00,575.34
2017-11-12 12:00:00,621.83
2017-11-12 13:00:00,628.27
2017-11-12 14:00:00,573.35
2017-11-12 15:00:00,539.83
2017-11-12 16:00:00,611.68
2017-11-12 17:00:00,668.31
2017-11-12 18:00:00,790.3
2017-11-12 19:00:00,817.12
2017-11-12 20:00:00,848.2
2017-11-12 21:00:00,901.47
2017-11-12 22:00:00,990.96
2017-11-12 23:00:00,1005.58
2017-11-13 00:00:00,764.34
2017-11-13 00:00:00,764.34
2017-11-13 01:00:00,583.93
2017-11-13 02:00:00,402.07
2017-11-13 03:00:00,306.46
2017-11-13 04:00:00,320.95
2017-11-13 05:00:00,327.13
2017-11-13 06:00:00,321.33
2017-11-13 07:00:00,325.24
2017-11-13 08:00:00,640.5
2017-11-13 09:00:00,625.7
2017-11-13 10:00:00,546.91
2017-11-13 11:00:00,505.41
2017-11-13 12:00:00,523.05
2017-11-13 13:00:00,484.8
2017-11-13 14:00:00,418.87
2017-11-13 15:00:00,482.81
2017-11-13 16:00:00,548.94
2017-11-13 17:00:00,605.05
2017-11-13 18:00:00,743.66
2017-11-13 19:00:00,816.46
2017-11-13 20:00:00,921.26
2017-11-13 21:00:00,984.34
2017-11-13 22:00:00,957.09
2017-11-13 23:00:00,916.75
2017-11-14 00:00:00,714.21
2017-11-14 00:00:00,714.21
2017-11-14 01:00:00,537.85
2017-11-14 02:00:00,358.17
2017-11-14 03:00:00,302.77
2017-11-14 04:00:00,263.31
2017-11-14 05:00:00,312.45
2017-11-14 06:00:00,356.1
2017-11-14 07:00:00,372.63
2017-11-14 08:00:00,644.66
2017-11-14 09:00:00,623.73
2017-11-14 10:00:00,492.11
2017-11-14 11:00:00,492.71
2017-11-14 12:00:00,568.8
2017-11-14 13:00:00,500.95
2017-11-14 14:00:00,445.37
2017-11-14 15:00:00,468.45
2017-11-14 16:00:00,
2017-11-14 17:00:00,606.38
2017-11-14 18:00:00,717.84
2017-11-14 19:00:00,785.26
2017-11-14 20:00:00,914.32
2017-11-14 21:00:00,970.3
2017-11-14 22:00:00,1018.91
2017-11-14 23:00:00,1030.12
2017-11-15 00:00:00,826.33
2017-11-15 00:00:00,826.33
2017-11-15 01:00:00,577.25
2017-11-15 02:00:00,419.42
2017-11-15 03:00:00,329.34
2017-11-15 04:00:00,286.19
2017-11-15 05:00:00,328.79
2017-11-15 06:00:00,349.83
2017-11-15 07:00:00,403.94
2017-11-15 08:00:00,722.47
2017-11-15 09:00:00,650.62
2017-11-15 10:00:00,568.44
2017-11-15 11:00:00,527.92
2017-11-15 12:00:00,559.75
2017-11-15 13:00:00,573.7
2017-11-15 14:00:00,458.11
2017-11-15 15:00:00,500.64
2017-11-15 16:00:00,585.67
2017-11-15 17:00:00,657.21
2017-11-15 18:00:00,718.2
2017-11-15 19:00:00,821.79
2017-11-15 20:00:00,857.56
2017-11-15 21:00:00,949.61
2017-11-15 22:00:00,1054.67
2017-11-15 23:00:00,1096.78
2017-11-16 00:00:00,772.23
2017-11-16 00:00:00,772.23
2017-11-16 01:00:00,564.88
2017-11-16 02:00:00,408.08
2017-11-16 03:00:00,352.24
2017-11-16 04:00:00,302.12
2017-11-16 05:00:00,335.9
2017-11-16 06:00:00,335.81
2017-11-16 07:00:00,368.43
2017-11-16 08:00:00,674.91
2017-11-16 09:00:00,635.51
2017-11-16 10:00:00,549.41
2017-11-16 11:00:00,560.45
2017-11-16 12:00:00,569.0
2017-11-16 13:00:00,528.85
2017-11-16 14:00:00,493.2
2017-11-16 15:00:00,533.94
2017-11-16 16:00:00,602.0
2017-11-16 17:00:00,649.47
2017-11-16 18:00:00,850.33
2017-11-16 19:00:00,919.78
2017-11-16 20:00:00,932.82
2017-11-16 21:00:00,952.47
2017-11-16 22:00:00,1070.15
2017-11-16 23:00:00,1029.51
2017-11-17 00:00:00,797.31
2017-11-17 00:00:00,797.31
2017-11-17 01:00:00,522.95
2017-11-17 02:00:00,385.59
2017-11-17 03:00:00,305.32
2017-11-17 04:00:00,308.84
2017-11-17 05:00:00,289.85
2017-11-17 06:00:00,329.61
2017-11-17 07:00:00,344.92
2017-11-17 08:00:00,682.31
2017-11-17 09:00:00,599.1
2017-11-17 10:00:00,559.41
2017-11-17 11:00:00,568.42
2017-11-17 12:00:00,578.64
2017-11-17 13:00:00,551.94
2017-11-17 14:00:00,462.41
2017-11-17 15:00:00,490.61
2017-11-17 16:00:00,583.62
2017-11-17 17:00:00,
2017-11-17 18:00:00,
2017-11-17 19:00:00,
2017-11-17 20:00:00,861.44
2017-11-17 21:00:00,886.33
2017-11-17 22:00:00,817.01
2017-11-17 23:00:00,839.71
2017-11-18 00:00:00,704.25
2017-11-18 00:00:00,704.25
2017-11-18 01:00:00,541.78
2017-11-18 02:00:00,438.66
2017-11-18 03:00:00,369.54
2017-11-18 04:00:00,318.7
2017-11-18 05:00:00,344.89
2017-11-18 06:00:00,360.83
2017-11-18 07:00:00,376.36
2017-11-18 08:00:00,461.12
2017-11-18 09:00:00,562.98
2017-11-18 10:00:00,593.08
2017-11-18 11:00:00,587.41
2017-11-18 12:00:00,730.31
2017-11-18 13:00:00,672.97
2017-11-18 14:00:00,664.11
2017-11-18 15:00:00,717.36
2017-11-18 16:00:00,672.19
2017-11-18 17:00:00,741.39
2017-11-18 18:00:00,809.46
2017-11-18 19:00:00,894.56
2017-11-18 20:00:00,910.13
2017-11-18 21:00:00,961.53
2017-11-18 22:00:00,944.17
2017-11-18 23:00:00,907.44
2017-11-19 00:00:00,764.07
2017-11-19 00:00:00,764.07
2017-11-19 01:00:00,596.19
2017-11-19 02:00:00,490.26
2017-11-19 03:00:00,385.22
2017-11-19 04:00:00,390.29
2017-11-19 05:00:00,356.43
2017-11-19 06:00:00,400.37
2017-11-19 07:00:00,371.04
2017-11-19 08:00:00,554.5
2017-11-19 09:00:00,657.04
2017-11-19 10:00:00,638.45
2017-11-19 11:00:00,698.71
2017-11-19 12:00:00,726.99
2017-11-19 13:00:00,813.04
2017-11-19 14:00:00,690.39
2017-11-19 15:00:00,750.35
2017-11-19 16:00:00,805.01
2017-11-19 17:00:00,766.58
2017-11-19 18:00:00,954.22
2017-11-19 19:00:00,938.91
2017-11-19 20:00:00,1014.64
2017-11-19 21:00:00,1126.57
2017-11-19 22:00:00,1124.79
2017-11-19 23:00:00,1091.62
2017-11-20 00:00:00,951.67
2017-11-20 00:00:00,951.67
2017-11-20 01:00:00,633.62
2017-11-20 02:00:00,471.74
2017-11-20 03:00:00,397.01
2017-11-20 04:00:00,363.8
2017-11-20 05:00:00,374.4
2017-11-20 06:00:00,421.3
2017-11-20 07:00:00,416.58
2017-11-20 08:00:00,756.67
2017-11-20 09:00:00,761.62
2017-11-20 10:00:00,734.35
2017-11-20 11:00:00,703.18
2017-11-20 12:00:00,724.35
2017-11-20 13:00:00,700.23
2017-11-20 14:00:00,659.92
2017-11-20 15:00:00,630.6
2017-11-20 16:00:00,714.02
2017-11-20 17:00:00,782.97
2017-11-20 18:00:00,966.06
2017-11-20 19:00:00,1139.7
2017-11-20 20:00:00,1221.02
2017-11-20 21:00:00,1214.66
2017-11-20 22:00:00,1349.9
2017-11-20 23:00:00,1239.59
2017-11-21 00:00:00,946.53
2017-11-21 00:00:00,946.53
2017-11-21 01:00:00,679.89
2017-11-21 02:00:00,475.39
2017-11-21 03:00:00,384.82
2017-11-21 04:00:00,369.95
2017-11-21 05:00:00,364.29
2017-11-21 06:00:00,419.71
2017-11-21 07:00:00,438.19
2017-11-21 08:00:00,811.84
2017-11-21 09:00:00,774.89
2017-11-21 10:00:00,667.97
2017-11-21 11:00:00,780.79
2017-11-21 12:00:00,765.36
2017-11-21 13:00:00,756.44
2017-11-21 14:00:00,702.36
2017-11-21 15:00:00,674.86
2017-11-21 16:00:00,813.25
2017-11-21 17:00:00,835.27
2017-11-21 18:00:00,1068.5
2017-11-21 19:00:00,1151.38
2017-11-21 20:00:00,1225.75
2017-11-21 21:00:00,1227.09
2017-11-21 22:00:00,1292.0
2017-11-21 23:00:00,1235.84
2017-11-22 00:00:00,1023.28
2017-11-22 00:00:00,1023.28
2017-11-22 01:00:00,666.0
2017-11-22 02:00:00,542.16
2017-11-22 03:00:00,455.97
2017-11-22 04:00:00,387.05
2017-11-22 05:00:00,423.19
2017-11-22 06:00:00,448.14
2017-11-22 07:00:00,488.17
2017-11-22 08:00:00,786.65
2017-11-22 09:00:00,847.7
2017-11-22 10:00:00,753.71
2017-11-22 11:00:00,700.64
2017-11-22 12:00:00,703.68
2017-11-22 13:00:00,652.67
2017-11-22 14:00:00,626.13
2017-11-22 15:00:00,632.64
2017-11-22 16:00:00,744.94
2017-11-22 17:00:00,868.32
2017-11-22 18:00:00,961.28
2017-11-22 19:00:00,1049.34
2017-11-22 20:00:00,1136.46
2017-11-22 21:00:00,1271.44
2017-11-22 22:00:00,1289.43
2017-11-22 23:00:00,1258.9
2017-11-23 00:00:00,1020.11
2017-11-23 00:00:00,1020.11
2017-11-23 01:00:00,729.2
2017-11-23 02:00:00,
2017-11-23 03:00:00,
2017-11-23 04:00:00,372.39
2017-11-23 05:00:00,382.22
2017-11-23 06:00:00,419.34
2017-11-23 07:00:00,480.76
2017-11-23 08:00:00,831.59
2017-11-23 09:00:00,781.76
2017-11-23 10:00:00,707.48
2017-11-23 11:00:00,631.11
2017-11-23 12:00:00,665.25
2017-11-23 13:00:00,662.52
2017-11-23 14:00:00,544.81
2017-11-23 15:00:00,550.74
2017-11-23 16:00:00,712.59
2017-11-23 17:00:00,769.3
2017-11-23 18:00:00,1016.78
2017-11-23 19:00:00,1116.86
2017-11-23 20:00:00,1243.28
2017-11-23 21:00:00,1248.71
2017-11-23 22:00:00,1241.84
2017-11-23 23:00:00,1226.23
2017-11-24 00:00:00,1022.82
2017-11-24 00:00:00,1022.82
2017-11-24 01:00:00,715.3
2017-11-24 02:00:00,495.11
2017-11-24 03:00:00,405.66
2017-11-24 04:00:00,390.38
2017-11-24 05:00:00,421.12
2017-11-24 06:00:00,466.22
2017-11-24 07:00:00,487.24
2017-11-24 08:00:00,786.79
2017-11-24 09:00:00,815.72
2017-11-24 10:00:00,688.62
2017-11-24 11:00:00,633.66
2017-11-24 12:00:00,638.66
2017-11-24 13:00:00,649.23
2017-11-24 14:00:00,556.0
2017-11-24 15:00:00,576.52
2017-11-24 16:00:00,752.8
2017-11-24 17:00:00,768.43
2017-11-24 18:00:00,950.82
2017-11-24 19:00:00,984.2
2017-11-24 20:00:00,1019.08
2017-11-24 21:00:00,1112.1
2017-11-24 22:00:00,1073.17
2017-11-24 23:00:00,1077.53
2017-11-25 00:00:00,906.13
2017-11-25 00:00:00,906.13
2017-11-25 01:00:00,716.58
2017-11-25 02:00:00,516.78
2017-11-25 03:00:00,416.68
2017-11-25 04:00:00,404.56
2017-11-25 05:00:00,398.09
2017-11-25 06:00:00,431.7
2017-11-25 07:00:00,402.23
2017-11-25 08:00:00,617.61
2017-11-25 09:00:00,705.21
2017-11-25 10:00:00,710.19
2017-11-25 11:00:00,689.67
2017-11-25 12:00:00,803.87
2017-11-25 13:00:00,777.45
2017-11-25 14:00:00,695.28
2017-11-25 15:00:00,708.9
2017-11-25 16:00:00,806.67
2017-11-25 17:00:00,765.47
2017-11-25 18:00:00,848.69
2017-11-25 19:00:00,877.04
2017-11-25 20:00:00,912.53
2017-11-25 21:00:00,1046.62
2017-11-25 22:00:00,999.18
2017-11-25 23:00:00,987.55
2017-11-26 00:00:00,882.32
2017-11-26 00:00:00,882.32
2017-11-26 01:00:00,677.06
2017-11-26 02:00:00,491.51
2017-11-26 03:00:00,407.34
2017-11-26 04:00:00,353.68
2017-11-26 05:00:00,379.67
2017-11-26 06:00:00,395.18
2017-11-26 07:00:00,384.57
2017-11-26 08:00:00,507.07
2017-11-26 09:00:00,561.88
2017-11-26 10:00:00,653.18
2017-11-26 11:00:00,685.13
2017-11-26 12:00:00,740.15
2017-11-26 13:00:00,749.55
2017-11-26 14:00:00,731.63
2017-11-26 15:00:00,705.17
2017-11-26 16:00:00,712.35
2017-11-26 17:00:00,775.35
2017-11-26 18:00:00,890.52
2017-11-26 19:00:00,983.86
2017-11-26 20:00:00,1012.57
2017-11-26 21:00:00,1064.75
2017-11-26 22:00:00,1115.62
2017-11-26 23:00:00,1125.74
2017-11-27 00:00:00,953.57
2017-11-27 00:00:00,953.57
2017-11-27 01:00:00,682.0
2017-11-27 02:00:00,465.97
2017-11-27 03:00:00,401.91
2017-11-27 04:00:00,356.92
2017-11-27 05:00:00,337.34
2017-11-27 06:00:00,389.51
2017-11-27 07:00:00,397.56
2017-11-27 08:00:00,722.5
2017-11-27 09:00:00,740.52
2017-11-27 10:00:00,657.1
2017-11-27 11:00:00,658.45
2017-11-27 12:00:00,660.37
2017-11-27 13:00:00,694.12
2017-11-27 14:00:00,506.09
2017-11-27 15:00:00,554.32
2017-11-27 16:00:00,663.56
2017-11-27 17:00:00,739.52
2017-11-27 18:00:00,798.68
2017-11-27 19:00:00,982.82
2017-11-27 20:00:00,1003.8
2017-11-27 21:00:00,1107.49
2017-11-27 22:00:00,1120.39
2017-11-27 23:00:00,1105.21
2017-11-28 00:00:00,946.22
2017-11-28 00:00:00,946.22
2017-11-28 01:00:00,684.15
2017-11-28 02:00:00,449.02
2017-11-28 03:00:00,369.65
2017-11-28 04:00:00,353.9
2017-11-28 05:00:00,357.58
2017-11-28 06:00:00,383.86
2017-11-28 07:00:00,441.03
2017-11-28 08:00:00,714.44
2017-11-28 09:00:00,734.48
2017-11-28 10:00:00,632.44
2017-11-28 11:00:00,651.76
2017-11-28 12:00:00,813.52
2017-11-28 13:00:00,729.86
2017-11-28 14:00:00,641.56
2017-11-28 15:00:00,646.12
2017-11-28 16:00:00,794.74
2017-11-28 17:00:00,832.76
2017-11-28 18:00:00,1035.08
2017-11-28 19:00:00,1090.71
2017-11-28 20:00:00,1211.73
2017-11-28 21:00:00,1286.44
2017-11-28 22:00:00,1387.06
2017-11-28 23:00:00,1386.46
2017-11-29 00:00:00,1106.49
2017-11-29 00:00:00,1106.49
2017-11-29 01:00:00,799.28
2017-11-29 02:00:00,552.2
2017-11-29 03:00:00,405.75
2017-11-29 04:00:00,406.91
2017-11-29 05:00:00,388.34
2017-11-29 06:00:00,425.6
2017-11-29 07:00:00,442.26
2017-11-29 08:00:00,827.14
2017-11-29 09:00:00,788.84
2017-11-29 10:00:00,721.14
2017-11-29 11:00:00,694.41
2017-11-29 12:00:00,739.25
2017-11-29 13:00:00,700.74
2017-11-29 14:00:00,662.31
2017-11-29 15:00:00,693.25
2017-11-29 16:00:00,864.62
2017-11-29 17:00:00,885.87
2017-11-29 18:00:00,1063.83
2017-11-29 19:00:00,1186.06
2017-11-29 20:00:00,1285.64
2017-11-29 21:00:00,1388.33
2017-11-29 22:00:00,1390.19
2017-11-29 23:00:00,1366.7
2017-11-30 00:00:00,1133.23
2017-11-30 00:00:00,1133.23
2017-11-30 01:00:00,816.51
2017-11-30 02:00:00,571.08
2017-11-30 03:00:00,464.65
2017-11-30 04:00:00,452.86
2017-11-30 05:00:00,434.76
2017-11-30 06:00:00,484.85
2017-11-30 07:00:00,492.2
2017-11-30 08:00:00,997.9
2017-11-30 09:00:00,885.39
2017-11-30 10:00:00,760.15
2017-11-30 11:00:00,836.27
2017-11-30 12:00:00,854.6
2017-11-30 13:00:00,814.07
2017-11-30 14:00:00,717.71
2017-11-30 15:00:00,735.18
2017-11-30 16:00:00,937.37
2017-11-30 17:00:00,1003.57
2017-11-30 18:00:00,1159.81
2017-11-30 19:00:00,1300.68
2017-11-30 20:00:00,1374.38
2017-11-30 21:00:00,1509.37
2017-11-30 22:00:00,1547.38
2017-11-30 23:00:00,1476.88
2017-12-01 00:00:00,1254.98
2017-12-01 00:00:00,1254.98
2017-12-01 01:00:00,912.12
2017-12-01 02:00:00,610.26
2017-12-01 03:00:00,481.32
2017-12-01 04:00:00,476.76
2017-12-01 05:00:00,442.4
2017-12-01 06:00:00,488.06
2017-12-01 07:00:00,555.49
2017-12-01 08:00:00,919.67
2017-12-01 09:00:00,955.2
2017-12-01 10:00:00,836.98
2017-12-01 11:00:00,737.23
2017-12-01 12:00:00,812.05
2017-12-01 13:00:00,782.06
2017-12-01 14:00:00,670.09
2017-12-01 15:00:00,678.66
2017-12-01 16:00:00,857.11
2017-12-01 17:00:00,918.59
2017-12-01 18:00:00,1010.59
2017-12-01 19:00:00,1110.91
2017-12-01 20:00:00,1242.7
2017-12-01 21:00:00,1255.34
2017-12-01 22:00:00,1263.58
2017-12-01 23:00:00,1421.1
2017-12-02 00:00:00,1154.22
2017-12-02 00:00:00,1154.22
2017-12-02 01:00:00,886.32
2017-12-02 02:00:00,650.58
2017-12-02 03:00:00,543.85
2017-12-02 04:00:00,493.97
2017-12-02 05:00:00,463.28
2017-12-02 06:00:00,505.58
2017-12-02 07:00:00,506.7
2017-12-02 08:00:00,664.13
2017-12-02 09:00:00,808.51
2017-12-02 10:00:00,915.3
2017-12-02 11:00:00,901.29
2017-12-02 12:00:00,929.82
2017-12-02 13:00:00,
2017-12-02 14:00:00,
2017-12-02 15:00:00,875.46
2017-12-02 16:00:00,1061.33
2017-12-02 17:00:00,1014.0
2017-12-02 18:00:00,1134.79
2017-12-02 19:00:00,1175.19
2017-12-02 20:00:00,1173.65
2017-12-02 21:00:00,1234.71
2017-12-02 22:00:00,1315.74
2017-12-02 23:00:00,1288.32
2017-12-03 00:00:00,1149.01
2017-12-03 00:00:00,1149.01
2017-12-03 01:00:00,854.62
2017-12-03 02:00:00,652.91
2017-12-03 03:00:00,522.71
2017-12-03 04:00:00,461.8
2017-12-03 05:00:00,500.18
2017-12-03 06:00:00,475.27
2017-12-03 07:00:00,443.74
2017-12-03 08:00:00,610.28
2017-12-03 09:00:00,632.36
2017-12-03 10:00:00,616.4
2017-12-03 11:00:00,621.25
2017-12-03 12:00:00,736.8
2017-12-03 13:00:00,809.42
2017-12-03 14:00:00,765.55
2017-12-03 15:00:00,751.66
2017-12-03 16:00:00,909.46
2017-12-03 17:00:00,871.38
2017-12-03 18:00:00,1012.19
2017-12-03 19:00:00,992.57
2017-12-03 20:00:00,1086.09
2017-12-03 21:00:00,1143.68
2017-12-03 22:00:00,1145.34
2017-12-03 23:00:00,1100.2
2017-12-04 00:00:00,933.32
2017-12-04 00:00:00,933.32
2017-12-04 01:00:00,744.7
2017-12-04 02:00:00,531.85
2017-12-04 03:00:00,231.14
2017-12-04 04:00:00,351.57
2017-12-04 05:00:00,363.98
2017-12-04 06:00:00,386.39
2017-12-04 07:00:00,259.35
2017-12-04 08:00:00,343.86
2017-12-04 09:00:00,838.87
2017-12-04 10:00:00,754.22
2017-12-04 11:00:00,669.51
2017-12-04 12:00:00,730.05
2017-12-04 13:00:00,655.36
2017-12-04 14:00:00,583.2
2017-12-04 15:00:00,626.62
2017-12-04 16:00:00,734.14
2017-12-04 17:00:00,792.41
2017-12-04 18:00:00,958.8
2017-12-04 19:00:00,1096.1
2017-12-04 20:00:00,1173.76
2017-12-04 21:00:00,1258.93
2017-12-04 22:00:00,1320.67
2017-12-04 23:00:00,1289.44
2017-12-05 00:00:00,1019.92
2017-12-05 00:00:00,1019.92
2017-12-05 01:00:00,741.09
2017-12-05 02:00:00,491.82
2017-12-05 03:00:00,410.15
2017-12-05 04:00:00,377.82
2017-12-05 05:00:00,392.94
2017-12-05 06:00:00,422.48
2017-12-05 07:00:00,484.71
2017-12-05 08:00:00,839.7
2017-12-05 09:00:00,805.99
2017-12-05 10:00:00,706.64
2017-12-05 11:00:00,765.58
2017-12-05 12:00:00,814.2
2017-12-05 13:00:00,771.48
2017-12-05 14:00:00,641.89
2017-12-05 15:00:00,695.04
2017-12-05 16:00:00,792.64
2017-12-05 17:00:00,865.11
2017-12-05 18:00:00,1061.09
2017-12-05 19:00:00,1210.96
2017-12-05 20:00:00,1406.94
2017-12-05 21:00:00,1422.33
2017-12-05 22:00:00,1462.25
2017-12-05 23:00:00,1424.36
2017-12-06 00:00:00,1141.17
2017-12-06 00:00:00,1141.17
2017-12-06 01:00:00,818.41
2017-12-06 02:00:00,572.83
2017-12-06 03:00:00,527.72
2017-12-06 04:00:00,468.37
2017-12-06 05:00:00,436.63
2017-12-06 06:00:00,462.66
2017-12-06 07:00:00,522.73
2017-12-06 08:00:00,859.62
2017-12-06 09:00:00,862.18
2017-12-06 10:00:00,765.53
2017-12-06 11:00:00,787.4
2017-12-06 12:00:00,769.56
2017-12-06 13:00:00,768.73
2017-12-06 14:00:00,712.05
2017-12-06 15:00:00,774.65
2017-12-06 16:00:00,923.03
2017-12-06 17:00:00,988.35
2017-12-06 18:00:00,1092.99
2017-12-06 19:00:00,1200.99
2017-12-06 20:00:00,1287.86
2017-12-06 21:00:00,1361.73
2017-12-06 22:00:00,1431.36
2017-12-06 23:00:00,1335.44
2017-12-07 00:00:00,1098.32
2017-12-07 00:00:00,1098.32
2017-12-07 01:00:00,822.82
2017-12-07 02:00:00,578.97
2017-12-07 03:00:00,462.88
2017-12-07 04:00:00,390.3
2017-12-07 05:00:00,412.0
2017-12-07 06:00:00,456.1
2017-12-07 07:00:00,450.52
2017-12-07 08:00:00,924.64
2017-12-07 09:00:00,887.22
2017-12-07 10:00:00,726.64
2017-12-07 11:00:00,746.36
2017-12-07 12:00:00,812.87
2017-12-07 13:00:00,802.36
2017-12-07 14:00:00,618.99
2017-12-07 15:00:00,640.91
2017-12-07 16:00:00,811.5
2017-12-07 17:00:00,916.93
2017-12-07 18:00:00,1137.27
2017-12-07 19:00:00,1131.42
2017-12-07 20:00:00,1287.14
2017-12-07 21:00:00,1342.24
2017-12-07 22:00:00,1414.43
2017-12-07 23:00:00,1419.51
2017-12-08 00:00:00,1181.96
2017-12-08 00:00:00,1181.96
2017-12-08 01:00:00,842.48
2017-12-08 02:00:00,612.81
2017-12-08 03:00:00,489.47
2017-12-08 04:00:00,437.2
2017-12-08 05:00:00,452.37
2017-12-08 06:00:00,503.68
2017-12-08 07:00:00,507.24
2017-12-08 08:00:00,894.47
2017-12-08 09:00:00,936.05
2017-12-08 10:00:00,841.96
2017-12-08 11:00:00,767.67
2017-12-08 12:00:00,795.11
2017-12-08 13:00:00,749.8
2017-12-08 14:00:00,644.78
2017-12-08 15:00:00,665.94
2017-12-08 16:00:00,813.1
2017-12-08 17:00:00,898.08
2017-12-08 18:00:00,1081.59
2017-12-08 19:00:00,1152.93
2017-12-08 20:00:00,1272.62
2017-12-08 21:00:00,1257.84
2017-12-08 22:00:00,1348.19
2017-12-08 23:00:00,1337.81
2017-12-09 00:00:00,1166.22
2017-12-09 00:00:00,1166.22
2017-12-09 01:00:00,901.95
2017-12-09 02:00:00,702.04
2017-12-09 03:00:00,572.01
2017-12-09 04:00:00,477.02
2017-12-09 05:00:00,465.28
2017-12-09 06:00:00,486.77
2017-12-09 07:00:00,516.61
2017-12-09 08:00:00,721.74
2017-12-09 09:00:00,833.36
2017-12-09 10:00:00,913.15
2017-12-09 11:00:00,846.19
2017-12-09 12:00:00,944.37
2017-12-09 13:00:00,923.79
2017-12-09 14:00:00,892.63
2017-12-09 15:00:00,894.13
2017-12-09 16:00:00,929.75
2017-12-09 17:00:00,962.87
2017-12-09 18:00:00,1141.88
2017-12-09 19:00:00,1097.49
2017-12-09 20:00:00,1159.82
2017-12-09 21:00:00,1216.13
2017-12-09 22:00:00,1284.43
2017-12-09 23:00:00,1276.11
2017-12-10 00:00:00,1121.61
2017-12-10 00:00:00,1121.61
2017-12-10 01:00:00,857.92
2017-12-10 02:00:00,623.2
2017-12-10 03:00:00,497.28
2017-12-10 04:00:00,478.85
2017-12-10 05:00:00,488.7
2017-12-10 06:00:00,491.7
2017-12-10 07:00:00,475.71
2017-12-10 08:00:00,634.87
2017-12-10 09:00:00,773.17
2017-12-10 10:00:00,835.35
2017-12-10 11:00:00,805.1
2017-12-10 12:00:00,900.36
2017-12-10 13:00:00,904.16
2017-12-10 14:00:00,849.81
2017-12-10 15:00:00,877.74
2017-12-10 16:00:00,991.94
2017-12-10 17:00:00,1023.85
2017-12-10 18:00:00,1096.76
2017-12-10 19:00:00,1204.13
2017-12-10 20:00:00,1259.29
2017-12-10 21:00:00,1362.96
2017-12-10 22:00:00,1430.75
2017-12-10 23:00:00,1396.57
2017-12-11 00:00:00,1178.42
2017-12-11 00:00:00,1178.42
2017-12-11 01:00:00,844.21
2017-12-11 02:00:00,589.76
2017-12-11 03:00:00,452.08
2017-12-11 04:00:00,423.41
2017-12-11 05:00:00,442.3
2017-12-11 06:00:00,504.2
2017-12-11 07:00:00,476.48
2017-12-11 08:00:00,922.68
2017-12-11 09:00:00,929.8
2017-12-11 10:00:00,794.63
2017-12-11 11:00:00,877.89
2017-12-11 12:00:00,772.55
2017-12-11 13:00:00,835.88
2017-12-11 14:00:00,603.07
2017-12-11 15:00:00,681.37
2017-12-11 16:00:00,853.98
2017-12-11 17:00:00,915.28
2017-12-11 18:00:00,1088.92
2017-12-11 19:00:00,1227.52
2017-12-11 20:00:00,1298.19
2017-12-11 21:00:00,1487.77
2017-12-11 22:00:00,1460.67
2017-12-11 23:00:00,1541.38
2017-12-12 00:00:00,1194.06
2017-12-12 00:00:00,1194.06
2017-12-12 01:00:00,853.85
2017-12-12 02:00:00,596.36
2017-12-12 03:00:00,468.29
2017-12-12 04:00:00,410.65
2017-12-12 05:00:00,464.79
2017-12-12 06:00:00,483.21
2017-12-12 07:00:00,538.3
2017-12-12 08:00:00,916.83
2017-12-12 09:00:00,912.04
2017-12-12 10:00:00,785.0
2017-12-12 11:00:00,1031.91
2017-12-12 12:00:00,1115.58
2017-12-12 13:00:00,1005.77
2017-12-12 14:00:00,734.26
2017-12-12 15:00:00,678.74
2017-12-12 16:00:00,813.47
2017-12-12 17:00:00,931.4
2017-12-12 18:00:00,1169.84
2017-12-12 19:00:00,1242.82
2017-12-12 20:00:00,1371.34
2017-12-12 21:00:00,1499.43
2017-12-12 22:00:00,1535.55
2017-12-12 23:00:00,1515.67
2017-12-13 00:00:00,1281.1
2017-12-13 00:00:00,1281.1
2017-12-13 01:00:00,949.98
2017-12-13 02:00:00,657.89
2017-12-13 03:00:00,534.66
2017-12-13 04:00:00,467.74
2017-12-13 05:00:00,476.56
2017-12-13 06:00:00,506.24
2017-12-13 07:00:00,565.31
2017-12-13 08:00:00,921.83
2017-12-13 09:00:00,1000.24
2017-12-13 10:00:00,823.23
2017-12-13 11:00:00,834.25
2017-12-13 12:00:00,895.44
2017-12-13 13:00:00,865.81
2017-12-13 14:00:00,736.84
2017-12-13 15:00:00,806.25
2017-12-13 16:00:00,986.16
2017-12-13 17:00:00,959.83
2017-12-13 18:00:00,1127.85
2017-12-13 19:00:00,1232.77
2017-12-13 20:00:00,1321.03
2017-12-13 21:00:00,1441.65
2017-12-13 22:00:00,1503.17
2017-12-13 23:00:00,1468.53
2017-12-14 00:00:00,1262.05
2017-12-14 00:00:00,1262.05
2017-12-14 01:00:00,844.58
2017-12-14 02:00:00,612.01
2017-12-14 03:00:00,487.86
2017-12-14 04:00:00,431.45
2017-12-14 05:00:00,450.57
2017-12-14 06:00:00,520.34
2017-12-14 07:00:00,513.4
2017-12-14 08:00:00,962.72
2017-12-14 09:00:00,901.7
2017-12-14 10:00:00,769.49
2017-12-14 11:00:00,829.11
2017-12-14 12:00:00,870.88
2017-12-14 13:00:00,808.32
2017-12-14 14:00:00,694.51
2017-12-14 15:00:00,715.44
2017-12-14 16:00:00,920.73
2017-12-14 17:00:00,911.75
2017-12-14 18:00:00,1062.0
2017-12-14 19:00:00,1219.85
2017-12-14 20:00:00,1393.05
2017-12-14 21:00:00,1417.76
2017-12-14 22:00:00,1448.14
2017-12-14 23:00:00,1455.34
2017-12-15 00:00:00,1194.61
2017-12-15 00:00:00,1194.61
2017-12-15 01:00:00,853.48
2017-12-15 02:00:00,612.52
2017-12-15 03:00:00,489.24
2017-12-15 04:00:00,450.54
2017-12-15 05:00:00,509.12
2017-12-15 06:00:00,535.98
2017-12-15 07:00:00,477.44
2017-12-15 08:00:00,857.51
2017-12-15 09:00:00,984.0
2017-12-15 10:00:00,856.26
2017-12-15 11:00:00,851.51
2017-12-15 12:00:00,846.06
2017-12-15 13:00:00,841.15
2017-12-15 14:00:00,714.75
2017-12-15 15:00:00,765.32
2017-12-15 16:00:00,866.19
2017-12-15 17:00:00,897.79
2017-12-15 18:00:00,1052.46
2017-12-15 19:00:00,1120.54
2017-12-15 20:00:00,1204.46
2017-12-15 21:00:00,1291.85
2017-12-15 22:00:00,1308.35
2017-12-15 23:00:00,1312.58
2017-12-16 00:00:00,1130.88
2017-12-16 00:00:00,1130.88
2017-12-16 01:00:00,934.31
2017-12-16 02:00:00,699.14
2017-12-16 03:00:00,555.45
2017-12-16 04:00:00,516.02
2017-12-16 05:00:00,527.42
2017-12-16 06:00:00,541.27
2017-12-16 07:00:00,513.41
2017-12-16 08:00:00,724.33
2017-12-16 09:00:00,875.06
2017-12-16 10:00:00,888.3
2017-12-16 11:00:00,913.61
2017-12-16 12:00:00,1028.1
2017-12-16 13:00:00,1025.47
2017-12-16 14:00:00,1039.69
2017-12-16 15:00:00,962.41
2017-12-16 16:00:00,941.88
2017-12-16 17:00:00,978.36
2017-12-16 18:00:00,1152.8
2017-12-16 19:00:00,1187.56
2017-12-16 20:00:00,1264.68
2017-12-16 21:00:00,1284.71
2017-12-16 22:00:00,1347.04
2017-12-16 23:00:00,1325.77
2017-12-17 00:00:00,1277.47
2017-12-17 00:00:00,1277.47
2017-12-17 01:00:00,1018.99
2017-12-17 02:00:00,762.13
2017-12-17 03:00:00,645.89
2017-12-17 04:00:00,552.8
2017-12-17 05:00:00,531.5
2017-12-17 06:00:00,556.87
2017-12-17 07:00:00,520.61
2017-12-17 08:00:00,675.98
2017-12-17 09:00:00,904.2
2017-12-17 10:00:00,861.04
2017-12-17 11:00:00,904.69
2017-12-17 12:00:00,1061.79
2017-12-17 13:00:00,1094.19
2017-12-17 14:00:00,1046.15
2017-12-17 15:00:00,1010.46
2017-12-17 16:00:00,1089.33
2017-12-17 17:00:00,1170.75
2017-12-17 18:00:00,1364.17
2017-12-17 19:00:00,1417.94
2017-12-17 20:00:00,1422.62
2017-12-17 21:00:00,1569.62
2017-12-17 22:00:00,1646.55
2017-12-17 23:00:00,1587.92
2017-12-18 00:00:00,1328.8
2017-12-18 00:00:00,1328.8
2017-12-18 01:00:00,969.69
2017-12-18 02:00:00,714.53
2017-12-18 03:00:00,543.27
2017-12-18 04:00:00,499.79
2017-12-18 05:00:00,542.81
2017-12-18 06:00:00,583.81
2017-12-18 07:00:00,592.61
2017-12-18 08:00:00,996.78
2017-12-18 09:00:00,1016.6
2017-12-18 10:00:00,936.24
2017-12-18 11:00:00,921.33
2017-12-18 12:00:00,919.09
2017-12-18 13:00:00,890.41
2017-12-18 14:00:00,774.86
2017-12-18 15:00:00,727.85
2017-12-18 16:00:00,911.94
2017-12-18 17:00:00,1039.46
2017-12-18 18:00:00,1208.12
2017-12-18 19:00:00,1387.93
2017-12-18 20:00:00,1441.92
2017-12-18 21:00:00,1580.13
2017-12-18 22:00:00,1556.29
2017-12-18 23:00:00,1601.42
2017-12-19 00:00:00,1304.53
2017-12-19 00:00:00,1304.53
2017-12-19 01:00:00,927.85
2017-12-19 02:00:00,672.16
2017-12-19 03:00:00,568.61
2017-12-19 04:00:00,504.55
2017-12-19 05:00:00,507.52
2017-12-19 06:00:00,550.46
2017-12-19 07:00:00,568.4
2017-12-19 08:00:00,948.79
2017-12-19 09:00:00,948.2
2017-12-19 10:00:00,845.98
2017-12-19 11:00:00,885.91
2017-12-19 12:00:00,909.05
2017-12-19 13:00:00,863.36
2017-12-19 14:00:00,738.65
2017-12-19 15:00:00,728.83
2017-12-19 16:00:00,925.62
2017-12-19 17:00:00,938.3
2017-12-19 18:00:00,1143.53
2017-12-19 19:00:00,1258.66
2017-12-19 20:00:00,1465.78
2017-12-19 21:00:00,1595.31
2017-12-19 22:00:00,1537.99
2017-12-19 23:00:00,1558.92
2017-12-20 00:00:00,1352.84
2017-12-20 00:00:00,1352.84
2017-12-20 01:00:00,883.42
2017-12-20 02:00:00,653.9
2017-12-20 03:00:00,517.23
2017-12-20 04:00:00,478.79
2017-12-20 05:00:00,492.93
2017-12-20 06:00:00,531.07
2017-12-20 07:00:00,540.79
2017-12-20 08:00:00,1021.31
2017-12-20 09:00:00,1014.76
2017-12-20 10:00:00,992.89
2017-12-20 11:00:00,979.67
2017-12-20 12:00:00,1012.43
2017-12-20 13:00:00,1028.89
2017-12-20 14:00:00,873.09
2017-12-20 15:00:00,893.59
2017-12-20 16:00:00,1037.61
2017-12-20 17:00:00,1141.28
2017-12-20 18:00:00,1287.89
2017-12-20 19:00:00,1484.18
2017-12-20 20:00:00,1634.01
2017-12-20 21:00:00,1701.65
2017-12-20 22:00:00,1781.56
2017-12-20 23:00:00,1909.8
2017-12-21 00:00:00,1606.57
2017-12-21 00:00:00,1606.57
2017-12-21 01:00:00,1180.51
2017-12-21 02:00:00,775.41
2017-12-21 03:00:00,595.2
2017-12-21 04:00:00,535.87
2017-12-21 05:00:00,555.97
2017-12-21 06:00:00,601.57
2017-12-21 07:00:00,629.14
2017-12-21 08:00:00,1156.96
2017-12-21 09:00:00,1074.88
2017-12-21 10:00:00,879.88
2017-12-21 11:00:00,925.23
2017-12-21 12:00:00,959.47
2017-12-21 13:00:00,886.0
2017-12-21 14:00:00,769.85
2017-12-21 15:00:00,741.22
2017-12-21 16:00:00,916.15
2017-12-21 17:00:00,1101.83
2017-12-21 18:00:00,1236.78
2017-12-21 19:00:00,1421.83
2017-12-21 20:00:00,1633.56
2017-12-21 21:00:00,1765.86
2017-12-21 22:00:00,1768.53
2017-12-21 23:00:00,1786.74
2017-12-22 00:00:00,1504.32
2017-12-22 00:00:00,1504.32
2017-12-22 01:00:00,1087.57
2017-12-22 02:00:00,782.63
2017-12-22 03:00:00,617.07
2017-12-22 04:00:00,583.74
2017-12-22 05:00:00,543.07
2017-12-22 06:00:00,616.0
2017-12-22 07:00:00,637.7
2017-12-22 08:00:00,878.14
2017-12-22 09:00:00,981.76
2017-12-22 10:00:00,817.05
2017-12-22 11:00:00,761.46
2017-12-22 12:00:00,818.02
2017-12-22 13:00:00,764.83
2017-12-22 14:00:00,683.28
2017-12-22 15:00:00,673.61
2017-12-22 16:00:00,850.99
2017-12-22 17:00:00,870.51
2017-12-22 18:00:00,1043.5
2017-12-22 19:00:00,1088.55
2017-12-22 20:00:00,1138.69
2017-12-22 21:00:00,1166.43
2017-12-22 22:00:00,1244.33
2017-12-22 23:00:00,1209.41
2017-12-23 00:00:00,1091.68
2017-12-23 00:00:00,1091.68
2017-12-23 01:00:00,852.88
2017-12-23 02:00:00,641.1
2017-12-23 03:00:00,532.89
2017-12-23 04:00:00,455.78
2017-12-23 05:00:00,469.0
2017-12-23 06:00:00,479.27
2017-12-23 07:00:00,462.67
2017-12-23 08:00:00,595.75
2017-12-23 09:00:00,805.47
2017-12-23 10:00:00,808.4
2017-12-23 11:00:00,808.76
2017-12-23 12:00:00,839.92
2017-12-23 13:00:00,852.06
2017-12-23 14:00:00,804.32
2017-12-23 15:00:00,785.58
2017-12-23 16:00:00,845.67
2017-12-23 17:00:00,815.35
2017-12-23 18:00:00,926.74
2017-12-23 19:00:00,950.3
2017-12-23 20:00:00,1007.11
2017-12-23 21:00:00,1045.3
2017-12-23 22:00:00,1055.85
2017-12-23 23:00:00,1131.88
2017-12-24 00:00:00,940.3
2017-12-24 00:00:00,940.3
2017-12-24 01:00:00,724.35
2017-12-24 02:00:00,609.04
2017-12-24 03:00:00,446.72
2017-12-24 04:00:00,437.55
2017-12-24 05:00:00,425.02
2017-12-24 06:00:00,456.52
2017-12-24 07:00:00,412.53
2017-12-24 08:00:00,568.63
2017-12-24 09:00:00,729.72
2017-12-24 10:00:00,753.85
2017-12-24 11:00:00,778.51
2017-12-24 12:00:00,855.75
2017-12-24 13:00:00,830.25
2017-12-24 14:00:00,847.44
2017-12-24 15:00:00,810.09
2017-12-24 16:00:00,843.24
2017-12-24 17:00:00,849.94
2017-12-24 18:00:00,985.41
2017-12-24 19:00:00,992.12
2017-12-24 20:00:00,1065.1
2017-12-24 21:00:00,1048.85
2017-12-24 22:00:00,1081.27
2017-12-24 23:00:00,1131.54
2017-12-25 00:00:00,1001.31
2017-12-25 00:00:00,1001.31
2017-12-25 01:00:00,785.83
2017-12-25 02:00:00,594.15
2017-12-25 03:00:00,520.27
2017-12-25 04:00:00,468.16
2017-12-25 05:00:00,451.83
2017-12-25 06:00:00,481.46
2017-12-25 07:00:00,509.44
2017-12-25 08:00:00,641.0
2017-12-25 09:00:00,804.06
2017-12-25 10:00:00,794.52
2017-12-25 11:00:00,
2017-12-25 12:00:00,850.48
2017-12-25 13:00:00,831.58
2017-12-25 14:00:00,799.43
2017-12-25 15:00:00,758.3
2017-12-25 16:00:00,887.16
2017-12-25 17:00:00,912.8
2017-12-25 18:00:00,1040.17
2017-12-25 19:00:00,1070.0
2017-12-25 20:00:00,1137.43
2017-12-25 21:00:00,1205.2
2017-12-25 22:00:00,1325.29
2017-12-25 23:00:00,1273.86
2017-12-26 00:00:00,1167.56
2017-12-26 00:00:00,1167.56
2017-12-26 01:00:00,827.33
2017-12-26 02:00:00,618.47
2017-12-26 03:00:00,543.26
2017-12-26 04:00:00,455.82
2017-12-26 05:00:00,472.59
2017-12-26 06:00:00,501.39
2017-12-26 07:00:00,492.94
2017-12-26 08:00:00,853.23
2017-12-26 09:00:00,901.56
2017-12-26 10:00:00,839.7
2017-12-26 11:00:00,794.2
2017-12-26 12:00:00,914.63
2017-12-26 13:00:00,796.17
2017-12-26 14:00:00,655.45
2017-12-26 15:00:00,692.79
2017-12-26 16:00:00,830.05
2017-12-26 17:00:00,866.37
2017-12-26 18:00:00,1063.22
2017-12-26 19:00:00,1148.99
2017-12-26 20:00:00,1259.11
2017-12-26 21:00:00,1257.52
2017-12-26 22:00:00,1349.28
2017-12-26 23:00:00,1324.73
2017-12-27 00:00:00,1131.48
2017-12-27 00:00:00,1131.48
2017-12-27 01:00:00,854.74
2017-12-27 02:00:00,579.06
2017-12-27 03:00:00,491.13
2017-12-27 04:00:00,468.88
2017-12-27 05:00:00,415.33
2017-12-27 06:00:00,480.49
2017-12-27 07:00:00,513.06
2017-12-27 08:00:00,836.51
2017-12-27 09:00:00,914.79
2017-12-27 10:00:00,826.62
2017-12-27 11:00:00,706.2
2017-12-27 12:00:00,832.87
2017-12-27 13:00:00,783.54
2017-12-27 14:00:00,682.28
2017-12-27 15:00:00,686.82
2017-12-27 16:00:00,820.42
2017-12-27 17:00:00,879.6
2017-12-27 18:00:00,998.32
2017-12-27 19:00:00,1095.84
2017-12-27 20:00:00,1163.62
2017-12-27 21:00:00,1268.69
2017-12-27 22:00:00,1304.57
2017-12-27 23:00:00,1306.7
2017-12-28 00:00:00,1142.4
2017-12-28 00:00:00,1142.4
2017-12-28 01:00:00,805.92
2017-12-28 02:00:00,596.65
2017-12-28 03:00:00,481.38
2017-12-28 04:00:00,437.18
2017-12-28 05:00:00,423.9
2017-12-28 06:00:00,468.05
2017-12-28 07:00:00,497.71
2017-12-28 08:00:00,799.84
2017-12-28 09:00:00,957.04
2017-12-28 10:00:00,848.76
2017-12-28 11:00:00,746.84
2017-12-28 12:00:00,825.32
2017-12-28 13:00:00,772.48
2017-12-28 14:00:00,745.17
2017-12-28 15:00:00,741.78
2017-12-28 16:00:00,931.35
2017-12-28 17:00:00,928.5
2017-12-28 18:00:00,1020.15
2017-12-28 19:00:00,1103.13
2017-12-28 20:00:00,1152.95
2017-12-28 21:00:00,1198.14
2017-12-28 22:00:00,1312.03
2017-12-28 23:00:00,1279.88
2017-12-29 00:00:00,1096.43
2017-12-29 00:00:00,1096.43
2017-12-29 01:00:00,766.13
2017-12-29 02:00:00,538.28
2017-12-29 03:00:00,475.26
2017-12-29 04:00:00,430.75
2017-12-29 05:00:00,449.87
2017-12-29 06:00:00,449.86
2017-12-29 07:00:00,461.06
2017-12-29 08:00:00,745.17
2017-12-29 09:00:00,916.94
2017-12-29 10:00:00,852.87
2017-12-29 11:00:00,733.68
2017-12-29 12:00:00,765.92
2017-12-29 13:00:00,774.7
2017-12-29 14:00:00,623.4
2017-12-29 15:00:00,642.9
2017-12-29 16:00:00,786.8
2017-12-29 17:00:00,739.87
2017-12-29 18:00:00,801.14
2017-12-29 19:00:00,930.61
2017-12-29 20:00:00,1010.28
2017-12-29 21:00:00,1010.73
2017-12-29 22:00:00,1027.39
2017-12-29 23:00:00,1051.35
2017-12-30 00:00:00,1019.19
2017-12-30 00:00:00,1019.19
2017-12-30 01:00:00,774.04
2017-12-30 02:00:00,598.21
2017-12-30 03:00:00,459.7
2017-12-30 04:00:00,411.55
2017-12-30 05:00:00,439.84
2017-12-30 06:00:00,473.21
2017-12-30 07:00:00,440.63
2017-12-30 08:00:00,560.38
2017-12-30 09:00:00,723.57
2017-12-30 10:00:00,746.16
2017-12-30 11:00:00,857.6
2017-12-30 12:00:00,863.66
2017-12-30 13:00:00,865.57
2017-12-30 14:00:00,893.15
2017-12-30 15:00:00,845.28
2017-12-30 16:00:00,938.39
2017-12-30 17:00:00,888.86
2017-12-30 18:00:00,917.82
2017-12-30 19:00:00,903.6
2017-12-30 20:00:00,947.79
2017-12-30 21:00:00,964.49
2017-12-30 22:00:00,1030.03
2017-12-30 23:00:00,974.74
2017-12-31 00:00:00,900.59
2017-12-31 00:00:00,900.59
2017-12-31 01:00:00,706.0
2017-12-31 02:00:00,518.37
2017-12-31 03:00:00,459.45
2017-12-31 04:00:00,400.99
2017-12-31 05:00:00,391.16
2017-12-31 06:00:00,436.72
2017-12-31 07:00:00,417.54
2017-12-31 08:00:00,544.16
2017-12-31 09:00:00,673.94
2017-12-31 10:00:00,761.02
2017-12-31 11:00:00,770.9
2017-12-31 12:00:00,824.26
2017-12-31 13:00:00,778.17
2017-12-31 14:00:00,779.2
2017-12-31 15:00:00,715.87
2017-12-31 16:00:00,737.42
2017-12-31 17:00:00,762.68
2017-12-31 18:00:00,828.92
2017-12-31 19:00:00,813.92
2017-12-31 20:00:00,887.73
2017-12-31 21:00:00,844.92
2017-12-31 22:00:00,872.58
2017-12-31 23:00:00,925.0
2018-01-01 00:00:00,840.76
