Time,Power (kW)
2017-01-01 00:00:00,
2017-01-01 00:30:00,
2017-01-01 01:00:00,
2017-01-01 01:30:00,
2017-01-01 02:00:00,
2017-01-01 02:30:00,
2017-01-01 03:00:00,
2017-01-01 03:30:00,
2017-01-01 04:00:00,
2017-01-01 04:30:00,
2017-01-01 05:00:00,
2017-01-01 05:30:00,
2017-01-01 06:00:00,
2017-01-01 06:30:00,
2017-01-01 07:00:00,
2017-01-01 07:30:00,
2017-01-01 08:00:00,
2017-01-01 08:30:00,
2017-01-01 09:00:00,
2017-01-01 09:30:00,
2017-01-01 10:00:00,
2017-01-01 10:30:00,
2017-01-01 11:00:00,
2017-01-01 11:30:00,
2017-01-01 12:00:00,
2017-01-01 12:30:00,
2017-01-01 13:00:00,
2017-01-01 13:30:00,
2017-01-01 14:00:00,
2017-01-01 14:30:00,
2017-01-01 15:00:00,
2017-01-01 15:30:00,
2017-01-01 16:00:00,
2017-01-01 16:30:00,
2017-01-01 17:00:00,
2017-01-01 17:30:00,
2017-01-01 18:00:00,
2017-01-01 18:30:00,
2017-01-01 19:00:00,
2017-01-01 19:30:00,
2017-01-01 20:00:00,
2017-01-01 20:30:00,
2017-01-01 21:00:00,
2017-01-01 21:30:00,
2017-01-01 22:00:00,
2017-01-01 22:30:00,
2017-01-01 23:00:00,
2017-01-01 23:30:00,
2017-01-02 00:00:00,
2017-01-02 00:00:00,
2017-01-02 00:30:00,
2017-01-02 01:00:00,
2017-01-02 01:30:00,
2017-01-02 02:00:00,
2017-01-02 02:30:00,
2017-01-02 03:00:00,
2017-01-02 03:30:00,
2017-01-02 04:00:00,
2017-01-02 04:30:00,
2017-01-02 05:00:00,
2017-01-02 05:30:00,
2017-01-02 06:00:00,
2017-01-02 06:30:00,
2017-01-02 07:00:00,
2017-01-02 07:30:00,
2017-01-02 08:00:00,
2017-01-02 08:30:00,
2017-01-02 09:00:00,
2017-01-02 09:30:00,
2017-01-02 10:00:00,
2017-01-02 10:30:00,
2017-01-02 11:00:00,
2017-01-02 11:30:00,
2017-01-02 12:00:00,
2017-01-02 12:30:00,
2017-01-02 13:00:00,
2017-01-02 13:30:00,
2017-01-02 14:00:00,
2017-01-02 14:30:00,
2017-01-02 15:00:00,
2017-01-02 15:30:00,
2017-01-02 16:00:00,
2017-01-02 16:30:00,
2017-01-02 17:00:00,
2017-01-02 17:30:00,
2017-01-02 18:00:00,
2017-01-02 18:30:00,
2017-01-02 19:00:00,
2017-01-02 19:30:00,
2017-01-02 20:00:00,
2017-01-02 20:30:00,
2017-01-02 21:00:00,
2017-01-02 21:30:00,
2017-01-02 22:00:00,
2017-01-02 22:30:00,
2017-01-02 23:00:00,
2017-01-02 23:30:00,
2017-01-03 00:00:00,
2017-01-03 00:00:00,
2017-01-03 00:30:00,
2017-01-03 01:00:00,
2017-01-03 01:30:00,
2017-01-03 02:00:00,
2017-01-03 02:30:00,
2017-01-03 03:00:00,
2017-01-03 03:30:00,
2017-01-03 04:00:00,
2017-01-03 04:30:00,
2017-01-03 05:00:00,
2017-01-03 05:30:00,
2017-01-03 06:00:00,
2017-01-03 06:30:00,
2017-01-03 07:00:00,
2017-01-03 07:30:00,
2017-01-03 08:00:00,
2017-01-03 08:30:00,
2017-01-03 09:00:00,
2017-01-03 09:30:00,
2017-01-03 10:00:00,
2017-01-03 10:30:00,
2017-01-03 11:00:00,
2017-01-03 11:30:00,
2017-01-03 12:00:00,
2017-01-03 12:30:00,
2017-01-03 13:00:00,
2017-01-03 13:30:00,
2017-01-03 14:00:00,
2017-01-03 14:30:00,
2017-01-03 15:00:00,
2017-01-03 15:30:00,
2017-01-03 16:00:00,
2017-01-03 16:30:00,
2017-01-03 17:00:00,
2017-01-03 17:30:00,
2017-01-03 18:00:00,
2017-01-03 18:30:00,
2017-01-03 19:00:00,
2017-01-03 19:30:00,
2017-01-03 20:00:00,
2017-01-03 20:30:00,
2017-01-03 21:00:00,
2017-01-03 21:30:00,
2017-01-03 22:00:00,
2017-01-03 22:30:00,
2017-01-03 23:00:00,
2017-01-03 23:30:00,
2017-01-04 00:00:00,
2017-01-04 00:00:00,
2017-01-04 00:30:00,
2017-01-04 01:00:00,
2017-01-04 01:30:00,
2017-01-04 02:00:00,
2017-01-04 02:30:00,
2017-01-04 03:00:00,
2017-01-04 03:30:00,
2017-01-04 04:00:00,
2017-01-04 04:30:00,
2017-01-04 05:00:00,
2017-01-04 05:30:00,
2017-01-04 06:00:00,
2017-01-04 06:30:00,
2017-01-04 07:00:00,
2017-01-04 07:30:00,
2017-01-04 08:00:00,
2017-01-04 08:30:00,
2017-01-04 09:00:00,
2017-01-04 09:30:00,
2017-01-04 10:00:00,
2017-01-04 10:30:00,
2017-01-04 11:00:00,
2017-01-04 11:30:00,
2017-01-04 12:00:00,
2017-01-04 12:30:00,
2017-01-04 13:00:00,
2017-01-04 13:30:00,
2017-01-04 14:00:00,
2017-01-04 14:30:00,
2017-01-04 15:00:00,
2017-01-04 15:30:00,
2017-01-04 16:00:00,
2017-01-04 16:30:00,
2017-01-04 17:00:00,
2017-01-04 17:30:00,
2017-01-04 18:00:00,
2017-01-04 18:30:00,
2017-01-04 19:00:00,
2017-01-04 19:30:00,
2017-01-04 20:00:00,
2017-01-04 20:30:00,
2017-01-04 21:00:00,
2017-01-04 21:30:00,
2017-01-04 22:00:00,
2017-01-04 22:30:00,
2017-01-04 23:00:00,
2017-01-04 23:30:00,
2017-01-05 00:00:00,
2017-01-05 00:00:00,
2017-01-05 00:30:00,
2017-01-05 01:00:00,
2017-01-05 01:30:00,
2017-01-05 02:00:00,
2017-01-05 02:30:00,
2017-01-05 03:00:00,
2017-01-05 03:30:00,
2017-01-05 04:00:00,
2017-01-05 04:30:00,
2017-01-05 05:00:00,
2017-01-05 05:30:00,
2017-01-05 06:00:00,
2017-01-05 06:30:00,
2017-01-05 07:00:00,
2017-01-05 07:30:00,
2017-01-05 08:00:00,
2017-01-05 08:30:00,
2017-01-05 09:00:00,
2017-01-05 09:30:00,
2017-01-05 10:00:00,
2017-01-05 10:30:00,
2017-01-05 11:00:00,
2017-01-05 11:30:00,
2017-01-05 12:00:00,
2017-01-05 12:30:00,
2017-01-05 13:00:00,
2017-01-05 13:30:00,
2017-01-05 14:00:00,
2017-01-05 14:30:00,
2017-01-05 15:00:00,
2017-01-05 15:30:00,
2017-01-05 16:00:00,
2017-01-05 16:30:00,
2017-01-05 17:00:00,
2017-01-05 17:30:00,
2017-01-05 18:00:00,868.58
2017-01-05 18:30:00,921.33
2017-01-05 19:00:00,899.59
2017-01-05 19:30:00,946.49
2017-01-05 20:00:00,960.1
2017-01-05 20:30:00,966.71
2017-01-05 21:00:00,997.25
2017-01-05 21:30:00,1075.62
2017-01-05 22:00:00,1109.94
2017-01-05 22:30:00,1183.62
2017-01-05 23:00:00,1241.72
2017-01-05 23:30:00,1152.97
2017-01-06 00:00:00,1043.49
2017-01-06 00:00:00,1043.49
2017-01-06 00:30:00,885.91
2017-01-06 01:00:00,787.01
2017-01-06 01:30:00,689.06
2017-01-06 02:00:00,578.83
2017-01-06 02:30:00,497.74
2017-01-06 03:00:00,476.29
2017-01-06 03:30:00,474.07
2017-01-06 04:00:00,428.27
2017-01-06 04:30:00,444.46
2017-01-06 05:00:00,483.0
2017-01-06 05:30:00,451.87
2017-01-06 06:00:00,478.6
2017-01-06 06:30:00,472.52
2017-01-06 07:00:00,484.43
2017-01-06 07:30:00,503.37
2017-01-06 08:00:00,716.08
2017-01-06 08:30:00,785.13
2017-01-06 09:00:00,822.78
2017-01-06 09:30:00,779.64
2017-01-06 10:00:00,744.0
2017-01-06 10:30:00,731.17
2017-01-06 11:00:00,672.79
2017-01-06 11:30:00,707.73
2017-01-06 12:00:00,750.87
2017-01-06 12:30:00,738.59
2017-01-06 13:00:00,614.69
2017-01-06 13:30:00,637.26
2017-01-06 14:00:00,147.15
2017-01-06 14:30:00,678.74
2017-01-06 15:00:00,703.88
2017-01-06 15:30:00,712.02
2017-01-06 16:00:00,713.62
2017-01-06 16:30:00,761.68
2017-01-06 17:00:00,725.85
2017-01-06 17:30:00,754.93
2017-01-06 18:00:00,778.82
2017-01-06 18:30:00,838.2
2017-01-06 19:00:00,852.15
2017-01-06 19:30:00,937.36
2017-01-06 20:00:00,923.36
2017-01-06 20:30:00,944.87
2017-01-06 21:00:00,990.03
2017-01-06 21:30:00,1003.67
2017-01-06 22:00:00,1070.51
2017-01-06 22:30:00,1139.57
2017-01-06 23:00:00,1143.25
2017-01-06 23:30:00,1057.77
2017-01-07 00:00:00,970.91
2017-01-07 00:00:00,970.91
2017-01-07 00:30:00,888.98
2017-01-07 01:00:00,774.88
2017-01-07 01:30:00,673.04
2017-01-07 02:00:00,601.13
2017-01-07 02:30:00,506.12
2017-01-07 03:00:00,476.48
2017-01-07 03:30:00,478.5
2017-01-07 04:00:00,418.56
2017-01-07 04:30:00,446.14
2017-01-07 05:00:00,421.44
2017-01-07 05:30:00,491.21
2017-01-07 06:00:00,469.88
2017-01-07 06:30:00,472.77
2017-01-07 07:00:00,484.09
2017-01-07 07:30:00,540.23
2017-01-07 08:00:00,599.47
2017-01-07 08:30:00,706.03
2017-01-07 09:00:00,748.62
2017-01-07 09:30:00,717.74
2017-01-07 10:00:00,697.98
2017-01-07 10:30:00,755.98
2017-01-07 11:00:00,732.79
2017-01-07 11:30:00,750.0
2017-01-07 12:00:00,784.56
2017-01-07 12:30:00,799.5
2017-01-07 13:00:00,684.07
2017-01-07 13:30:00,725.77
2017-01-07 14:00:00,658.87
2017-01-07 14:30:00,690.8
2017-01-07 15:00:00,737.96
2017-01-07 15:30:00,745.5
2017-01-07 16:00:00,796.09
2017-01-07 16:30:00,752.01
2017-01-07 17:00:00,741.27
2017-01-07 17:30:00,815.53
2017-01-07 18:00:00,846.79
2017-01-07 18:30:00,847.18
2017-01-07 19:00:00,841.08
2017-01-07 19:30:00,897.31
2017-01-07 20:00:00,901.29
2017-01-07 20:30:00,914.71
2017-01-07 21:00:00,924.54
2017-01-07 21:30:00,970.39
2017-01-07 22:00:00,970.66
2017-01-07 22:30:00,1021.46
2017-01-07 23:00:00,1068.75
2017-01-07 23:30:00,1088.16
2017-01-08 00:00:00,963.96
2017-01-08 00:00:00,963.96
2017-01-08 00:30:00,872.09
2017-01-08 01:00:00,773.47
2017-01-08 01:30:00,666.06
2017-01-08 02:00:00,582.99
2017-01-08 02:30:00,505.18
2017-01-08 03:00:00,488.38
2017-01-08 03:30:00,471.62
2017-01-08 04:00:00,421.58
2017-01-08 04:30:00,444.42
2017-01-08 05:00:00,457.88
2017-01-08 05:30:00,471.87
2017-01-08 06:00:00,472.8
2017-01-08 06:30:00,448.22
2017-01-08 07:00:00,458.79
2017-01-08 07:30:00,453.79
2017-01-08 08:00:00,537.97
2017-01-08 08:30:00,623.51
2017-01-08 09:00:00,735.81
2017-01-08 09:30:00,704.06
2017-01-08 10:00:00,725.44
2017-01-08 10:30:00,754.42
2017-01-08 11:00:00,765.81
2017-01-08 11:30:00,763.79
2017-01-08 12:00:00,855.36
2017-01-08 12:30:00,808.37
2017-01-08 13:00:00,802.14
2017-01-08 13:30:00,737.87
2017-01-08 14:00:00,733.2
2017-01-08 14:30:00,734.2
2017-01-08 15:00:00,732.71
2017-01-08 15:30:00,828.33
2017-01-08 16:00:00,854.89
2017-01-08 16:30:00,779.84
2017-01-08 17:00:00,861.99
2017-01-08 17:30:00,885.79
2017-01-08 18:00:00,928.51
2017-01-08 18:30:00,897.66
2017-01-08 19:00:00,937.77
2017-01-08 19:30:00,905.09
2017-01-08 20:00:00,899.27
2017-01-08 20:30:00,893.33
2017-01-08 21:00:00,952.69
2017-01-08 21:30:00,975.89
2017-01-08 22:00:00,1009.19
2017-01-08 22:30:00,1027.58
2017-01-08 23:00:00,1085.23
2017-01-08 23:30:00,1063.57
2017-01-09 00:00:00,928.99
2017-01-09 00:00:00,928.99
2017-01-09 00:30:00,864.57
2017-01-09 01:00:00,759.77
2017-01-09 01:30:00,666.06
2017-01-09 02:00:00,570.6
2017-01-09 02:30:00,510.05
2017-01-09 03:00:00,483.18
2017-01-09 03:30:00,485.47
2017-01-09 04:00:00,458.76
2017-01-09 04:30:00,428.71
2017-01-09 05:00:00,493.71
2017-01-09 05:30:00,468.0
2017-01-09 06:00:00,481.03
2017-01-09 06:30:00,494.12
2017-01-09 07:00:00,481.38
2017-01-09 07:30:00,576.94
2017-01-09 08:00:00,731.41
2017-01-09 08:30:00,744.24
2017-01-09 09:00:00,841.58
2017-01-09 09:30:00,792.69
2017-01-09 10:00:00,748.39
2017-01-09 10:30:00,677.63
2017-01-09 11:00:00,666.22
2017-01-09 11:30:00,716.55
2017-01-09 12:00:00,739.12
2017-01-09 12:30:00,728.42
2017-01-09 13:00:00,691.95
2017-01-09 13:30:00,654.9
2017-01-09 14:00:00,673.62
2017-01-09 14:30:00,642.01
2017-01-09 15:00:00,661.24
2017-01-09 15:30:00,760.86
2017-01-09 16:00:00,678.63
2017-01-09 16:30:00,712.82
2017-01-09 17:00:00,718.17
2017-01-09 17:30:00,751.78
2017-01-09 18:00:00,865.34
2017-01-09 18:30:00,877.04
2017-01-09 19:00:00,852.19
2017-01-09 19:30:00,875.63
2017-01-09 20:00:00,906.45
2017-01-09 20:30:00,882.52
2017-01-09 21:00:00,938.96
2017-01-09 21:30:00,960.51
2017-01-09 22:00:00,1012.42
2017-01-09 22:30:00,1111.52
2017-01-09 23:00:00,1103.79
2017-01-09 23:30:00,1102.24
2017-01-10 00:00:00,982.98
2017-01-10 00:00:00,982.98
2017-01-10 00:30:00,828.47
2017-01-10 01:00:00,736.27
2017-01-10 01:30:00,616.1
2017-01-10 02:00:00,509.56
2017-01-10 02:30:00,488.89
2017-01-10 03:00:00,441.49
2017-01-10 03:30:00,443.65
2017-01-10 04:00:00,403.0
2017-01-10 04:30:00,418.72
2017-01-10 05:00:00,431.67
2017-01-10 05:30:00,448.78
2017-01-10 06:00:00,472.62
2017-01-10 06:30:00,474.35
2017-01-10 07:00:00,455.0
2017-01-10 07:30:00,550.53
2017-01-10 08:00:00,769.06
2017-01-10 08:30:00,780.35
2017-01-10 09:00:00,776.02
2017-01-10 09:30:00,713.4
2017-01-10 10:00:00,684.07
2017-01-10 10:30:00,643.46
2017-01-10 11:00:00,611.45
2017-01-10 11:30:00,633.78
2017-01-10 12:00:00,672.69
2017-01-10 12:30:00,709.19
2017-01-10 13:00:00,628.59
2017-01-10 13:30:00,604.4
2017-01-10 14:00:00,618.51
2017-01-10 14:30:00,656.61
2017-01-10 15:00:00,681.12
2017-01-10 15:30:00,717.3
2017-01-10 16:00:00,662.43
2017-01-10 16:30:00,687.55
2017-01-10 17:00:00,665.9
2017-01-10 17:30:00,713.35
2017-01-10 18:00:00,716.41
2017-01-10 18:30:00,746.72
2017-01-10 19:00:00,838.87
2017-01-10 19:30:00,916.82
2017-01-10 20:00:00,980.09
2017-01-10 20:30:00,976.72
2017-01-10 21:00:00,1005.21
2017-01-10 21:30:00,1036.89
2017-01-10 22:00:00,1038.87
2017-01-10 22:30:00,1078.8
2017-01-10 23:00:00,1145.83
2017-01-10 23:30:00,1138.03
2017-01-11 00:00:00,989.37
2017-01-11 00:00:00,989.37
2017-01-11 00:30:00,847.3
2017-01-11 01:00:00,705.76
2017-01-11 01:30:00,593.4
2017-01-11 02:00:00,512.37
2017-01-11 02:30:00,485.18
2017-01-11 03:00:00,464.62
2017-01-11 03:30:00,432.09
2017-01-11 04:00:00,417.88
2017-01-11 04:30:00,428.11
2017-01-11 05:00:00,432.27
2017-01-11 05:30:00,464.13
2017-01-11 06:00:00,449.95
2017-01-11 06:30:00,450.19
2017-01-11 07:00:00,481.57
2017-01-11 07:30:00,576.77
2017-01-11 08:00:00,719.36
2017-01-11 08:30:00,754.67
2017-01-11 09:00:00,820.34
2017-01-11 09:30:00,784.1
2017-01-11 10:00:00,
2017-01-11 10:30:00,
2017-01-11 11:00:00,
2017-01-11 11:30:00,552.87
2017-01-11 12:00:00,765.69
2017-01-11 12:30:00,793.02
2017-01-11 13:00:00,
2017-01-11 13:30:00,
2017-01-11 14:00:00,
2017-01-11 14:30:00,633.79
2017-01-11 15:00:00,0.8
2017-01-11 15:30:00,682.9
2017-01-11 16:00:00,
2017-01-11 16:30:00,
2017-01-11 17:00:00,
2017-01-11 17:30:00,
2017-01-11 18:00:00,823.38
2017-01-11 18:30:00,808.51
2017-01-11 19:00:00,875.35
2017-01-11 19:30:00,877.9
2017-01-11 20:00:00,934.9
2017-01-11 20:30:00,964.49
2017-01-11 21:00:00,976.64
2017-01-11 21:30:00,1020.2
2017-01-11 22:00:00,1023.34
2017-01-11 22:30:00,1109.22
2017-01-11 23:00:00,1114.77
2017-01-11 23:30:00,1030.02
2017-01-12 00:00:00,980.97
2017-01-12 00:00:00,980.97
2017-01-12 00:30:00,833.92
2017-01-12 01:00:00,697.73
2017-01-12 01:30:00,650.35
2017-01-12 02:00:00,586.94
2017-01-12 02:30:00,511.57
2017-01-12 03:00:00,454.7
2017-01-12 03:30:00,426.21
2017-01-12 04:00:00,405.82
2017-01-12 04:30:00,414.37
2017-01-12 05:00:00,448.87
2017-01-12 05:30:00,455.1
2017-01-12 06:00:00,446.87
2017-01-12 06:30:00,419.41
2017-01-12 07:00:00,485.42
2017-01-12 07:30:00,532.34
2017-01-12 08:00:00,699.63
2017-01-12 08:30:00,774.21
2017-01-12 09:00:00,843.48
2017-01-12 09:30:00,826.78
2017-01-12 10:00:00,769.11
2017-01-12 10:30:00,736.9
2017-01-12 11:00:00,689.71
2017-01-12 11:30:00,698.23
2017-01-12 12:00:00,770.88
2017-01-12 12:30:00,717.37
2017-01-12 13:00:00,683.98
2017-01-12 13:30:00,664.26
2017-01-12 14:00:00,638.31
2017-01-12 14:30:00,647.33
2017-01-12 15:00:00,719.79
2017-01-12 15:30:00,663.7
2017-01-12 16:00:00,700.93
2017-01-12 16:30:00,668.98
2017-01-12 17:00:00,685.52
2017-01-12 17:30:00,785.33
2017-01-12 18:00:00,819.45
2017-01-12 18:30:00,818.73
2017-01-12 19:00:00,811.11
2017-01-12 19:30:00,862.63
2017-01-12 20:00:00,875.42
2017-01-12 20:30:00,958.55
2017-01-12 21:00:00,950.71
2017-01-12 21:30:00,1032.55
2017-01-12 22:00:00,1083.64
2017-01-12 22:30:00,1113.65
2017-01-12 23:00:00,1095.28
2017-01-12 23:30:00,1077.38
2017-01-13 00:00:00,930.05
2017-01-13 00:00:00,930.05
2017-01-13 00:30:00,846.13
2017-01-13 01:00:00,731.56
2017-01-13 01:30:00,617.26
2017-01-13 02:00:00,564.23
2017-01-13 02:30:00,490.15
2017-01-13 03:00:00,451.89
2017-01-13 03:30:00,427.65
2017-01-13 04:00:00,411.16
2017-01-13 04:30:00,451.61
2017-01-13 05:00:00,469.08
2017-01-13 05:30:00,469.35
2017-01-13 06:00:00,471.84
2017-01-13 06:30:00,502.9
2017-01-13 07:00:00,483.68
2017-01-13 07:30:00,520.69
2017-01-13 08:00:00,656.84
2017-01-13 08:30:00,697.09
2017-01-13 09:00:00,843.9
2017-01-13 09:30:00,835.92
2017-01-13 10:00:00,758.02
2017-01-13 10:30:00,716.01
2017-01-13 11:00:00,712.06
2017-01-13 11:30:00,666.78
2017-01-13 12:00:00,709.32
2017-01-13 12:30:00,669.86
2017-01-13 13:00:00,594.57
2017-01-13 13:30:00,576.66
2017-01-13 14:00:00,579.21
2017-01-13 14:30:00,611.91
2017-01-13 15:00:00,599.0
2017-01-13 15:30:00,628.15
2017-01-13 16:00:00,612.46
2017-01-13 16:30:00,594.12
2017-01-13 17:00:00,575.79
2017-01-13 17:30:00,678.38
2017-01-13 18:00:00,747.17
2017-01-13 18:30:00,775.99
2017-01-13 19:00:00,803.23
2017-01-13 19:30:00,842.46
2017-01-13 20:00:00,849.16
2017-01-13 20:30:00,899.82
2017-01-13 21:00:00,915.48
2017-01-13 21:30:00,963.8
2017-01-13 22:00:00,970.94
2017-01-13 22:30:00,1018.24
2017-01-13 23:00:00,1028.39
2017-01-13 23:30:00,1002.63
2017-01-14 00:00:00,900.7
2017-01-14 00:00:00,900.7
2017-01-14 00:30:00,796.07
2017-01-14 01:00:00,709.07
2017-01-14 01:30:00,641.66
2017-01-14 02:00:00,545.52
2017-01-14 02:30:00,517.23
2017-01-14 03:00:00,461.11
2017-01-14 03:30:00,441.96
2017-01-14 04:00:00,439.39
2017-01-14 04:30:00,422.79
2017-01-14 05:00:00,457.57
2017-01-14 05:30:00,474.87
2017-01-14 06:00:00,465.77
2017-01-14 06:30:00,463.28
2017-01-14 07:00:00,466.59
2017-01-14 07:30:00,466.87
2017-01-14 08:00:00,530.08
2017-01-14 08:30:00,639.28
2017-01-14 09:00:00,660.94
2017-01-14 09:30:00,740.9
2017-01-14 10:00:00,733.83
2017-01-14 10:30:00,721.64
2017-01-14 11:00:00,711.81
2017-01-14 11:30:00,697.79
2017-01-14 12:00:00,686.19
2017-01-14 12:30:00,670.65
2017-01-14 13:00:00,644.6
2017-01-14 13:30:00,591.54
2017-01-14 14:00:00,586.29
2017-01-14 14:30:00,599.02
2017-01-14 15:00:00,633.63
2017-01-14 15:30:00,665.41
2017-01-14 16:00:00,688.19
2017-01-14 16:30:00,673.66
2017-01-14 17:00:00,647.59
2017-01-14 17:30:00,756.2
2017-01-14 18:00:00,800.71
2017-01-14 18:30:00,805.49
2017-01-14 19:00:00,802.88
2017-01-14 19:30:00,833.35
2017-01-14 20:00:00,863.89
2017-01-14 20:30:00,874.75
2017-01-14 21:00:00,890.65
2017-01-14 21:30:00,925.7
2017-01-14 22:00:00,945.06
2017-01-14 22:30:00,993.52
2017-01-14 23:00:00,945.62
2017-01-14 23:30:00,953.71
2017-01-15 00:00:00,879.2
2017-01-15 00:00:00,879.2
2017-01-15 00:30:00,818.75
2017-01-15 01:00:00,693.3
2017-01-15 01:30:00,612.43
2017-01-15 02:00:00,567.66
2017-01-15 02:30:00,487.82
2017-01-15 03:00:00,455.22
2017-01-15 03:30:00,437.06
2017-01-15 04:00:00,453.97
2017-01-15 04:30:00,413.53
2017-01-15 05:00:00,428.24
2017-01-15 05:30:00,467.47
2017-01-15 06:00:00,463.39
2017-01-15 06:30:00,458.75
2017-01-15 07:00:00,423.08
2017-01-15 07:30:00,446.69
2017-01-15 08:00:00,499.16
2017-01-15 08:30:00,551.18
2017-01-15 09:00:00,600.84
2017-01-15 09:30:00,630.82
2017-01-15 10:00:00,648.94
2017-01-15 10:30:00,683.61
2017-01-15 11:00:00,705.92
2017-01-15 11:30:00,668.64
2017-01-15 12:00:00,683.82
2017-01-15 12:30:00,665.95
2017-01-15 13:00:00,632.72
2017-01-15 13:30:00,628.59
2017-01-15 14:00:00,580.64
2017-01-15 14:30:00,614.58
2017-01-15 15:00:00,635.22
2017-01-15 15:30:00,632.07
2017-01-15 16:00:00,691.79
2017-01-15 16:30:00,648.51
2017-01-15 17:00:00,666.85
2017-01-15 17:30:00,754.74
2017-01-15 18:00:00,793.04
2017-01-15 18:30:00,789.75
2017-01-15 19:00:00,790.77
2017-01-15 19:30:00,837.9
2017-01-15 20:00:00,915.52
2017-01-15 20:30:00,905.82
2017-01-15 21:00:00,889.32
2017-01-15 21:30:00,941.91
2017-01-15 22:00:00,978.0
2017-01-15 22:30:00,964.62
2017-01-15 23:00:00,946.61
2017-01-15 23:30:00,841.34
2017-01-16 00:00:00,776.78
2017-01-16 00:00:00,776.78
2017-01-16 00:30:00,667.11
2017-01-16 01:00:00,610.64
2017-01-16 01:30:00,513.24
2017-01-16 02:00:00,459.85
2017-01-16 02:30:00,446.9
2017-01-16 03:00:00,389.86
2017-01-16 03:30:00,402.4
2017-01-16 04:00:00,361.16
2017-01-16 04:30:00,350.67
2017-01-16 05:00:00,398.94
2017-01-16 05:30:00,395.22
2017-01-16 06:00:00,434.78
2017-01-16 06:30:00,455.44
2017-01-16 07:00:00,396.28
2017-01-16 07:30:00,453.92
2017-01-16 08:00:00,574.82
2017-01-16 08:30:00,693.27
2017-01-16 09:00:00,723.45
2017-01-16 09:30:00,658.54
2017-01-16 10:00:00,644.9
2017-01-16 10:30:00,639.55
2017-01-16 11:00:00,622.58
2017-01-16 11:30:00,611.6
2017-01-16 12:00:00,670.97
2017-01-16 12:30:00,648.59
2017-01-16 13:00:00,591.91
2017-01-16 13:30:00,544.45
2017-01-16 14:00:00,492.57
2017-01-16 14:30:00,550.48
2017-01-16 15:00:00,556.62
2017-01-16 15:30:00,561.61
2017-01-16 16:00:00,584.93
2017-01-16 16:30:00,545.21
2017-01-16 17:00:00,598.03
2017-01-16 17:30:00,603.51
2017-01-16 18:00:00,624.61
2017-01-16 18:30:00,705.15
2017-01-16 19:00:00,764.98
2017-01-16 19:30:00,811.69
2017-01-16 20:00:00,845.02
2017-01-16 20:30:00,890.0
2017-01-16 21:00:00,890.92
2017-01-16 21:30:00,899.53
2017-01-16 22:00:00,921.22
2017-01-16 22:30:00,911.29
2017-01-16 23:00:00,899.7
2017-01-16 23:30:00,864.11
2017-01-17 00:00:00,770.06
2017-01-17 00:00:00,770.06
2017-01-17 00:30:00,719.4
2017-01-17 01:00:00,630.75
2017-01-17 01:30:00,560.45
2017-01-17 02:00:00,505.84
2017-01-17 02:30:00,
2017-01-17 03:00:00,
2017-01-17 03:30:00,425.49
2017-01-17 04:00:00,436.07
2017-01-17 04:30:00,391.66
2017-01-17 05:00:00,409.21
2017-01-17 05:30:00,426.45
2017-01-17 06:00:00,489.01
2017-01-17 06:30:00,437.71
2017-01-17 07:00:00,448.42
2017-01-17 07:30:00,433.65
2017-01-17 08:00:00,559.78
2017-01-17 08:30:00,652.54
2017-01-17 09:00:00,743.95
2017-01-17 09:30:00,691.92
2017-01-17 10:00:00,626.63
2017-01-17 10:30:00,647.78
2017-01-17 11:00:00,662.22
2017-01-17 11:30:00,605.09
2017-01-17 12:00:00,588.87
2017-01-17 12:30:00,597.93
2017-01-17 13:00:00,571.17
2017-01-17 13:30:00,606.73
2017-01-17 14:00:00,564.78
2017-01-17 14:30:00,590.81
2017-01-17 15:00:00,565.0
2017-01-17 15:30:00,566.55
2017-01-17 16:00:00,532.89
2017-01-17 16:30:00,592.83
2017-01-17 17:00:00,557.38
2017-01-17 17:30:00,605.97
2017-01-17 18:00:00,589.36
2017-01-17 18:30:00,
2017-01-17 19:00:00,
2017-01-17 19:30:00,
2017-01-17 20:00:00,
2017-01-17 20:30:00,
2017-01-17 21:00:00,
2017-01-17 21:30:00,
2017-01-17 22:00:00,
2017-01-17 22:30:00,911.15
2017-01-17 23:00:00,897.22
2017-01-17 23:30:00,864.25
2017-01-18 00:00:00,781.81
2017-01-18 00:00:00,781.81
2017-01-18 00:30:00,686.69
2017-01-18 01:00:00,579.02
2017-01-18 01:30:00,522.59
2017-01-18 02:00:00,468.56
2017-01-18 02:30:00,418.28
2017-01-18 03:00:00,391.64
2017-01-18 03:30:00,386.7
2017-01-18 04:00:00,363.08
2017-01-18 04:30:00,365.04
2017-01-18 05:00:00,383.93
2017-01-18 05:30:00,404.31
2017-01-18 06:00:00,407.96
2017-01-18 06:30:00,403.89
2017-01-18 07:00:00,381.85
2017-01-18 07:30:00,460.63
2017-01-18 08:00:00,566.05
2017-01-18 08:30:00,619.06
2017-01-18 09:00:00,706.7
2017-01-18 09:30:00,582.11
2017-01-18 10:00:00,533.69
2017-01-18 10:30:00,549.99
2017-01-18 11:00:00,573.91
2017-01-18 11:30:00,543.69
2017-01-18 12:00:00,596.86
2017-01-18 12:30:00,556.48
2017-01-18 13:00:00,531.07
2017-01-18 13:30:00,522.77
2017-01-18 14:00:00,544.34
2017-01-18 14:30:00,564.47
2017-01-18 15:00:00,601.96
2017-01-18 15:30:00,547.97
2017-01-18 16:00:00,569.34
2017-01-18 16:30:00,596.86
2017-01-18 17:00:00,583.93
2017-01-18 17:30:00,596.03
2017-01-18 18:00:00,651.22
2017-01-18 18:30:00,670.53
2017-01-18 19:00:00,729.35
2017-01-18 19:30:00,763.39
2017-01-18 20:00:00,784.3
2017-01-18 20:30:00,799.64
2017-01-18 21:00:00,793.0
2017-01-18 21:30:00,815.92
2017-01-18 22:00:00,844.09
2017-01-18 22:30:00,867.26
2017-01-18 23:00:00,869.99
2017-01-18 23:30:00,829.31
2017-01-19 00:00:00,774.96
2017-01-19 00:00:00,774.96
2017-01-19 00:30:00,675.56
2017-01-19 01:00:00,605.02
2017-01-19 01:30:00,532.55
2017-01-19 02:00:00,453.87
2017-01-19 02:30:00,415.24
2017-01-19 03:00:00,402.85
2017-01-19 03:30:00,417.0
2017-01-19 04:00:00,388.18
2017-01-19 04:30:00,380.77
2017-01-19 05:00:00,386.09
2017-01-19 05:30:00,380.77
2017-01-19 06:00:00,411.28
2017-01-19 06:30:00,396.13
2017-01-19 07:00:00,391.69
2017-01-19 07:30:00,468.11
2017-01-19 08:00:00,562.36
2017-01-19 08:30:00,586.95
2017-01-19 09:00:00,663.3
2017-01-19 09:30:00,631.05
2017-01-19 10:00:00,580.31
2017-01-19 10:30:00,560.28
2017-01-19 11:00:00,554.49
2017-01-19 11:30:00,550.9
2017-01-19 12:00:00,579.97
2017-01-19 12:30:00,585.36
2017-01-19 13:00:00,535.25
2017-01-19 13:30:00,479.9
2017-01-19 14:00:00,468.2
2017-01-19 14:30:00,485.15
2017-01-19 15:00:00,528.31
2017-01-19 15:30:00,547.0
2017-01-19 16:00:00,518.59
2017-01-19 16:30:00,545.54
2017-01-19 17:00:00,502.09
2017-01-19 17:30:00,565.71
2017-01-19 18:00:00,596.53
2017-01-19 18:30:00,612.67
2017-01-19 19:00:00,660.3
2017-01-19 19:30:00,665.31
2017-01-19 20:00:00,686.08
2017-01-19 20:30:00,763.74
2017-01-19 21:00:00,767.66
2017-01-19 21:30:00,821.55
2017-01-19 22:00:00,841.4
2017-01-19 22:30:00,873.93
2017-01-19 23:00:00,881.24
2017-01-19 23:30:00,813.6
2017-01-20 00:00:00,777.8
2017-01-20 00:00:00,777.8
2017-01-20 00:30:00,673.86
2017-01-20 01:00:00,618.45
2017-01-20 01:30:00,534.83
2017-01-20 02:00:00,443.72
2017-01-20 02:30:00,
2017-01-20 03:00:00,
2017-01-20 03:30:00,
2017-01-20 04:00:00,358.47
2017-01-20 04:30:00,348.34
2017-01-20 05:00:00,398.06
2017-01-20 05:30:00,397.29
2017-01-20 06:00:00,394.32
2017-01-20 06:30:00,418.51
2017-01-20 07:00:00,409.28
2017-01-20 07:30:00,469.52
2017-01-20 08:00:00,553.33
2017-01-20 08:30:00,614.13
2017-01-20 09:00:00,737.95
2017-01-20 09:30:00,585.32
2017-01-20 10:00:00,587.98
2017-01-20 10:30:00,570.78
2017-01-20 11:00:00,578.73
2017-01-20 11:30:00,559.96
2017-01-20 12:00:00,611.94
2017-01-20 12:30:00,602.67
2017-01-20 13:00:00,596.42
2017-01-20 13:30:00,559.69
2017-01-20 14:00:00,511.18
2017-01-20 14:30:00,505.43
2017-01-20 15:00:00,527.0
2017-01-20 15:30:00,545.22
2017-01-20 16:00:00,561.97
2017-01-20 16:30:00,549.28
2017-01-20 17:00:00,532.35
2017-01-20 17:30:00,590.41
2017-01-20 18:00:00,610.77
2017-01-20 18:30:00,672.24
2017-01-20 19:00:00,730.82
2017-01-20 19:30:00,757.71
2017-01-20 20:00:00,785.52
2017-01-20 20:30:00,802.01
2017-01-20 21:00:00,765.15
2017-01-20 21:30:00,772.04
2017-01-20 22:00:00,794.51
2017-01-20 22:30:00,830.33
2017-01-20 23:00:00,767.97
2017-01-20 23:30:00,796.41
2017-01-21 00:00:00,755.51
2017-01-21 00:00:00,755.51
2017-01-21 00:30:00,684.93
2017-01-21 01:00:00,618.13
2017-01-21 01:30:00,572.65
2017-01-21 02:00:00,516.16
2017-01-21 02:30:00,463.19
2017-01-21 03:00:00,436.64
2017-01-21 03:30:00,419.44
2017-01-21 04:00:00,412.39
2017-01-21 04:30:00,379.98
2017-01-21 05:00:00,389.58
2017-01-21 05:30:00,400.15
2017-01-21 06:00:00,415.18
2017-01-21 06:30:00,432.91
2017-01-21 07:00:00,390.33
2017-01-21 07:30:00,471.58
2017-01-21 08:00:00,448.12
2017-01-21 08:30:00,522.72
2017-01-21 09:00:00,609.73
2017-01-21 09:30:00,645.58
2017-01-21 10:00:00,616.85
2017-01-21 10:30:00,606.09
2017-01-21 11:00:00,602.08
2017-01-21 11:30:00,578.1
2017-01-21 12:00:00,592.14
2017-01-21 12:30:00,576.04
2017-01-21 13:00:00,552.63
2017-01-21 13:30:00,492.36
2017-01-21 14:00:00,443.24
2017-01-21 14:30:00,473.51
2017-01-21 15:00:00,465.93
2017-01-21 15:30:00,453.21
2017-01-21 16:00:00,494.26
2017-01-21 16:30:00,501.67
2017-01-21 17:00:00,524.76
2017-01-21 17:30:00,521.72
2017-01-21 18:00:00,579.85
2017-01-21 18:30:00,584.37
2017-01-21 19:00:00,593.98
2017-01-21 19:30:00,594.15
2017-01-21 20:00:00,619.24
2017-01-21 20:30:00,626.46
2017-01-21 21:00:00,617.57
2017-01-21 21:30:00,641.93
2017-01-21 22:00:00,643.98
2017-01-21 22:30:00,637.0
2017-01-21 23:00:00,638.79
2017-01-21 23:30:00,653.05
2017-01-22 00:00:00,621.33
2017-01-22 00:00:00,621.33
2017-01-22 00:30:00,551.91
2017-01-22 01:00:00,525.39
2017-01-22 01:30:00,498.71
2017-01-22 02:00:00,465.23
2017-01-22 02:30:00,445.82
2017-01-22 03:00:00,380.63
2017-01-22 03:30:00,370.87
2017-01-22 04:00:00,369.07
2017-01-22 04:30:00,353.45
2017-01-22 05:00:00,358.29
2017-01-22 05:30:00,383.81
2017-01-22 06:00:00,393.36
2017-01-22 06:30:00,386.5
2017-01-22 07:00:00,388.97
2017-01-22 07:30:00,424.59
2017-01-22 08:00:00,465.73
2017-01-22 08:30:00,521.63
2017-01-22 09:00:00,593.27
2017-01-22 09:30:00,610.42
2017-01-22 10:00:00,523.11
2017-01-22 10:30:00,533.67
2017-01-22 11:00:00,504.25
2017-01-22 11:30:00,495.45
2017-01-22 12:00:00,493.62
2017-01-22 12:30:00,519.11
2017-01-22 13:00:00,511.58
2017-01-22 13:30:00,484.2
2017-01-22 14:00:00,501.38
2017-01-22 14:30:00,448.82
2017-01-22 15:00:00,445.65
2017-01-22 15:30:00,421.98
2017-01-22 16:00:00,456.46
2017-01-22 16:30:00,510.35
2017-01-22 17:00:00,480.03
2017-01-22 17:30:00,452.52
2017-01-22 18:00:00,503.17
2017-01-22 18:30:00,581.23
2017-01-22 19:00:00,575.87
2017-01-22 19:30:00,603.22
2017-01-22 20:00:00,618.86
2017-01-22 20:30:00,617.48
2017-01-22 21:00:00,648.42
2017-01-22 21:30:00,632.18
2017-01-22 22:00:00,632.72
2017-01-22 22:30:00,634.09
2017-01-22 23:00:00,579.73
2017-01-22 23:30:00,563.26
2017-01-23 00:00:00,507.22
2017-01-23 00:00:00,507.22
2017-01-23 00:30:00,458.79
2017-01-23 01:00:00,412.47
2017-01-23 01:30:00,403.07
2017-01-23 02:00:00,362.58
2017-01-23 02:30:00,350.94
2017-01-23 03:00:00,362.97
2017-01-23 03:30:00,351.86
2017-01-23 04:00:00,340.2
2017-01-23 04:30:00,327.08
2017-01-23 05:00:00,338.58
2017-01-23 05:30:00,362.99
2017-01-23 06:00:00,350.94
2017-01-23 06:30:00,366.01
2017-01-23 07:00:00,346.6
2017-01-23 07:30:00,408.47
2017-01-23 08:00:00,454.57
2017-01-23 08:30:00,517.09
2017-01-23 09:00:00,520.56
2017-01-23 09:30:00,497.48
2017-01-23 10:00:00,480.11
2017-01-23 10:30:00,467.05
2017-01-23 11:00:00,451.97
2017-01-23 11:30:00,455.04
2017-01-23 12:00:00,479.27
2017-01-23 12:30:00,449.95
2017-01-23 13:00:00,439.79
2017-01-23 13:30:00,445.46
2017-01-23 14:00:00,408.74
2017-01-23 14:30:00,384.95
2017-01-23 15:00:00,379.96
2017-01-23 15:30:00,430.25
2017-01-23 16:00:00,402.8
2017-01-23 16:30:00,424.36
2017-01-23 17:00:00,402.32
2017-01-23 17:30:00,439.06
2017-01-23 18:00:00,509.35
2017-01-23 18:30:00,519.6
2017-01-23 19:00:00,569.12
2017-01-23 19:30:00,587.15
2017-01-23 20:00:00,601.55
2017-01-23 20:30:00,567.28
2017-01-23 21:00:00,571.72
2017-01-23 21:30:00,553.76
2017-01-23 22:00:00,594.96
2017-01-23 22:30:00,580.57
2017-01-23 23:00:00,535.37
2017-01-23 23:30:00,526.28
2017-01-24 00:00:00,496.98
2017-01-24 00:00:00,496.98
2017-01-24 00:30:00,455.76
2017-01-24 01:00:00,421.97
2017-01-24 01:30:00,367.24
2017-01-24 02:00:00,351.36
2017-01-24 02:30:00,327.5
2017-01-24 03:00:00,327.29
2017-01-24 03:30:00,296.58
2017-01-24 04:00:00,314.31
2017-01-24 04:30:00,306.32
2017-01-24 05:00:00,321.63
2017-01-24 05:30:00,342.58
2017-01-24 06:00:00,344.27
2017-01-24 06:30:00,347.79
2017-01-24 07:00:00,368.31
2017-01-24 07:30:00,380.4
2017-01-24 08:00:00,423.18
2017-01-24 08:30:00,460.14
2017-01-24 09:00:00,535.05
2017-01-24 09:30:00,483.71
2017-01-24 10:00:00,447.67
2017-01-24 10:30:00,436.51
2017-01-24 11:00:00,455.58
2017-01-24 11:30:00,448.87
2017-01-24 12:00:00,451.92
2017-01-24 12:30:00,419.19
2017-01-24 13:00:00,378.01
2017-01-24 13:30:00,411.78
2017-01-24 14:00:00,415.16
2017-01-24 14:30:00,406.2
2017-01-24 15:00:00,395.95
2017-01-24 15:30:00,386.88
2017-01-24 16:00:00,404.43
2017-01-24 16:30:00,393.52
2017-01-24 17:00:00,394.84
2017-01-24 17:30:00,386.56
2017-01-24 18:00:00,448.88
2017-01-24 18:30:00,477.94
2017-01-24 19:00:00,532.19
2017-01-24 19:30:00,555.08
2017-01-24 20:00:00,534.62
2017-01-24 20:30:00,536.32
2017-01-24 21:00:00,534.25
2017-01-24 21:30:00,547.88
2017-01-24 22:00:00,571.53
2017-01-24 22:30:00,515.42
2017-01-24 23:00:00,522.5
2017-01-24 23:30:00,498.28
2017-01-25 00:00:00,474.12
2017-01-25 00:00:00,474.12
2017-01-25 00:30:00,432.18
2017-01-25 01:00:00,410.46
2017-01-25 01:30:00,393.62
2017-01-25 02:00:00,337.07
2017-01-25 02:30:00,321.78
2017-01-25 03:00:00,317.88
2017-01-25 03:30:00,345.5
2017-01-25 04:00:00,258.75
2017-01-25 04:30:00,294.84
2017-01-25 05:00:00,324.66
2017-01-25 05:30:00,358.21
2017-01-25 06:00:00,322.44
2017-01-25 06:30:00,351.14
2017-01-25 07:00:00,354.93
2017-01-25 07:30:00,380.61
2017-01-25 08:00:00,439.93
2017-01-25 08:30:00,426.97
2017-01-25 09:00:00,468.42
2017-01-25 09:30:00,470.19
2017-01-25 10:00:00,416.73
2017-01-25 10:30:00,432.21
2017-01-25 11:00:00,403.32
2017-01-25 11:30:00,419.23
2017-01-25 12:00:00,421.6
2017-01-25 12:30:00,355.51
2017-01-25 13:00:00,352.25
2017-01-25 13:30:00,310.96
2017-01-25 14:00:00,331.25
2017-01-25 14:30:00,308.9
2017-01-25 15:00:00,315.55
2017-01-25 15:30:00,354.07
2017-01-25 16:00:00,318.27
2017-01-25 16:30:00,303.58
2017-01-25 17:00:00,331.61
2017-01-25 17:30:00,330.88
2017-01-25 18:00:00,384.36
2017-01-25 18:30:00,389.11
2017-01-25 19:00:00,446.04
2017-01-25 19:30:00,383.22
2017-01-25 20:00:00,382.82
2017-01-25 20:30:00,398.82
2017-01-25 21:00:00,391.21
2017-01-25 21:30:00,394.85
2017-01-25 22:00:00,402.16
2017-01-25 22:30:00,400.17
2017-01-25 23:00:00,376.13
2017-01-25 23:30:00,362.02
2017-01-26 00:00:00,366.87
2017-01-26 00:00:00,366.87
2017-01-26 00:30:00,314.52
2017-01-26 01:00:00,307.71
2017-01-26 01:30:00,297.99
2017-01-26 02:00:00,289.45
2017-01-26 02:30:00,307.65
2017-01-26 03:00:00,273.36
2017-01-26 03:30:00,269.24
2017-01-26 04:00:00,248.98
2017-01-26 04:30:00,252.56
2017-01-26 05:00:00,287.03
2017-01-26 05:30:00,287.85
2017-01-26 06:00:00,294.6
2017-01-26 06:30:00,304.27
2017-01-26 07:00:00,298.12
2017-01-26 07:30:00,307.02
2017-01-26 08:00:00,294.95
2017-01-26 08:30:00,349.81
2017-01-26 09:00:00,372.46
2017-01-26 09:30:00,383.07
2017-01-26 10:00:00,353.34
2017-01-26 10:30:00,342.65
2017-01-26 11:00:00,336.77
2017-01-26 11:30:00,327.47
2017-01-26 12:00:00,297.45
2017-01-26 12:30:00,265.5
2017-01-26 13:00:00,269.05
2017-01-26 13:30:00,267.75
2017-01-26 14:00:00,281.39
2017-01-26 14:30:00,289.14
2017-01-26 15:00:00,253.86
2017-01-26 15:30:00,252.38
2017-01-26 16:00:00,264.57
2017-01-26 16:30:00,269.33
2017-01-26 17:00:00,260.41
2017-01-26 17:30:00,263.26
2017-01-26 18:00:00,317.53
2017-01-26 18:30:00,317.98
2017-01-26 19:00:00,320.72
2017-01-26 19:30:00,317.01
2017-01-26 20:00:00,333.82
2017-01-26 20:30:00,330.32
2017-01-26 21:00:00,360.25
2017-01-26 21:30:00,326.44
2017-01-26 22:00:00,345.93
2017-01-26 22:30:00,326.49
2017-01-26 23:00:00,313.95
2017-01-26 23:30:00,309.62
2017-01-27 00:00:00,342.12
2017-01-27 00:00:00,342.12
2017-01-27 00:30:00,293.51
2017-01-27 01:00:00,262.59
2017-01-27 01:30:00,256.21
2017-01-27 02:00:00,244.1
2017-01-27 02:30:00,250.35
2017-01-27 03:00:00,240.92
2017-01-27 03:30:00,241.6
2017-01-27 04:00:00,231.01
2017-01-27 04:30:00,234.34
2017-01-27 05:00:00,230.81
2017-01-27 05:30:00,249.47
2017-01-27 06:00:00,253.45
2017-01-27 06:30:00,233.98
2017-01-27 07:00:00,238.39
2017-01-27 07:30:00,215.64
2017-01-27 08:00:00,221.09
2017-01-27 08:30:00,223.7
2017-01-27 09:00:00,288.62
2017-01-27 09:30:00,272.65
2017-01-27 10:00:00,264.24
2017-01-27 10:30:00,266.17
2017-01-27 11:00:00,252.04
2017-01-27 11:30:00,292.18
2017-01-27 12:00:00,250.06
2017-01-27 12:30:00,258.95
2017-01-27 13:00:00,254.01
2017-01-27 13:30:00,245.64
2017-01-27 14:00:00,251.88
2017-01-27 14:30:00,234.66
2017-01-27 15:00:00,236.72
2017-01-27 15:30:00,243.53
2017-01-27 16:00:00,232.26
2017-01-27 16:30:00,215.9
2017-01-27 17:00:00,241.4
2017-01-27 17:30:00,235.23
2017-01-27 18:00:00,277.15
2017-01-27 18:30:00,287.96
2017-01-27 19:00:00,257.56
2017-01-27 19:30:00,266.02
2017-01-27 20:00:00,268.65
2017-01-27 20:30:00,280.73
2017-01-27 21:00:00,280.57
2017-01-27 21:30:00,298.64
2017-01-27 22:00:00,278.49
2017-01-27 22:30:00,271.18
2017-01-27 23:00:00,273.17
2017-01-27 23:30:00,251.4
2017-01-28 00:00:00,258.32
2017-01-28 00:00:00,258.32
2017-01-28 00:30:00,273.83
2017-01-28 01:00:00,269.7
2017-01-28 01:30:00,268.6
2017-01-28 02:00:00,250.3
2017-01-28 02:30:00,259.78
2017-01-28 03:00:00,223.71
2017-01-28 03:30:00,230.98
2017-01-28 04:00:00,234.44
2017-01-28 04:30:00,241.28
2017-01-28 05:00:00,235.09
2017-01-28 05:30:00,234.54
2017-01-28 06:00:00,229.26
2017-01-28 06:30:00,242.37
2017-01-28 07:00:00,223.31
2017-01-28 07:30:00,212.09
2017-01-28 08:00:00,231.21
2017-01-28 08:30:00,214.61
2017-01-28 09:00:00,219.17
2017-01-28 09:30:00,233.54
2017-01-28 10:00:00,219.74
2017-01-28 10:30:00,231.14
2017-01-28 11:00:00,214.94
2017-01-28 11:30:00,209.85
2017-01-28 12:00:00,238.04
2017-01-28 12:30:00,198.22
2017-01-28 13:00:00,215.56
2017-01-28 13:30:00,206.81
2017-01-28 14:00:00,230.87
2017-01-28 14:30:00,198.8
2017-01-28 15:00:00,210.81
2017-01-28 15:30:00,216.35
2017-01-28 16:00:00,218.71
2017-01-28 16:30:00,193.89
2017-01-28 17:00:00,206.4
2017-01-28 17:30:00,207.33
2017-01-28 18:00:00,274.73
2017-01-28 18:30:00,266.62
2017-01-28 19:00:00,265.12
2017-01-28 19:30:00,265.78
2017-01-28 20:00:00,286.5
2017-01-28 20:30:00,294.88
2017-01-28 21:00:00,276.0
2017-01-28 21:30:00,278.92
2017-01-28 22:00:00,255.74
2017-01-28 22:30:00,262.7
2017-01-28 23:00:00,277.12
2017-01-28 23:30:00,244.22
2017-01-29 00:00:00,242.04
2017-01-29 00:00:00,242.04
2017-01-29 00:30:00,252.71
2017-01-29 01:00:00,239.89
2017-01-29 01:30:00,245.12
2017-01-29 02:00:00,242.48
2017-01-29 02:30:00,229.48
2017-01-29 03:00:00,214.08
2017-01-29 03:30:00,228.09
2017-01-29 04:00:00,231.1
2017-01-29 04:30:00,212.54
2017-01-29 05:00:00,212.54
2017-01-29 05:30:00,218.84
2017-01-29 06:00:00,231.72
2017-01-29 06:30:00,222.08
2017-01-29 07:00:00,202.39
2017-01-29 07:30:00,192.82
2017-01-29 08:00:00,213.83
2017-01-29 08:30:00,205.92
2017-01-29 09:00:00,227.95
2017-01-29 09:30:00,212.22
2017-01-29 10:00:00,231.39
2017-01-29 10:30:00,228.98
2017-01-29 11:00:00,211.1
2017-01-29 11:30:00,208.81
2017-01-29 12:00:00,203.32
2017-01-29 12:30:00,193.26
2017-01-29 13:00:00,187.23
2017-01-29 13:30:00,189.23
2017-01-29 14:00:00,192.62
2017-01-29 14:30:00,190.55
2017-01-29 15:00:00,198.6
2017-01-29 15:30:00,199.72
2017-01-29 16:00:00,186.02
2017-01-29 16:30:00,194.57
2017-01-29 17:00:00,192.69
2017-01-29 17:30:00,212.07
2017-01-29 18:00:00,247.9
2017-01-29 18:30:00,268.59
2017-01-29 19:00:00,268.79
2017-01-29 19:30:00,273.67
2017-01-29 20:00:00,275.73
2017-01-29 20:30:00,284.33
2017-01-29 21:00:00,268.73
2017-01-29 21:30:00,285.0
2017-01-29 22:00:00,262.24
2017-01-29 22:30:00,278.17
2017-01-29 23:00:00,260.09
2017-01-29 23:30:00,237.89
2017-01-30 00:00:00,266.63
2017-01-30 00:00:00,266.63
2017-01-30 00:30:00,265.32
2017-01-30 01:00:00,243.17
2017-01-30 01:30:00,237.59
2017-01-30 02:00:00,235.9
2017-01-30 02:30:00,215.77
2017-01-30 03:00:00,229.88
2017-01-30 03:30:00,225.98
2017-01-30 04:00:00,209.76
2017-01-30 04:30:00,200.59
2017-01-30 05:00:00,215.37
2017-01-30 05:30:00,207.88
2017-01-30 06:00:00,217.7
2017-01-30 06:30:00,233.58
2017-01-30 07:00:00,205.71
2017-01-30 07:30:00,196.3
2017-01-30 08:00:00,224.8
2017-01-30 08:30:00,227.41
2017-01-30 09:00:00,221.01
2017-01-30 09:30:00,230.06
2017-01-30 10:00:00,230.79
2017-01-30 10:30:00,250.61
2017-01-30 11:00:00,243.75
2017-01-30 11:30:00,226.39
2017-01-30 12:00:00,247.65
2017-01-30 12:30:00,256.91
2017-01-30 13:00:00,261.24
2017-01-30 13:30:00,264.97
2017-01-30 14:00:00,251.99
2017-01-30 14:30:00,263.97
2017-01-30 15:00:00,244.61
2017-01-30 15:30:00,238.25
2017-01-30 16:00:00,226.53
2017-01-30 16:30:00,241.24
2017-01-30 17:00:00,235.96
2017-01-30 17:30:00,229.79
2017-01-30 18:00:00,271.24
2017-01-30 18:30:00,297.6
2017-01-30 19:00:00,289.78
2017-01-30 19:30:00,278.69
2017-01-30 20:00:00,320.12
2017-01-30 20:30:00,303.11
2017-01-30 21:00:00,319.06
2017-01-30 21:30:00,320.44
2017-01-30 22:00:00,289.65
2017-01-30 22:30:00,290.4
2017-01-30 23:00:00,282.5
2017-01-30 23:30:00,281.77
2017-01-31 00:00:00,275.15
2017-01-31 00:00:00,275.15
2017-01-31 00:30:00,277.09
2017-01-31 01:00:00,270.25
2017-01-31 01:30:00,253.91
2017-01-31 02:00:00,256.18
2017-01-31 02:30:00,247.76
2017-01-31 03:00:00,244.05
2017-01-31 03:30:00,236.82
2017-01-31 04:00:00,225.8
2017-01-31 04:30:00,212.08
2017-01-31 05:00:00,216.49
2017-01-31 05:30:00,218.37
2017-01-31 06:00:00,233.07
2017-01-31 06:30:00,239.78
2017-01-31 07:00:00,234.53
2017-01-31 07:30:00,234.72
2017-01-31 08:00:00,254.36
2017-01-31 08:30:00,261.96
2017-01-31 09:00:00,283.35
2017-01-31 09:30:00,253.77
2017-01-31 10:00:00,244.2
2017-01-31 10:30:00,244.01
2017-01-31 11:00:00,269.41
2017-01-31 11:30:00,262.68
2017-01-31 12:00:00,261.14
2017-01-31 12:30:00,255.98
2017-01-31 13:00:00,238.02
2017-01-31 13:30:00,231.63
2017-01-31 14:00:00,249.89
2017-01-31 14:30:00,249.85
2017-01-31 15:00:00,235.83
2017-01-31 15:30:00,247.6
2017-01-31 16:00:00,243.26
2017-01-31 16:30:00,248.83
2017-01-31 17:00:00,227.48
2017-01-31 17:30:00,247.13
2017-01-31 18:00:00,289.75
2017-01-31 18:30:00,315.86
2017-01-31 19:00:00,303.53
2017-01-31 19:30:00,317.51
2017-01-31 20:00:00,319.99
2017-01-31 20:30:00,325.0
2017-01-31 21:00:00,311.83
2017-01-31 21:30:00,344.14
2017-01-31 22:00:00,326.09
2017-01-31 22:30:00,317.68
2017-01-31 23:00:00,315.22
2017-01-31 23:30:00,274.14
2017-02-01 00:00:00,286.25
2017-02-01 00:00:00,286.25
2017-02-01 00:30:00,267.84
2017-02-01 01:00:00,251.94
2017-02-01 01:30:00,257.96
2017-02-01 02:00:00,230.25
2017-02-01 02:30:00,243.69
2017-02-01 03:00:00,232.81
2017-02-01 03:30:00,223.53
2017-02-01 04:00:00,244.61
2017-02-01 04:30:00,223.14
2017-02-01 05:00:00,204.96
2017-02-01 05:30:00,229.62
2017-02-01 06:00:00,267.05
2017-02-01 06:30:00,241.48
2017-02-01 07:00:00,230.51
2017-02-01 07:30:00,204.5
2017-02-01 08:00:00,274.22
2017-02-01 08:30:00,238.29
2017-02-01 09:00:00,267.11
2017-02-01 09:30:00,291.94
2017-02-01 10:00:00,267.13
2017-02-01 10:30:00,245.93
2017-02-01 11:00:00,282.98
2017-02-01 11:30:00,286.44
2017-02-01 12:00:00,281.73
2017-02-01 12:30:00,297.34
2017-02-01 13:00:00,281.75
2017-02-01 13:30:00,284.68
2017-02-01 14:00:00,276.68
2017-02-01 14:30:00,288.84
2017-02-01 15:00:00,275.08
2017-02-01 15:30:00,277.57
2017-02-01 16:00:00,287.35
2017-02-01 16:30:00,304.85
2017-02-01 17:00:00,295.66
2017-02-01 17:30:00,294.21
2017-02-01 18:00:00,365.87
2017-02-01 18:30:00,340.67
2017-02-01 19:00:00,372.74
2017-02-01 19:30:00,348.27
2017-02-01 20:00:00,374.6
2017-02-01 20:30:00,380.74
2017-02-01 21:00:00,378.93
2017-02-01 21:30:00,365.44
2017-02-01 22:00:00,362.47
2017-02-01 22:30:00,352.72
2017-02-01 23:00:00,344.25
2017-02-01 23:30:00,326.43
2017-02-02 00:00:00,320.78
2017-02-02 00:00:00,320.78
2017-02-02 00:30:00,305.42
2017-02-02 01:00:00,293.12
2017-02-02 01:30:00,258.69
2017-02-02 02:00:00,276.71
2017-02-02 02:30:00,240.72
2017-02-02 03:00:00,254.85
2017-02-02 03:30:00,233.84
2017-02-02 04:00:00,233.99
2017-02-02 04:30:00,240.15
2017-02-02 05:00:00,219.51
2017-02-02 05:30:00,223.79
2017-02-02 06:00:00,248.29
2017-02-02 06:30:00,256.22
2017-02-02 07:00:00,232.89
2017-02-02 07:30:00,240.32
2017-02-02 08:00:00,256.78
2017-02-02 08:30:00,282.25
2017-02-02 09:00:00,302.9
2017-02-02 09:30:00,303.9
2017-02-02 10:00:00,299.52
2017-02-02 10:30:00,295.68
2017-02-02 11:00:00,333.58
2017-02-02 11:30:00,293.56
2017-02-02 12:00:00,301.39
2017-02-02 12:30:00,282.7
2017-02-02 13:00:00,274.07
2017-02-02 13:30:00,323.49
2017-02-02 14:00:00,287.46
2017-02-02 14:30:00,303.64
2017-02-02 15:00:00,298.58
2017-02-02 15:30:00,312.94
2017-02-02 16:00:00,286.2
2017-02-02 16:30:00,329.1
2017-02-02 17:00:00,332.06
2017-02-02 17:30:00,366.72
2017-02-02 18:00:00,419.53
2017-02-02 18:30:00,425.0
2017-02-02 19:00:00,435.4
2017-02-02 19:30:00,445.5
2017-02-02 20:00:00,454.45
2017-02-02 20:30:00,459.59
2017-02-02 21:00:00,476.02
2017-02-02 21:30:00,484.44
2017-02-02 22:00:00,508.75
2017-02-02 22:30:00,481.33
2017-02-02 23:00:00,437.21
2017-02-02 23:30:00,387.73
2017-02-03 00:00:00,356.9
2017-02-03 00:00:00,356.9
2017-02-03 00:30:00,353.09
2017-02-03 01:00:00,349.02
2017-02-03 01:30:00,328.68
2017-02-03 02:00:00,319.34
2017-02-03 02:30:00,285.53
2017-02-03 03:00:00,276.21
2017-02-03 03:30:00,268.01
2017-02-03 04:00:00,262.34
2017-02-03 04:30:00,253.82
2017-02-03 05:00:00,249.73
2017-02-03 05:30:00,270.74
2017-02-03 06:00:00,280.14
2017-02-03 06:30:00,263.31
2017-02-03 07:00:00,262.17
2017-02-03 07:30:00,334.97
2017-02-03 08:00:00,331.7
2017-02-03 08:30:00,402.18
2017-02-03 09:00:00,417.99
2017-02-03 09:30:00,411.37
2017-02-03 10:00:00,384.02
2017-02-03 10:30:00,382.57
2017-02-03 11:00:00,359.27
2017-02-03 11:30:00,371.07
2017-02-03 12:00:00,372.14
2017-02-03 12:30:00,390.87
2017-02-03 13:00:00,395.43
2017-02-03 13:30:00,369.67
2017-02-03 14:00:00,392.69
2017-02-03 14:30:00,404.67
2017-02-03 15:00:00,377.8
2017-02-03 15:30:00,393.08
2017-02-03 16:00:00,426.68
2017-02-03 16:30:00,397.82
2017-02-03 17:00:00,404.48
2017-02-03 17:30:00,404.95
2017-02-03 18:00:00,435.03
2017-02-03 18:30:00,448.78
2017-02-03 19:00:00,483.94
2017-02-03 19:30:00,505.0
2017-02-03 20:00:00,513.44
2017-02-03 20:30:00,549.13
2017-02-03 21:00:00,573.35
2017-02-03 21:30:00,526.01
2017-02-03 22:00:00,509.95
2017-02-03 22:30:00,530.44
2017-02-03 23:00:00,506.84
2017-02-03 23:30:00,450.76
2017-02-04 00:00:00,416.8
2017-02-04 00:00:00,416.8
2017-02-04 00:30:00,403.35
2017-02-04 01:00:00,354.02
2017-02-04 01:30:00,340.73
2017-02-04 02:00:00,322.55
2017-02-04 02:30:00,318.47
2017-02-04 03:00:00,316.26
2017-02-04 03:30:00,283.66
2017-02-04 04:00:00,290.63
2017-02-04 04:30:00,289.53
2017-02-04 05:00:00,286.65
2017-02-04 05:30:00,268.71
2017-02-04 06:00:00,304.26
2017-02-04 06:30:00,286.47
2017-02-04 07:00:00,274.13
2017-02-04 07:30:00,343.42
2017-02-04 08:00:00,372.84
2017-02-04 08:30:00,445.0
2017-02-04 09:00:00,439.89
2017-02-04 09:30:00,430.89
2017-02-04 10:00:00,431.45
2017-02-04 10:30:00,413.55
2017-02-04 11:00:00,415.13
2017-02-04 11:30:00,418.01
2017-02-04 12:00:00,407.13
2017-02-04 12:30:00,457.27
2017-02-04 13:00:00,469.75
2017-02-04 13:30:00,455.25
2017-02-04 14:00:00,411.87
2017-02-04 14:30:00,399.45
2017-02-04 15:00:00,366.02
2017-02-04 15:30:00,435.46
2017-02-04 16:00:00,426.24
2017-02-04 16:30:00,438.07
2017-02-04 17:00:00,387.16
2017-02-04 17:30:00,407.59
2017-02-04 18:00:00,439.82
2017-02-04 18:30:00,467.19
2017-02-04 19:00:00,487.03
2017-02-04 19:30:00,507.02
2017-02-04 20:00:00,555.53
2017-02-04 20:30:00,528.68
2017-02-04 21:00:00,531.13
2017-02-04 21:30:00,551.33
2017-02-04 22:00:00,548.29
2017-02-04 22:30:00,570.4
2017-02-04 23:00:00,520.51
2017-02-04 23:30:00,464.67
2017-02-05 00:00:00,439.95
2017-02-05 00:00:00,439.95
2017-02-05 00:30:00,412.83
2017-02-05 01:00:00,385.69
2017-02-05 01:30:00,379.68
2017-02-05 02:00:00,348.08
2017-02-05 02:30:00,316.52
2017-02-05 03:00:00,300.15
2017-02-05 03:30:00,291.21
2017-02-05 04:00:00,298.64
2017-02-05 04:30:00,281.09
2017-02-05 05:00:00,288.04
2017-02-05 05:30:00,285.23
2017-02-05 06:00:00,286.13
2017-02-05 06:30:00,298.58
2017-02-05 07:00:00,284.77
2017-02-05 07:30:00,305.71
2017-02-05 08:00:00,345.39
2017-02-05 08:30:00,400.31
2017-02-05 09:00:00,450.14
2017-02-05 09:30:00,434.09
2017-02-05 10:00:00,435.29
2017-02-05 10:30:00,457.69
2017-02-05 11:00:00,451.1
2017-02-05 11:30:00,461.8
2017-02-05 12:00:00,465.41
2017-02-05 12:30:00,467.28
2017-02-05 13:00:00,451.9
2017-02-05 13:30:00,429.81
2017-02-05 14:00:00,456.39
2017-02-05 14:30:00,436.36
2017-02-05 15:00:00,462.03
2017-02-05 15:30:00,437.82
2017-02-05 16:00:00,437.23
2017-02-05 16:30:00,451.43
2017-02-05 17:00:00,458.42
2017-02-05 17:30:00,462.25
2017-02-05 18:00:00,553.0
2017-02-05 18:30:00,557.95
2017-02-05 19:00:00,582.95
2017-02-05 19:30:00,606.6
2017-02-05 20:00:00,657.24
2017-02-05 20:30:00,682.23
2017-02-05 21:00:00,699.26
2017-02-05 21:30:00,709.79
2017-02-05 22:00:00,679.23
2017-02-05 22:30:00,678.97
2017-02-05 23:00:00,625.99
2017-02-05 23:30:00,566.65
2017-02-06 00:00:00,514.07
2017-02-06 00:00:00,514.07
2017-02-06 00:30:00,467.81
2017-02-06 01:00:00,413.59
2017-02-06 01:30:00,381.86
2017-02-06 02:00:00,364.25
2017-02-06 02:30:00,312.63
2017-02-06 03:00:00,290.75
2017-02-06 03:30:00,280.13
2017-02-06 04:00:00,275.3
2017-02-06 04:30:00,286.47
2017-02-06 05:00:00,279.41
2017-02-06 05:30:00,275.09
2017-02-06 06:00:00,316.36
2017-02-06 06:30:00,306.35
2017-02-06 07:00:00,309.8
2017-02-06 07:30:00,344.88
2017-02-06 08:00:00,435.93
2017-02-06 08:30:00,472.05
2017-02-06 09:00:00,566.37
2017-02-06 09:30:00,541.6
2017-02-06 10:00:00,491.07
2017-02-06 10:30:00,467.92
2017-02-06 11:00:00,469.0
2017-02-06 11:30:00,456.43
2017-02-06 12:00:00,487.94
2017-02-06 12:30:00,503.29
2017-02-06 13:00:00,511.7
2017-02-06 13:30:00,461.27
2017-02-06 14:00:00,427.82
2017-02-06 14:30:00,461.9
2017-02-06 15:00:00,443.94
2017-02-06 15:30:00,435.21
2017-02-06 16:00:00,439.18
2017-02-06 16:30:00,469.31
2017-02-06 17:00:00,502.91
2017-02-06 17:30:00,511.84
2017-02-06 18:00:00,597.04
2017-02-06 18:30:00,618.43
2017-02-06 19:00:00,657.83
2017-02-06 19:30:00,730.48
2017-02-06 20:00:00,759.09
2017-02-06 20:30:00,738.89
2017-02-06 21:00:00,761.26
2017-02-06 21:30:00,802.33
2017-02-06 22:00:00,827.03
2017-02-06 22:30:00,783.56
2017-02-06 23:00:00,724.33
2017-02-06 23:30:00,649.73
2017-02-07 00:00:00,568.29
2017-02-07 00:00:00,568.29
2017-02-07 00:30:00,484.78
2017-02-07 01:00:00,449.19
2017-02-07 01:30:00,379.18
2017-02-07 02:00:00,368.6
2017-02-07 02:30:00,323.86
2017-02-07 03:00:00,331.08
2017-02-07 03:30:00,311.12
2017-02-07 04:00:00,318.9
2017-02-07 04:30:00,311.85
2017-02-07 05:00:00,320.09
2017-02-07 05:30:00,327.35
2017-02-07 06:00:00,326.88
2017-02-07 06:30:00,325.98
2017-02-07 07:00:00,339.46
2017-02-07 07:30:00,411.9
2017-02-07 08:00:00,501.33
2017-02-07 08:30:00,525.92
2017-02-07 09:00:00,557.16
2017-02-07 09:30:00,518.0
2017-02-07 10:00:00,492.7
2017-02-07 10:30:00,476.97
2017-02-07 11:00:00,440.84
2017-02-07 11:30:00,487.61
2017-02-07 12:00:00,478.56
2017-02-07 12:30:00,494.39
2017-02-07 13:00:00,429.05
2017-02-07 13:30:00,459.56
2017-02-07 14:00:00,454.15
2017-02-07 14:30:00,484.12
2017-02-07 15:00:00,446.61
2017-02-07 15:30:00,462.1
2017-02-07 16:00:00,446.24
2017-02-07 16:30:00,448.55
2017-02-07 17:00:00,473.44
2017-02-07 17:30:00,480.83
2017-02-07 18:00:00,567.58
2017-02-07 18:30:00,617.63
2017-02-07 19:00:00,686.29
2017-02-07 19:30:00,717.78
2017-02-07 20:00:00,733.51
2017-02-07 20:30:00,792.98
2017-02-07 21:00:00,769.25
2017-02-07 21:30:00,821.7
2017-02-07 22:00:00,872.66
2017-02-07 22:30:00,829.75
2017-02-07 23:00:00,776.6
2017-02-07 23:30:00,684.69
2017-02-08 00:00:00,593.42
2017-02-08 00:00:00,593.42
2017-02-08 00:30:00,535.04
2017-02-08 01:00:00,479.98
2017-02-08 01:30:00,438.15
2017-02-08 02:00:00,388.41
2017-02-08 02:30:00,360.01
2017-02-08 03:00:00,341.3
2017-02-08 03:30:00,344.99
2017-02-08 04:00:00,322.1
2017-02-08 04:30:00,315.33
2017-02-08 05:00:00,312.79
2017-02-08 05:30:00,349.07
2017-02-08 06:00:00,327.78
2017-02-08 06:30:00,348.77
2017-02-08 07:00:00,381.82
2017-02-08 07:30:00,409.41
2017-02-08 08:00:00,518.87
2017-02-08 08:30:00,584.76
2017-02-08 09:00:00,600.94
2017-02-08 09:30:00,564.79
2017-02-08 10:00:00,530.0
2017-02-08 10:30:00,526.61
2017-02-08 11:00:00,494.47
2017-02-08 11:30:00,518.84
2017-02-08 12:00:00,544.88
2017-02-08 12:30:00,524.94
2017-02-08 13:00:00,523.91
2017-02-08 13:30:00,534.85
2017-02-08 14:00:00,540.74
2017-02-08 14:30:00,521.7
2017-02-08 15:00:00,536.53
2017-02-08 15:30:00,488.35
2017-02-08 16:00:00,498.58
2017-02-08 16:30:00,532.45
2017-02-08 17:00:00,517.72
2017-02-08 17:30:00,544.19
2017-02-08 18:00:00,641.9
2017-02-08 18:30:00,663.18
2017-02-08 19:00:00,746.9
2017-02-08 19:30:00,786.37
2017-02-08 20:00:00,840.55
2017-02-08 20:30:00,845.77
2017-02-08 21:00:00,810.59
2017-02-08 21:30:00,841.64
2017-02-08 22:00:00,849.41
2017-02-08 22:30:00,856.52
2017-02-08 23:00:00,829.52
2017-02-08 23:30:00,763.31
2017-02-09 00:00:00,699.56
2017-02-09 00:00:00,699.56
2017-02-09 00:30:00,595.92
2017-02-09 01:00:00,523.05
2017-02-09 01:30:00,473.35
2017-02-09 02:00:00,442.72
2017-02-09 02:30:00,425.19
2017-02-09 03:00:00,404.05
2017-02-09 03:30:00,404.34
2017-02-09 04:00:00,399.95
2017-02-09 04:30:00,377.78
2017-02-09 05:00:00,396.84
2017-02-09 05:30:00,404.75
2017-02-09 06:00:00,407.95
2017-02-09 06:30:00,404.13
2017-02-09 07:00:00,421.13
2017-02-09 07:30:00,471.39
2017-02-09 08:00:00,571.56
2017-02-09 08:30:00,604.94
2017-02-09 09:00:00,653.26
2017-02-09 09:30:00,636.6
2017-02-09 10:00:00,565.44
2017-02-09 10:30:00,589.71
2017-02-09 11:00:00,537.28
2017-02-09 11:30:00,538.26
2017-02-09 12:00:00,560.29
2017-02-09 12:30:00,553.57
2017-02-09 13:00:00,550.52
2017-02-09 13:30:00,551.62
2017-02-09 14:00:00,542.21
2017-02-09 14:30:00,538.05
2017-02-09 15:00:00,516.61
2017-02-09 15:30:00,503.54
2017-02-09 16:00:00,503.42
2017-02-09 16:30:00,521.23
2017-02-09 17:00:00,533.52
2017-02-09 17:30:00,581.68
2017-02-09 18:00:00,680.63
2017-02-09 18:30:00,742.39
2017-02-09 19:00:00,774.55
2017-02-09 19:30:00,783.81
2017-02-09 20:00:00,815.64
2017-02-09 20:30:00,861.84
2017-02-09 21:00:00,817.29
2017-02-09 21:30:00,886.59
2017-02-09 22:00:00,919.53
2017-02-09 22:30:00,958.7
2017-02-09 23:00:00,899.65
2017-02-09 23:30:00,834.45
2017-02-10 00:00:00,720.41
2017-02-10 00:00:00,720.41
2017-02-10 00:30:00,634.04
2017-02-10 01:00:00,567.3
2017-02-10 01:30:00,511.47
2017-02-10 02:00:00,477.76
2017-02-10 02:30:00,429.75
2017-02-10 03:00:00,402.61
2017-02-10 03:30:00,385.38
2017-02-10 04:00:00,397.49
2017-02-10 04:30:00,387.07
2017-02-10 05:00:00,402.85
2017-02-10 05:30:00,423.91
2017-02-10 06:00:00,433.43
2017-02-10 06:30:00,400.72
2017-02-10 07:00:00,424.91
2017-02-10 07:30:00,480.12
2017-02-10 08:00:00,577.41
2017-02-10 08:30:00,662.74
2017-02-10 09:00:00,647.93
2017-02-10 09:30:00,611.62
2017-02-10 10:00:00,588.88
2017-02-10 10:30:00,600.85
2017-02-10 11:00:00,587.0
2017-02-10 11:30:00,620.51
2017-02-10 12:00:00,589.63
2017-02-10 12:30:00,559.43
2017-02-10 13:00:00,553.48
2017-02-10 13:30:00,516.94
2017-02-10 14:00:00,533.66
2017-02-10 14:30:00,561.44
2017-02-10 15:00:00,510.67
2017-02-10 15:30:00,521.74
2017-02-10 16:00:00,513.24
2017-02-10 16:30:00,531.99
2017-02-10 17:00:00,562.19
2017-02-10 17:30:00,569.89
2017-02-10 18:00:00,655.1
2017-02-10 18:30:00,729.33
2017-02-10 19:00:00,749.63
2017-02-10 19:30:00,840.31
2017-02-10 20:00:00,815.55
2017-02-10 20:30:00,812.77
2017-02-10 21:00:00,874.19
2017-02-10 21:30:00,841.89
2017-02-10 22:00:00,870.67
2017-02-10 22:30:00,921.41
2017-02-10 23:00:00,928.31
2017-02-10 23:30:00,884.16
2017-02-11 00:00:00,831.95
2017-02-11 00:00:00,831.95
2017-02-11 00:30:00,735.18
2017-02-11 01:00:00,651.72
2017-02-11 01:30:00,591.92
2017-02-11 02:00:00,533.78
2017-02-11 02:30:00,471.29
2017-02-11 03:00:00,457.54
2017-02-11 03:30:00,422.92
2017-02-11 04:00:00,413.04
2017-02-11 04:30:00,440.88
2017-02-11 05:00:00,444.02
2017-02-11 05:30:00,442.94
2017-02-11 06:00:00,452.8
2017-02-11 06:30:00,430.74
2017-02-11 07:00:00,444.33
2017-02-11 07:30:00,447.84
2017-02-11 08:00:00,492.34
2017-02-11 08:30:00,578.1
2017-02-11 09:00:00,677.26
2017-02-11 09:30:00,656.45
2017-02-11 10:00:00,707.02
2017-02-11 10:30:00,679.3
2017-02-11 11:00:00,638.47
2017-02-11 11:30:00,682.71
2017-02-11 12:00:00,656.01
2017-02-11 12:30:00,634.37
2017-02-11 13:00:00,627.06
2017-02-11 13:30:00,581.17
2017-02-11 14:00:00,602.05
2017-02-11 14:30:00,591.92
2017-02-11 15:00:00,579.29
2017-02-11 15:30:00,570.13
2017-02-11 16:00:00,581.87
2017-02-11 16:30:00,634.99
2017-02-11 17:00:00,608.73
2017-02-11 17:30:00,650.09
2017-02-11 18:00:00,673.51
2017-02-11 18:30:00,712.33
2017-02-11 19:00:00,722.69
2017-02-11 19:30:00,760.31
2017-02-11 20:00:00,776.72
2017-02-11 20:30:00,793.61
2017-02-11 21:00:00,817.61
2017-02-11 21:30:00,873.81
2017-02-11 22:00:00,884.11
2017-02-11 22:30:00,938.28
2017-02-11 23:00:00,889.77
2017-02-11 23:30:00,888.93
2017-02-12 00:00:00,810.43
2017-02-12 00:00:00,810.43
2017-02-12 00:30:00,732.11
2017-02-12 01:00:00,642.42
2017-02-12 01:30:00,572.2
2017-02-12 02:00:00,549.82
2017-02-12 02:30:00,505.92
2017-02-12 03:00:00,468.53
2017-02-12 03:30:00,454.66
2017-02-12 04:00:00,419.8
2017-02-12 04:30:00,418.47
2017-02-12 05:00:00,430.86
2017-02-12 05:30:00,441.29
2017-02-12 06:00:00,425.41
2017-02-12 06:30:00,407.57
2017-02-12 07:00:00,408.84
2017-02-12 07:30:00,377.73
2017-02-12 08:00:00,490.26
2017-02-12 08:30:00,546.34
2017-02-12 09:00:00,608.39
2017-02-12 09:30:00,579.9
2017-02-12 10:00:00,641.63
2017-02-12 10:30:00,613.86
2017-02-12 11:00:00,618.14
2017-02-12 11:30:00,678.16
2017-02-12 12:00:00,688.0
2017-02-12 12:30:00,629.56
2017-02-12 13:00:00,584.27
2017-02-12 13:30:00,563.9
2017-02-12 14:00:00,549.19
2017-02-12 14:30:00,578.31
2017-02-12 15:00:00,578.18
2017-02-12 15:30:00,608.54
2017-02-12 16:00:00,615.38
2017-02-12 16:30:00,601.18
2017-02-12 17:00:00,660.27
2017-02-12 17:30:00,691.62
2017-02-12 18:00:00,766.28
2017-02-12 18:30:00,817.0
2017-02-12 19:00:00,804.67
2017-02-12 19:30:00,816.42
2017-02-12 20:00:00,892.54
2017-02-12 20:30:00,933.03
2017-02-12 21:00:00,973.84
2017-02-12 21:30:00,995.01
2017-02-12 22:00:00,1049.05
2017-02-12 22:30:00,1046.79
2017-02-12 23:00:00,970.54
2017-02-12 23:30:00,886.03
2017-02-13 00:00:00,815.48
2017-02-13 00:00:00,815.48
2017-02-13 00:30:00,677.37
2017-02-13 01:00:00,610.07
2017-02-13 01:30:00,535.78
2017-02-13 02:00:00,481.06
2017-02-13 02:30:00,426.81
2017-02-13 03:00:00,423.94
2017-02-13 03:30:00,396.02
2017-02-13 04:00:00,421.39
2017-02-13 04:30:00,428.75
2017-02-13 05:00:00,437.33
2017-02-13 05:30:00,451.32
2017-02-13 06:00:00,442.62
2017-02-13 06:30:00,430.85
2017-02-13 07:00:00,422.11
2017-02-13 07:30:00,521.28
2017-02-13 08:00:00,642.5
2017-02-13 08:30:00,681.72
2017-02-13 09:00:00,713.07
2017-02-13 09:30:00,651.87
2017-02-13 10:00:00,637.62
2017-02-13 10:30:00,587.27
2017-02-13 11:00:00,549.43
2017-02-13 11:30:00,572.94
2017-02-13 12:00:00,567.21
2017-02-13 12:30:00,627.01
2017-02-13 13:00:00,545.27
2017-02-13 13:30:00,531.1
2017-02-13 14:00:00,525.61
2017-02-13 14:30:00,521.94
2017-02-13 15:00:00,511.39
2017-02-13 15:30:00,507.36
2017-02-13 16:00:00,528.56
2017-02-13 16:30:00,577.73
2017-02-13 17:00:00,583.98
2017-02-13 17:30:00,584.45
2017-02-13 18:00:00,667.38
2017-02-13 18:30:00,701.63
2017-02-13 19:00:00,772.13
2017-02-13 19:30:00,827.57
2017-02-13 20:00:00,861.22
2017-02-13 20:30:00,906.22
2017-02-13 21:00:00,931.53
2017-02-13 21:30:00,991.8
2017-02-13 22:00:00,1063.45
2017-02-13 22:30:00,1079.14
2017-02-13 23:00:00,1041.79
2017-02-13 23:30:00,967.92
2017-02-14 00:00:00,852.98
2017-02-14 00:00:00,852.98
2017-02-14 00:30:00,738.91
2017-02-14 01:00:00,593.66
2017-02-14 01:30:00,530.07
2017-02-14 02:00:00,455.38
2017-02-14 02:30:00,423.45
2017-02-14 03:00:00,382.08
2017-02-14 03:30:00,370.91
2017-02-14 04:00:00,362.87
2017-02-14 04:30:00,389.81
2017-02-14 05:00:00,430.6
2017-02-14 05:30:00,403.65
2017-02-14 06:00:00,461.51
2017-02-14 06:30:00,403.39
2017-02-14 07:00:00,417.02
2017-02-14 07:30:00,501.38
2017-02-14 08:00:00,675.52
2017-02-14 08:30:00,722.16
2017-02-14 09:00:00,799.16
2017-02-14 09:30:00,770.55
2017-02-14 10:00:00,650.77
2017-02-14 10:30:00,658.02
2017-02-14 11:00:00,597.54
2017-02-14 11:30:00,590.7
2017-02-14 12:00:00,617.35
2017-02-14 12:30:00,635.41
2017-02-14 13:00:00,501.99
2017-02-14 13:30:00,529.2
2017-02-14 14:00:00,503.74
2017-02-14 14:30:00,509.02
2017-02-14 15:00:00,514.91
2017-02-14 15:30:00,515.96
2017-02-14 16:00:00,519.16
2017-02-14 16:30:00,514.24
2017-02-14 17:00:00,574.85
2017-02-14 17:30:00,569.93
2017-02-14 18:00:00,676.13
2017-02-14 18:30:00,706.41
2017-02-14 19:00:00,743.19
2017-02-14 19:30:00,755.7
2017-02-14 20:00:00,789.73
2017-02-14 20:30:00,844.18
2017-02-14 21:00:00,838.09
2017-02-14 21:30:00,818.51
2017-02-14 22:00:00,879.78
2017-02-14 22:30:00,974.17
2017-02-14 23:00:00,991.96
2017-02-14 23:30:00,943.11
2017-02-15 00:00:00,845.49
2017-02-15 00:00:00,845.49
2017-02-15 00:30:00,738.54
2017-02-15 01:00:00,647.96
2017-02-15 01:30:00,542.2
2017-02-15 02:00:00,450.69
2017-02-15 02:30:00,422.08
2017-02-15 03:00:00,371.8
2017-02-15 03:30:00,379.54
2017-02-15 04:00:00,378.32
2017-02-15 04:30:00,384.84
2017-02-15 05:00:00,401.55
2017-02-15 05:30:00,423.93
2017-02-15 06:00:00,428.85
2017-02-15 06:30:00,416.37
2017-02-15 07:00:00,432.11
2017-02-15 07:30:00,454.98
2017-02-15 08:00:00,654.53
2017-02-15 08:30:00,660.75
2017-02-15 09:00:00,694.84
2017-02-15 09:30:00,693.96
2017-02-15 10:00:00,677.76
2017-02-15 10:30:00,628.93
2017-02-15 11:00:00,651.66
2017-02-15 11:30:00,624.81
2017-02-15 12:00:00,616.34
2017-02-15 12:30:00,650.31
2017-02-15 13:00:00,556.71
2017-02-15 13:30:00,521.18
2017-02-15 14:00:00,476.32
2017-02-15 14:30:00,536.29
2017-02-15 15:00:00,523.57
2017-02-15 15:30:00,557.97
2017-02-15 16:00:00,536.72
2017-02-15 16:30:00,527.7
2017-02-15 17:00:00,529.4
2017-02-15 17:30:00,553.53
2017-02-15 18:00:00,661.29
2017-02-15 18:30:00,728.11
2017-02-15 19:00:00,755.42
2017-02-15 19:30:00,797.06
2017-02-15 20:00:00,804.21
2017-02-15 20:30:00,863.01
2017-02-15 21:00:00,845.44
2017-02-15 21:30:00,928.46
2017-02-15 22:00:00,947.04
2017-02-15 22:30:00,1022.46
2017-02-15 23:00:00,1013.64
2017-02-15 23:30:00,919.49
2017-02-16 00:00:00,811.05
2017-02-16 00:00:00,811.05
2017-02-16 00:30:00,702.68
2017-02-16 01:00:00,616.1
2017-02-16 01:30:00,530.03
2017-02-16 02:00:00,465.45
2017-02-16 02:30:00,410.26
2017-02-16 03:00:00,400.66
2017-02-16 03:30:00,419.54
2017-02-16 04:00:00,380.78
2017-02-16 04:30:00,394.68
2017-02-16 05:00:00,403.34
2017-02-16 05:30:00,433.18
2017-02-16 06:00:00,449.03
2017-02-16 06:30:00,432.51
2017-02-16 07:00:00,445.08
2017-02-16 07:30:00,508.26
2017-02-16 08:00:00,669.97
2017-02-16 08:30:00,664.07
2017-02-16 09:00:00,767.39
2017-02-16 09:30:00,690.41
2017-02-16 10:00:00,729.67
2017-02-16 10:30:00,694.91
2017-02-16 11:00:00,646.01
2017-02-16 11:30:00,623.76
2017-02-16 12:00:00,631.5
2017-02-16 12:30:00,606.2
2017-02-16 13:00:00,560.15
2017-02-16 13:30:00,518.35
2017-02-16 14:00:00,517.85
2017-02-16 14:30:00,488.86
2017-02-16 15:00:00,535.12
2017-02-16 15:30:00,479.82
2017-02-16 16:00:00,547.24
2017-02-16 16:30:00,515.82
2017-02-16 17:00:00,512.69
2017-02-16 17:30:00,546.3
2017-02-16 18:00:00,608.48
2017-02-16 18:30:00,715.34
2017-02-16 19:00:00,747.23
2017-02-16 19:30:00,731.08
2017-02-16 20:00:00,779.54
2017-02-16 20:30:00,843.91
2017-02-16 21:00:00,864.2
2017-02-16 21:30:00,869.68
2017-02-16 22:00:00,953.49
2017-02-16 22:30:00,964.5
2017-02-16 23:00:00,966.03
2017-02-16 23:30:00,853.39
2017-02-17 00:00:00,709.29
2017-02-17 00:00:00,709.29
2017-02-17 00:30:00,583.82
2017-02-17 01:00:00,516.8
2017-02-17 01:30:00,430.55
2017-02-17 02:00:00,430.94
2017-02-17 02:30:00,358.97
2017-02-17 03:00:00,358.32
2017-02-17 03:30:00,367.63
2017-02-17 04:00:00,351.7
2017-02-17 04:30:00,385.28
2017-02-17 05:00:00,367.85
2017-02-17 05:30:00,411.44
2017-02-17 06:00:00,410.78
2017-02-17 06:30:00,395.2
2017-02-17 07:00:00,411.57
2017-02-17 07:30:00,472.48
2017-02-17 08:00:00,618.08
2017-02-17 08:30:00,703.09
2017-02-17 09:00:00,800.53
2017-02-17 09:30:00,679.43
2017-02-17 10:00:00,662.24
2017-02-17 10:30:00,666.16
2017-02-17 11:00:00,607.2
2017-02-17 11:30:00,599.0
2017-02-17 12:00:00,607.39
2017-02-17 12:30:00,677.29
2017-02-17 13:00:00,703.07
2017-02-17 13:30:00,664.01
2017-02-17 14:00:00,629.52
2017-02-17 14:30:00,587.76
2017-02-17 15:00:00,592.49
2017-02-17 15:30:00,590.62
2017-02-17 16:00:00,629.45
2017-02-17 16:30:00,618.17
2017-02-17 17:00:00,616.78
2017-02-17 17:30:00,667.57
2017-02-17 18:00:00,747.21
2017-02-17 18:30:00,735.02
2017-02-17 19:00:00,789.86
2017-02-17 19:30:00,818.85
2017-02-17 20:00:00,899.86
2017-02-17 20:30:00,815.64
2017-02-17 21:00:00,866.97
2017-02-17 21:30:00,938.28
2017-02-17 22:00:00,914.5
2017-02-17 22:30:00,979.67
2017-02-17 23:00:00,953.35
2017-02-17 23:30:00,940.32
2017-02-18 00:00:00,866.28
2017-02-18 00:00:00,866.28
2017-02-18 00:30:00,684.33
2017-02-18 01:00:00,634.12
2017-02-18 01:30:00,515.96
2017-02-18 02:00:00,445.19
2017-02-18 02:30:00,422.09
2017-02-18 03:00:00,382.72
2017-02-18 03:30:00,409.73
2017-02-18 04:00:00,386.22
2017-02-18 04:30:00,406.36
2017-02-18 05:00:00,395.92
2017-02-18 05:30:00,422.76
2017-02-18 06:00:00,448.2
2017-02-18 06:30:00,398.5
2017-02-18 07:00:00,448.88
2017-02-18 07:30:00,442.27
2017-02-18 08:00:00,528.12
2017-02-18 08:30:00,619.15
2017-02-18 09:00:00,717.48
2017-02-18 09:30:00,662.8
2017-02-18 10:00:00,709.02
2017-02-18 10:30:00,702.48
2017-02-18 11:00:00,692.32
2017-02-18 11:30:00,702.27
2017-02-18 12:00:00,681.65
2017-02-18 12:30:00,714.81
2017-02-18 13:00:00,594.1
2017-02-18 13:30:00,570.27
2017-02-18 14:00:00,536.19
2017-02-18 14:30:00,593.82
2017-02-18 15:00:00,558.93
2017-02-18 15:30:00,586.7
2017-02-18 16:00:00,586.97
2017-02-18 16:30:00,617.94
2017-02-18 17:00:00,624.33
2017-02-18 17:30:00,665.65
2017-02-18 18:00:00,747.85
2017-02-18 18:30:00,795.51
2017-02-18 19:00:00,797.3
2017-02-18 19:30:00,829.34
2017-02-18 20:00:00,822.32
2017-02-18 20:30:00,834.66
2017-02-18 21:00:00,849.45
2017-02-18 21:30:00,891.91
2017-02-18 22:00:00,885.54
2017-02-18 22:30:00,919.26
2017-02-18 23:00:00,950.12
2017-02-18 23:30:00,903.58
2017-02-19 00:00:00,774.43
2017-02-19 00:00:00,774.43
2017-02-19 00:30:00,668.37
2017-02-19 01:00:00,567.37
2017-02-19 01:30:00,514.36
2017-02-19 02:00:00,500.12
2017-02-19 02:30:00,426.54
2017-02-19 03:00:00,381.56
2017-02-19 03:30:00,354.62
2017-02-19 04:00:00,375.65
2017-02-19 04:30:00,362.66
2017-02-19 05:00:00,392.6
2017-02-19 05:30:00,369.85
2017-02-19 06:00:00,412.35
2017-02-19 06:30:00,408.43
2017-02-19 07:00:00,393.68
2017-02-19 07:30:00,425.39
2017-02-19 08:00:00,483.46
2017-02-19 08:30:00,576.72
2017-02-19 09:00:00,659.17
2017-02-19 09:30:00,683.74
2017-02-19 10:00:00,690.88
2017-02-19 10:30:00,703.36
2017-02-19 11:00:00,703.02
2017-02-19 11:30:00,697.24
2017-02-19 12:00:00,736.03
2017-02-19 12:30:00,693.15
2017-02-19 13:00:00,656.16
2017-02-19 13:30:00,604.3
2017-02-19 14:00:00,582.69
2017-02-19 14:30:00,625.84
2017-02-19 15:00:00,607.31
2017-02-19 15:30:00,612.22
2017-02-19 16:00:00,665.79
2017-02-19 16:30:00,622.62
2017-02-19 17:00:00,662.9
2017-02-19 17:30:00,705.8
2017-02-19 18:00:00,776.57
2017-02-19 18:30:00,856.05
2017-02-19 19:00:00,849.98
2017-02-19 19:30:00,865.92
2017-02-19 20:00:00,858.82
2017-02-19 20:30:00,922.16
2017-02-19 21:00:00,952.13
2017-02-19 21:30:00,915.84
2017-02-19 22:00:00,959.93
2017-02-19 22:30:00,991.41
2017-02-19 23:00:00,925.13
2017-02-19 23:30:00,850.93
2017-02-20 00:00:00,730.98
2017-02-20 00:00:00,730.98
2017-02-20 00:30:00,624.28
2017-02-20 01:00:00,543.45
2017-02-20 01:30:00,442.94
2017-02-20 02:00:00,412.66
2017-02-20 02:30:00,344.61
2017-02-20 03:00:00,391.97
2017-02-20 03:30:00,353.99
2017-02-20 04:00:00,328.73
2017-02-20 04:30:00,351.42
2017-02-20 05:00:00,359.61
2017-02-20 05:30:00,391.93
2017-02-20 06:00:00,391.23
2017-02-20 06:30:00,407.84
2017-02-20 07:00:00,414.53
2017-02-20 07:30:00,454.29
2017-02-20 08:00:00,599.91
2017-02-20 08:30:00,684.85
2017-02-20 09:00:00,752.15
2017-02-20 09:30:00,668.75
2017-02-20 10:00:00,641.26
2017-02-20 10:30:00,675.52
2017-02-20 11:00:00,668.0
2017-02-20 11:30:00,642.97
2017-02-20 12:00:00,688.95
2017-02-20 12:30:00,644.11
2017-02-20 13:00:00,648.74
2017-02-20 13:30:00,609.93
2017-02-20 14:00:00,563.6
2017-02-20 14:30:00,629.95
2017-02-20 15:00:00,607.69
2017-02-20 15:30:00,634.12
2017-02-20 16:00:00,682.5
2017-02-20 16:30:00,657.54
2017-02-20 17:00:00,679.02
2017-02-20 17:30:00,683.67
2017-02-20 18:00:00,761.2
2017-02-20 18:30:00,814.29
2017-02-20 19:00:00,854.14
2017-02-20 19:30:00,873.09
2017-02-20 20:00:00,904.05
2017-02-20 20:30:00,939.93
2017-02-20 21:00:00,1037.83
2017-02-20 21:30:00,1070.7
2017-02-20 22:00:00,1052.84
2017-02-20 22:30:00,1137.36
2017-02-20 23:00:00,1128.41
2017-02-20 23:30:00,1020.23
2017-02-21 00:00:00,864.41
2017-02-21 00:00:00,864.41
2017-02-21 00:30:00,768.97
2017-02-21 01:00:00,667.5
2017-02-21 01:30:00,550.96
2017-02-21 02:00:00,490.84
2017-02-21 02:30:00,437.66
2017-02-21 03:00:00,433.13
2017-02-21 03:30:00,415.97
2017-02-21 04:00:00,417.67
2017-02-21 04:30:00,398.63
2017-02-21 05:00:00,438.97
2017-02-21 05:30:00,466.31
2017-02-21 06:00:00,476.56
2017-02-21 06:30:00,463.59
2017-02-21 07:00:00,468.1
2017-02-21 07:30:00,575.59
2017-02-21 08:00:00,648.59
2017-02-21 08:30:00,774.34
2017-02-21 09:00:00,781.51
2017-02-21 09:30:00,770.16
2017-02-21 10:00:00,713.67
2017-02-21 10:30:00,706.22
2017-02-21 11:00:00,708.47
2017-02-21 11:30:00,676.2
2017-02-21 12:00:00,680.59
2017-02-21 12:30:00,741.43
2017-02-21 13:00:00,648.73
2017-02-21 13:30:00,602.59
2017-02-21 14:00:00,613.79
2017-02-21 14:30:00,617.66
2017-02-21 15:00:00,641.67
2017-02-21 15:30:00,691.55
2017-02-21 16:00:00,685.66
2017-02-21 16:30:00,711.12
2017-02-21 17:00:00,733.34
2017-02-21 17:30:00,730.45
2017-02-21 18:00:00,822.74
2017-02-21 18:30:00,906.82
2017-02-21 19:00:00,947.06
2017-02-21 19:30:00,942.67
2017-02-21 20:00:00,953.81
2017-02-21 20:30:00,956.46
2017-02-21 21:00:00,977.04
2017-02-21 21:30:00,1057.11
2017-02-21 22:00:00,1087.54
2017-02-21 22:30:00,1176.1
2017-02-21 23:00:00,1130.88
2017-02-21 23:30:00,1020.0
2017-02-22 00:00:00,897.05
2017-02-22 00:00:00,897.05
2017-02-22 00:30:00,772.44
2017-02-22 01:00:00,655.2
2017-02-22 01:30:00,573.69
2017-02-22 02:00:00,491.22
2017-02-22 02:30:00,433.74
2017-02-22 03:00:00,447.99
2017-02-22 03:30:00,415.01
2017-02-22 04:00:00,408.13
2017-02-22 04:30:00,374.94
2017-02-22 05:00:00,431.91
2017-02-22 05:30:00,424.79
2017-02-22 06:00:00,468.72
2017-02-22 06:30:00,419.83
2017-02-22 07:00:00,458.34
2017-02-22 07:30:00,581.58
2017-02-22 08:00:00,672.45
2017-02-22 08:30:00,796.4
2017-02-22 09:00:00,824.81
2017-02-22 09:30:00,775.65
2017-02-22 10:00:00,705.02
2017-02-22 10:30:00,752.7
2017-02-22 11:00:00,697.46
2017-02-22 11:30:00,711.45
2017-02-22 12:00:00,719.25
2017-02-22 12:30:00,720.77
2017-02-22 13:00:00,708.48
2017-02-22 13:30:00,676.82
2017-02-22 14:00:00,668.78
2017-02-22 14:30:00,663.07
2017-02-22 15:00:00,717.5
2017-02-22 15:30:00,717.21
2017-02-22 16:00:00,795.78
2017-02-22 16:30:00,751.37
2017-02-22 17:00:00,792.29
2017-02-22 17:30:00,804.61
2017-02-22 18:00:00,915.12
2017-02-22 18:30:00,965.02
2017-02-22 19:00:00,1007.31
2017-02-22 19:30:00,1008.63
2017-02-22 20:00:00,1017.98
2017-02-22 20:30:00,1053.95
2017-02-22 21:00:00,1116.79
2017-02-22 21:30:00,1100.6
2017-02-22 22:00:00,1193.44
2017-02-22 22:30:00,1207.48
2017-02-22 23:00:00,1194.79
2017-02-22 23:30:00,1135.97
2017-02-23 00:00:00,971.58
2017-02-23 00:00:00,971.58
2017-02-23 00:30:00,827.84
2017-02-23 01:00:00,694.29
2017-02-23 01:30:00,561.52
2017-02-23 02:00:00,522.51
2017-02-23 02:30:00,490.77
2017-02-23 03:00:00,477.52
2017-02-23 03:30:00,458.02
2017-02-23 04:00:00,421.39
2017-02-23 04:30:00,411.06
2017-02-23 05:00:00,475.61
2017-02-23 05:30:00,478.58
2017-02-23 06:00:00,487.93
2017-02-23 06:30:00,442.49
2017-02-23 07:00:00,519.45
2017-02-23 07:30:00,634.5
2017-02-23 08:00:00,716.6
2017-02-23 08:30:00,867.83
2017-02-23 09:00:00,833.23
2017-02-23 09:30:00,772.74
2017-02-23 10:00:00,718.21
2017-02-23 10:30:00,691.95
2017-02-23 11:00:00,691.46
2017-02-23 11:30:00,695.38
2017-02-23 12:00:00,729.37
2017-02-23 12:30:00,756.32
2017-02-23 13:00:00,727.91
2017-02-23 13:30:00,647.6
2017-02-23 14:00:00,597.93
2017-02-23 14:30:00,655.04
2017-02-23 15:00:00,661.41
2017-02-23 15:30:00,696.2
2017-02-23 16:00:00,727.11
2017-02-23 16:30:00,703.38
2017-02-23 17:00:00,739.72
2017-02-23 17:30:00,742.31
2017-02-23 18:00:00,886.18
2017-02-23 18:30:00,905.9
2017-02-23 19:00:00,929.94
2017-02-23 19:30:00,956.69
2017-02-23 20:00:00,1028.12
2017-02-23 20:30:00,1041.29
2017-02-23 21:00:00,1104.76
2017-02-23 21:30:00,1140.73
2017-02-23 22:00:00,1179.62
2017-02-23 22:30:00,1230.91
2017-02-23 23:00:00,1310.42
2017-02-23 23:30:00,1193.47
2017-02-24 00:00:00,1051.43
2017-02-24 00:00:00,1051.43
2017-02-24 00:30:00,865.65
2017-02-24 01:00:00,734.6
2017-02-24 01:30:00,652.97
2017-02-24 02:00:00,547.46
2017-02-24 02:30:00,481.23
2017-02-24 03:00:00,476.89
2017-02-24 03:30:00,468.14
2017-02-24 04:00:00,457.78
2017-02-24 04:30:00,473.25
2017-02-24 05:00:00,450.26
2017-02-24 05:30:00,483.69
2017-02-24 06:00:00,480.03
2017-02-24 06:30:00,504.72
2017-02-24 07:00:00,506.9
2017-02-24 07:30:00,655.98
2017-02-24 08:00:00,738.36
2017-02-24 08:30:00,825.67
2017-02-24 09:00:00,801.32
2017-02-24 09:30:00,713.06
2017-02-24 10:00:00,694.71
2017-02-24 10:30:00,666.86
2017-02-24 11:00:00,717.47
2017-02-24 11:30:00,716.6
2017-02-24 12:00:00,725.16
2017-02-24 12:30:00,762.08
2017-02-24 13:00:00,747.19
2017-02-24 13:30:00,645.06
2017-02-24 14:00:00,649.1
2017-02-24 14:30:00,659.81
2017-02-24 15:00:00,719.02
2017-02-24 15:30:00,721.44
2017-02-24 16:00:00,734.12
2017-02-24 16:30:00,711.14
2017-02-24 17:00:00,698.67
2017-02-24 17:30:00,771.16
2017-02-24 18:00:00,821.5
2017-02-24 18:30:00,896.6
2017-02-24 19:00:00,911.21
2017-02-24 19:30:00,980.07
2017-02-24 20:00:00,1032.29
2017-02-24 20:30:00,1031.57
2017-02-24 21:00:00,1082.92
2017-02-24 21:30:00,1080.95
2017-02-24 22:00:00,1157.3
2017-02-24 22:30:00,1192.43
2017-02-24 23:00:00,1178.25
2017-02-24 23:30:00,1149.54
2017-02-25 00:00:00,999.65
2017-02-25 00:00:00,999.65
2017-02-25 00:30:00,879.94
2017-02-25 01:00:00,764.02
2017-02-25 01:30:00,641.48
2017-02-25 02:00:00,594.1
2017-02-25 02:30:00,497.64
2017-02-25 03:00:00,487.7
2017-02-25 03:30:00,461.17
2017-02-25 04:00:00,444.66
2017-02-25 04:30:00,439.37
2017-02-25 05:00:00,434.88
2017-02-25 05:30:00,470.04
2017-02-25 06:00:00,474.11
2017-02-25 06:30:00,438.81
2017-02-25 07:00:00,484.12
2017-02-25 07:30:00,509.95
2017-02-25 08:00:00,608.02
2017-02-25 08:30:00,667.04
2017-02-25 09:00:00,763.1
2017-02-25 09:30:00,714.03
2017-02-25 10:00:00,746.2
2017-02-25 10:30:00,790.72
2017-02-25 11:00:00,716.21
2017-02-25 11:30:00,739.9
2017-02-25 12:00:00,791.15
2017-02-25 12:30:00,769.06
2017-02-25 13:00:00,703.48
2017-02-25 13:30:00,685.93
2017-02-25 14:00:00,633.7
2017-02-25 14:30:00,645.82
2017-02-25 15:00:00,651.41
2017-02-25 15:30:00,668.58
2017-02-25 16:00:00,662.85
2017-02-25 16:30:00,652.34
2017-02-25 17:00:00,673.34
2017-02-25 17:30:00,710.57
2017-02-25 18:00:00,801.71
2017-02-25 18:30:00,875.33
2017-02-25 19:00:00,894.6
2017-02-25 19:30:00,839.57
2017-02-25 20:00:00,899.92
2017-02-25 20:30:00,911.43
2017-02-25 21:00:00,957.43
2017-02-25 21:30:00,977.45
2017-02-25 22:00:00,1003.9
2017-02-25 22:30:00,1096.24
2017-02-25 23:00:00,1081.89
2017-02-25 23:30:00,999.65
2017-02-26 00:00:00,918.21
2017-02-26 00:00:00,918.21
2017-02-26 00:30:00,829.45
2017-02-26 01:00:00,727.69
2017-02-26 01:30:00,627.32
2017-02-26 02:00:00,547.04
2017-02-26 02:30:00,491.88
2017-02-26 03:00:00,464.68
2017-02-26 03:30:00,455.15
2017-02-26 04:00:00,425.74
2017-02-26 04:30:00,454.68
2017-02-26 05:00:00,426.97
2017-02-26 05:30:00,433.14
2017-02-26 06:00:00,477.08
2017-02-26 06:30:00,421.33
2017-02-26 07:00:00,434.12
2017-02-26 07:30:00,491.52
2017-02-26 08:00:00,585.09
2017-02-26 08:30:00,653.15
2017-02-26 09:00:00,679.59
2017-02-26 09:30:00,695.07
2017-02-26 10:00:00,757.9
2017-02-26 10:30:00,734.76
2017-02-26 11:00:00,722.67
2017-02-26 11:30:00,748.17
2017-02-26 12:00:00,774.6
2017-02-26 12:30:00,841.53
2017-02-26 13:00:00,745.52
2017-02-26 13:30:00,695.69
2017-02-26 14:00:00,671.4
2017-02-26 14:30:00,727.86
2017-02-26 15:00:00,734.09
2017-02-26 15:30:00,733.99
2017-02-26 16:00:00,686.88
2017-02-26 16:30:00,695.79
2017-02-26 17:00:00,697.56
2017-02-26 17:30:00,745.78
2017-02-26 18:00:00,843.18
2017-02-26 18:30:00,881.12
2017-02-26 19:00:00,910.55
2017-02-26 19:30:00,945.08
2017-02-26 20:00:00,996.41
2017-02-26 20:30:00,1087.37
2017-02-26 21:00:00,1036.87
2017-02-26 21:30:00,1139.82
2017-02-26 22:00:00,1150.03
2017-02-26 22:30:00,1204.58
2017-02-26 23:00:00,1125.73
2017-02-26 23:30:00,1034.74
2017-02-27 00:00:00,932.44
2017-02-27 00:00:00,932.44
2017-02-27 00:30:00,766.14
2017-02-27 01:00:00,708.86
2017-02-27 01:30:00,599.27
2017-02-27 02:00:00,540.25
2017-02-27 02:30:00,443.61
2017-02-27 03:00:00,446.83
2017-02-27 03:30:00,395.39
2017-02-27 04:00:00,375.43
2017-02-27 04:30:00,428.34
2017-02-27 05:00:00,431.37
2017-02-27 05:30:00,452.43
2017-02-27 06:00:00,438.62
2017-02-27 06:30:00,421.8
2017-02-27 07:00:00,484.38
2017-02-27 07:30:00,574.88
2017-02-27 08:00:00,711.17
2017-02-27 08:30:00,735.64
2017-02-27 09:00:00,770.01
2017-02-27 09:30:00,701.93
2017-02-27 10:00:00,675.45
2017-02-27 10:30:00,630.42
2017-02-27 11:00:00,718.73
2017-02-27 11:30:00,649.29
2017-02-27 12:00:00,680.14
2017-02-27 12:30:00,684.33
2017-02-27 13:00:00,629.17
2017-02-27 13:30:00,619.04
2017-02-27 14:00:00,518.87
2017-02-27 14:30:00,553.42
2017-02-27 15:00:00,543.43
2017-02-27 15:30:00,606.79
2017-02-27 16:00:00,647.44
2017-02-27 16:30:00,622.46
2017-02-27 17:00:00,621.43
2017-02-27 17:30:00,634.61
2017-02-27 18:00:00,698.17
2017-02-27 18:30:00,780.34
2017-02-27 19:00:00,814.56
2017-02-27 19:30:00,867.08
2017-02-27 20:00:00,907.53
2017-02-27 20:30:00,956.4
2017-02-27 21:00:00,976.35
2017-02-27 21:30:00,1017.85
2017-02-27 22:00:00,1095.77
2017-02-27 22:30:00,1087.65
2017-02-27 23:00:00,1099.65
2017-02-27 23:30:00,1038.92
2017-02-28 00:00:00,904.59
2017-02-28 00:00:00,904.59
2017-02-28 00:30:00,778.41
2017-02-28 01:00:00,656.15
2017-02-28 01:30:00,521.68
2017-02-28 02:00:00,489.28
2017-02-28 02:30:00,437.97
2017-02-28 03:00:00,428.73
2017-02-28 03:30:00,421.44
2017-02-28 04:00:00,407.4
2017-02-28 04:30:00,414.11
2017-02-28 05:00:00,425.18
2017-02-28 05:30:00,452.45
2017-02-28 06:00:00,454.44
2017-02-28 06:30:00,414.96
2017-02-28 07:00:00,428.65
2017-02-28 07:30:00,535.0
2017-02-28 08:00:00,687.92
2017-02-28 08:30:00,752.01
2017-02-28 09:00:00,766.52
2017-02-28 09:30:00,696.77
2017-02-28 10:00:00,605.35
2017-02-28 10:30:00,682.48
2017-02-28 11:00:00,610.46
2017-02-28 11:30:00,633.06
2017-02-28 12:00:00,616.65
2017-02-28 12:30:00,664.59
2017-02-28 13:00:00,594.44
2017-02-28 13:30:00,534.07
2017-02-28 14:00:00,564.83
2017-02-28 14:30:00,553.84
2017-02-28 15:00:00,555.87
2017-02-28 15:30:00,638.84
2017-02-28 16:00:00,637.72
2017-02-28 16:30:00,576.67
2017-02-28 17:00:00,592.41
2017-02-28 17:30:00,689.11
2017-02-28 18:00:00,737.96
2017-02-28 18:30:00,772.74
2017-02-28 19:00:00,885.41
2017-02-28 19:30:00,939.31
2017-02-28 20:00:00,968.66
2017-02-28 20:30:00,978.62
2017-02-28 21:00:00,989.78
2017-02-28 21:30:00,1007.05
2017-02-28 22:00:00,1097.48
2017-02-28 22:30:00,1174.36
2017-02-28 23:00:00,1175.33
2017-02-28 23:30:00,1078.97
2017-03-01 00:00:00,941.59
2017-03-01 00:00:00,941.59
2017-03-01 00:30:00,790.46
2017-03-01 01:00:00,674.79
2017-03-01 01:30:00,555.99
2017-03-01 02:00:00,492.47
2017-03-01 02:30:00,487.68
2017-03-01 03:00:00,399.78
2017-03-01 03:30:00,421.09
2017-03-01 04:00:00,413.66
2017-03-01 04:30:00,450.09
2017-03-01 05:00:00,425.97
2017-03-01 05:30:00,472.24
2017-03-01 06:00:00,478.24
2017-03-01 06:30:00,443.76
2017-03-01 07:00:00,471.98
2017-03-01 07:30:00,573.89
2017-03-01 08:00:00,726.93
2017-03-01 08:30:00,746.9
2017-03-01 09:00:00,694.22
2017-03-01 09:30:00,666.35
2017-03-01 10:00:00,555.66
2017-03-01 10:30:00,632.7
2017-03-01 11:00:00,627.18
2017-03-01 11:30:00,608.03
2017-03-01 12:00:00,647.57
2017-03-01 12:30:00,684.49
2017-03-01 13:00:00,609.27
2017-03-01 13:30:00,594.52
2017-03-01 14:00:00,585.88
2017-03-01 14:30:00,580.64
2017-03-01 15:00:00,553.74
2017-03-01 15:30:00,608.45
2017-03-01 16:00:00,713.87
2017-03-01 16:30:00,627.17
2017-03-01 17:00:00,681.27
2017-03-01 17:30:00,684.49
2017-03-01 18:00:00,773.84
2017-03-01 18:30:00,825.02
2017-03-01 19:00:00,880.54
2017-03-01 19:30:00,926.48
2017-03-01 20:00:00,944.46
2017-03-01 20:30:00,1003.44
2017-03-01 21:00:00,987.73
2017-03-01 21:30:00,1087.29
2017-03-01 22:00:00,1116.33
2017-03-01 22:30:00,1182.75
2017-03-01 23:00:00,1141.21
2017-03-01 23:30:00,1078.04
2017-03-02 00:00:00,940.07
2017-03-02 00:00:00,940.07
2017-03-02 00:30:00,767.73
2017-03-02 01:00:00,641.58
2017-03-02 01:30:00,547.19
2017-03-02 02:00:00,502.74
2017-03-02 02:30:00,425.7
2017-03-02 03:00:00,443.4
2017-03-02 03:30:00,395.86
2017-03-02 04:00:00,419.01
2017-03-02 04:30:00,409.19
2017-03-02 05:00:00,439.93
2017-03-02 05:30:00,443.89
2017-03-02 06:00:00,465.59
2017-03-02 06:30:00,460.04
2017-03-02 07:00:00,484.52
2017-03-02 07:30:00,621.89
2017-03-02 08:00:00,760.14
2017-03-02 08:30:00,756.75
2017-03-02 09:00:00,770.9
2017-03-02 09:30:00,713.97
2017-03-02 10:00:00,607.71
2017-03-02 10:30:00,631.46
2017-03-02 11:00:00,654.13
2017-03-02 11:30:00,606.09
2017-03-02 12:00:00,663.4
2017-03-02 12:30:00,701.04
2017-03-02 13:00:00,576.66
2017-03-02 13:30:00,606.19
2017-03-02 14:00:00,563.63
2017-03-02 14:30:00,559.63
2017-03-02 15:00:00,554.68
2017-03-02 15:30:00,611.04
2017-03-02 16:00:00,638.99
2017-03-02 16:30:00,551.83
2017-03-02 17:00:00,566.8
2017-03-02 17:30:00,662.11
2017-03-02 18:00:00,749.1
2017-03-02 18:30:00,847.34
2017-03-02 19:00:00,875.72
2017-03-02 19:30:00,907.12
2017-03-02 20:00:00,986.92
2017-03-02 20:30:00,1029.25
2017-03-02 21:00:00,1004.83
2017-03-02 21:30:00,1043.22
2017-03-02 22:00:00,1088.2
2017-03-02 22:30:00,1189.88
2017-03-02 23:00:00,1127.92
2017-03-02 23:30:00,1092.89
2017-03-03 00:00:00,937.93
2017-03-03 00:00:00,937.93
2017-03-03 00:30:00,773.9
2017-03-03 01:00:00,647.81
2017-03-03 01:30:00,540.04
2017-03-03 02:00:00,483.54
2017-03-03 02:30:00,471.79
2017-03-03 03:00:00,419.3
2017-03-03 03:30:00,402.31
2017-03-03 04:00:00,391.65
2017-03-03 04:30:00,409.24
2017-03-03 05:00:00,411.09
2017-03-03 05:30:00,420.26
2017-03-03 06:00:00,454.52
2017-03-03 06:30:00,436.25
2017-03-03 07:00:00,484.8
2017-03-03 07:30:00,593.11
2017-03-03 08:00:00,750.86
2017-03-03 08:30:00,781.18
2017-03-03 09:00:00,726.76
2017-03-03 09:30:00,684.6
2017-03-03 10:00:00,605.17
2017-03-03 10:30:00,592.74
2017-03-03 11:00:00,653.26
2017-03-03 11:30:00,638.57
2017-03-03 12:00:00,657.62
2017-03-03 12:30:00,669.77
2017-03-03 13:00:00,608.99
2017-03-03 13:30:00,562.23
2017-03-03 14:00:00,514.75
2017-03-03 14:30:00,477.16
2017-03-03 15:00:00,473.7
2017-03-03 15:30:00,626.1
2017-03-03 16:00:00,675.37
2017-03-03 16:30:00,582.95
2017-03-03 17:00:00,623.93
2017-03-03 17:30:00,656.6
2017-03-03 18:00:00,712.99
2017-03-03 18:30:00,769.28
2017-03-03 19:00:00,846.3
2017-03-03 19:30:00,851.07
2017-03-03 20:00:00,892.14
2017-03-03 20:30:00,896.35
2017-03-03 21:00:00,863.74
2017-03-03 21:30:00,888.42
2017-03-03 22:00:00,942.9
2017-03-03 22:30:00,998.73
2017-03-03 23:00:00,1005.88
2017-03-03 23:30:00,925.34
2017-03-04 00:00:00,843.4
2017-03-04 00:00:00,843.4
2017-03-04 00:30:00,762.52
2017-03-04 01:00:00,632.37
2017-03-04 01:30:00,538.25
2017-03-04 02:00:00,464.61
2017-03-04 02:30:00,439.34
2017-03-04 03:00:00,435.81
2017-03-04 03:30:00,367.68
2017-03-04 04:00:00,391.57
2017-03-04 04:30:00,362.72
2017-03-04 05:00:00,393.02
2017-03-04 05:30:00,446.99
2017-03-04 06:00:00,420.82
2017-03-04 06:30:00,385.05
2017-03-04 07:00:00,442.71
2017-03-04 07:30:00,481.16
2017-03-04 08:00:00,549.69
2017-03-04 08:30:00,550.43
2017-03-04 09:00:00,502.21
2017-03-04 09:30:00,493.08
2017-03-04 10:00:00,487.56
2017-03-04 10:30:00,521.66
2017-03-04 11:00:00,489.8
2017-03-04 11:30:00,446.31
2017-03-04 12:00:00,449.95
2017-03-04 12:30:00,454.74
2017-03-04 13:00:00,413.82
2017-03-04 13:30:00,374.63
2017-03-04 14:00:00,400.81
2017-03-04 14:30:00,429.67
2017-03-04 15:00:00,416.42
2017-03-04 15:30:00,519.06
2017-03-04 16:00:00,647.0
2017-03-04 16:30:00,638.1
2017-03-04 17:00:00,668.88
2017-03-04 17:30:00,661.03
2017-03-04 18:00:00,745.61
2017-03-04 18:30:00,821.95
2017-03-04 19:00:00,820.89
2017-03-04 19:30:00,783.29
2017-03-04 20:00:00,801.44
2017-03-04 20:30:00,852.55
2017-03-04 21:00:00,869.05
2017-03-04 21:30:00,856.05
2017-03-04 22:00:00,924.02
2017-03-04 22:30:00,896.2
2017-03-04 23:00:00,883.05
2017-03-04 23:30:00,880.02
2017-03-05 00:00:00,801.79
2017-03-05 00:00:00,801.79
2017-03-05 00:30:00,663.0
2017-03-05 01:00:00,603.58
2017-03-05 01:30:00,555.74
2017-03-05 02:00:00,469.74
2017-03-05 02:30:00,432.09
2017-03-05 03:00:00,383.49
2017-03-05 03:30:00,408.09
2017-03-05 04:00:00,359.75
2017-03-05 04:30:00,401.45
2017-03-05 05:00:00,362.35
2017-03-05 05:30:00,404.81
2017-03-05 06:00:00,417.86
2017-03-05 06:30:00,375.12
2017-03-05 07:00:00,357.39
2017-03-05 07:30:00,410.84
2017-03-05 08:00:00,537.3
2017-03-05 08:30:00,580.42
2017-03-05 09:00:00,588.81
2017-03-05 09:30:00,585.12
2017-03-05 10:00:00,663.06
2017-03-05 10:30:00,648.03
2017-03-05 11:00:00,653.48
2017-03-05 11:30:00,644.94
2017-03-05 12:00:00,756.15
2017-03-05 12:30:00,737.84
2017-03-05 13:00:00,663.4
2017-03-05 13:30:00,688.54
2017-03-05 14:00:00,632.02
2017-03-05 14:30:00,645.7
2017-03-05 15:00:00,621.5
2017-03-05 15:30:00,728.16
2017-03-05 16:00:00,787.57
2017-03-05 16:30:00,675.31
2017-03-05 17:00:00,683.07
2017-03-05 17:30:00,746.87
2017-03-05 18:00:00,722.42
2017-03-05 18:30:00,828.72
2017-03-05 19:00:00,789.24
2017-03-05 19:30:00,780.8
2017-03-05 20:00:00,851.95
2017-03-05 20:30:00,876.51
2017-03-05 21:00:00,854.57
2017-03-05 21:30:00,917.18
2017-03-05 22:00:00,938.18
2017-03-05 22:30:00,945.15
2017-03-05 23:00:00,920.39
2017-03-05 23:30:00,852.39
2017-03-06 00:00:00,753.09
2017-03-06 00:00:00,753.09
2017-03-06 00:30:00,635.41
2017-03-06 01:00:00,581.5
2017-03-06 01:30:00,495.09
2017-03-06 02:00:00,421.99
2017-03-06 02:30:00,428.99
2017-03-06 03:00:00,392.18
2017-03-06 03:30:00,349.48
2017-03-06 04:00:00,349.29
2017-03-06 04:30:00,355.82
2017-03-06 05:00:00,353.77
2017-03-06 05:30:00,386.85
2017-03-06 06:00:00,394.58
2017-03-06 06:30:00,369.29
2017-03-06 07:00:00,403.74
2017-03-06 07:30:00,489.45
2017-03-06 08:00:00,632.56
2017-03-06 08:30:00,709.97
2017-03-06 09:00:00,697.21
2017-03-06 09:30:00,618.35
2017-03-06 10:00:00,621.03
2017-03-06 10:30:00,579.12
2017-03-06 11:00:00,662.68
2017-03-06 11:30:00,611.66
2017-03-06 12:00:00,623.86
2017-03-06 12:30:00,642.92
2017-03-06 13:00:00,632.74
2017-03-06 13:30:00,522.09
2017-03-06 14:00:00,524.37
2017-03-06 14:30:00,553.59
2017-03-06 15:00:00,557.24
2017-03-06 15:30:00,601.76
2017-03-06 16:00:00,616.49
2017-03-06 16:30:00,559.7
2017-03-06 17:00:00,578.45
2017-03-06 17:30:00,642.8
2017-03-06 18:00:00,666.63
2017-03-06 18:30:00,809.59
2017-03-06 19:00:00,831.66
2017-03-06 19:30:00,826.11
2017-03-06 20:00:00,867.08
2017-03-06 20:30:00,878.39
2017-03-06 21:00:00,880.13
2017-03-06 21:30:00,887.3
2017-03-06 22:00:00,979.17
2017-03-06 22:30:00,1024.36
2017-03-06 23:00:00,996.6
2017-03-06 23:30:00,931.14
2017-03-07 00:00:00,840.32
2017-03-07 00:00:00,840.32
2017-03-07 00:30:00,664.17
2017-03-07 01:00:00,601.0
2017-03-07 01:30:00,531.1
2017-03-07 02:00:00,434.37
2017-03-07 02:30:00,405.22
2017-03-07 03:00:00,402.12
2017-03-07 03:30:00,368.91
2017-03-07 04:00:00,341.08
2017-03-07 04:30:00,330.78
2017-03-07 05:00:00,355.66
2017-03-07 05:30:00,407.2
2017-03-07 06:00:00,418.26
2017-03-07 06:30:00,413.89
2017-03-07 07:00:00,428.85
2017-03-07 07:30:00,525.9
2017-03-07 08:00:00,694.3
2017-03-07 08:30:00,671.87
2017-03-07 09:00:00,685.31
2017-03-07 09:30:00,649.65
2017-03-07 10:00:00,597.15
2017-03-07 10:30:00,659.4
2017-03-07 11:00:00,602.45
2017-03-07 11:30:00,609.44
2017-03-07 12:00:00,668.64
2017-03-07 12:30:00,677.51
2017-03-07 13:00:00,564.32
2017-03-07 13:30:00,529.16
2017-03-07 14:00:00,523.45
2017-03-07 14:30:00,561.12
2017-03-07 15:00:00,511.83
2017-03-07 15:30:00,559.75
2017-03-07 16:00:00,607.28
2017-03-07 16:30:00,562.69
2017-03-07 17:00:00,543.89
2017-03-07 17:30:00,619.53
2017-03-07 18:00:00,666.91
2017-03-07 18:30:00,753.02
2017-03-07 19:00:00,810.55
2017-03-07 19:30:00,823.05
2017-03-07 20:00:00,869.67
2017-03-07 20:30:00,908.3
2017-03-07 21:00:00,927.52
2017-03-07 21:30:00,924.68
2017-03-07 22:00:00,1065.6
2017-03-07 22:30:00,1097.37
2017-03-07 23:00:00,1055.92
2017-03-07 23:30:00,1008.2
2017-03-08 00:00:00,876.26
2017-03-08 00:00:00,876.26
2017-03-08 00:30:00,724.16
2017-03-08 01:00:00,617.06
2017-03-08 01:30:00,501.2
2017-03-08 02:00:00,453.33
2017-03-08 02:30:00,390.93
2017-03-08 03:00:00,384.29
2017-03-08 03:30:00,383.28
2017-03-08 04:00:00,365.73
2017-03-08 04:30:00,385.16
2017-03-08 05:00:00,380.65
2017-03-08 05:30:00,405.71
2017-03-08 06:00:00,416.64
2017-03-08 06:30:00,440.01
2017-03-08 07:00:00,422.17
2017-03-08 07:30:00,545.51
2017-03-08 08:00:00,725.32
2017-03-08 08:30:00,754.55
2017-03-08 09:00:00,773.91
2017-03-08 09:30:00,659.79
2017-03-08 10:00:00,604.88
2017-03-08 10:30:00,572.12
2017-03-08 11:00:00,652.52
2017-03-08 11:30:00,603.47
2017-03-08 12:00:00,663.21
2017-03-08 12:30:00,683.42
2017-03-08 13:00:00,593.74
2017-03-08 13:30:00,541.77
2017-03-08 14:00:00,526.98
2017-03-08 14:30:00,571.01
2017-03-08 15:00:00,583.58
2017-03-08 15:30:00,570.32
2017-03-08 16:00:00,667.03
2017-03-08 16:30:00,657.19
2017-03-08 17:00:00,662.24
2017-03-08 17:30:00,677.77
2017-03-08 18:00:00,748.44
2017-03-08 18:30:00,798.61
2017-03-08 19:00:00,832.83
2017-03-08 19:30:00,823.52
2017-03-08 20:00:00,882.43
2017-03-08 20:30:00,890.78
2017-03-08 21:00:00,908.74
2017-03-08 21:30:00,976.55
2017-03-08 22:00:00,1014.93
2017-03-08 22:30:00,1082.13
2017-03-08 23:00:00,1036.78
2017-03-08 23:30:00,965.28
2017-03-09 00:00:00,847.46
2017-03-09 00:00:00,847.46
2017-03-09 00:30:00,724.39
2017-03-09 01:00:00,611.7
2017-03-09 01:30:00,534.19
2017-03-09 02:00:00,418.24
2017-03-09 02:30:00,426.27
2017-03-09 03:00:00,414.84
2017-03-09 03:30:00,385.76
2017-03-09 04:00:00,369.67
2017-03-09 04:30:00,377.78
2017-03-09 05:00:00,409.52
2017-03-09 05:30:00,423.78
2017-03-09 06:00:00,434.76
2017-03-09 06:30:00,394.0
2017-03-09 07:00:00,448.65
2017-03-09 07:30:00,533.06
2017-03-09 08:00:00,686.94
2017-03-09 08:30:00,677.7
2017-03-09 09:00:00,698.91
2017-03-09 09:30:00,649.36
2017-03-09 10:00:00,640.94
2017-03-09 10:30:00,633.11
2017-03-09 11:00:00,610.45
2017-03-09 11:30:00,608.55
2017-03-09 12:00:00,607.23
2017-03-09 12:30:00,619.48
2017-03-09 13:00:00,533.96
2017-03-09 13:30:00,551.74
2017-03-09 14:00:00,536.74
2017-03-09 14:30:00,511.16
2017-03-09 15:00:00,516.29
2017-03-09 15:30:00,538.29
2017-03-09 16:00:00,611.75
2017-03-09 16:30:00,566.74
2017-03-09 17:00:00,576.96
2017-03-09 17:30:00,599.34
2017-03-09 18:00:00,664.77
2017-03-09 18:30:00,768.67
2017-03-09 19:00:00,768.74
2017-03-09 19:30:00,806.42
2017-03-09 20:00:00,849.96
2017-03-09 20:30:00,798.53
2017-03-09 21:00:00,809.61
2017-03-09 21:30:00,909.16
2017-03-09 22:00:00,989.65
2017-03-09 22:30:00,1024.02
2017-03-09 23:00:00,999.38
2017-03-09 23:30:00,901.26
2017-03-10 00:00:00,794.11
2017-03-10 00:00:00,794.11
2017-03-10 00:30:00,654.51
2017-03-10 01:00:00,573.91
2017-03-10 01:30:00,498.93
2017-03-10 02:00:00,451.11
2017-03-10 02:30:00,398.66
2017-03-10 03:00:00,399.74
2017-03-10 03:30:00,389.67
2017-03-10 04:00:00,360.41
2017-03-10 04:30:00,386.95
2017-03-10 05:00:00,369.04
2017-03-10 05:30:00,431.03
2017-03-10 06:00:00,435.49
2017-03-10 06:30:00,373.88
2017-03-10 07:00:00,401.0
2017-03-10 07:30:00,549.02
2017-03-10 08:00:00,660.25
2017-03-10 08:30:00,650.3
2017-03-10 09:00:00,682.86
2017-03-10 09:30:00,634.33
2017-03-10 10:00:00,618.9
2017-03-10 10:30:00,587.97
2017-03-10 11:00:00,615.14
2017-03-10 11:30:00,639.83
2017-03-10 12:00:00,631.68
2017-03-10 12:30:00,666.11
2017-03-10 13:00:00,553.77
2017-03-10 13:30:00,546.8
2017-03-10 14:00:00,496.36
2017-03-10 14:30:00,588.0
2017-03-10 15:00:00,508.03
2017-03-10 15:30:00,545.48
2017-03-10 16:00:00,630.57
2017-03-10 16:30:00,575.5
2017-03-10 17:00:00,567.09
2017-03-10 17:30:00,616.9
2017-03-10 18:00:00,652.68
2017-03-10 18:30:00,736.24
2017-03-10 19:00:00,769.19
2017-03-10 19:30:00,767.34
2017-03-10 20:00:00,759.61
2017-03-10 20:30:00,794.8
2017-03-10 21:00:00,837.66
2017-03-10 21:30:00,850.01
2017-03-10 22:00:00,888.89
2017-03-10 22:30:00,908.67
2017-03-10 23:00:00,910.08
2017-03-10 23:30:00,838.47
2017-03-11 00:00:00,783.48
2017-03-11 00:00:00,783.48
2017-03-11 00:30:00,669.21
2017-03-11 01:00:00,568.78
2017-03-11 01:30:00,460.63
2017-03-11 02:00:00,430.24
2017-03-11 02:30:00,400.12
2017-03-11 03:00:00,397.92
2017-03-11 03:30:00,388.44
2017-03-11 04:00:00,350.8
2017-03-11 04:30:00,370.7
2017-03-11 05:00:00,394.78
2017-03-11 05:30:00,411.33
2017-03-11 06:00:00,419.97
2017-03-11 06:30:00,365.64
2017-03-11 07:00:00,389.23
2017-03-11 07:30:00,453.52
2017-03-11 08:00:00,538.93
2017-03-11 08:30:00,585.46
2017-03-11 09:00:00,631.91
2017-03-11 09:30:00,571.55
2017-03-11 10:00:00,587.75
2017-03-11 10:30:00,662.99
2017-03-11 11:00:00,647.28
2017-03-11 11:30:00,612.81
2017-03-11 12:00:00,604.91
2017-03-11 12:30:00,681.63
2017-03-11 13:00:00,629.12
2017-03-11 13:30:00,523.12
2017-03-11 14:00:00,510.78
2017-03-11 14:30:00,521.92
2017-03-11 15:00:00,622.51
2017-03-11 15:30:00,533.91
2017-03-11 16:00:00,626.23
2017-03-11 16:30:00,559.47
2017-03-11 17:00:00,575.81
2017-03-11 17:30:00,649.99
2017-03-11 18:00:00,665.24
2017-03-11 18:30:00,758.3
2017-03-11 19:00:00,741.55
2017-03-11 19:30:00,751.93
2017-03-11 20:00:00,764.43
2017-03-11 20:30:00,822.47
2017-03-11 21:00:00,816.35
2017-03-11 21:30:00,825.99
2017-03-11 22:00:00,898.35
2017-03-11 22:30:00,903.31
2017-03-11 23:00:00,912.92
2017-03-11 23:30:00,846.25
2017-03-12 00:00:00,739.88
2017-03-12 00:00:00,739.88
2017-03-12 00:30:00,668.97
2017-03-12 01:00:00,532.06
2017-03-12 01:30:00,445.24
2017-03-12 02:00:00,432.03
2017-03-12 02:30:00,391.22
2017-03-12 03:00:00,362.53
2017-03-12 03:30:00,355.74
2017-03-12 04:00:00,352.57
2017-03-12 04:30:00,349.12
2017-03-12 05:00:00,368.15
2017-03-12 05:30:00,394.71
2017-03-12 06:00:00,372.87
2017-03-12 06:30:00,363.44
2017-03-12 07:00:00,394.43
2017-03-12 07:30:00,470.43
2017-03-12 08:00:00,507.25
2017-03-12 08:30:00,544.18
2017-03-12 09:00:00,599.84
2017-03-12 09:30:00,597.01
2017-03-12 10:00:00,592.45
2017-03-12 10:30:00,653.25
2017-03-12 11:00:00,611.3
2017-03-12 11:30:00,645.84
2017-03-12 12:00:00,660.5
2017-03-12 12:30:00,739.19
2017-03-12 13:00:00,641.08
2017-03-12 13:30:00,650.0
2017-03-12 14:00:00,683.78
2017-03-12 14:30:00,683.65
2017-03-12 15:00:00,678.33
2017-03-12 15:30:00,726.11
2017-03-12 16:00:00,776.62
2017-03-12 16:30:00,762.07
2017-03-12 17:00:00,715.77
2017-03-12 17:30:00,809.97
2017-03-12 18:00:00,798.88
2017-03-12 18:30:00,832.23
2017-03-12 19:00:00,812.69
2017-03-12 19:30:00,864.38
2017-03-12 20:00:00,858.56
2017-03-12 20:30:00,887.03
2017-03-12 21:00:00,877.86
2017-03-12 21:30:00,893.15
2017-03-12 22:00:00,900.55
2017-03-12 22:30:00,928.48
2017-03-12 23:00:00,898.42
2017-03-12 23:30:00,822.63
2017-03-13 00:00:00,721.34
2017-03-13 00:00:00,721.34
2017-03-13 00:30:00,602.99
2017-03-13 01:00:00,527.41
2017-03-13 01:30:00,474.65
2017-03-13 02:00:00,435.94
2017-03-13 02:30:00,395.5
2017-03-13 03:00:00,369.0
2017-03-13 03:30:00,362.39
2017-03-13 04:00:00,326.58
2017-03-13 04:30:00,336.09
2017-03-13 05:00:00,360.47
2017-03-13 05:30:00,407.73
2017-03-13 06:00:00,359.45
2017-03-13 06:30:00,383.84
2017-03-13 07:00:00,417.06
2017-03-13 07:30:00,490.69
2017-03-13 08:00:00,653.95
2017-03-13 08:30:00,678.49
2017-03-13 09:00:00,684.08
2017-03-13 09:30:00,660.7
2017-03-13 10:00:00,610.04
2017-03-13 10:30:00,617.39
2017-03-13 11:00:00,675.32
2017-03-13 11:30:00,654.46
2017-03-13 12:00:00,659.42
2017-03-13 12:30:00,680.31
2017-03-13 13:00:00,581.61
2017-03-13 13:30:00,544.7
2017-03-13 14:00:00,566.54
2017-03-13 14:30:00,528.09
2017-03-13 15:00:00,596.79
2017-03-13 15:30:00,623.6
2017-03-13 16:00:00,656.29
2017-03-13 16:30:00,639.25
2017-03-13 17:00:00,656.7
2017-03-13 17:30:00,661.17
2017-03-13 18:00:00,777.67
2017-03-13 18:30:00,811.33
2017-03-13 19:00:00,807.41
2017-03-13 19:30:00,828.95
2017-03-13 20:00:00,870.47
2017-03-13 20:30:00,915.49
2017-03-13 21:00:00,859.02
2017-03-13 21:30:00,971.26
2017-03-13 22:00:00,931.27
2017-03-13 22:30:00,998.08
2017-03-13 23:00:00,999.34
2017-03-13 23:30:00,896.39
2017-03-14 00:00:00,819.45
2017-03-14 00:00:00,819.45
2017-03-14 00:30:00,686.75
2017-03-14 01:00:00,597.77
2017-03-14 01:30:00,514.3
2017-03-14 02:00:00,465.63
2017-03-14 02:30:00,419.92
2017-03-14 03:00:00,419.2
2017-03-14 03:30:00,374.91
2017-03-14 04:00:00,372.66
2017-03-14 04:30:00,372.1
2017-03-14 05:00:00,399.72
2017-03-14 05:30:00,454.67
2017-03-14 06:00:00,444.74
2017-03-14 06:30:00,422.34
2017-03-14 07:00:00,435.82
2017-03-14 07:30:00,529.14
2017-03-14 08:00:00,693.14
2017-03-14 08:30:00,724.81
2017-03-14 09:00:00,720.89
2017-03-14 09:30:00,685.4
2017-03-14 10:00:00,671.08
2017-03-14 10:30:00,649.97
2017-03-14 11:00:00,625.94
2017-03-14 11:30:00,637.45
2017-03-14 12:00:00,643.19
2017-03-14 12:30:00,688.77
2017-03-14 13:00:00,625.2
2017-03-14 13:30:00,559.27
2017-03-14 14:00:00,550.81
2017-03-14 14:30:00,620.34
2017-03-14 15:00:00,594.61
2017-03-14 15:30:00,623.97
2017-03-14 16:00:00,657.64
2017-03-14 16:30:00,616.34
2017-03-14 17:00:00,630.12
2017-03-14 17:30:00,658.92
2017-03-14 18:00:00,708.03
2017-03-14 18:30:00,800.96
2017-03-14 19:00:00,846.15
2017-03-14 19:30:00,834.41
2017-03-14 20:00:00,904.7
2017-03-14 20:30:00,930.02
2017-03-14 21:00:00,939.31
2017-03-14 21:30:00,958.41
2017-03-14 22:00:00,999.34
2017-03-14 22:30:00,1059.08
2017-03-14 23:00:00,1108.74
2017-03-14 23:30:00,1027.51
2017-03-15 00:00:00,874.56
2017-03-15 00:00:00,874.56
2017-03-15 00:30:00,717.54
2017-03-15 01:00:00,583.91
2017-03-15 01:30:00,523.73
2017-03-15 02:00:00,444.04
2017-03-15 02:30:00,404.4
2017-03-15 03:00:00,398.65
2017-03-15 03:30:00,370.16
2017-03-15 04:00:00,382.58
2017-03-15 04:30:00,343.22
2017-03-15 05:00:00,402.09
2017-03-15 05:30:00,434.38
2017-03-15 06:00:00,411.47
2017-03-15 06:30:00,423.52
2017-03-15 07:00:00,432.17
2017-03-15 07:30:00,568.88
2017-03-15 08:00:00,746.14
2017-03-15 08:30:00,728.83
2017-03-15 09:00:00,702.01
2017-03-15 09:30:00,620.84
2017-03-15 10:00:00,612.52
2017-03-15 10:30:00,610.05
2017-03-15 11:00:00,668.94
2017-03-15 11:30:00,626.36
2017-03-15 12:00:00,632.34
2017-03-15 12:30:00,660.61
2017-03-15 13:00:00,608.47
2017-03-15 13:30:00,550.2
2017-03-15 14:00:00,511.28
2017-03-15 14:30:00,582.44
2017-03-15 15:00:00,544.86
2017-03-15 15:30:00,568.97
2017-03-15 16:00:00,673.04
2017-03-15 16:30:00,545.81
2017-03-15 17:00:00,630.22
2017-03-15 17:30:00,663.63
2017-03-15 18:00:00,692.27
2017-03-15 18:30:00,804.94
2017-03-15 19:00:00,823.03
2017-03-15 19:30:00,874.65
2017-03-15 20:00:00,866.11
2017-03-15 20:30:00,852.98
2017-03-15 21:00:00,900.18
2017-03-15 21:30:00,927.18
2017-03-15 22:00:00,998.79
2017-03-15 22:30:00,995.65
2017-03-15 23:00:00,1013.0
2017-03-15 23:30:00,961.25
2017-03-16 00:00:00,834.77
2017-03-16 00:00:00,834.77
2017-03-16 00:30:00,674.42
2017-03-16 01:00:00,609.84
2017-03-16 01:30:00,513.56
2017-03-16 02:00:00,479.52
2017-03-16 02:30:00,398.52
2017-03-16 03:00:00,406.99
2017-03-16 03:30:00,388.79
2017-03-16 04:00:00,363.12
2017-03-16 04:30:00,378.02
2017-03-16 05:00:00,382.62
2017-03-16 05:30:00,409.21
2017-03-16 06:00:00,404.11
2017-03-16 06:30:00,417.54
2017-03-16 07:00:00,407.38
2017-03-16 07:30:00,473.7
2017-03-16 08:00:00,697.24
2017-03-16 08:30:00,721.25
2017-03-16 09:00:00,766.35
2017-03-16 09:30:00,676.86
2017-03-16 10:00:00,617.85
2017-03-16 10:30:00,645.71
2017-03-16 11:00:00,666.77
2017-03-16 11:30:00,628.48
2017-03-16 12:00:00,582.35
2017-03-16 12:30:00,687.88
2017-03-16 13:00:00,595.14
2017-03-16 13:30:00,557.28
2017-03-16 14:00:00,526.45
2017-03-16 14:30:00,575.78
2017-03-16 15:00:00,581.14
2017-03-16 15:30:00,576.96
2017-03-16 16:00:00,632.45
2017-03-16 16:30:00,585.2
2017-03-16 17:00:00,587.01
2017-03-16 17:30:00,626.43
2017-03-16 18:00:00,682.21
2017-03-16 18:30:00,735.39
2017-03-16 19:00:00,803.91
2017-03-16 19:30:00,874.75
2017-03-16 20:00:00,892.39
2017-03-16 20:30:00,906.97
2017-03-16 21:00:00,894.22
2017-03-16 21:30:00,948.96
2017-03-16 22:00:00,1050.59
2017-03-16 22:30:00,1053.55
2017-03-16 23:00:00,1024.08
2017-03-16 23:30:00,939.69
2017-03-17 00:00:00,853.36
2017-03-17 00:00:00,853.36
2017-03-17 00:30:00,760.43
2017-03-17 01:00:00,609.38
2017-03-17 01:30:00,539.13
2017-03-17 02:00:00,477.65
2017-03-17 02:30:00,400.66
2017-03-17 03:00:00,389.6
2017-03-17 03:30:00,374.69
2017-03-17 04:00:00,358.21
2017-03-17 04:30:00,378.23
2017-03-17 05:00:00,395.19
2017-03-17 05:30:00,407.16
2017-03-17 06:00:00,411.17
2017-03-17 06:30:00,368.65
2017-03-17 07:00:00,420.99
2017-03-17 07:30:00,519.39
2017-03-17 08:00:00,692.03
2017-03-17 08:30:00,748.81
2017-03-17 09:00:00,748.12
2017-03-17 09:30:00,643.76
2017-03-17 10:00:00,650.14
2017-03-17 10:30:00,630.59
2017-03-17 11:00:00,666.11
2017-03-17 11:30:00,629.4
2017-03-17 12:00:00,663.23
2017-03-17 12:30:00,728.98
2017-03-17 13:00:00,608.69
2017-03-17 13:30:00,574.35
2017-03-17 14:00:00,527.26
2017-03-17 14:30:00,570.88
2017-03-17 15:00:00,576.85
2017-03-17 15:30:00,590.77
2017-03-17 16:00:00,640.91
2017-03-17 16:30:00,636.55
2017-03-17 17:00:00,642.37
2017-03-17 17:30:00,605.59
2017-03-17 18:00:00,694.68
2017-03-17 18:30:00,746.05
2017-03-17 19:00:00,792.65
2017-03-17 19:30:00,817.78
2017-03-17 20:00:00,836.86
2017-03-17 20:30:00,898.74
2017-03-17 21:00:00,884.45
2017-03-17 21:30:00,873.17
2017-03-17 22:00:00,920.92
2017-03-17 22:30:00,990.57
2017-03-17 23:00:00,1006.43
2017-03-17 23:30:00,924.63
2017-03-18 00:00:00,825.36
2017-03-18 00:00:00,825.36
2017-03-18 00:30:00,673.47
2017-03-18 01:00:00,581.51
2017-03-18 01:30:00,523.18
2017-03-18 02:00:00,449.81
2017-03-18 02:30:00,412.81
2017-03-18 03:00:00,396.74
2017-03-18 03:30:00,400.3
2017-03-18 04:00:00,370.66
2017-03-18 04:30:00,364.04
2017-03-18 05:00:00,397.84
2017-03-18 05:30:00,379.55
2017-03-18 06:00:00,379.99
2017-03-18 06:30:00,413.38
2017-03-18 07:00:00,411.88
2017-03-18 07:30:00,445.55
2017-03-18 08:00:00,555.17
2017-03-18 08:30:00,563.93
2017-03-18 09:00:00,630.32
2017-03-18 09:30:00,573.57
2017-03-18 10:00:00,646.59
2017-03-18 10:30:00,692.44
2017-03-18 11:00:00,615.15
2017-03-18 11:30:00,668.6
2017-03-18 12:00:00,676.66
2017-03-18 12:30:00,665.22
2017-03-18 13:00:00,609.0
2017-03-18 13:30:00,589.41
2017-03-18 14:00:00,579.23
2017-03-18 14:30:00,589.85
2017-03-18 15:00:00,605.15
2017-03-18 15:30:00,682.39
2017-03-18 16:00:00,642.34
2017-03-18 16:30:00,634.18
2017-03-18 17:00:00,610.13
2017-03-18 17:30:00,683.51
2017-03-18 18:00:00,707.16
2017-03-18 18:30:00,773.29
2017-03-18 19:00:00,795.02
2017-03-18 19:30:00,803.1
2017-03-18 20:00:00,775.2
2017-03-18 20:30:00,810.08
2017-03-18 21:00:00,801.83
2017-03-18 21:30:00,855.49
2017-03-18 22:00:00,836.04
2017-03-18 22:30:00,835.89
2017-03-18 23:00:00,864.45
2017-03-18 23:30:00,784.43
2017-03-19 00:00:00,717.81
2017-03-19 00:00:00,717.81
2017-03-19 00:30:00,634.27
2017-03-19 01:00:00,543.34
2017-03-19 01:30:00,497.12
2017-03-19 02:00:00,460.6
2017-03-19 02:30:00,399.36
2017-03-19 03:00:00,400.33
2017-03-19 03:30:00,347.68
2017-03-19 04:00:00,379.01
2017-03-19 04:30:00,360.44
2017-03-19 05:00:00,390.01
2017-03-19 05:30:00,376.31
2017-03-19 06:00:00,380.6
2017-03-19 06:30:00,360.11
2017-03-19 07:00:00,387.48
2017-03-19 07:30:00,443.59
2017-03-19 08:00:00,555.02
2017-03-19 08:30:00,540.12
2017-03-19 09:00:00,628.73
2017-03-19 09:30:00,576.1
2017-03-19 10:00:00,629.69
2017-03-19 10:30:00,665.45
2017-03-19 11:00:00,604.93
2017-03-19 11:30:00,639.87
2017-03-19 12:00:00,638.5
2017-03-19 12:30:00,723.94
2017-03-19 13:00:00,678.28
2017-03-19 13:30:00,656.94
2017-03-19 14:00:00,661.47
2017-03-19 14:30:00,649.88
2017-03-19 15:00:00,679.45
2017-03-19 15:30:00,704.8
2017-03-19 16:00:00,742.73
2017-03-19 16:30:00,724.87
2017-03-19 17:00:00,716.62
2017-03-19 17:30:00,757.06
2017-03-19 18:00:00,803.82
2017-03-19 18:30:00,850.88
2017-03-19 19:00:00,836.54
2017-03-19 19:30:00,853.86
2017-03-19 20:00:00,891.53
2017-03-19 20:30:00,931.05
2017-03-19 21:00:00,908.97
2017-03-19 21:30:00,954.32
2017-03-19 22:00:00,941.4
2017-03-19 22:30:00,918.62
2017-03-19 23:00:00,958.57
2017-03-19 23:30:00,848.95
2017-03-20 00:00:00,767.76
2017-03-20 00:00:00,767.76
2017-03-20 00:30:00,649.66
2017-03-20 01:00:00,580.39
2017-03-20 01:30:00,501.17
2017-03-20 02:00:00,457.12
2017-03-20 02:30:00,392.65
2017-03-20 03:00:00,385.8
2017-03-20 03:30:00,399.13
2017-03-20 04:00:00,381.47
2017-03-20 04:30:00,381.1
2017-03-20 05:00:00,379.13
2017-03-20 05:30:00,423.56
2017-03-20 06:00:00,386.52
2017-03-20 06:30:00,373.92
2017-03-20 07:00:00,420.67
2017-03-20 07:30:00,508.66
2017-03-20 08:00:00,615.54
2017-03-20 08:30:00,653.12
2017-03-20 09:00:00,699.0
2017-03-20 09:30:00,699.64
2017-03-20 10:00:00,582.87
2017-03-20 10:30:00,621.35
2017-03-20 11:00:00,579.28
2017-03-20 11:30:00,639.24
2017-03-20 12:00:00,643.82
2017-03-20 12:30:00,680.51
2017-03-20 13:00:00,630.39
2017-03-20 13:30:00,586.61
2017-03-20 14:00:00,564.38
2017-03-20 14:30:00,604.9
2017-03-20 15:00:00,605.46
2017-03-20 15:30:00,581.66
2017-03-20 16:00:00,626.55
2017-03-20 16:30:00,621.24
2017-03-20 17:00:00,646.03
2017-03-20 17:30:00,673.21
2017-03-20 18:00:00,694.91
2017-03-20 18:30:00,773.87
2017-03-20 19:00:00,812.92
2017-03-20 19:30:00,834.8
2017-03-20 20:00:00,877.31
2017-03-20 20:30:00,883.02
2017-03-20 21:00:00,879.39
2017-03-20 21:30:00,905.19
2017-03-20 22:00:00,925.35
2017-03-20 22:30:00,980.79
2017-03-20 23:00:00,952.1
2017-03-20 23:30:00,851.56
2017-03-21 00:00:00,751.98
2017-03-21 00:00:00,751.98
2017-03-21 00:30:00,636.3
2017-03-21 01:00:00,567.84
2017-03-21 01:30:00,503.39
2017-03-21 02:00:00,439.18
2017-03-21 02:30:00,391.48
2017-03-21 03:00:00,372.78
2017-03-21 03:30:00,366.05
2017-03-21 04:00:00,339.67
2017-03-21 04:30:00,343.44
2017-03-21 05:00:00,367.47
2017-03-21 05:30:00,365.8
2017-03-21 06:00:00,400.82
2017-03-21 06:30:00,391.91
2017-03-21 07:00:00,403.18
2017-03-21 07:30:00,493.52
2017-03-21 08:00:00,661.22
2017-03-21 08:30:00,661.38
2017-03-21 09:00:00,709.97
2017-03-21 09:30:00,626.15
2017-03-21 10:00:00,635.33
2017-03-21 10:30:00,604.75
2017-03-21 11:00:00,583.07
2017-03-21 11:30:00,615.92
2017-03-21 12:00:00,573.05
2017-03-21 12:30:00,602.48
2017-03-21 13:00:00,550.91
2017-03-21 13:30:00,515.77
2017-03-21 14:00:00,480.54
2017-03-21 14:30:00,544.69
2017-03-21 15:00:00,501.59
2017-03-21 15:30:00,571.23
2017-03-21 16:00:00,593.45
2017-03-21 16:30:00,579.26
2017-03-21 17:00:00,567.06
2017-03-21 17:30:00,650.1
2017-03-21 18:00:00,684.99
2017-03-21 18:30:00,796.78
2017-03-21 19:00:00,807.97
2017-03-21 19:30:00,817.18
2017-03-21 20:00:00,798.18
2017-03-21 20:30:00,867.97
2017-03-21 21:00:00,877.89
2017-03-21 21:30:00,925.85
2017-03-21 22:00:00,1000.38
2017-03-21 22:30:00,1009.93
2017-03-21 23:00:00,1026.09
2017-03-21 23:30:00,952.68
2017-03-22 00:00:00,849.86
2017-03-22 00:00:00,849.86
2017-03-22 00:30:00,721.76
2017-03-22 01:00:00,579.11
2017-03-22 01:30:00,493.92
2017-03-22 02:00:00,448.89
2017-03-22 02:30:00,406.52
2017-03-22 03:00:00,402.19
2017-03-22 03:30:00,378.71
2017-03-22 04:00:00,370.2
2017-03-22 04:30:00,372.37
2017-03-22 05:00:00,399.3
2017-03-22 05:30:00,408.97
2017-03-22 06:00:00,399.63
2017-03-22 06:30:00,402.79
2017-03-22 07:00:00,414.62
2017-03-22 07:30:00,508.86
2017-03-22 08:00:00,613.68
2017-03-22 08:30:00,715.42
2017-03-22 09:00:00,725.44
2017-03-22 09:30:00,654.21
2017-03-22 10:00:00,648.62
2017-03-22 10:30:00,617.14
2017-03-22 11:00:00,662.95
2017-03-22 11:30:00,639.05
2017-03-22 12:00:00,640.26
2017-03-22 12:30:00,640.67
2017-03-22 13:00:00,594.57
2017-03-22 13:30:00,641.22
2017-03-22 14:00:00,577.16
2017-03-22 14:30:00,609.86
2017-03-22 15:00:00,682.88
2017-03-22 15:30:00,655.75
2017-03-22 16:00:00,677.49
2017-03-22 16:30:00,671.56
2017-03-22 17:00:00,669.51
2017-03-22 17:30:00,714.81
2017-03-22 18:00:00,758.0
2017-03-22 18:30:00,863.46
2017-03-22 19:00:00,848.98
2017-03-22 19:30:00,876.02
2017-03-22 20:00:00,916.1
2017-03-22 20:30:00,911.91
2017-03-22 21:00:00,925.56
2017-03-22 21:30:00,923.5
2017-03-22 22:00:00,934.46
2017-03-22 22:30:00,949.58
2017-03-22 23:00:00,953.16
2017-03-22 23:30:00,902.16
2017-03-23 00:00:00,807.49
2017-03-23 00:00:00,807.49
2017-03-23 00:30:00,711.35
2017-03-23 01:00:00,591.15
2017-03-23 01:30:00,554.38
2017-03-23 02:00:00,475.49
2017-03-23 02:30:00,445.66
2017-03-23 03:00:00,423.71
2017-03-23 03:30:00,438.38
2017-03-23 04:00:00,370.3
2017-03-23 04:30:00,393.86
2017-03-23 05:00:00,373.49
2017-03-23 05:30:00,398.82
2017-03-23 06:00:00,410.44
2017-03-23 06:30:00,400.24
2017-03-23 07:00:00,442.05
2017-03-23 07:30:00,477.96
2017-03-23 08:00:00,615.69
2017-03-23 08:30:00,700.04
2017-03-23 09:00:00,784.7
2017-03-23 09:30:00,656.65
2017-03-23 10:00:00,670.13
2017-03-23 10:30:00,648.49
2017-03-23 11:00:00,696.87
2017-03-23 11:30:00,698.36
2017-03-23 12:00:00,674.95
2017-03-23 12:30:00,726.29
2017-03-23 13:00:00,620.94
2017-03-23 13:30:00,545.61
2017-03-23 14:00:00,568.99
2017-03-23 14:30:00,580.68
2017-03-23 15:00:00,562.42
2017-03-23 15:30:00,631.46
2017-03-23 16:00:00,646.12
2017-03-23 16:30:00,672.53
2017-03-23 17:00:00,652.35
2017-03-23 17:30:00,651.56
2017-03-23 18:00:00,720.4
2017-03-23 18:30:00,793.64
2017-03-23 19:00:00,828.48
2017-03-23 19:30:00,850.72
2017-03-23 20:00:00,819.0
2017-03-23 20:30:00,863.79
2017-03-23 21:00:00,808.51
2017-03-23 21:30:00,850.08
2017-03-23 22:00:00,863.78
2017-03-23 22:30:00,954.54
2017-03-23 23:00:00,932.19
2017-03-23 23:30:00,923.65
2017-03-24 00:00:00,791.0
2017-03-24 00:00:00,791.0
2017-03-24 00:30:00,675.89
2017-03-24 01:00:00,606.51
2017-03-24 01:30:00,533.41
2017-03-24 02:00:00,441.34
2017-03-24 02:30:00,388.85
2017-03-24 03:00:00,424.43
2017-03-24 03:30:00,391.87
2017-03-24 04:00:00,380.82
2017-03-24 04:30:00,399.22
2017-03-24 05:00:00,401.96
2017-03-24 05:30:00,409.24
2017-03-24 06:00:00,415.18
2017-03-24 06:30:00,425.99
2017-03-24 07:00:00,448.83
2017-03-24 07:30:00,534.71
2017-03-24 08:00:00,652.66
2017-03-24 08:30:00,723.88
2017-03-24 09:00:00,705.11
2017-03-24 09:30:00,651.35
2017-03-24 10:00:00,629.13
2017-03-24 10:30:00,623.78
2017-03-24 11:00:00,617.57
2017-03-24 11:30:00,602.55
2017-03-24 12:00:00,611.8
2017-03-24 12:30:00,645.2
2017-03-24 13:00:00,560.48
2017-03-24 13:30:00,543.93
2017-03-24 14:00:00,538.65
2017-03-24 14:30:00,563.51
2017-03-24 15:00:00,615.45
2017-03-24 15:30:00,660.07
2017-03-24 16:00:00,657.54
2017-03-24 16:30:00,635.67
2017-03-24 17:00:00,645.77
2017-03-24 17:30:00,694.79
2017-03-24 18:00:00,719.99
2017-03-24 18:30:00,771.91
2017-03-24 19:00:00,814.25
2017-03-24 19:30:00,904.19
2017-03-24 20:00:00,892.15
2017-03-24 20:30:00,910.16
2017-03-24 21:00:00,915.31
2017-03-24 21:30:00,883.48
2017-03-24 22:00:00,897.65
2017-03-24 22:30:00,923.3
2017-03-24 23:00:00,915.9
2017-03-24 23:30:00,881.55
2017-03-25 00:00:00,824.87
2017-03-25 00:00:00,824.87
2017-03-25 00:30:00,748.13
2017-03-25 01:00:00,654.75
2017-03-25 01:30:00,560.72
2017-03-25 02:00:00,484.33
2017-03-25 02:30:00,433.26
2017-03-25 03:00:00,398.59
2017-03-25 03:30:00,407.52
2017-03-25 04:00:00,379.29
2017-03-25 04:30:00,401.51
2017-03-25 05:00:00,428.41
2017-03-25 05:30:00,442.64
2017-03-25 06:00:00,429.09
2017-03-25 06:30:00,393.9
2017-03-25 07:00:00,454.03
2017-03-25 07:30:00,479.58
2017-03-25 08:00:00,584.7
2017-03-25 08:30:00,687.91
2017-03-25 09:00:00,725.69
2017-03-25 09:30:00,587.61
2017-03-25 10:00:00,619.93
2017-03-25 10:30:00,608.53
2017-03-25 11:00:00,557.08
2017-03-25 11:30:00,595.23
2017-03-25 12:00:00,593.8
2017-03-25 12:30:00,611.83
2017-03-25 13:00:00,522.44
2017-03-25 13:30:00,559.96
2017-03-25 14:00:00,563.36
2017-03-25 14:30:00,632.12
2017-03-25 15:00:00,656.65
2017-03-25 15:30:00,644.25
2017-03-25 16:00:00,750.35
2017-03-25 16:30:00,701.85
2017-03-25 17:00:00,718.14
2017-03-25 17:30:00,681.02
2017-03-25 18:00:00,740.51
2017-03-25 18:30:00,769.83
2017-03-25 19:00:00,772.64
2017-03-25 19:30:00,791.7
2017-03-25 20:00:00,839.58
2017-03-25 20:30:00,893.86
2017-03-25 21:00:00,871.77
2017-03-25 21:30:00,876.44
2017-03-25 22:00:00,898.51
2017-03-25 22:30:00,922.03
2017-03-25 23:00:00,880.96
2017-03-25 23:30:00,867.75
2017-03-26 00:00:00,769.6
2017-03-26 00:00:00,769.6
2017-03-26 00:30:00,721.66
2017-03-26 01:00:00,591.6
2017-03-26 01:30:00,521.04
2017-03-26 02:00:00,470.57
2017-03-26 02:30:00,414.14
2017-03-26 03:00:00,384.3
2017-03-26 03:30:00,392.7
2017-03-26 04:00:00,386.82
2017-03-26 04:30:00,331.04
2017-03-26 05:00:00,359.82
2017-03-26 05:30:00,395.88
2017-03-26 06:00:00,398.16
2017-03-26 06:30:00,347.1
2017-03-26 07:00:00,383.89
2017-03-26 07:30:00,444.2
2017-03-26 08:00:00,559.67
2017-03-26 08:30:00,537.23
2017-03-26 09:00:00,594.57
2017-03-26 09:30:00,647.23
2017-03-26 10:00:00,671.74
2017-03-26 10:30:00,633.15
2017-03-26 11:00:00,603.52
2017-03-26 11:30:00,631.57
2017-03-26 12:00:00,642.57
2017-03-26 12:30:00,688.61
2017-03-26 13:00:00,602.44
2017-03-26 13:30:00,573.85
2017-03-26 14:00:00,599.76
2017-03-26 14:30:00,609.64
2017-03-26 15:00:00,673.92
2017-03-26 15:30:00,692.25
2017-03-26 16:00:00,700.34
2017-03-26 16:30:00,626.04
2017-03-26 17:00:00,651.81
2017-03-26 17:30:00,637.34
2017-03-26 18:00:00,706.29
2017-03-26 18:30:00,729.99
2017-03-26 19:00:00,733.13
2017-03-26 19:30:00,802.12
2017-03-26 20:00:00,834.44
2017-03-26 20:30:00,847.14
2017-03-26 21:00:00,888.77
2017-03-26 21:30:00,925.67
2017-03-26 22:00:00,911.73
2017-03-26 22:30:00,890.82
2017-03-26 23:00:00,908.34
2017-03-26 23:30:00,838.33
2017-03-27 00:00:00,754.44
2017-03-27 00:00:00,754.44
2017-03-27 00:30:00,640.78
2017-03-27 01:00:00,538.83
2017-03-27 01:30:00,460.77
2017-03-27 02:00:00,408.77
2017-03-27 02:30:00,387.5
2017-03-27 03:00:00,341.36
2017-03-27 03:30:00,346.38
2017-03-27 04:00:00,338.21
2017-03-27 04:30:00,308.94
2017-03-27 05:00:00,385.17
2017-03-27 05:30:00,405.25
2017-03-27 06:00:00,423.11
2017-03-27 06:30:00,372.31
2017-03-27 07:00:00,374.47
2017-03-27 07:30:00,468.35
2017-03-27 08:00:00,621.21
2017-03-27 08:30:00,642.49
2017-03-27 09:00:00,704.42
2017-03-27 09:30:00,597.76
2017-03-27 10:00:00,576.75
2017-03-27 10:30:00,528.08
2017-03-27 11:00:00,580.35
2017-03-27 11:30:00,539.11
2017-03-27 12:00:00,557.82
2017-03-27 12:30:00,594.2
2017-03-27 13:00:00,484.55
2017-03-27 13:30:00,453.31
2017-03-27 14:00:00,453.81
2017-03-27 14:30:00,532.66
2017-03-27 15:00:00,525.04
2017-03-27 15:30:00,580.36
2017-03-27 16:00:00,573.49
2017-03-27 16:30:00,538.55
2017-03-27 17:00:00,558.71
2017-03-27 17:30:00,589.69
2017-03-27 18:00:00,641.12
2017-03-27 18:30:00,708.4
2017-03-27 19:00:00,714.37
2017-03-27 19:30:00,787.97
2017-03-27 20:00:00,757.49
2017-03-27 20:30:00,781.22
2017-03-27 21:00:00,813.41
2017-03-27 21:30:00,833.71
2017-03-27 22:00:00,859.3
2017-03-27 22:30:00,905.33
2017-03-27 23:00:00,887.75
2017-03-27 23:30:00,843.65
2017-03-28 00:00:00,742.73
2017-03-28 00:00:00,742.73
2017-03-28 00:30:00,592.66
2017-03-28 01:00:00,524.28
2017-03-28 01:30:00,411.08
2017-03-28 02:00:00,393.64
2017-03-28 02:30:00,344.21
2017-03-28 03:00:00,338.8
2017-03-28 03:30:00,321.52
2017-03-28 04:00:00,318.14
2017-03-28 04:30:00,313.76
2017-03-28 05:00:00,355.95
2017-03-28 05:30:00,390.95
2017-03-28 06:00:00,374.44
2017-03-28 06:30:00,361.5
2017-03-28 07:00:00,387.06
2017-03-28 07:30:00,452.84
2017-03-28 08:00:00,609.76
2017-03-28 08:30:00,680.54
2017-03-28 09:00:00,665.91
2017-03-28 09:30:00,578.93
2017-03-28 10:00:00,608.83
2017-03-28 10:30:00,545.3
2017-03-28 11:00:00,558.17
2017-03-28 11:30:00,571.96
2017-03-28 12:00:00,557.04
2017-03-28 12:30:00,601.5
2017-03-28 13:00:00,487.76
2017-03-28 13:30:00,492.68
2017-03-28 14:00:00,447.41
2017-03-28 14:30:00,486.82
2017-03-28 15:00:00,498.8
2017-03-28 15:30:00,499.8
2017-03-28 16:00:00,562.35
2017-03-28 16:30:00,511.44
2017-03-28 17:00:00,538.93
2017-03-28 17:30:00,585.94
2017-03-28 18:00:00,619.71
2017-03-28 18:30:00,693.77
2017-03-28 19:00:00,703.36
2017-03-28 19:30:00,745.53
2017-03-28 20:00:00,752.1
2017-03-28 20:30:00,803.33
2017-03-28 21:00:00,744.82
2017-03-28 21:30:00,798.21
2017-03-28 22:00:00,851.72
2017-03-28 22:30:00,878.14
2017-03-28 23:00:00,874.7
2017-03-28 23:30:00,792.56
2017-03-29 00:00:00,688.07
2017-03-29 00:00:00,688.07
2017-03-29 00:30:00,587.19
2017-03-29 01:00:00,446.01
2017-03-29 01:30:00,428.89
2017-03-29 02:00:00,349.01
2017-03-29 02:30:00,328.34
2017-03-29 03:00:00,307.42
2017-03-29 03:30:00,346.93
2017-03-29 04:00:00,304.47
2017-03-29 04:30:00,321.31
2017-03-29 05:00:00,334.21
2017-03-29 05:30:00,334.97
2017-03-29 06:00:00,374.31
2017-03-29 06:30:00,347.63
2017-03-29 07:00:00,371.93
2017-03-29 07:30:00,453.26
2017-03-29 08:00:00,658.19
2017-03-29 08:30:00,675.55
2017-03-29 09:00:00,690.98
2017-03-29 09:30:00,607.24
2017-03-29 10:00:00,538.96
2017-03-29 10:30:00,541.38
2017-03-29 11:00:00,534.42
2017-03-29 11:30:00,502.91
2017-03-29 12:00:00,536.72
2017-03-29 12:30:00,584.11
2017-03-29 13:00:00,520.29
2017-03-29 13:30:00,509.66
2017-03-29 14:00:00,497.97
2017-03-29 14:30:00,504.43
2017-03-29 15:00:00,538.36
2017-03-29 15:30:00,556.96
2017-03-29 16:00:00,562.66
2017-03-29 16:30:00,521.14
2017-03-29 17:00:00,524.76
2017-03-29 17:30:00,537.83
2017-03-29 18:00:00,626.99
2017-03-29 18:30:00,729.01
2017-03-29 19:00:00,701.88
2017-03-29 19:30:00,751.33
2017-03-29 20:00:00,736.31
2017-03-29 20:30:00,791.09
2017-03-29 21:00:00,770.73
2017-03-29 21:30:00,805.84
2017-03-29 22:00:00,847.54
2017-03-29 22:30:00,922.45
2017-03-29 23:00:00,846.18
2017-03-29 23:30:00,790.77
2017-03-30 00:00:00,733.56
2017-03-30 00:00:00,733.56
2017-03-30 00:30:00,610.72
2017-03-30 01:00:00,513.29
2017-03-30 01:30:00,450.36
2017-03-30 02:00:00,403.75
2017-03-30 02:30:00,346.03
2017-03-30 03:00:00,331.06
2017-03-30 03:30:00,313.47
2017-03-30 04:00:00,330.4
2017-03-30 04:30:00,338.49
2017-03-30 05:00:00,366.95
2017-03-30 05:30:00,389.34
2017-03-30 06:00:00,349.02
2017-03-30 06:30:00,353.64
2017-03-30 07:00:00,361.4
2017-03-30 07:30:00,402.46
2017-03-30 08:00:00,580.97
2017-03-30 08:30:00,638.12
2017-03-30 09:00:00,662.64
2017-03-30 09:30:00,635.39
2017-03-30 10:00:00,582.23
2017-03-30 10:30:00,538.03
2017-03-30 11:00:00,527.77
2017-03-30 11:30:00,526.17
2017-03-30 12:00:00,547.23
2017-03-30 12:30:00,516.74
2017-03-30 13:00:00,521.1
2017-03-30 13:30:00,508.55
2017-03-30 14:00:00,511.75
2017-03-30 14:30:00,511.99
2017-03-30 15:00:00,536.05
2017-03-30 15:30:00,553.86
2017-03-30 16:00:00,569.4
2017-03-30 16:30:00,599.51
2017-03-30 17:00:00,564.45
2017-03-30 17:30:00,613.46
2017-03-30 18:00:00,601.27
2017-03-30 18:30:00,714.0
2017-03-30 19:00:00,728.17
2017-03-30 19:30:00,783.25
2017-03-30 20:00:00,755.19
2017-03-30 20:30:00,774.19
2017-03-30 21:00:00,789.76
2017-03-30 21:30:00,836.38
2017-03-30 22:00:00,881.72
2017-03-30 22:30:00,915.09
2017-03-30 23:00:00,879.86
2017-03-30 23:30:00,800.76
2017-03-31 00:00:00,715.23
2017-03-31 00:00:00,715.23
2017-03-31 00:30:00,616.46
2017-03-31 01:00:00,524.46
2017-03-31 01:30:00,442.85
2017-03-31 02:00:00,397.14
2017-03-31 02:30:00,390.25
2017-03-31 03:00:00,323.98
2017-03-31 03:30:00,309.34
2017-03-31 04:00:00,353.37
2017-03-31 04:30:00,336.08
2017-03-31 05:00:00,386.92
2017-03-31 05:30:00,408.11
2017-03-31 06:00:00,419.17
2017-03-31 06:30:00,377.0
2017-03-31 07:00:00,405.24
2017-03-31 07:30:00,496.85
2017-03-31 08:00:00,601.19
2017-03-31 08:30:00,649.57
2017-03-31 09:00:00,667.82
2017-03-31 09:30:00,608.73
2017-03-31 10:00:00,563.57
2017-03-31 10:30:00,536.29
2017-03-31 11:00:00,523.85
2017-03-31 11:30:00,557.08
2017-03-31 12:00:00,575.09
2017-03-31 12:30:00,650.28
2017-03-31 13:00:00,546.71
2017-03-31 13:30:00,488.86
2017-03-31 14:00:00,486.05
2017-03-31 14:30:00,404.48
2017-03-31 15:00:00,448.56
2017-03-31 15:30:00,502.56
2017-03-31 16:00:00,531.15
2017-03-31 16:30:00,540.48
2017-03-31 17:00:00,565.4
2017-03-31 17:30:00,568.02
2017-03-31 18:00:00,599.35
2017-03-31 18:30:00,665.49
2017-03-31 19:00:00,710.16
2017-03-31 19:30:00,743.63
2017-03-31 20:00:00,778.1
2017-03-31 20:30:00,833.39
2017-03-31 21:00:00,823.17
2017-03-31 21:30:00,848.03
2017-03-31 22:00:00,839.06
2017-03-31 22:30:00,859.45
2017-03-31 23:00:00,867.74
2017-03-31 23:30:00,768.07
2017-04-01 00:00:00,704.35
2017-04-01 00:00:00,704.35
2017-04-01 00:30:00,606.11
2017-04-01 01:00:00,538.92
2017-04-01 01:30:00,466.18
2017-04-01 02:00:00,444.19
2017-04-01 02:30:00,383.16
2017-04-01 03:00:00,361.71
2017-04-01 03:30:00,353.06
2017-04-01 04:00:00,335.28
2017-04-01 04:30:00,347.72
2017-04-01 05:00:00,362.49
2017-04-01 05:30:00,382.87
2017-04-01 06:00:00,366.97
2017-04-01 06:30:00,359.31
2017-04-01 07:00:00,356.8
2017-04-01 07:30:00,454.73
2017-04-01 08:00:00,560.5
2017-04-01 08:30:00,658.64
2017-04-01 09:00:00,680.32
2017-04-01 09:30:00,651.69
2017-04-01 10:00:00,638.18
2017-04-01 10:30:00,563.18
2017-04-01 11:00:00,543.99
2017-04-01 11:30:00,546.36
2017-04-01 12:00:00,582.18
2017-04-01 12:30:00,598.61
2017-04-01 13:00:00,545.68
2017-04-01 13:30:00,503.23
2017-04-01 14:00:00,470.72
2017-04-01 14:30:00,479.98
2017-04-01 15:00:00,447.76
2017-04-01 15:30:00,533.26
2017-04-01 16:00:00,516.02
2017-04-01 16:30:00,490.63
2017-04-01 17:00:00,489.87
2017-04-01 17:30:00,504.93
2017-04-01 18:00:00,513.39
2017-04-01 18:30:00,591.42
2017-04-01 19:00:00,601.11
2017-04-01 19:30:00,655.24
2017-04-01 20:00:00,716.0
2017-04-01 20:30:00,694.86
2017-04-01 21:00:00,688.66
2017-04-01 21:30:00,757.16
2017-04-01 22:00:00,723.28
2017-04-01 22:30:00,734.52
2017-04-01 23:00:00,776.46
2017-04-01 23:30:00,717.93
2017-04-02 00:00:00,649.86
2017-04-02 00:00:00,649.86
2017-04-02 00:30:00,586.06
2017-04-02 01:00:00,544.69
2017-04-02 01:30:00,456.95
2017-04-02 02:00:00,380.5
2017-04-02 02:30:00,361.87
2017-04-02 03:00:00,355.59
2017-04-02 03:30:00,383.2
2017-04-02 04:00:00,359.27
2017-04-02 04:30:00,338.75
2017-04-02 05:00:00,393.62
2017-04-02 05:30:00,384.64
2017-04-02 06:00:00,334.61
2017-04-02 06:30:00,326.29
2017-04-02 07:00:00,373.69
2017-04-02 07:30:00,399.7
2017-04-02 08:00:00,454.9
2017-04-02 08:30:00,529.45
2017-04-02 09:00:00,618.11
2017-04-02 09:30:00,
2017-04-02 10:00:00,
2017-04-02 10:30:00,
2017-04-02 11:00:00,
2017-04-02 11:30:00,
2017-04-02 12:00:00,575.43
2017-04-02 12:30:00,558.49
2017-04-02 13:00:00,513.79
2017-04-02 13:30:00,480.43
2017-04-02 14:00:00,456.43
2017-04-02 14:30:00,436.2
2017-04-02 15:00:00,410.69
2017-04-02 15:30:00,489.73
2017-04-02 16:00:00,534.67
2017-04-02 16:30:00,507.07
2017-04-02 17:00:00,442.75
2017-04-02 17:30:00,496.42
2017-04-02 18:00:00,488.97
2017-04-02 18:30:00,569.91
2017-04-02 19:00:00,597.28
2017-04-02 19:30:00,627.91
2017-04-02 20:00:00,598.64
2017-04-02 20:30:00,594.97
2017-04-02 21:00:00,601.09
2017-04-02 21:30:00,604.01
2017-04-02 22:00:00,671.85
2017-04-02 22:30:00,682.54
2017-04-02 23:00:00,675.5
2017-04-02 23:30:00,672.93
2017-04-03 00:00:00,611.57
2017-04-03 00:00:00,611.57
2017-04-03 00:30:00,552.78
2017-04-03 01:00:00,463.74
2017-04-03 01:30:00,412.2
2017-04-03 02:00:00,326.49
2017-04-03 02:30:00,331.78
2017-04-03 03:00:00,322.22
2017-04-03 03:30:00,299.72
2017-04-03 04:00:00,327.78
2017-04-03 04:30:00,304.09
2017-04-03 05:00:00,338.79
2017-04-03 05:30:00,333.93
2017-04-03 06:00:00,347.57
2017-04-03 06:30:00,319.95
2017-04-03 07:00:00,340.28
2017-04-03 07:30:00,357.9
2017-04-03 08:00:00,421.97
2017-04-03 08:30:00,449.45
2017-04-03 09:00:00,487.37
2017-04-03 09:30:00,520.54
2017-04-03 10:00:00,551.72
2017-04-03 10:30:00,529.04
2017-04-03 11:00:00,499.27
2017-04-03 11:30:00,446.88
2017-04-03 12:00:00,507.51
2017-04-03 12:30:00,448.57
2017-04-03 13:00:00,474.7
2017-04-03 13:30:00,426.92
2017-04-03 14:00:00,450.27
2017-04-03 14:30:00,464.95
2017-04-03 15:00:00,460.93
2017-04-03 15:30:00,500.32
2017-04-03 16:00:00,457.21
2017-04-03 16:30:00,441.32
2017-04-03 17:00:00,458.17
2017-04-03 17:30:00,462.36
2017-04-03 18:00:00,476.45
2017-04-03 18:30:00,552.01
2017-04-03 19:00:00,557.04
2017-04-03 19:30:00,589.47
2017-04-03 20:00:00,606.64
2017-04-03 20:30:00,603.4
2017-04-03 21:00:00,591.27
2017-04-03 21:30:00,618.29
2017-04-03 22:00:00,646.52
2017-04-03 22:30:00,633.1
2017-04-03 23:00:00,643.28
2017-04-03 23:30:00,596.22
2017-04-04 00:00:00,578.03
2017-04-04 00:00:00,578.03
2017-04-04 00:30:00,497.9
2017-04-04 01:00:00,445.7
2017-04-04 01:30:00,398.26
2017-04-04 02:00:00,339.78
2017-04-04 02:30:00,332.13
2017-04-04 03:00:00,316.69
2017-04-04 03:30:00,325.71
2017-04-04 04:00:00,310.02
2017-04-04 04:30:00,287.13
2017-04-04 05:00:00,321.54
2017-04-04 05:30:00,342.02
2017-04-04 06:00:00,340.48
2017-04-04 06:30:00,311.08
2017-04-04 07:00:00,310.25
2017-04-04 07:30:00,364.9
2017-04-04 08:00:00,469.69
2017-04-04 08:30:00,467.4
2017-04-04 09:00:00,492.03
2017-04-04 09:30:00,521.06
2017-04-04 10:00:00,490.69
2017-04-04 10:30:00,534.66
2017-04-04 11:00:00,567.56
2017-04-04 11:30:00,494.57
2017-04-04 12:00:00,501.48
2017-04-04 12:30:00,511.82
2017-04-04 13:00:00,509.36
2017-04-04 13:30:00,459.96
2017-04-04 14:00:00,457.87
2017-04-04 14:30:00,458.94
2017-04-04 15:00:00,451.59
2017-04-04 15:30:00,443.02
2017-04-04 16:00:00,536.26
2017-04-04 16:30:00,468.15
2017-04-04 17:00:00,550.74
2017-04-04 17:30:00,499.08
2017-04-04 18:00:00,601.29
2017-04-04 18:30:00,640.33
2017-04-04 19:00:00,689.31
2017-04-04 19:30:00,684.37
2017-04-04 20:00:00,725.37
2017-04-04 20:30:00,725.34
2017-04-04 21:00:00,736.84
2017-04-04 21:30:00,745.44
2017-04-04 22:00:00,762.09
2017-04-04 22:30:00,747.17
2017-04-04 23:00:00,695.86
2017-04-04 23:30:00,671.71
2017-04-05 00:00:00,605.75
2017-04-05 00:00:00,605.75
2017-04-05 00:30:00,517.19
2017-04-05 01:00:00,426.44
2017-04-05 01:30:00,371.55
2017-04-05 02:00:00,369.73
2017-04-05 02:30:00,309.0
2017-04-05 03:00:00,288.43
2017-04-05 03:30:00,313.32
2017-04-05 04:00:00,276.53
2017-04-05 04:30:00,311.78
2017-04-05 05:00:00,311.49
2017-04-05 05:30:00,348.33
2017-04-05 06:00:00,305.44
2017-04-05 06:30:00,315.81
2017-04-05 07:00:00,320.57
2017-04-05 07:30:00,413.13
2017-04-05 08:00:00,529.23
2017-04-05 08:30:00,554.47
2017-04-05 09:00:00,585.68
2017-04-05 09:30:00,534.09
2017-04-05 10:00:00,536.44
2017-04-05 10:30:00,484.91
2017-04-05 11:00:00,470.31
2017-04-05 11:30:00,516.48
2017-04-05 12:00:00,510.21
2017-04-05 12:30:00,493.89
2017-04-05 13:00:00,484.22
2017-04-05 13:30:00,435.71
2017-04-05 14:00:00,448.09
2017-04-05 14:30:00,406.19
2017-04-05 15:00:00,426.52
2017-04-05 15:30:00,458.18
2017-04-05 16:00:00,499.53
2017-04-05 16:30:00,512.92
2017-04-05 17:00:00,496.82
2017-04-05 17:30:00,460.38
2017-04-05 18:00:00,541.21
2017-04-05 18:30:00,643.86
2017-04-05 19:00:00,656.73
2017-04-05 19:30:00,678.58
2017-04-05 20:00:00,694.76
2017-04-05 20:30:00,703.65
2017-04-05 21:00:00,677.48
2017-04-05 21:30:00,719.12
2017-04-05 22:00:00,703.28
2017-04-05 22:30:00,737.18
2017-04-05 23:00:00,703.25
2017-04-05 23:30:00,688.35
2017-04-06 00:00:00,565.32
2017-04-06 00:00:00,565.32
2017-04-06 00:30:00,495.19
2017-04-06 01:00:00,407.58
2017-04-06 01:30:00,359.74
2017-04-06 02:00:00,310.04
2017-04-06 02:30:00,278.71
2017-04-06 03:00:00,269.54
2017-04-06 03:30:00,275.23
2017-04-06 04:00:00,298.39
2017-04-06 04:30:00,263.26
2017-04-06 05:00:00,296.33
2017-04-06 05:30:00,333.53
2017-04-06 06:00:00,296.68
2017-04-06 06:30:00,302.67
2017-04-06 07:00:00,314.65
2017-04-06 07:30:00,415.26
2017-04-06 08:00:00,491.14
2017-04-06 08:30:00,579.39
2017-04-06 09:00:00,570.82
2017-04-06 09:30:00,542.46
2017-04-06 10:00:00,520.18
2017-04-06 10:30:00,504.83
2017-04-06 11:00:00,523.44
2017-04-06 11:30:00,482.72
2017-04-06 12:00:00,525.97
2017-04-06 12:30:00,494.77
2017-04-06 13:00:00,417.42
2017-04-06 13:30:00,423.6
2017-04-06 14:00:00,420.38
2017-04-06 14:30:00,430.78
2017-04-06 15:00:00,451.88
2017-04-06 15:30:00,468.76
2017-04-06 16:00:00,617.36
2017-04-06 16:30:00,484.89
2017-04-06 17:00:00,435.47
2017-04-06 17:30:00,532.16
2017-04-06 18:00:00,517.02
2017-04-06 18:30:00,610.1
2017-04-06 19:00:00,623.3
2017-04-06 19:30:00,648.9
2017-04-06 20:00:00,658.9
2017-04-06 20:30:00,675.6
2017-04-06 21:00:00,642.47
2017-04-06 21:30:00,691.01
2017-04-06 22:00:00,717.94
2017-04-06 22:30:00,792.24
2017-04-06 23:00:00,779.91
2017-04-06 23:30:00,662.71
2017-04-07 00:00:00,565.53
2017-04-07 00:00:00,565.53
2017-04-07 00:30:00,472.9
2017-04-07 01:00:00,432.63
2017-04-07 01:30:00,357.54
2017-04-07 02:00:00,344.54
2017-04-07 02:30:00,302.4
2017-04-07 03:00:00,298.59
2017-04-07 03:30:00,302.58
2017-04-07 04:00:00,289.32
2017-04-07 04:30:00,316.94
2017-04-07 05:00:00,332.97
2017-04-07 05:30:00,336.29
2017-04-07 06:00:00,334.13
2017-04-07 06:30:00,349.73
2017-04-07 07:00:00,337.65
2017-04-07 07:30:00,429.52
2017-04-07 08:00:00,548.85
2017-04-07 08:30:00,595.92
2017-04-07 09:00:00,595.96
2017-04-07 09:30:00,533.34
2017-04-07 10:00:00,523.45
2017-04-07 10:30:00,481.93
2017-04-07 11:00:00,519.67
2017-04-07 11:30:00,491.59
2017-04-07 12:00:00,542.65
2017-04-07 12:30:00,559.37
2017-04-07 13:00:00,516.06
2017-04-07 13:30:00,454.93
2017-04-07 14:00:00,385.4
2017-04-07 14:30:00,424.91
2017-04-07 15:00:00,438.5
2017-04-07 15:30:00,537.21
2017-04-07 16:00:00,517.08
2017-04-07 16:30:00,475.55
2017-04-07 17:00:00,474.07
2017-04-07 17:30:00,476.5
2017-04-07 18:00:00,534.6
2017-04-07 18:30:00,615.16
2017-04-07 19:00:00,629.25
2017-04-07 19:30:00,647.93
2017-04-07 20:00:00,631.64
2017-04-07 20:30:00,674.1
2017-04-07 21:00:00,669.61
2017-04-07 21:30:00,681.38
2017-04-07 22:00:00,704.92
2017-04-07 22:30:00,675.1
2017-04-07 23:00:00,720.31
2017-04-07 23:30:00,673.37
2017-04-08 00:00:00,579.61
2017-04-08 00:00:00,579.61
2017-04-08 00:30:00,523.1
2017-04-08 01:00:00,456.49
2017-04-08 01:30:00,417.91
2017-04-08 02:00:00,360.88
2017-04-08 02:30:00,323.19
2017-04-08 03:00:00,315.32
2017-04-08 03:30:00,322.87
2017-04-08 04:00:00,296.23
2017-04-08 04:30:00,293.82
2017-04-08 05:00:00,311.28
2017-04-08 05:30:00,329.39
2017-04-08 06:00:00,336.54
2017-04-08 06:30:00,329.53
2017-04-08 07:00:00,329.5
2017-04-08 07:30:00,369.9
2017-04-08 08:00:00,476.86
2017-04-08 08:30:00,491.28
2017-04-08 09:00:00,506.74
2017-04-08 09:30:00,540.28
2017-04-08 10:00:00,554.19
2017-04-08 10:30:00,529.98
2017-04-08 11:00:00,500.39
2017-04-08 11:30:00,511.49
2017-04-08 12:00:00,584.06
2017-04-08 12:30:00,566.4
2017-04-08 13:00:00,528.89
2017-04-08 13:30:00,442.52
2017-04-08 14:00:00,443.4
2017-04-08 14:30:00,448.53
2017-04-08 15:00:00,476.72
2017-04-08 15:30:00,557.52
2017-04-08 16:00:00,563.33
2017-04-08 16:30:00,518.79
2017-04-08 17:00:00,515.34
2017-04-08 17:30:00,508.73
2017-04-08 18:00:00,531.32
2017-04-08 18:30:00,595.23
2017-04-08 19:00:00,606.48
2017-04-08 19:30:00,598.91
2017-04-08 20:00:00,552.66
2017-04-08 20:30:00,604.3
2017-04-08 21:00:00,572.53
2017-04-08 21:30:00,607.34
2017-04-08 22:00:00,679.89
2017-04-08 22:30:00,698.8
2017-04-08 23:00:00,714.99
2017-04-08 23:30:00,641.71
2017-04-09 00:00:00,570.62
2017-04-09 00:00:00,570.62
2017-04-09 00:30:00,499.44
2017-04-09 01:00:00,457.47
2017-04-09 01:30:00,402.38
2017-04-09 02:00:00,363.2
2017-04-09 02:30:00,342.02
2017-04-09 03:00:00,308.95
2017-04-09 03:30:00,312.44
2017-04-09 04:00:00,299.2
2017-04-09 04:30:00,276.06
2017-04-09 05:00:00,294.6
2017-04-09 05:30:00,317.41
2017-04-09 06:00:00,305.37
2017-04-09 06:30:00,333.73
2017-04-09 07:00:00,325.13
2017-04-09 07:30:00,330.83
2017-04-09 08:00:00,413.47
2017-04-09 08:30:00,455.11
2017-04-09 09:00:00,513.66
2017-04-09 09:30:00,540.59
2017-04-09 10:00:00,523.53
2017-04-09 10:30:00,503.47
2017-04-09 11:00:00,511.26
2017-04-09 11:30:00,540.89
2017-04-09 12:00:00,569.58
2017-04-09 12:30:00,610.44
2017-04-09 13:00:00,562.34
2017-04-09 13:30:00,499.99
2017-04-09 14:00:00,469.98
2017-04-09 14:30:00,486.73
2017-04-09 15:00:00,535.49
2017-04-09 15:30:00,621.65
2017-04-09 16:00:00,608.03
2017-04-09 16:30:00,565.98
2017-04-09 17:00:00,596.55
2017-04-09 17:30:00,593.86
2017-04-09 18:00:00,640.09
2017-04-09 18:30:00,675.29
2017-04-09 19:00:00,697.29
2017-04-09 19:30:00,699.46
2017-04-09 20:00:00,700.63
2017-04-09 20:30:00,690.02
2017-04-09 21:00:00,678.7
2017-04-09 21:30:00,696.79
2017-04-09 22:00:00,710.77
2017-04-09 22:30:00,710.81
2017-04-09 23:00:00,697.96
2017-04-09 23:30:00,633.46
2017-04-10 00:00:00,550.03
2017-04-10 00:00:00,550.03
2017-04-10 00:30:00,499.79
2017-04-10 01:00:00,435.49
2017-04-10 01:30:00,376.75
2017-04-10 02:00:00,338.96
2017-04-10 02:30:00,303.72
2017-04-10 03:00:00,290.76
2017-04-10 03:30:00,303.97
2017-04-10 04:00:00,300.07
2017-04-10 04:30:00,315.34
2017-04-10 05:00:00,336.89
2017-04-10 05:30:00,312.51
2017-04-10 06:00:00,315.67
2017-04-10 06:30:00,318.14
2017-04-10 07:00:00,350.56
2017-04-10 07:30:00,423.95
2017-04-10 08:00:00,517.44
2017-04-10 08:30:00,625.11
2017-04-10 09:00:00,652.75
2017-04-10 09:30:00,532.49
2017-04-10 10:00:00,541.22
2017-04-10 10:30:00,575.76
2017-04-10 11:00:00,557.64
2017-04-10 11:30:00,526.73
2017-04-10 12:00:00,525.06
2017-04-10 12:30:00,551.23
2017-04-10 13:00:00,486.52
2017-04-10 13:30:00,429.71
2017-04-10 14:00:00,470.25
2017-04-10 14:30:00,456.23
2017-04-10 15:00:00,491.18
2017-04-10 15:30:00,541.0
2017-04-10 16:00:00,543.51
2017-04-10 16:30:00,522.06
2017-04-10 17:00:00,497.98
2017-04-10 17:30:00,516.49
2017-04-10 18:00:00,535.72
2017-04-10 18:30:00,619.25
2017-04-10 19:00:00,656.18
2017-04-10 19:30:00,673.95
2017-04-10 20:00:00,678.04
2017-04-10 20:30:00,702.67
2017-04-10 21:00:00,693.78
2017-04-10 21:30:00,960.3
2017-04-10 22:00:00,1003.7
2017-04-10 22:30:00,1018.73
2017-04-10 23:00:00,989.62
2017-04-10 23:30:00,871.02
2017-04-11 00:00:00,704.47
2017-04-11 00:00:00,704.47
2017-04-11 00:30:00,609.42
2017-04-11 01:00:00,486.77
2017-04-11 01:30:00,393.93
2017-04-11 02:00:00,367.14
2017-04-11 02:30:00,366.81
2017-04-11 03:00:00,342.87
2017-04-11 03:30:00,334.88
2017-04-11 04:00:00,319.81
2017-04-11 04:30:00,341.96
2017-04-11 05:00:00,355.88
2017-04-11 05:30:00,375.41
2017-04-11 06:00:00,352.37
2017-04-11 06:30:00,376.75
2017-04-11 07:00:00,367.52
2017-04-11 07:30:00,496.0
2017-04-11 08:00:00,584.92
2017-04-11 08:30:00,635.5
2017-04-11 09:00:00,623.26
2017-04-11 09:30:00,595.55
2017-04-11 10:00:00,554.06
2017-04-11 10:30:00,603.82
2017-04-11 11:00:00,542.51
2017-04-11 11:30:00,549.03
2017-04-11 12:00:00,613.56
2017-04-11 12:30:00,588.62
2017-04-11 13:00:00,510.63
2017-04-11 13:30:00,476.69
2017-04-11 14:00:00,495.71
2017-04-11 14:30:00,497.85
2017-04-11 15:00:00,506.5
2017-04-11 15:30:00,540.01
2017-04-11 16:00:00,611.03
2017-04-11 16:30:00,537.79
2017-04-11 17:00:00,543.58
2017-04-11 17:30:00,560.05
2017-04-11 18:00:00,632.87
2017-04-11 18:30:00,654.92
2017-04-11 19:00:00,716.9
2017-04-11 19:30:00,718.36
2017-04-11 20:00:00,700.03
2017-04-11 20:30:00,732.77
2017-04-11 21:00:00,710.97
2017-04-11 21:30:00,733.17
2017-04-11 22:00:00,765.56
2017-04-11 22:30:00,805.41
2017-04-11 23:00:00,827.22
2017-04-11 23:30:00,798.8
2017-04-12 00:00:00,716.07
2017-04-12 00:00:00,716.07
2017-04-12 00:30:00,600.43
2017-04-12 01:00:00,489.22
2017-04-12 01:30:00,413.78
2017-04-12 02:00:00,393.53
2017-04-12 02:30:00,343.72
2017-04-12 03:00:00,328.86
2017-04-12 03:30:00,343.09
2017-04-12 04:00:00,338.42
2017-04-12 04:30:00,343.03
2017-04-12 05:00:00,380.12
2017-04-12 05:30:00,379.81
2017-04-12 06:00:00,389.14
2017-04-12 06:30:00,361.76
2017-04-12 07:00:00,396.02
2017-04-12 07:30:00,471.63
2017-04-12 08:00:00,623.63
2017-04-12 08:30:00,624.33
2017-04-12 09:00:00,645.63
2017-04-12 09:30:00,568.6
2017-04-12 10:00:00,553.96
2017-04-12 10:30:00,506.56
2017-04-12 11:00:00,552.6
2017-04-12 11:30:00,544.64
2017-04-12 12:00:00,547.51
2017-04-12 12:30:00,529.68
2017-04-12 13:00:00,438.22
2017-04-12 13:30:00,434.96
2017-04-12 14:00:00,426.0
2017-04-12 14:30:00,447.61
2017-04-12 15:00:00,471.02
2017-04-12 15:30:00,518.71
2017-04-12 16:00:00,562.04
2017-04-12 16:30:00,454.7
2017-04-12 17:00:00,486.25
2017-04-12 17:30:00,530.13
2017-04-12 18:00:00,585.02
2017-04-12 18:30:00,627.47
2017-04-12 19:00:00,680.69
2017-04-12 19:30:00,671.91
2017-04-12 20:00:00,730.36
2017-04-12 20:30:00,753.57
2017-04-12 21:00:00,700.02
2017-04-12 21:30:00,730.09
2017-04-12 22:00:00,740.39
2017-04-12 22:30:00,787.64
2017-04-12 23:00:00,781.04
2017-04-12 23:30:00,726.04
2017-04-13 00:00:00,679.44
2017-04-13 00:00:00,679.44
2017-04-13 00:30:00,543.88
2017-04-13 01:00:00,466.86
2017-04-13 01:30:00,423.5
2017-04-13 02:00:00,351.95
2017-04-13 02:30:00,330.98
2017-04-13 03:00:00,327.16
2017-04-13 03:30:00,312.93
2017-04-13 04:00:00,314.19
2017-04-13 04:30:00,337.19
2017-04-13 05:00:00,324.94
2017-04-13 05:30:00,339.94
2017-04-13 06:00:00,359.83
2017-04-13 06:30:00,364.41
2017-04-13 07:00:00,339.13
2017-04-13 07:30:00,436.72
2017-04-13 08:00:00,573.37
2017-04-13 08:30:00,614.09
2017-04-13 09:00:00,617.86
2017-04-13 09:30:00,600.99
2017-04-13 10:00:00,548.15
2017-04-13 10:30:00,538.26
2017-04-13 11:00:00,475.14
2017-04-13 11:30:00,468.41
2017-04-13 12:00:00,486.37
2017-04-13 12:30:00,527.39
2017-04-13 13:00:00,441.47
2017-04-13 13:30:00,425.35
2017-04-13 14:00:00,401.06
2017-04-13 14:30:00,434.86
2017-04-13 15:00:00,444.54
2017-04-13 15:30:00,458.98
2017-04-13 16:00:00,560.19
2017-04-13 16:30:00,510.38
2017-04-13 17:00:00,479.52
2017-04-13 17:30:00,508.84
2017-04-13 18:00:00,578.44
2017-04-13 18:30:00,621.34
2017-04-13 19:00:00,626.61
2017-04-13 19:30:00,666.47
2017-04-13 20:00:00,670.9
2017-04-13 20:30:00,702.37
2017-04-13 21:00:00,686.83
2017-04-13 21:30:00,709.75
2017-04-13 22:00:00,734.67
2017-04-13 22:30:00,791.3
2017-04-13 23:00:00,794.9
2017-04-13 23:30:00,698.72
2017-04-14 00:00:00,589.01
2017-04-14 00:00:00,589.01
2017-04-14 00:30:00,513.52
2017-04-14 01:00:00,437.65
2017-04-14 01:30:00,395.18
2017-04-14 02:00:00,344.57
2017-04-14 02:30:00,321.75
2017-04-14 03:00:00,300.29
2017-04-14 03:30:00,325.64
2017-04-14 04:00:00,321.56
2017-04-14 04:30:00,323.71
2017-04-14 05:00:00,376.98
2017-04-14 05:30:00,326.0
2017-04-14 06:00:00,361.64
2017-04-14 06:30:00,361.64
2017-04-14 07:00:00,370.95
2017-04-14 07:30:00,434.78
2017-04-14 08:00:00,517.15
2017-04-14 08:30:00,587.59
2017-04-14 09:00:00,601.04
2017-04-14 09:30:00,560.61
2017-04-14 10:00:00,473.44
2017-04-14 10:30:00,465.1
2017-04-14 11:00:00,465.27
2017-04-14 11:30:00,494.58
2017-04-14 12:00:00,501.62
2017-04-14 12:30:00,533.35
2017-04-14 13:00:00,408.73
2017-04-14 13:30:00,421.76
2017-04-14 14:00:00,459.01
2017-04-14 14:30:00,442.75
2017-04-14 15:00:00,451.34
2017-04-14 15:30:00,483.13
2017-04-14 16:00:00,515.34
2017-04-14 16:30:00,461.38
2017-04-14 17:00:00,470.25
2017-04-14 17:30:00,490.16
2017-04-14 18:00:00,519.45
2017-04-14 18:30:00,557.55
2017-04-14 19:00:00,678.46
2017-04-14 19:30:00,652.63
2017-04-14 20:00:00,652.7
2017-04-14 20:30:00,651.19
2017-04-14 21:00:00,646.29
2017-04-14 21:30:00,667.3
2017-04-14 22:00:00,675.29
2017-04-14 22:30:00,679.23
2017-04-14 23:00:00,688.97
2017-04-14 23:30:00,657.93
2017-04-15 00:00:00,582.39
2017-04-15 00:00:00,582.39
2017-04-15 00:30:00,516.66
2017-04-15 01:00:00,438.66
2017-04-15 01:30:00,390.92
2017-04-15 02:00:00,354.67
2017-04-15 02:30:00,335.66
2017-04-15 03:00:00,303.44
2017-04-15 03:30:00,309.19
2017-04-15 04:00:00,300.25
2017-04-15 04:30:00,331.25
2017-04-15 05:00:00,334.34
2017-04-15 05:30:00,291.77
2017-04-15 06:00:00,303.14
2017-04-15 06:30:00,276.2
2017-04-15 07:00:00,311.4
2017-04-15 07:30:00,352.68
2017-04-15 08:00:00,422.89
2017-04-15 08:30:00,512.8
2017-04-15 09:00:00,478.95
2017-04-15 09:30:00,519.97
2017-04-15 10:00:00,489.35
2017-04-15 10:30:00,534.41
2017-04-15 11:00:00,514.91
2017-04-15 11:30:00,544.53
2017-04-15 12:00:00,515.96
2017-04-15 12:30:00,542.12
2017-04-15 13:00:00,522.57
2017-04-15 13:30:00,452.94
2017-04-15 14:00:00,423.44
2017-04-15 14:30:00,443.82
2017-04-15 15:00:00,488.96
2017-04-15 15:30:00,533.37
2017-04-15 16:00:00,540.13
2017-04-15 16:30:00,507.1
2017-04-15 17:00:00,466.8
2017-04-15 17:30:00,477.34
2017-04-15 18:00:00,514.43
2017-04-15 18:30:00,514.59
2017-04-15 19:00:00,602.19
2017-04-15 19:30:00,596.9
2017-04-15 20:00:00,607.81
2017-04-15 20:30:00,632.71
2017-04-15 21:00:00,617.17
2017-04-15 21:30:00,624.31
2017-04-15 22:00:00,634.96
2017-04-15 22:30:00,698.0
2017-04-15 23:00:00,648.91
2017-04-15 23:30:00,602.21
2017-04-16 00:00:00,553.96
2017-04-16 00:00:00,553.96
2017-04-16 00:30:00,479.07
2017-04-16 01:00:00,440.22
2017-04-16 01:30:00,408.74
2017-04-16 02:00:00,355.88
2017-04-16 02:30:00,311.63
2017-04-16 03:00:00,270.81
2017-04-16 03:30:00,295.41
2017-04-16 04:00:00,290.42
2017-04-16 04:30:00,311.2
2017-04-16 05:00:00,324.5
2017-04-16 05:30:00,328.41
2017-04-16 06:00:00,291.55
2017-04-16 06:30:00,308.94
2017-04-16 07:00:00,315.19
2017-04-16 07:30:00,337.26
2017-04-16 08:00:00,396.44
2017-04-16 08:30:00,445.69
2017-04-16 09:00:00,519.57
2017-04-16 09:30:00,518.22
2017-04-16 10:00:00,526.96
2017-04-16 10:30:00,543.9
2017-04-16 11:00:00,536.74
2017-04-16 11:30:00,549.18
2017-04-16 12:00:00,499.73
2017-04-16 12:30:00,580.7
2017-04-16 13:00:00,488.14
2017-04-16 13:30:00,477.28
2017-04-16 14:00:00,454.46
2017-04-16 14:30:00,467.6
2017-04-16 15:00:00,508.86
2017-04-16 15:30:00,498.97
2017-04-16 16:00:00,573.09
2017-04-16 16:30:00,533.95
2017-04-16 17:00:00,504.81
2017-04-16 17:30:00,535.14
2017-04-16 18:00:00,548.2
2017-04-16 18:30:00,578.4
2017-04-16 19:00:00,635.1
2017-04-16 19:30:00,606.34
2017-04-16 20:00:00,620.67
2017-04-16 20:30:00,674.82
2017-04-16 21:00:00,669.79
2017-04-16 21:30:00,663.16
2017-04-16 22:00:00,685.23
2017-04-16 22:30:00,684.08
2017-04-16 23:00:00,630.85
2017-04-16 23:30:00,586.09
2017-04-17 00:00:00,544.64
2017-04-17 00:00:00,544.64
2017-04-17 00:30:00,470.28
2017-04-17 01:00:00,405.26
2017-04-17 01:30:00,362.53
2017-04-17 02:00:00,318.03
2017-04-17 02:30:00,308.03
2017-04-17 03:00:00,260.91
2017-04-17 03:30:00,260.63
2017-04-17 04:00:00,286.15
2017-04-17 04:30:00,290.81
2017-04-17 05:00:00,344.34
2017-04-17 05:30:00,339.06
2017-04-17 06:00:00,294.98
2017-04-17 06:30:00,341.15
2017-04-17 07:00:00,315.05
2017-04-17 07:30:00,382.73
2017-04-17 08:00:00,434.86
2017-04-17 08:30:00,542.89
2017-04-17 09:00:00,558.01
2017-04-17 09:30:00,506.94
2017-04-17 10:00:00,507.54
2017-04-17 10:30:00,447.45
2017-04-17 11:00:00,499.97
2017-04-17 11:30:00,459.81
2017-04-17 12:00:00,471.39
2017-04-17 12:30:00,492.31
2017-04-17 13:00:00,391.7
2017-04-17 13:30:00,359.09
2017-04-17 14:00:00,398.79
2017-04-17 14:30:00,411.75
2017-04-17 15:00:00,471.01
2017-04-17 15:30:00,562.45
2017-04-17 16:00:00,500.18
2017-04-17 16:30:00,
2017-04-17 17:00:00,459.66
2017-04-17 17:30:00,499.3
2017-04-17 18:00:00,541.78
2017-04-17 18:30:00,539.79
2017-04-17 19:00:00,587.91
2017-04-17 19:30:00,649.54
2017-04-17 20:00:00,622.09
2017-04-17 20:30:00,625.61
2017-04-17 21:00:00,666.33
2017-04-17 21:30:00,623.6
2017-04-17 22:00:00,662.73
2017-04-17 22:30:00,645.78
2017-04-17 23:00:00,679.42
2017-04-17 23:30:00,643.99
2017-04-18 00:00:00,542.8
2017-04-18 00:00:00,542.8
2017-04-18 00:30:00,474.47
2017-04-18 01:00:00,415.09
2017-04-18 01:30:00,336.22
2017-04-18 02:00:00,333.12
2017-04-18 02:30:00,291.72
2017-04-18 03:00:00,281.1
2017-04-18 03:30:00,297.46
2017-04-18 04:00:00,281.68
2017-04-18 04:30:00,299.1
2017-04-18 05:00:00,326.27
2017-04-18 05:30:00,334.02
2017-04-18 06:00:00,299.14
2017-04-18 06:30:00,324.38
2017-04-18 07:00:00,319.88
2017-04-18 07:30:00,389.44
2017-04-18 08:00:00,526.95
2017-04-18 08:30:00,547.83
2017-04-18 09:00:00,565.91
2017-04-18 09:30:00,492.37
2017-04-18 10:00:00,480.44
2017-04-18 10:30:00,499.7
2017-04-18 11:00:00,464.04
2017-04-18 11:30:00,505.15
2017-04-18 12:00:00,494.47
2017-04-18 12:30:00,507.92
2017-04-18 13:00:00,421.5
2017-04-18 13:30:00,438.75
2017-04-18 14:00:00,377.01
2017-04-18 14:30:00,384.26
2017-04-18 15:00:00,426.56
2017-04-18 15:30:00,448.84
2017-04-18 16:00:00,542.74
2017-04-18 16:30:00,522.86
2017-04-18 17:00:00,455.46
2017-04-18 17:30:00,431.2
2017-04-18 18:00:00,502.66
2017-04-18 18:30:00,578.39
2017-04-18 19:00:00,628.76
2017-04-18 19:30:00,601.11
2017-04-18 20:00:00,623.77
2017-04-18 20:30:00,652.77
2017-04-18 21:00:00,592.43
2017-04-18 21:30:00,624.49
2017-04-18 22:00:00,727.71
2017-04-18 22:30:00,743.19
2017-04-18 23:00:00,725.59
2017-04-18 23:30:00,645.1
2017-04-19 00:00:00,569.75
2017-04-19 00:00:00,569.75
2017-04-19 00:30:00,469.55
2017-04-19 01:00:00,385.65
2017-04-19 01:30:00,359.81
2017-04-19 02:00:00,326.99
2017-04-19 02:30:00,292.17
2017-04-19 03:00:00,277.35
2017-04-19 03:30:00,261.76
2017-04-19 04:00:00,279.28
2017-04-19 04:30:00,266.93
2017-04-19 05:00:00,338.23
2017-04-19 05:30:00,317.97
2017-04-19 06:00:00,288.66
2017-04-19 06:30:00,328.09
2017-04-19 07:00:00,335.59
2017-04-19 07:30:00,421.3
2017-04-19 08:00:00,484.99
2017-04-19 08:30:00,568.37
2017-04-19 09:00:00,577.54
2017-04-19 09:30:00,489.29
2017-04-19 10:00:00,473.93
2017-04-19 10:30:00,490.07
2017-04-19 11:00:00,476.61
2017-04-19 11:30:00,443.53
2017-04-19 12:00:00,490.36
2017-04-19 12:30:00,460.47
2017-04-19 13:00:00,405.42
2017-04-19 13:30:00,421.44
2017-04-19 14:00:00,436.3
2017-04-19 14:30:00,400.27
2017-04-19 15:00:00,431.19
2017-04-19 15:30:00,466.19
2017-04-19 16:00:00,488.19
2017-04-19 16:30:00,442.5
2017-04-19 17:00:00,463.48
2017-04-19 17:30:00,480.29
2017-04-19 18:00:00,493.65
2017-04-19 18:30:00,602.27
2017-04-19 19:00:00,642.47
2017-04-19 19:30:00,635.4
2017-04-19 20:00:00,632.59
2017-04-19 20:30:00,643.53
2017-04-19 21:00:00,665.11
2017-04-19 21:30:00,682.43
2017-04-19 22:00:00,669.32
2017-04-19 22:30:00,676.22
2017-04-19 23:00:00,668.21
2017-04-19 23:30:00,643.54
2017-04-20 00:00:00,530.62
2017-04-20 00:00:00,530.62
2017-04-20 00:30:00,438.58
2017-04-20 01:00:00,415.85
2017-04-20 01:30:00,328.04
2017-04-20 02:00:00,319.82
2017-04-20 02:30:00,277.78
2017-04-20 03:00:00,279.58
2017-04-20 03:30:00,316.53
2017-04-20 04:00:00,276.48
2017-04-20 04:30:00,328.17
2017-04-20 05:00:00,317.74
2017-04-20 05:30:00,331.3
2017-04-20 06:00:00,277.65
2017-04-20 06:30:00,330.48
2017-04-20 07:00:00,311.13
2017-04-20 07:30:00,371.5
2017-04-20 08:00:00,502.13
2017-04-20 08:30:00,538.8
2017-04-20 09:00:00,544.9
2017-04-20 09:30:00,512.44
2017-04-20 10:00:00,463.19
2017-04-20 10:30:00,516.03
2017-04-20 11:00:00,480.39
2017-04-20 11:30:00,437.58
2017-04-20 12:00:00,492.41
2017-04-20 12:30:00,521.91
2017-04-20 13:00:00,399.83
2017-04-20 13:30:00,380.39
2017-04-20 14:00:00,382.77
2017-04-20 14:30:00,394.16
2017-04-20 15:00:00,450.42
2017-04-20 15:30:00,416.51
2017-04-20 16:00:00,501.34
2017-04-20 16:30:00,487.05
2017-04-20 17:00:00,480.01
2017-04-20 17:30:00,516.81
2017-04-20 18:00:00,514.32
2017-04-20 18:30:00,563.26
2017-04-20 19:00:00,603.44
2017-04-20 19:30:00,610.79
2017-04-20 20:00:00,605.89
2017-04-20 20:30:00,616.75
2017-04-20 21:00:00,615.37
2017-04-20 21:30:00,609.86
2017-04-20 22:00:00,689.61
2017-04-20 22:30:00,683.31
2017-04-20 23:00:00,684.38
2017-04-20 23:30:00,647.69
2017-04-21 00:00:00,508.85
2017-04-21 00:00:00,508.85
2017-04-21 00:30:00,427.86
2017-04-21 01:00:00,358.09
2017-04-21 01:30:00,341.83
2017-04-21 02:00:00,297.62
2017-04-21 02:30:00,
2017-04-21 03:00:00,
2017-04-21 03:30:00,
2017-04-21 04:00:00,
2017-04-21 04:30:00,
2017-04-21 05:00:00,
2017-04-21 05:30:00,
2017-04-21 06:00:00,
2017-04-21 06:30:00,
2017-04-21 07:00:00,
2017-04-21 07:30:00,
2017-04-21 08:00:00,
2017-04-21 08:30:00,
2017-04-21 09:00:00,
2017-04-21 09:30:00,
2017-04-21 10:00:00,
2017-04-21 10:30:00,
2017-04-21 11:00:00,
2017-04-21 11:30:00,
2017-04-21 12:00:00,
2017-04-21 12:30:00,
2017-04-21 13:00:00,
2017-04-21 13:30:00,
2017-04-21 14:00:00,
2017-04-21 14:30:00,
2017-04-21 15:00:00,
2017-04-21 15:30:00,
2017-04-21 16:00:00,
2017-04-21 16:30:00,
2017-04-21 17:00:00,
2017-04-21 17:30:00,
2017-04-21 18:00:00,
2017-04-21 18:30:00,
2017-04-21 19:00:00,
2017-04-21 19:30:00,
2017-04-21 20:00:00,
2017-04-21 20:30:00,
2017-04-21 21:00:00,
2017-04-21 21:30:00,
2017-04-21 22:00:00,
2017-04-21 22:30:00,
2017-04-21 23:00:00,
2017-04-21 23:30:00,
2017-04-22 00:00:00,
2017-04-22 00:00:00,
2017-04-22 00:30:00,
2017-04-22 01:00:00,
2017-04-22 01:30:00,
2017-04-22 02:00:00,
2017-04-22 02:30:00,
2017-04-22 03:00:00,
2017-04-22 03:30:00,
2017-04-22 04:00:00,
2017-04-22 04:30:00,
2017-04-22 05:00:00,
2017-04-22 05:30:00,
2017-04-22 06:00:00,
2017-04-22 06:30:00,
2017-04-22 07:00:00,
2017-04-22 07:30:00,
2017-04-22 08:00:00,
2017-04-22 08:30:00,
2017-04-22 09:00:00,
2017-04-22 09:30:00,
2017-04-22 10:00:00,
2017-04-22 10:30:00,
2017-04-22 11:00:00,
2017-04-22 11:30:00,
2017-04-22 12:00:00,
2017-04-22 12:30:00,
2017-04-22 13:00:00,
2017-04-22 13:30:00,
2017-04-22 14:00:00,
2017-04-22 14:30:00,
2017-04-22 15:00:00,
2017-04-22 15:30:00,
2017-04-22 16:00:00,
2017-04-22 16:30:00,
2017-04-22 17:00:00,
2017-04-22 17:30:00,
2017-04-22 18:00:00,
2017-04-22 18:30:00,
2017-04-22 19:00:00,
2017-04-22 19:30:00,
2017-04-22 20:00:00,
2017-04-22 20:30:00,
2017-04-22 21:00:00,
2017-04-22 21:30:00,
2017-04-22 22:00:00,
2017-04-22 22:30:00,
2017-04-22 23:00:00,
2017-04-22 23:30:00,
2017-04-23 00:00:00,
2017-04-23 00:00:00,
2017-04-23 00:30:00,
2017-04-23 01:00:00,
2017-04-23 01:30:00,
2017-04-23 02:00:00,
2017-04-23 02:30:00,
2017-04-23 03:00:00,
2017-04-23 03:30:00,
2017-04-23 04:00:00,
2017-04-23 04:30:00,
2017-04-23 05:00:00,
2017-04-23 05:30:00,
2017-04-23 06:00:00,
2017-04-23 06:30:00,
2017-04-23 07:00:00,
2017-04-23 07:30:00,
2017-04-23 08:00:00,
2017-04-23 08:30:00,
2017-04-23 09:00:00,
2017-04-23 09:30:00,
2017-04-23 10:00:00,
2017-04-23 10:30:00,
2017-04-23 11:00:00,
2017-04-23 11:30:00,
2017-04-23 12:00:00,
2017-04-23 12:30:00,
2017-04-23 13:00:00,
2017-04-23 13:30:00,
2017-04-23 14:00:00,
2017-04-23 14:30:00,
2017-04-23 15:00:00,
2017-04-23 15:30:00,
2017-04-23 16:00:00,
2017-04-23 16:30:00,
2017-04-23 17:00:00,
2017-04-23 17:30:00,
2017-04-23 18:00:00,
2017-04-23 18:30:00,
2017-04-23 19:00:00,
2017-04-23 19:30:00,
2017-04-23 20:00:00,
2017-04-23 20:30:00,
2017-04-23 21:00:00,
2017-04-23 21:30:00,
2017-04-23 22:00:00,
2017-04-23 22:30:00,
2017-04-23 23:00:00,
2017-04-23 23:30:00,
2017-04-24 00:00:00,
2017-04-24 00:00:00,
2017-04-24 00:30:00,
2017-04-24 01:00:00,
2017-04-24 01:30:00,
2017-04-24 02:00:00,
2017-04-24 02:30:00,
2017-04-24 03:00:00,
2017-04-24 03:30:00,
2017-04-24 04:00:00,
2017-04-24 04:30:00,
2017-04-24 05:00:00,
2017-04-24 05:30:00,
2017-04-24 06:00:00,
2017-04-24 06:30:00,
2017-04-24 07:00:00,
2017-04-24 07:30:00,
2017-04-24 08:00:00,
2017-04-24 08:30:00,
2017-04-24 09:00:00,
2017-04-24 09:30:00,
2017-04-24 10:00:00,
2017-04-24 10:30:00,
2017-04-24 11:00:00,
2017-04-24 11:30:00,
2017-04-24 12:00:00,
2017-04-24 12:30:00,
2017-04-24 13:00:00,
2017-04-24 13:30:00,
2017-04-24 14:00:00,
2017-04-24 14:30:00,
2017-04-24 15:00:00,
2017-04-24 15:30:00,
2017-04-24 16:00:00,
2017-04-24 16:30:00,
2017-04-24 17:00:00,
2017-04-24 17:30:00,
2017-04-24 18:00:00,
2017-04-24 18:30:00,
2017-04-24 19:00:00,
2017-04-24 19:30:00,
2017-04-24 20:00:00,
2017-04-24 20:30:00,
2017-04-24 21:00:00,
2017-04-24 21:30:00,
2017-04-24 22:00:00,
2017-04-24 22:30:00,
2017-04-24 23:00:00,
2017-04-24 23:30:00,
2017-04-25 00:00:00,
2017-04-25 00:00:00,
2017-04-25 00:30:00,
2017-04-25 01:00:00,
2017-04-25 01:30:00,
2017-04-25 02:00:00,
2017-04-25 02:30:00,
2017-04-25 03:00:00,
2017-04-25 03:30:00,
2017-04-25 04:00:00,
2017-04-25 04:30:00,
2017-04-25 05:00:00,
2017-04-25 05:30:00,
2017-04-25 06:00:00,
2017-04-25 06:30:00,
2017-04-25 07:00:00,
2017-04-25 07:30:00,
2017-04-25 08:00:00,
2017-04-25 08:30:00,
2017-04-25 09:00:00,
2017-04-25 09:30:00,
2017-04-25 10:00:00,
2017-04-25 10:30:00,
2017-04-25 11:00:00,
2017-04-25 11:30:00,
2017-04-25 12:00:00,
2017-04-25 12:30:00,
2017-04-25 13:00:00,
2017-04-25 13:30:00,
2017-04-25 14:00:00,
2017-04-25 14:30:00,
2017-04-25 15:00:00,
2017-04-25 15:30:00,
2017-04-25 16:00:00,
2017-04-25 16:30:00,
2017-04-25 17:00:00,
2017-04-25 17:30:00,
2017-04-25 18:00:00,
2017-04-25 18:30:00,
2017-04-25 19:00:00,
2017-04-25 19:30:00,
2017-04-25 20:00:00,
2017-04-25 20:30:00,
2017-04-25 21:00:00,
2017-04-25 21:30:00,
2017-04-25 22:00:00,
2017-04-25 22:30:00,
2017-04-25 23:00:00,
2017-04-25 23:30:00,
2017-04-26 00:00:00,
2017-04-26 00:00:00,
2017-04-26 00:30:00,
2017-04-26 01:00:00,
2017-04-26 01:30:00,
2017-04-26 02:00:00,
2017-04-26 02:30:00,
2017-04-26 03:00:00,
2017-04-26 03:30:00,
2017-04-26 04:00:00,
2017-04-26 04:30:00,
2017-04-26 05:00:00,
2017-04-26 05:30:00,
2017-04-26 06:00:00,
2017-04-26 06:30:00,
2017-04-26 07:00:00,
2017-04-26 07:30:00,
2017-04-26 08:00:00,
2017-04-26 08:30:00,
2017-04-26 09:00:00,
2017-04-26 09:30:00,
2017-04-26 10:00:00,
2017-04-26 10:30:00,
2017-04-26 11:00:00,
2017-04-26 11:30:00,
2017-04-26 12:00:00,
2017-04-26 12:30:00,
2017-04-26 13:00:00,
2017-04-26 13:30:00,
2017-04-26 14:00:00,
2017-04-26 14:30:00,
2017-04-26 15:00:00,
2017-04-26 15:30:00,
2017-04-26 16:00:00,455.22
2017-04-26 16:30:00,473.76
2017-04-26 17:00:00,416.71
2017-04-26 17:30:00,483.48
2017-04-26 18:00:00,504.64
2017-04-26 18:30:00,543.68
2017-04-26 19:00:00,634.76
2017-04-26 19:30:00,593.42
2017-04-26 20:00:00,623.61
2017-04-26 20:30:00,589.39
2017-04-26 21:00:00,640.23
2017-04-26 21:30:00,655.22
2017-04-26 22:00:00,636.06
2017-04-26 22:30:00,659.98
2017-04-26 23:00:00,652.57
2017-04-26 23:30:00,621.71
2017-04-27 00:00:00,497.23
2017-04-27 00:00:00,497.23
2017-04-27 00:30:00,473.55
2017-04-27 01:00:00,415.39
2017-04-27 01:30:00,350.76
2017-04-27 02:00:00,343.95
2017-04-27 02:30:00,303.19
2017-04-27 03:00:00,281.1
2017-04-27 03:30:00,308.49
2017-04-27 04:00:00,284.7
2017-04-27 04:30:00,294.29
2017-04-27 05:00:00,312.88
2017-04-27 05:30:00,328.11
2017-04-27 06:00:00,313.44
2017-04-27 06:30:00,317.03
2017-04-27 07:00:00,301.43
2017-04-27 07:30:00,457.86
2017-04-27 08:00:00,491.39
2017-04-27 08:30:00,565.35
2017-04-27 09:00:00,555.06
2017-04-27 09:30:00,469.31
2017-04-27 10:00:00,452.55
2017-04-27 10:30:00,498.47
2017-04-27 11:00:00,482.62
2017-04-27 11:30:00,460.94
2017-04-27 12:00:00,452.42
2017-04-27 12:30:00,480.93
2017-04-27 13:00:00,407.87
2017-04-27 13:30:00,373.98
2017-04-27 14:00:00,387.62
2017-04-27 14:30:00,376.64
2017-04-27 15:00:00,387.53
2017-04-27 15:30:00,472.66
2017-04-27 16:00:00,477.54
2017-04-27 16:30:00,452.8
2017-04-27 17:00:00,455.24
2017-04-27 17:30:00,427.38
2017-04-27 18:00:00,462.91
2017-04-27 18:30:00,512.65
2017-04-27 19:00:00,571.24
2017-04-27 19:30:00,600.6
2017-04-27 20:00:00,598.08
2017-04-27 20:30:00,573.99
2017-04-27 21:00:00,587.02
2017-04-27 21:30:00,619.35
2017-04-27 22:00:00,644.12
2017-04-27 22:30:00,695.35
2017-04-27 23:00:00,635.39
2017-04-27 23:30:00,607.36
2017-04-28 00:00:00,559.48
2017-04-28 00:00:00,559.48
2017-04-28 00:30:00,485.09
2017-04-28 01:00:00,399.52
2017-04-28 01:30:00,361.28
2017-04-28 02:00:00,317.46
2017-04-28 02:30:00,307.63
2017-04-28 03:00:00,283.54
2017-04-28 03:30:00,303.5
2017-04-28 04:00:00,281.11
2017-04-28 04:30:00,311.3
2017-04-28 05:00:00,327.29
2017-04-28 05:30:00,315.8
2017-04-28 06:00:00,277.5
2017-04-28 06:30:00,318.07
2017-04-28 07:00:00,351.86
2017-04-28 07:30:00,442.94
2017-04-28 08:00:00,487.51
2017-04-28 08:30:00,575.18
2017-04-28 09:00:00,522.53
2017-04-28 09:30:00,480.35
2017-04-28 10:00:00,476.14
2017-04-28 10:30:00,514.64
2017-04-28 11:00:00,423.16
2017-04-28 11:30:00,453.31
2017-04-28 12:00:00,431.92
2017-04-28 12:30:00,490.73
2017-04-28 13:00:00,424.11
2017-04-28 13:30:00,385.98
2017-04-28 14:00:00,394.2
2017-04-28 14:30:00,421.23
2017-04-28 15:00:00,443.89
2017-04-28 15:30:00,443.31
2017-04-28 16:00:00,489.59
2017-04-28 16:30:00,449.14
2017-04-28 17:00:00,379.1
2017-04-28 17:30:00,414.47
2017-04-28 18:00:00,475.52
2017-04-28 18:30:00,495.87
2017-04-28 19:00:00,574.18
2017-04-28 19:30:00,559.78
2017-04-28 20:00:00,577.9
2017-04-28 20:30:00,567.16
2017-04-28 21:00:00,537.33
2017-04-28 21:30:00,578.05
2017-04-28 22:00:00,567.75
2017-04-28 22:30:00,517.58
2017-04-28 23:00:00,524.72
2017-04-28 23:30:00,529.31
2017-04-29 00:00:00,483.07
2017-04-29 00:00:00,483.07
2017-04-29 00:30:00,461.95
2017-04-29 01:00:00,414.46
2017-04-29 01:30:00,367.83
2017-04-29 02:00:00,321.98
2017-04-29 02:30:00,284.77
2017-04-29 03:00:00,283.89
2017-04-29 03:30:00,278.5
2017-04-29 04:00:00,297.95
2017-04-29 04:30:00,289.99
2017-04-29 05:00:00,321.8
2017-04-29 05:30:00,301.42
2017-04-29 06:00:00,282.34
2017-04-29 06:30:00,298.44
2017-04-29 07:00:00,313.16
2017-04-29 07:30:00,313.74
2017-04-29 08:00:00,373.88
2017-04-29 08:30:00,413.15
2017-04-29 09:00:00,514.56
2017-04-29 09:30:00,522.79
2017-04-29 10:00:00,478.53
2017-04-29 10:30:00,460.45
2017-04-29 11:00:00,450.57
2017-04-29 11:30:00,461.35
2017-04-29 12:00:00,486.2
2017-04-29 12:30:00,473.86
2017-04-29 13:00:00,374.03
2017-04-29 13:30:00,382.0
2017-04-29 14:00:00,388.95
2017-04-29 14:30:00,428.21
2017-04-29 15:00:00,417.78
2017-04-29 15:30:00,435.3
2017-04-29 16:00:00,403.84
2017-04-29 16:30:00,421.09
2017-04-29 17:00:00,424.35
2017-04-29 17:30:00,370.69
2017-04-29 18:00:00,410.15
2017-04-29 18:30:00,463.93
2017-04-29 19:00:00,499.39
2017-04-29 19:30:00,508.3
2017-04-29 20:00:00,504.88
2017-04-29 20:30:00,513.16
2017-04-29 21:00:00,481.76
2017-04-29 21:30:00,523.86
2017-04-29 22:00:00,532.53
2017-04-29 22:30:00,536.45
2017-04-29 23:00:00,562.49
2017-04-29 23:30:00,515.12
2017-04-30 00:00:00,452.79
2017-04-30 00:00:00,452.79
2017-04-30 00:30:00,407.22
2017-04-30 01:00:00,356.27
2017-04-30 01:30:00,322.9
2017-04-30 02:00:00,311.76
2017-04-30 02:30:00,291.93
2017-04-30 03:00:00,271.46
2017-04-30 03:30:00,281.23
2017-04-30 04:00:00,281.31
2017-04-30 04:30:00,270.32
2017-04-30 05:00:00,268.09
2017-04-30 05:30:00,315.69
2017-04-30 06:00:00,295.12
2017-04-30 06:30:00,285.31
2017-04-30 07:00:00,290.88
2017-04-30 07:30:00,312.94
2017-04-30 08:00:00,365.38
2017-04-30 08:30:00,403.47
2017-04-30 09:00:00,497.54
2017-04-30 09:30:00,448.47
2017-04-30 10:00:00,443.5
2017-04-30 10:30:00,458.08
2017-04-30 11:00:00,434.49
2017-04-30 11:30:00,392.95
2017-04-30 12:00:00,421.47
2017-04-30 12:30:00,426.24
2017-04-30 13:00:00,387.78
2017-04-30 13:30:00,330.39
2017-04-30 14:00:00,389.17
2017-04-30 14:30:00,355.47
2017-04-30 15:00:00,361.28
2017-04-30 15:30:00,401.58
2017-04-30 16:00:00,454.39
2017-04-30 16:30:00,404.54
2017-04-30 17:00:00,391.15
2017-04-30 17:30:00,413.28
2017-04-30 18:00:00,364.17
2017-04-30 18:30:00,422.26
2017-04-30 19:00:00,435.46
2017-04-30 19:30:00,450.8
2017-04-30 20:00:00,474.33
2017-04-30 20:30:00,495.97
2017-04-30 21:00:00,475.79
2017-04-30 21:30:00,502.99
2017-04-30 22:00:00,490.46
2017-04-30 22:30:00,490.5
2017-04-30 23:00:00,489.7
2017-04-30 23:30:00,466.41
2017-05-01 00:00:00,441.36
2017-05-01 00:00:00,441.36
2017-05-01 00:30:00,411.88
2017-05-01 01:00:00,375.11
2017-05-01 01:30:00,366.38
2017-05-01 02:00:00,307.57
2017-05-01 02:30:00,276.22
2017-05-01 03:00:00,290.45
2017-05-01 03:30:00,266.24
2017-05-01 04:00:00,299.64
2017-05-01 04:30:00,289.85
2017-05-01 05:00:00,263.21
2017-05-01 05:30:00,302.59
2017-05-01 06:00:00,294.77
2017-05-01 06:30:00,285.97
2017-05-01 07:00:00,319.66
2017-05-01 07:30:00,315.56
2017-05-01 08:00:00,360.55
2017-05-01 08:30:00,392.42
2017-05-01 09:00:00,431.27
2017-05-01 09:30:00,433.66
2017-05-01 10:00:00,484.21
2017-05-01 10:30:00,464.81
2017-05-01 11:00:00,449.32
2017-05-01 11:30:00,417.38
2017-05-01 12:00:00,469.73
2017-05-01 12:30:00,443.97
2017-05-01 13:00:00,421.11
2017-05-01 13:30:00,393.97
2017-05-01 14:00:00,375.41
2017-05-01 14:30:00,410.96
2017-05-01 15:00:00,390.01
2017-05-01 15:30:00,390.42
2017-05-01 16:00:00,494.26
2017-05-01 16:30:00,413.18
2017-05-01 17:00:00,455.37
2017-05-01 17:30:00,411.7
2017-05-01 18:00:00,501.49
2017-05-01 18:30:00,509.16
2017-05-01 19:00:00,590.65
2017-05-01 19:30:00,604.93
2017-05-01 20:00:00,568.92
2017-05-01 20:30:00,597.31
2017-05-01 21:00:00,582.99
2017-05-01 21:30:00,599.17
2017-05-01 22:00:00,570.08
2017-05-01 22:30:00,544.47
2017-05-01 23:00:00,557.64
2017-05-01 23:30:00,542.45
2017-05-02 00:00:00,452.96
2017-05-02 00:00:00,452.96
2017-05-02 00:30:00,431.89
2017-05-02 01:00:00,367.48
2017-05-02 01:30:00,319.94
2017-05-02 02:00:00,314.66
2017-05-02 02:30:00,274.61
2017-05-02 03:00:00,258.7
2017-05-02 03:30:00,276.79
2017-05-02 04:00:00,290.46
2017-05-02 04:30:00,289.19
2017-05-02 05:00:00,324.96
2017-05-02 05:30:00,308.96
2017-05-02 06:00:00,327.06
2017-05-02 06:30:00,302.45
2017-05-02 07:00:00,318.39
2017-05-02 07:30:00,350.18
2017-05-02 08:00:00,484.4
2017-05-02 08:30:00,460.85
2017-05-02 09:00:00,569.7
2017-05-02 09:30:00,498.65
2017-05-02 10:00:00,462.7
2017-05-02 10:30:00,495.42
2017-05-02 11:00:00,468.42
2017-05-02 11:30:00,471.05
2017-05-02 12:00:00,448.62
2017-05-02 12:30:00,484.8
2017-05-02 13:00:00,403.69
2017-05-02 13:30:00,378.63
2017-05-02 14:00:00,386.77
2017-05-02 14:30:00,397.5
2017-05-02 15:00:00,417.03
2017-05-02 15:30:00,470.61
2017-05-02 16:00:00,538.51
2017-05-02 16:30:00,494.32
2017-05-02 17:00:00,467.52
2017-05-02 17:30:00,453.35
2017-05-02 18:00:00,468.58
2017-05-02 18:30:00,536.52
2017-05-02 19:00:00,555.99
2017-05-02 19:30:00,582.72
2017-05-02 20:00:00,592.54
2017-05-02 20:30:00,543.67
2017-05-02 21:00:00,537.24
2017-05-02 21:30:00,580.47
2017-05-02 22:00:00,590.72
2017-05-02 22:30:00,625.91
2017-05-02 23:00:00,606.84
2017-05-02 23:30:00,559.0
2017-05-03 00:00:00,489.53
2017-05-03 00:00:00,489.53
2017-05-03 00:30:00,420.8
2017-05-03 01:00:00,369.55
2017-05-03 01:30:00,346.95
2017-05-03 02:00:00,305.72
2017-05-03 02:30:00,291.86
2017-05-03 03:00:00,277.88
2017-05-03 03:30:00,258.52
2017-05-03 04:00:00,298.45
2017-05-03 04:30:00,275.68
2017-05-03 05:00:00,292.32
2017-05-03 05:30:00,324.88
2017-05-03 06:00:00,296.19
2017-05-03 06:30:00,321.31
2017-05-03 07:00:00,299.91
2017-05-03 07:30:00,420.01
2017-05-03 08:00:00,474.07
2017-05-03 08:30:00,523.2
2017-05-03 09:00:00,500.96
2017-05-03 09:30:00,470.65
2017-05-03 10:00:00,446.99
2017-05-03 10:30:00,495.62
2017-05-03 11:00:00,441.0
2017-05-03 11:30:00,413.38
2017-05-03 12:00:00,439.39
2017-05-03 12:30:00,496.92
2017-05-03 13:00:00,430.83
2017-05-03 13:30:00,405.3
2017-05-03 14:00:00,376.91
2017-05-03 14:30:00,410.71
2017-05-03 15:00:00,395.3
2017-05-03 15:30:00,460.32
2017-05-03 16:00:00,479.34
2017-05-03 16:30:00,470.35
2017-05-03 17:00:00,449.52
2017-05-03 17:30:00,449.47
2017-05-03 18:00:00,475.75
2017-05-03 18:30:00,571.39
2017-05-03 19:00:00,614.57
2017-05-03 19:30:00,601.67
2017-05-03 20:00:00,561.52
2017-05-03 20:30:00,617.32
2017-05-03 21:00:00,594.25
2017-05-03 21:30:00,663.23
2017-05-03 22:00:00,651.02
2017-05-03 22:30:00,676.13
2017-05-03 23:00:00,644.69
2017-05-03 23:30:00,564.27
2017-05-04 00:00:00,505.75
2017-05-04 00:00:00,505.75
2017-05-04 00:30:00,450.7
2017-05-04 01:00:00,386.73
2017-05-04 01:30:00,358.18
2017-05-04 02:00:00,315.76
2017-05-04 02:30:00,283.93
2017-05-04 03:00:00,276.35
2017-05-04 03:30:00,287.9
2017-05-04 04:00:00,285.95
2017-05-04 04:30:00,286.79
2017-05-04 05:00:00,289.89
2017-05-04 05:30:00,315.23
2017-05-04 06:00:00,325.26
2017-05-04 06:30:00,321.22
2017-05-04 07:00:00,330.55
2017-05-04 07:30:00,386.3
2017-05-04 08:00:00,508.14
2017-05-04 08:30:00,539.84
2017-05-04 09:00:00,516.95
2017-05-04 09:30:00,467.34
2017-05-04 10:00:00,448.33
2017-05-04 10:30:00,444.79
2017-05-04 11:00:00,481.91
2017-05-04 11:30:00,440.94
2017-05-04 12:00:00,472.38
2017-05-04 12:30:00,531.33
2017-05-04 13:00:00,423.77
2017-05-04 13:30:00,416.88
2017-05-04 14:00:00,355.47
2017-05-04 14:30:00,413.41
2017-05-04 15:00:00,412.6
2017-05-04 15:30:00,491.43
2017-05-04 16:00:00,521.98
2017-05-04 16:30:00,495.97
2017-05-04 17:00:00,460.49
2017-05-04 17:30:00,518.69
2017-05-04 18:00:00,511.04
2017-05-04 18:30:00,524.62
2017-05-04 19:00:00,600.83
2017-05-04 19:30:00,603.22
2017-05-04 20:00:00,573.57
2017-05-04 20:30:00,569.23
2017-05-04 21:00:00,540.08
2017-05-04 21:30:00,617.08
2017-05-04 22:00:00,618.9
2017-05-04 22:30:00,613.99
2017-05-04 23:00:00,655.73
2017-05-04 23:30:00,597.94
2017-05-05 00:00:00,510.77
2017-05-05 00:00:00,510.77
2017-05-05 00:30:00,464.47
2017-05-05 01:00:00,408.04
2017-05-05 01:30:00,395.02
2017-05-05 02:00:00,305.54
2017-05-05 02:30:00,290.68
2017-05-05 03:00:00,281.59
2017-05-05 03:30:00,265.19
2017-05-05 04:00:00,270.92
2017-05-05 04:30:00,268.9
2017-05-05 05:00:00,274.51
2017-05-05 05:30:00,314.92
2017-05-05 06:00:00,316.89
2017-05-05 06:30:00,342.44
2017-05-05 07:00:00,297.82
2017-05-05 07:30:00,365.88
2017-05-05 08:00:00,463.67
2017-05-05 08:30:00,522.62
2017-05-05 09:00:00,504.36
2017-05-05 09:30:00,480.41
2017-05-05 10:00:00,497.7
2017-05-05 10:30:00,497.21
2017-05-05 11:00:00,452.09
2017-05-05 11:30:00,463.59
2017-05-05 12:00:00,457.05
2017-05-05 12:30:00,483.28
2017-05-05 13:00:00,407.79
2017-05-05 13:30:00,393.12
2017-05-05 14:00:00,390.6
2017-05-05 14:30:00,386.94
2017-05-05 15:00:00,392.55
2017-05-05 15:30:00,456.37
2017-05-05 16:00:00,484.4
2017-05-05 16:30:00,458.06
2017-05-05 17:00:00,454.7
2017-05-05 17:30:00,443.27
2017-05-05 18:00:00,526.15
2017-05-05 18:30:00,514.77
2017-05-05 19:00:00,576.94
2017-05-05 19:30:00,602.88
2017-05-05 20:00:00,600.49
2017-05-05 20:30:00,550.0
2017-05-05 21:00:00,594.51
2017-05-05 21:30:00,601.94
2017-05-05 22:00:00,638.69
2017-05-05 22:30:00,633.87
2017-05-05 23:00:00,639.97
2017-05-05 23:30:00,580.47
2017-05-06 00:00:00,548.28
2017-05-06 00:00:00,548.28
2017-05-06 00:30:00,490.11
2017-05-06 01:00:00,431.18
2017-05-06 01:30:00,352.39
2017-05-06 02:00:00,319.86
2017-05-06 02:30:00,311.0
2017-05-06 03:00:00,307.0
2017-05-06 03:30:00,300.42
2017-05-06 04:00:00,301.93
2017-05-06 04:30:00,283.94
2017-05-06 05:00:00,312.4
2017-05-06 05:30:00,319.89
2017-05-06 06:00:00,315.51
2017-05-06 06:30:00,294.94
2017-05-06 07:00:00,295.17
2017-05-06 07:30:00,366.57
2017-05-06 08:00:00,409.87
2017-05-06 08:30:00,481.76
2017-05-06 09:00:00,488.58
2017-05-06 09:30:00,473.89
2017-05-06 10:00:00,485.37
2017-05-06 10:30:00,525.89
2017-05-06 11:00:00,494.12
2017-05-06 11:30:00,466.58
2017-05-06 12:00:00,453.71
2017-05-06 12:30:00,552.01
2017-05-06 13:00:00,474.47
2017-05-06 13:30:00,442.97
2017-05-06 14:00:00,405.44
2017-05-06 14:30:00,439.72
2017-05-06 15:00:00,446.87
2017-05-06 15:30:00,519.73
2017-05-06 16:00:00,542.17
2017-05-06 16:30:00,490.26
2017-05-06 17:00:00,464.23
2017-05-06 17:30:00,448.68
2017-05-06 18:00:00,487.9
2017-05-06 18:30:00,522.89
2017-05-06 19:00:00,542.25
2017-05-06 19:30:00,562.72
2017-05-06 20:00:00,583.31
2017-05-06 20:30:00,609.85
2017-05-06 21:00:00,607.34
2017-05-06 21:30:00,625.7
2017-05-06 22:00:00,600.6
2017-05-06 22:30:00,587.47
2017-05-06 23:00:00,565.78
2017-05-06 23:30:00,568.37
2017-05-07 00:00:00,505.03
2017-05-07 00:00:00,505.03
2017-05-07 00:30:00,470.68
2017-05-07 01:00:00,396.42
2017-05-07 01:30:00,372.63
2017-05-07 02:00:00,347.66
2017-05-07 02:30:00,303.85
2017-05-07 03:00:00,275.07
2017-05-07 03:30:00,289.97
2017-05-07 04:00:00,328.61
2017-05-07 04:30:00,281.38
2017-05-07 05:00:00,308.61
2017-05-07 05:30:00,314.7
2017-05-07 06:00:00,300.3
2017-05-07 06:30:00,308.21
2017-05-07 07:00:00,312.3
2017-05-07 07:30:00,355.87
2017-05-07 08:00:00,417.47
2017-05-07 08:30:00,488.01
2017-05-07 09:00:00,503.74
2017-05-07 09:30:00,470.33
2017-05-07 10:00:00,480.84
2017-05-07 10:30:00,480.0
2017-05-07 11:00:00,476.77
2017-05-07 11:30:00,477.02
2017-05-07 12:00:00,486.31
2017-05-07 12:30:00,565.89
2017-05-07 13:00:00,488.56
2017-05-07 13:30:00,522.12
2017-05-07 14:00:00,498.83
2017-05-07 14:30:00,521.61
2017-05-07 15:00:00,527.32
2017-05-07 15:30:00,539.08
2017-05-07 16:00:00,559.55
2017-05-07 16:30:00,507.03
2017-05-07 17:00:00,499.53
2017-05-07 17:30:00,518.45
2017-05-07 18:00:00,513.23
2017-05-07 18:30:00,600.39
2017-05-07 19:00:00,614.77
2017-05-07 19:30:00,580.84
2017-05-07 20:00:00,622.92
2017-05-07 20:30:00,669.58
2017-05-07 21:00:00,624.1
2017-05-07 21:30:00,611.6
2017-05-07 22:00:00,580.59
2017-05-07 22:30:00,638.21
2017-05-07 23:00:00,644.05
2017-05-07 23:30:00,629.34
2017-05-08 00:00:00,581.86
2017-05-08 00:00:00,581.86
2017-05-08 00:30:00,495.68
2017-05-08 01:00:00,387.61
2017-05-08 01:30:00,374.56
2017-05-08 02:00:00,327.54
2017-05-08 02:30:00,315.53
2017-05-08 03:00:00,279.54
2017-05-08 03:30:00,313.5
2017-05-08 04:00:00,297.61
2017-05-08 04:30:00,314.45
2017-05-08 05:00:00,323.44
2017-05-08 05:30:00,317.46
2017-05-08 06:00:00,307.4
2017-05-08 06:30:00,331.43
2017-05-08 07:00:00,350.88
2017-05-08 07:30:00,399.92
2017-05-08 08:00:00,445.25
2017-05-08 08:30:00,512.45
2017-05-08 09:00:00,544.69
2017-05-08 09:30:00,462.49
2017-05-08 10:00:00,431.74
2017-05-08 10:30:00,491.35
2017-05-08 11:00:00,494.38
2017-05-08 11:30:00,439.39
2017-05-08 12:00:00,445.63
2017-05-08 12:30:00,488.46
2017-05-08 13:00:00,399.42
2017-05-08 13:30:00,415.14
2017-05-08 14:00:00,355.89
2017-05-08 14:30:00,397.42
2017-05-08 15:00:00,424.39
2017-05-08 15:30:00,473.22
2017-05-08 16:00:00,479.12
2017-05-08 16:30:00,490.6
2017-05-08 17:00:00,480.6
2017-05-08 17:30:00,419.38
2017-05-08 18:00:00,527.7
2017-05-08 18:30:00,581.52
2017-05-08 19:00:00,609.29
2017-05-08 19:30:00,594.59
2017-05-08 20:00:00,576.42
2017-05-08 20:30:00,589.54
2017-05-08 21:00:00,624.29
2017-05-08 21:30:00,646.06
2017-05-08 22:00:00,634.08
2017-05-08 22:30:00,662.71
2017-05-08 23:00:00,660.38
2017-05-08 23:30:00,618.7
2017-05-09 00:00:00,549.5
2017-05-09 00:00:00,549.5
2017-05-09 00:30:00,467.33
2017-05-09 01:00:00,387.46
2017-05-09 01:30:00,350.59
2017-05-09 02:00:00,325.0
2017-05-09 02:30:00,285.56
2017-05-09 03:00:00,295.96
2017-05-09 03:30:00,280.1
2017-05-09 04:00:00,276.76
2017-05-09 04:30:00,271.69
2017-05-09 05:00:00,294.46
2017-05-09 05:30:00,316.47
2017-05-09 06:00:00,305.27
2017-05-09 06:30:00,341.01
2017-05-09 07:00:00,311.61
2017-05-09 07:30:00,493.86
2017-05-09 08:00:00,497.6
2017-05-09 08:30:00,597.56
2017-05-09 09:00:00,549.83
2017-05-09 09:30:00,551.51
2017-05-09 10:00:00,490.54
2017-05-09 10:30:00,509.65
2017-05-09 11:00:00,512.5
2017-05-09 11:30:00,471.79
2017-05-09 12:00:00,520.18
2017-05-09 12:30:00,471.75
2017-05-09 13:00:00,429.7
2017-05-09 13:30:00,391.14
2017-05-09 14:00:00,410.04
2017-05-09 14:30:00,372.55
2017-05-09 15:00:00,412.23
2017-05-09 15:30:00,446.46
2017-05-09 16:00:00,511.11
2017-05-09 16:30:00,487.21
2017-05-09 17:00:00,469.09
2017-05-09 17:30:00,455.69
2017-05-09 18:00:00,497.47
2017-05-09 18:30:00,543.31
2017-05-09 19:00:00,601.66
2017-05-09 19:30:00,588.82
2017-05-09 20:00:00,640.52
2017-05-09 20:30:00,638.64
2017-05-09 21:00:00,623.33
2017-05-09 21:30:00,677.91
2017-05-09 22:00:00,683.62
2017-05-09 22:30:00,726.08
2017-05-09 23:00:00,689.01
2017-05-09 23:30:00,622.95
2017-05-10 00:00:00,550.52
2017-05-10 00:00:00,550.52
2017-05-10 00:30:00,492.26
2017-05-10 01:00:00,399.59
2017-05-10 01:30:00,359.0
2017-05-10 02:00:00,302.19
2017-05-10 02:30:00,279.42
2017-05-10 03:00:00,285.34
2017-05-10 03:30:00,313.56
2017-05-10 04:00:00,282.96
2017-05-10 04:30:00,303.52
2017-05-10 05:00:00,298.9
2017-05-10 05:30:00,307.55
2017-05-10 06:00:00,293.45
2017-05-10 06:30:00,327.53
2017-05-10 07:00:00,317.51
2017-05-10 07:30:00,455.05
2017-05-10 08:00:00,461.88
2017-05-10 08:30:00,602.54
2017-05-10 09:00:00,592.95
2017-05-10 09:30:00,505.44
2017-05-10 10:00:00,467.85
2017-05-10 10:30:00,521.8
2017-05-10 11:00:00,496.09
2017-05-10 11:30:00,476.34
2017-05-10 12:00:00,487.82
2017-05-10 12:30:00,498.65
2017-05-10 13:00:00,418.61
2017-05-10 13:30:00,425.16
2017-05-10 14:00:00,405.44
2017-05-10 14:30:00,435.43
2017-05-10 15:00:00,483.41
2017-05-10 15:30:00,511.75
2017-05-10 16:00:00,522.51
2017-05-10 16:30:00,479.63
2017-05-10 17:00:00,427.56
2017-05-10 17:30:00,469.49
2017-05-10 18:00:00,469.12
2017-05-10 18:30:00,557.23
2017-05-10 19:00:00,601.15
2017-05-10 19:30:00,605.06
2017-05-10 20:00:00,658.54
2017-05-10 20:30:00,672.56
2017-05-10 21:00:00,679.38
2017-05-10 21:30:00,684.21
2017-05-10 22:00:00,730.39
2017-05-10 22:30:00,712.82
2017-05-10 23:00:00,728.47
2017-05-10 23:30:00,677.25
2017-05-11 00:00:00,617.58
2017-05-11 00:00:00,617.58
2017-05-11 00:30:00,491.39
2017-05-11 01:00:00,420.31
2017-05-11 01:30:00,401.32
2017-05-11 02:00:00,340.82
2017-05-11 02:30:00,331.69
2017-05-11 03:00:00,295.64
2017-05-11 03:30:00,323.64
2017-05-11 04:00:00,306.59
2017-05-11 04:30:00,343.75
2017-05-11 05:00:00,335.97
2017-05-11 05:30:00,364.78
2017-05-11 06:00:00,318.34
2017-05-11 06:30:00,348.52
2017-05-11 07:00:00,331.47
2017-05-11 07:30:00,424.11
2017-05-11 08:00:00,513.45
2017-05-11 08:30:00,588.76
2017-05-11 09:00:00,548.41
2017-05-11 09:30:00,527.54
2017-05-11 10:00:00,451.15
2017-05-11 10:30:00,473.09
2017-05-11 11:00:00,544.33
2017-05-11 11:30:00,564.84
2017-05-11 12:00:00,542.46
2017-05-11 12:30:00,573.75
2017-05-11 13:00:00,505.6
2017-05-11 13:30:00,461.19
2017-05-11 14:00:00,418.72
2017-05-11 14:30:00,459.06
2017-05-11 15:00:00,472.65
2017-05-11 15:30:00,528.82
2017-05-11 16:00:00,533.26
2017-05-11 16:30:00,508.44
2017-05-11 17:00:00,502.42
2017-05-11 17:30:00,522.83
2017-05-11 18:00:00,600.57
2017-05-11 18:30:00,642.18
2017-05-11 19:00:00,685.94
2017-05-11 19:30:00,668.17
2017-05-11 20:00:00,731.5
2017-05-11 20:30:00,663.7
2017-05-11 21:00:00,677.29
2017-05-11 21:30:00,684.67
2017-05-11 22:00:00,758.11
2017-05-11 22:30:00,769.33
2017-05-11 23:00:00,714.57
2017-05-11 23:30:00,679.28
2017-05-12 00:00:00,614.39
2017-05-12 00:00:00,614.39
2017-05-12 00:30:00,521.66
2017-05-12 01:00:00,483.55
2017-05-12 01:30:00,394.35
2017-05-12 02:00:00,367.82
2017-05-12 02:30:00,337.35
2017-05-12 03:00:00,292.64
2017-05-12 03:30:00,317.0
2017-05-12 04:00:00,315.01
2017-05-12 04:30:00,312.62
2017-05-12 05:00:00,323.24
2017-05-12 05:30:00,339.4
2017-05-12 06:00:00,314.56
2017-05-12 06:30:00,324.53
2017-05-12 07:00:00,343.81
2017-05-12 07:30:00,465.95
2017-05-12 08:00:00,470.26
2017-05-12 08:30:00,570.62
2017-05-12 09:00:00,468.56
2017-05-12 09:30:00,436.67
2017-05-12 10:00:00,459.48
2017-05-12 10:30:00,487.97
2017-05-12 11:00:00,450.36
2017-05-12 11:30:00,451.22
2017-05-12 12:00:00,435.98
2017-05-12 12:30:00,487.38
2017-05-12 13:00:00,431.32
2017-05-12 13:30:00,398.09
2017-05-12 14:00:00,356.88
2017-05-12 14:30:00,412.22
2017-05-12 15:00:00,386.57
2017-05-12 15:30:00,500.08
2017-05-12 16:00:00,479.87
2017-05-12 16:30:00,442.88
2017-05-12 17:00:00,424.05
2017-05-12 17:30:00,472.83
2017-05-12 18:00:00,476.97
2017-05-12 18:30:00,534.92
2017-05-12 19:00:00,574.97
2017-05-12 19:30:00,584.29
2017-05-12 20:00:00,597.94
2017-05-12 20:30:00,617.56
2017-05-12 21:00:00,566.62
2017-05-12 21:30:00,595.43
2017-05-12 22:00:00,638.31
2017-05-12 22:30:00,673.89
2017-05-12 23:00:00,709.78
2017-05-12 23:30:00,636.05
2017-05-13 00:00:00,543.43
2017-05-13 00:00:00,543.43
2017-05-13 00:30:00,437.87
2017-05-13 01:00:00,396.23
2017-05-13 01:30:00,354.4
2017-05-13 02:00:00,338.33
2017-05-13 02:30:00,341.52
2017-05-13 03:00:00,318.08
2017-05-13 03:30:00,316.42
2017-05-13 04:00:00,299.68
2017-05-13 04:30:00,313.38
2017-05-13 05:00:00,321.26
2017-05-13 05:30:00,323.52
2017-05-13 06:00:00,296.72
2017-05-13 06:30:00,323.87
2017-05-13 07:00:00,324.76
2017-05-13 07:30:00,412.72
2017-05-13 08:00:00,425.29
2017-05-13 08:30:00,505.47
2017-05-13 09:00:00,488.87
2017-05-13 09:30:00,517.36
2017-05-13 10:00:00,539.84
2017-05-13 10:30:00,544.79
2017-05-13 11:00:00,560.67
2017-05-13 11:30:00,507.86
2017-05-13 12:00:00,494.32
2017-05-13 12:30:00,540.98
2017-05-13 13:00:00,444.25
2017-05-13 13:30:00,506.51
2017-05-13 14:00:00,435.54
2017-05-13 14:30:00,447.62
2017-05-13 15:00:00,513.57
2017-05-13 15:30:00,529.86
2017-05-13 16:00:00,527.06
2017-05-13 16:30:00,466.9
2017-05-13 17:00:00,471.13
2017-05-13 17:30:00,501.9
2017-05-13 18:00:00,543.42
2017-05-13 18:30:00,520.35
2017-05-13 19:00:00,575.77
2017-05-13 19:30:00,614.48
2017-05-13 20:00:00,622.6
2017-05-13 20:30:00,623.11
2017-05-13 21:00:00,626.25
2017-05-13 21:30:00,625.8
2017-05-13 22:00:00,660.35
2017-05-13 22:30:00,652.39
2017-05-13 23:00:00,654.39
2017-05-13 23:30:00,647.35
2017-05-14 00:00:00,603.13
2017-05-14 00:00:00,603.13
2017-05-14 00:30:00,561.0
2017-05-14 01:00:00,459.92
2017-05-14 01:30:00,407.94
2017-05-14 02:00:00,340.75
2017-05-14 02:30:00,348.85
2017-05-14 03:00:00,310.75
2017-05-14 03:30:00,319.71
2017-05-14 04:00:00,316.73
2017-05-14 04:30:00,325.73
2017-05-14 05:00:00,317.67
2017-05-14 05:30:00,353.62
2017-05-14 06:00:00,321.58
2017-05-14 06:30:00,328.62
2017-05-14 07:00:00,352.07
2017-05-14 07:30:00,371.4
2017-05-14 08:00:00,416.58
2017-05-14 08:30:00,470.78
2017-05-14 09:00:00,483.98
2017-05-14 09:30:00,467.93
2017-05-14 10:00:00,520.47
2017-05-14 10:30:00,552.6
2017-05-14 11:00:00,554.66
2017-05-14 11:30:00,552.14
2017-05-14 12:00:00,542.66
2017-05-14 12:30:00,539.48
2017-05-14 13:00:00,481.42
2017-05-14 13:30:00,495.42
2017-05-14 14:00:00,473.38
2017-05-14 14:30:00,470.88
2017-05-14 15:00:00,484.64
2017-05-14 15:30:00,535.38
2017-05-14 16:00:00,555.8
2017-05-14 16:30:00,501.42
2017-05-14 17:00:00,504.12
2017-05-14 17:30:00,518.03
2017-05-14 18:00:00,549.96
2017-05-14 18:30:00,535.9
2017-05-14 19:00:00,606.86
2017-05-14 19:30:00,574.66
2017-05-14 20:00:00,620.76
2017-05-14 20:30:00,671.51
2017-05-14 21:00:00,618.34
2017-05-14 21:30:00,640.24
2017-05-14 22:00:00,649.07
2017-05-14 22:30:00,661.84
2017-05-14 23:00:00,619.61
2017-05-14 23:30:00,578.79
2017-05-15 00:00:00,536.22
2017-05-15 00:00:00,536.22
2017-05-15 00:30:00,463.37
2017-05-15 01:00:00,404.72
2017-05-15 01:30:00,355.93
2017-05-15 02:00:00,314.71
2017-05-15 02:30:00,297.01
2017-05-15 03:00:00,317.29
2017-05-15 03:30:00,316.06
2017-05-15 04:00:00,282.42
2017-05-15 04:30:00,300.33
2017-05-15 05:00:00,307.1
2017-05-15 05:30:00,328.66
2017-05-15 06:00:00,319.71
2017-05-15 06:30:00,358.16
2017-05-15 07:00:00,342.0
2017-05-15 07:30:00,450.76
2017-05-15 08:00:00,476.36
2017-05-15 08:30:00,538.96
2017-05-15 09:00:00,529.34
2017-05-15 09:30:00,453.31
2017-05-15 10:00:00,465.96
2017-05-15 10:30:00,534.88
2017-05-15 11:00:00,525.04
2017-05-15 11:30:00,474.9
2017-05-15 12:00:00,469.52
2017-05-15 12:30:00,494.83
2017-05-15 13:00:00,407.59
2017-05-15 13:30:00,388.26
2017-05-15 14:00:00,412.94
2017-05-15 14:30:00,414.34
2017-05-15 15:00:00,415.97
2017-05-15 15:30:00,488.42
2017-05-15 16:00:00,490.39
2017-05-15 16:30:00,463.61
2017-05-15 17:00:00,437.45
2017-05-15 17:30:00,489.62
2017-05-15 18:00:00,502.14
2017-05-15 18:30:00,553.9
2017-05-15 19:00:00,618.98
2017-05-15 19:30:00,578.33
2017-05-15 20:00:00,592.94
2017-05-15 20:30:00,616.96
2017-05-15 21:00:00,609.09
2017-05-15 21:30:00,596.01
2017-05-15 22:00:00,629.47
2017-05-15 22:30:00,673.63
2017-05-15 23:00:00,705.3
2017-05-15 23:30:00,639.78
2017-05-16 00:00:00,534.6
2017-05-16 00:00:00,534.6
2017-05-16 00:30:00,441.61
2017-05-16 01:00:00,411.08
2017-05-16 01:30:00,366.49
2017-05-16 02:00:00,314.22
2017-05-16 02:30:00,293.0
2017-05-16 03:00:00,306.12
2017-05-16 03:30:00,320.75
2017-05-16 04:00:00,306.74
2017-05-16 04:30:00,334.94
2017-05-16 05:00:00,293.36
2017-05-16 05:30:00,318.49
2017-05-16 06:00:00,290.74
2017-05-16 06:30:00,330.33
2017-05-16 07:00:00,324.77
2017-05-16 07:30:00,399.98
2017-05-16 08:00:00,477.76
2017-05-16 08:30:00,518.0
2017-05-16 09:00:00,502.78
2017-05-16 09:30:00,486.08
2017-05-16 10:00:00,423.63
2017-05-16 10:30:00,475.06
2017-05-16 11:00:00,483.21
2017-05-16 11:30:00,458.65
2017-05-16 12:00:00,450.95
2017-05-16 12:30:00,501.32
2017-05-16 13:00:00,425.69
2017-05-16 13:30:00,397.78
2017-05-16 14:00:00,394.14
2017-05-16 14:30:00,413.23
2017-05-16 15:00:00,380.79
2017-05-16 15:30:00,454.32
2017-05-16 16:00:00,516.29
2017-05-16 16:30:00,453.66
2017-05-16 17:00:00,450.48
2017-05-16 17:30:00,477.14
2017-05-16 18:00:00,493.12
2017-05-16 18:30:00,570.43
2017-05-16 19:00:00,597.34
2017-05-16 19:30:00,650.17
2017-05-16 20:00:00,635.51
2017-05-16 20:30:00,632.12
2017-05-16 21:00:00,643.84
2017-05-16 21:30:00,663.73
2017-05-16 22:00:00,682.65
2017-05-16 22:30:00,693.74
2017-05-16 23:00:00,708.2
2017-05-16 23:30:00,619.61
2017-05-17 00:00:00,493.53
2017-05-17 00:00:00,493.53
2017-05-17 00:30:00,463.22
2017-05-17 01:00:00,407.71
2017-05-17 01:30:00,368.88
2017-05-17 02:00:00,299.62
2017-05-17 02:30:00,313.64
2017-05-17 03:00:00,283.52
2017-05-17 03:30:00,317.65
2017-05-17 04:00:00,315.95
2017-05-17 04:30:00,308.8
2017-05-17 05:00:00,308.77
2017-05-17 05:30:00,314.24
2017-05-17 06:00:00,299.33
2017-05-17 06:30:00,324.02
2017-05-17 07:00:00,329.83
2017-05-17 07:30:00,456.7
2017-05-17 08:00:00,526.51
2017-05-17 08:30:00,559.24
2017-05-17 09:00:00,542.06
2017-05-17 09:30:00,427.21
2017-05-17 10:00:00,514.38
2017-05-17 10:30:00,504.09
2017-05-17 11:00:00,469.45
2017-05-17 11:30:00,468.33
2017-05-17 12:00:00,476.86
2017-05-17 12:30:00,482.25
2017-05-17 13:00:00,476.0
2017-05-17 13:30:00,393.25
2017-05-17 14:00:00,406.59
2017-05-17 14:30:00,422.76
2017-05-17 15:00:00,413.5
2017-05-17 15:30:00,425.17
2017-05-17 16:00:00,506.77
2017-05-17 16:30:00,455.16
2017-05-17 17:00:00,489.09
2017-05-17 17:30:00,514.94
2017-05-17 18:00:00,523.26
2017-05-17 18:30:00,598.28
2017-05-17 19:00:00,636.41
2017-05-17 19:30:00,621.46
2017-05-17 20:00:00,619.56
2017-05-17 20:30:00,627.67
2017-05-17 21:00:00,637.12
2017-05-17 21:30:00,699.09
2017-05-17 22:00:00,696.06
2017-05-17 22:30:00,708.63
2017-05-17 23:00:00,719.25
2017-05-17 23:30:00,670.12
2017-05-18 00:00:00,564.77
2017-05-18 00:00:00,564.77
2017-05-18 00:30:00,498.02
2017-05-18 01:00:00,450.95
2017-05-18 01:30:00,377.09
2017-05-18 02:00:00,326.31
2017-05-18 02:30:00,326.69
2017-05-18 03:00:00,321.52
2017-05-18 03:30:00,333.72
2017-05-18 04:00:00,317.43
2017-05-18 04:30:00,318.21
2017-05-18 05:00:00,331.85
2017-05-18 05:30:00,330.39
2017-05-18 06:00:00,319.16
2017-05-18 06:30:00,293.01
2017-05-18 07:00:00,340.47
2017-05-18 07:30:00,495.81
2017-05-18 08:00:00,510.47
2017-05-18 08:30:00,581.95
2017-05-18 09:00:00,533.6
2017-05-18 09:30:00,493.02
2017-05-18 10:00:00,395.48
2017-05-18 10:30:00,474.63
2017-05-18 11:00:00,469.31
2017-05-18 11:30:00,497.32
2017-05-18 12:00:00,472.55
2017-05-18 12:30:00,522.69
2017-05-18 13:00:00,455.38
2017-05-18 13:30:00,436.85
2017-05-18 14:00:00,391.98
2017-05-18 14:30:00,435.85
2017-05-18 15:00:00,427.15
2017-05-18 15:30:00,489.03
2017-05-18 16:00:00,516.39
2017-05-18 16:30:00,521.44
2017-05-18 17:00:00,445.54
2017-05-18 17:30:00,479.61
2017-05-18 18:00:00,538.79
2017-05-18 18:30:00,567.4
2017-05-18 19:00:00,596.27
2017-05-18 19:30:00,672.35
2017-05-18 20:00:00,691.76
2017-05-18 20:30:00,618.69
2017-05-18 21:00:00,611.86
2017-05-18 21:30:00,623.72
2017-05-18 22:00:00,669.12
2017-05-18 22:30:00,730.9
2017-05-18 23:00:00,728.21
2017-05-18 23:30:00,639.32
2017-05-19 00:00:00,581.47
2017-05-19 00:00:00,581.47
2017-05-19 00:30:00,490.85
2017-05-19 01:00:00,445.49
2017-05-19 01:30:00,395.46
2017-05-19 02:00:00,365.43
2017-05-19 02:30:00,349.26
2017-05-19 03:00:00,365.65
2017-05-19 03:30:00,368.94
2017-05-19 04:00:00,328.91
2017-05-19 04:30:00,338.94
2017-05-19 05:00:00,318.09
2017-05-19 05:30:00,335.3
2017-05-19 06:00:00,329.43
2017-05-19 06:30:00,330.22
2017-05-19 07:00:00,337.84
2017-05-19 07:30:00,451.97
2017-05-19 08:00:00,510.44
2017-05-19 08:30:00,546.49
2017-05-19 09:00:00,587.94
2017-05-19 09:30:00,500.56
2017-05-19 10:00:00,465.94
2017-05-19 10:30:00,510.39
2017-05-19 11:00:00,518.76
2017-05-19 11:30:00,476.85
2017-05-19 12:00:00,504.83
2017-05-19 12:30:00,542.62
2017-05-19 13:00:00,460.1
2017-05-19 13:30:00,450.7
2017-05-19 14:00:00,397.09
2017-05-19 14:30:00,427.1
2017-05-19 15:00:00,466.41
2017-05-19 15:30:00,481.37
2017-05-19 16:00:00,542.69
2017-05-19 16:30:00,455.22
2017-05-19 17:00:00,486.19
2017-05-19 17:30:00,462.11
2017-05-19 18:00:00,504.49
2017-05-19 18:30:00,544.98
2017-05-19 19:00:00,610.82
2017-05-19 19:30:00,631.41
2017-05-19 20:00:00,643.07
2017-05-19 20:30:00,631.04
2017-05-19 21:00:00,634.72
2017-05-19 21:30:00,646.07
2017-05-19 22:00:00,675.69
2017-05-19 22:30:00,676.52
2017-05-19 23:00:00,678.64
2017-05-19 23:30:00,617.32
2017-05-20 00:00:00,543.6
2017-05-20 00:00:00,543.6
2017-05-20 00:30:00,454.82
2017-05-20 01:00:00,432.26
2017-05-20 01:30:00,396.89
2017-05-20 02:00:00,362.49
2017-05-20 02:30:00,332.4
2017-05-20 03:00:00,346.6
2017-05-20 03:30:00,353.36
2017-05-20 04:00:00,346.17
2017-05-20 04:30:00,341.96
2017-05-20 05:00:00,325.83
2017-05-20 05:30:00,333.27
2017-05-20 06:00:00,301.21
2017-05-20 06:30:00,320.67
2017-05-20 07:00:00,325.4
2017-05-20 07:30:00,325.07
2017-05-20 08:00:00,391.46
2017-05-20 08:30:00,471.69
2017-05-20 09:00:00,561.95
2017-05-20 09:30:00,522.88
2017-05-20 10:00:00,516.83
2017-05-20 10:30:00,555.94
2017-05-20 11:00:00,526.0
2017-05-20 11:30:00,520.04
2017-05-20 12:00:00,561.11
2017-05-20 12:30:00,552.97
2017-05-20 13:00:00,535.09
2017-05-20 13:30:00,503.71
2017-05-20 14:00:00,487.14
2017-05-20 14:30:00,495.6
2017-05-20 15:00:00,515.64
2017-05-20 15:30:00,564.03
2017-05-20 16:00:00,545.92
2017-05-20 16:30:00,563.11
2017-05-20 17:00:00,564.27
2017-05-20 17:30:00,519.89
2017-05-20 18:00:00,515.99
2017-05-20 18:30:00,583.09
2017-05-20 19:00:00,563.28
2017-05-20 19:30:00,550.88
2017-05-20 20:00:00,579.06
2017-05-20 20:30:00,607.85
2017-05-20 21:00:00,593.86
2017-05-20 21:30:00,618.74
2017-05-20 22:00:00,605.78
2017-05-20 22:30:00,616.36
2017-05-20 23:00:00,617.34
2017-05-20 23:30:00,569.56
2017-05-21 00:00:00,524.29
2017-05-21 00:00:00,524.29
2017-05-21 00:30:00,489.89
2017-05-21 01:00:00,430.46
2017-05-21 01:30:00,408.5
2017-05-21 02:00:00,369.42
2017-05-21 02:30:00,344.18
2017-05-21 03:00:00,337.48
2017-05-21 03:30:00,332.67
2017-05-21 04:00:00,328.17
2017-05-21 04:30:00,342.07
2017-05-21 05:00:00,312.92
2017-05-21 05:30:00,318.58
2017-05-21 06:00:00,337.92
2017-05-21 06:30:00,335.7
2017-05-21 07:00:00,317.44
2017-05-21 07:30:00,377.74
2017-05-21 08:00:00,432.51
2017-05-21 08:30:00,481.45
2017-05-21 09:00:00,513.54
2017-05-21 09:30:00,490.1
2017-05-21 10:00:00,519.74
2017-05-21 10:30:00,514.1
2017-05-21 11:00:00,527.93
2017-05-21 11:30:00,493.15
2017-05-21 12:00:00,551.79
2017-05-21 12:30:00,606.3
2017-05-21 13:00:00,534.98
2017-05-21 13:30:00,541.04
2017-05-21 14:00:00,493.65
2017-05-21 14:30:00,510.26
2017-05-21 15:00:00,514.46
2017-05-21 15:30:00,590.36
2017-05-21 16:00:00,589.39
2017-05-21 16:30:00,568.38
2017-05-21 17:00:00,508.35
2017-05-21 17:30:00,529.77
2017-05-21 18:00:00,559.41
2017-05-21 18:30:00,646.16
2017-05-21 19:00:00,581.61
2017-05-21 19:30:00,633.3
2017-05-21 20:00:00,656.07
2017-05-21 20:30:00,632.31
2017-05-21 21:00:00,672.43
2017-05-21 21:30:00,705.45
2017-05-21 22:00:00,714.01
2017-05-21 22:30:00,697.27
2017-05-21 23:00:00,721.68
2017-05-21 23:30:00,627.79
2017-05-22 00:00:00,584.06
2017-05-22 00:00:00,584.06
2017-05-22 00:30:00,533.83
2017-05-22 01:00:00,454.56
2017-05-22 01:30:00,409.48
2017-05-22 02:00:00,369.23
2017-05-22 02:30:00,350.01
2017-05-22 03:00:00,319.42
2017-05-22 03:30:00,337.74
2017-05-22 04:00:00,343.59
2017-05-22 04:30:00,352.12
2017-05-22 05:00:00,367.75
2017-05-22 05:30:00,343.9
2017-05-22 06:00:00,335.72
2017-05-22 06:30:00,340.72
2017-05-22 07:00:00,332.43
2017-05-22 07:30:00,451.54
2017-05-22 08:00:00,504.78
2017-05-22 08:30:00,542.18
2017-05-22 09:00:00,548.71
2017-05-22 09:30:00,540.91
2017-05-22 10:00:00,512.49
2017-05-22 10:30:00,505.56
2017-05-22 11:00:00,503.51
2017-05-22 11:30:00,490.88
2017-05-22 12:00:00,514.36
2017-05-22 12:30:00,557.42
2017-05-22 13:00:00,575.52
2017-05-22 13:30:00,439.75
2017-05-22 14:00:00,412.47
2017-05-22 14:30:00,441.04
2017-05-22 15:00:00,446.15
2017-05-22 15:30:00,484.76
2017-05-22 16:00:00,527.78
2017-05-22 16:30:00,509.13
2017-05-22 17:00:00,520.2
2017-05-22 17:30:00,501.6
2017-05-22 18:00:00,572.83
2017-05-22 18:30:00,627.59
2017-05-22 19:00:00,658.97
2017-05-22 19:30:00,711.53
2017-05-22 20:00:00,700.18
2017-05-22 20:30:00,696.45
2017-05-22 21:00:00,679.68
2017-05-22 21:30:00,667.04
2017-05-22 22:00:00,685.14
2017-05-22 22:30:00,687.04
2017-05-22 23:00:00,727.34
2017-05-22 23:30:00,657.04
2017-05-23 00:00:00,663.48
2017-05-23 00:00:00,663.48
2017-05-23 00:30:00,565.79
2017-05-23 01:00:00,497.55
2017-05-23 01:30:00,439.22
2017-05-23 02:00:00,384.17
2017-05-23 02:30:00,390.11
2017-05-23 03:00:00,335.15
2017-05-23 03:30:00,363.75
2017-05-23 04:00:00,373.36
2017-05-23 04:30:00,358.52
2017-05-23 05:00:00,357.63
2017-05-23 05:30:00,364.51
2017-05-23 06:00:00,358.65
2017-05-23 06:30:00,350.26
2017-05-23 07:00:00,354.41
2017-05-23 07:30:00,463.07
2017-05-23 08:00:00,491.09
2017-05-23 08:30:00,548.2
2017-05-23 09:00:00,513.34
2017-05-23 09:30:00,489.94
2017-05-23 10:00:00,465.42
2017-05-23 10:30:00,507.49
2017-05-23 11:00:00,481.73
2017-05-23 11:30:00,453.63
2017-05-23 12:00:00,497.36
2017-05-23 12:30:00,537.33
2017-05-23 13:00:00,481.03
2017-05-23 13:30:00,436.16
2017-05-23 14:00:00,402.27
2017-05-23 14:30:00,397.21
2017-05-23 15:00:00,454.79
2017-05-23 15:30:00,473.39
2017-05-23 16:00:00,507.36
2017-05-23 16:30:00,520.15
2017-05-23 17:00:00,485.49
2017-05-23 17:30:00,486.13
2017-05-23 18:00:00,589.04
2017-05-23 18:30:00,593.21
2017-05-23 19:00:00,635.33
2017-05-23 19:30:00,653.44
2017-05-23 20:00:00,607.6
2017-05-23 20:30:00,620.31
2017-05-23 21:00:00,633.39
2017-05-23 21:30:00,640.42
2017-05-23 22:00:00,669.4
2017-05-23 22:30:00,703.84
2017-05-23 23:00:00,704.26
2017-05-23 23:30:00,607.88
2017-05-24 00:00:00,508.24
2017-05-24 00:00:00,508.24
2017-05-24 00:30:00,442.63
2017-05-24 01:00:00,394.72
2017-05-24 01:30:00,358.55
2017-05-24 02:00:00,348.24
2017-05-24 02:30:00,315.44
2017-05-24 03:00:00,318.93
2017-05-24 03:30:00,319.23
2017-05-24 04:00:00,320.43
2017-05-24 04:30:00,332.02
2017-05-24 05:00:00,334.25
2017-05-24 05:30:00,324.44
2017-05-24 06:00:00,326.14
2017-05-24 06:30:00,340.11
2017-05-24 07:00:00,322.96
2017-05-24 07:30:00,403.08
2017-05-24 08:00:00,482.4
2017-05-24 08:30:00,510.67
2017-05-24 09:00:00,515.82
2017-05-24 09:30:00,448.75
2017-05-24 10:00:00,492.07
2017-05-24 10:30:00,510.35
2017-05-24 11:00:00,439.39
2017-05-24 11:30:00,465.69
2017-05-24 12:00:00,456.61
2017-05-24 12:30:00,470.84
2017-05-24 13:00:00,428.77
2017-05-24 13:30:00,378.61
2017-05-24 14:00:00,367.95
2017-05-24 14:30:00,373.96
2017-05-24 15:00:00,460.49
2017-05-24 15:30:00,507.07
2017-05-24 16:00:00,525.57
2017-05-24 16:30:00,500.32
2017-05-24 17:00:00,503.94
2017-05-24 17:30:00,527.89
2017-05-24 18:00:00,553.58
2017-05-24 18:30:00,562.4
2017-05-24 19:00:00,534.58
2017-05-24 19:30:00,593.86
2017-05-24 20:00:00,585.17
2017-05-24 20:30:00,615.87
2017-05-24 21:00:00,631.51
2017-05-24 21:30:00,624.25
2017-05-24 22:00:00,696.29
2017-05-24 22:30:00,632.83
2017-05-24 23:00:00,677.84
2017-05-24 23:30:00,643.45
2017-05-25 00:00:00,557.85
2017-05-25 00:00:00,557.85
2017-05-25 00:30:00,479.96
2017-05-25 01:00:00,407.14
2017-05-25 01:30:00,386.93
2017-05-25 02:00:00,353.76
2017-05-25 02:30:00,323.7
2017-05-25 03:00:00,326.09
2017-05-25 03:30:00,320.61
2017-05-25 04:00:00,307.42
2017-05-25 04:30:00,319.56
2017-05-25 05:00:00,318.96
2017-05-25 05:30:00,321.33
2017-05-25 06:00:00,297.5
2017-05-25 06:30:00,311.73
2017-05-25 07:00:00,310.63
2017-05-25 07:30:00,411.69
2017-05-25 08:00:00,457.24
2017-05-25 08:30:00,521.75
2017-05-25 09:00:00,538.16
2017-05-25 09:30:00,463.13
2017-05-25 10:00:00,459.48
2017-05-25 10:30:00,499.15
2017-05-25 11:00:00,525.16
2017-05-25 11:30:00,432.12
2017-05-25 12:00:00,482.29
2017-05-25 12:30:00,480.77
2017-05-25 13:00:00,390.96
2017-05-25 13:30:00,431.23
2017-05-25 14:00:00,431.03
2017-05-25 14:30:00,443.65
2017-05-25 15:00:00,438.63
2017-05-25 15:30:00,385.23
2017-05-25 16:00:00,481.33
2017-05-25 16:30:00,473.71
2017-05-25 17:00:00,482.41
2017-05-25 17:30:00,438.87
2017-05-25 18:00:00,505.8
2017-05-25 18:30:00,550.25
2017-05-25 19:00:00,573.78
2017-05-25 19:30:00,608.03
2017-05-25 20:00:00,614.99
2017-05-25 20:30:00,634.86
2017-05-25 21:00:00,670.73
2017-05-25 21:30:00,668.79
2017-05-25 22:00:00,683.65
2017-05-25 22:30:00,695.27
2017-05-25 23:00:00,695.61
2017-05-25 23:30:00,616.47
2017-05-26 00:00:00,569.88
2017-05-26 00:00:00,569.88
2017-05-26 00:30:00,484.47
2017-05-26 01:00:00,429.77
2017-05-26 01:30:00,409.12
2017-05-26 02:00:00,338.86
2017-05-26 02:30:00,338.82
2017-05-26 03:00:00,331.31
2017-05-26 03:30:00,314.37
2017-05-26 04:00:00,318.55
2017-05-26 04:30:00,320.95
2017-05-26 05:00:00,345.51
2017-05-26 05:30:00,321.71
2017-05-26 06:00:00,308.72
2017-05-26 06:30:00,316.05
2017-05-26 07:00:00,350.23
2017-05-26 07:30:00,411.82
2017-05-26 08:00:00,472.36
2017-05-26 08:30:00,527.27
2017-05-26 09:00:00,534.56
2017-05-26 09:30:00,506.01
2017-05-26 10:00:00,481.88
2017-05-26 10:30:00,498.73
2017-05-26 11:00:00,466.02
2017-05-26 11:30:00,469.85
2017-05-26 12:00:00,511.83
2017-05-26 12:30:00,537.56
2017-05-26 13:00:00,429.38
2017-05-26 13:30:00,431.03
2017-05-26 14:00:00,422.01
2017-05-26 14:30:00,433.84
2017-05-26 15:00:00,444.54
2017-05-26 15:30:00,466.91
2017-05-26 16:00:00,531.6
2017-05-26 16:30:00,480.13
2017-05-26 17:00:00,458.76
2017-05-26 17:30:00,511.69
2017-05-26 18:00:00,532.18
2017-05-26 18:30:00,570.54
2017-05-26 19:00:00,552.21
2017-05-26 19:30:00,646.54
2017-05-26 20:00:00,671.31
2017-05-26 20:30:00,665.61
2017-05-26 21:00:00,684.52
2017-05-26 21:30:00,699.97
2017-05-26 22:00:00,687.91
2017-05-26 22:30:00,755.75
2017-05-26 23:00:00,724.29
2017-05-26 23:30:00,672.44
2017-05-27 00:00:00,605.99
2017-05-27 00:00:00,605.99
2017-05-27 00:30:00,535.9
2017-05-27 01:00:00,491.88
2017-05-27 01:30:00,404.6
2017-05-27 02:00:00,367.76
2017-05-27 02:30:00,347.09
2017-05-27 03:00:00,338.07
2017-05-27 03:30:00,359.12
2017-05-27 04:00:00,370.65
2017-05-27 04:30:00,356.4
2017-05-27 05:00:00,321.58
2017-05-27 05:30:00,316.6
2017-05-27 06:00:00,314.04
2017-05-27 06:30:00,307.79
2017-05-27 07:00:00,332.07
2017-05-27 07:30:00,374.24
2017-05-27 08:00:00,477.62
2017-05-27 08:30:00,585.92
2017-05-27 09:00:00,577.41
2017-05-27 09:30:00,527.45
2017-05-27 10:00:00,535.46
2017-05-27 10:30:00,527.59
2017-05-27 11:00:00,480.33
2017-05-27 11:30:00,475.28
2017-05-27 12:00:00,498.68
2017-05-27 12:30:00,540.48
2017-05-27 13:00:00,467.13
2017-05-27 13:30:00,459.74
2017-05-27 14:00:00,445.59
2017-05-27 14:30:00,427.2
2017-05-27 15:00:00,476.04
2017-05-27 15:30:00,516.43
2017-05-27 16:00:00,533.77
2017-05-27 16:30:00,494.38
2017-05-27 17:00:00,478.83
2017-05-27 17:30:00,524.27
2017-05-27 18:00:00,596.13
2017-05-27 18:30:00,535.82
2017-05-27 19:00:00,584.15
2017-05-27 19:30:00,654.26
2017-05-27 20:00:00,640.13
2017-05-27 20:30:00,604.12
2017-05-27 21:00:00,639.13
2017-05-27 21:30:00,669.88
2017-05-27 22:00:00,664.98
2017-05-27 22:30:00,662.9
2017-05-27 23:00:00,652.73
2017-05-27 23:30:00,578.28
2017-05-28 00:00:00,559.63
2017-05-28 00:00:00,559.63
2017-05-28 00:30:00,513.71
2017-05-28 01:00:00,473.82
2017-05-28 01:30:00,424.7
2017-05-28 02:00:00,390.09
2017-05-28 02:30:00,363.15
2017-05-28 03:00:00,365.63
2017-05-28 03:30:00,343.8
2017-05-28 04:00:00,347.61
2017-05-28 04:30:00,370.38
2017-05-28 05:00:00,350.39
2017-05-28 05:30:00,376.21
2017-05-28 06:00:00,342.73
2017-05-28 06:30:00,316.86
2017-05-28 07:00:00,344.15
2017-05-28 07:30:00,383.5
2017-05-28 08:00:00,437.96
2017-05-28 08:30:00,461.62
2017-05-28 09:00:00,481.3
2017-05-28 09:30:00,522.41
2017-05-28 10:00:00,491.67
2017-05-28 10:30:00,547.26
2017-05-28 11:00:00,489.64
2017-05-28 11:30:00,532.03
2017-05-28 12:00:00,540.9
2017-05-28 12:30:00,516.81
2017-05-28 13:00:00,516.31
2017-05-28 13:30:00,528.81
2017-05-28 14:00:00,462.12
2017-05-28 14:30:00,492.63
2017-05-28 15:00:00,481.03
2017-05-28 15:30:00,497.51
2017-05-28 16:00:00,593.63
2017-05-28 16:30:00,485.77
2017-05-28 17:00:00,495.06
2017-05-28 17:30:00,463.55
2017-05-28 18:00:00,477.06
2017-05-28 18:30:00,458.53
2017-05-28 19:00:00,547.41
2017-05-28 19:30:00,561.27
2017-05-28 20:00:00,585.78
2017-05-28 20:30:00,586.73
2017-05-28 21:00:00,589.76
2017-05-28 21:30:00,598.03
2017-05-28 22:00:00,613.15
2017-05-28 22:30:00,614.46
2017-05-28 23:00:00,653.83
2017-05-28 23:30:00,589.51
2017-05-29 00:00:00,565.77
2017-05-29 00:00:00,565.77
2017-05-29 00:30:00,532.25
2017-05-29 01:00:00,488.78
2017-05-29 01:30:00,470.39
2017-05-29 02:00:00,401.52
2017-05-29 02:30:00,413.49
2017-05-29 03:00:00,357.06
2017-05-29 03:30:00,348.84
2017-05-29 04:00:00,373.79
2017-05-29 04:30:00,361.0
2017-05-29 05:00:00,372.16
2017-05-29 05:30:00,335.54
2017-05-29 06:00:00,357.2
2017-05-29 06:30:00,313.33
2017-05-29 07:00:00,336.0
2017-05-29 07:30:00,342.5
2017-05-29 08:00:00,419.6
2017-05-29 08:30:00,
2017-05-29 09:00:00,
2017-05-29 09:30:00,
2017-05-29 10:00:00,
2017-05-29 10:30:00,
2017-05-29 11:00:00,
2017-05-29 11:30:00,
2017-05-29 12:00:00,
2017-05-29 12:30:00,
2017-05-29 13:00:00,
2017-05-29 13:30:00,
2017-05-29 14:00:00,
2017-05-29 14:30:00,
2017-05-29 15:00:00,
2017-05-29 15:30:00,
2017-05-29 16:00:00,
2017-05-29 16:30:00,
2017-05-29 17:00:00,
2017-05-29 17:30:00,484.22
2017-05-29 18:00:00,510.78
2017-05-29 18:30:00,566.59
2017-05-29 19:00:00,523.03
2017-05-29 19:30:00,573.41
2017-05-29 20:00:00,574.96
2017-05-29 20:30:00,608.32
2017-05-29 21:00:00,584.78
2017-05-29 21:30:00,632.83
2017-05-29 22:00:00,623.5
2017-05-29 22:30:00,618.88
2017-05-29 23:00:00,583.0
2017-05-29 23:30:00,569.98
2017-05-30 00:00:00,575.5
2017-05-30 00:00:00,575.5
2017-05-30 00:30:00,522.68
2017-05-30 01:00:00,484.58
2017-05-30 01:30:00,429.09
2017-05-30 02:00:00,417.27
2017-05-30 02:30:00,398.41
2017-05-30 03:00:00,367.94
2017-05-30 03:30:00,379.12
2017-05-30 04:00:00,387.79
2017-05-30 04:30:00,396.15
2017-05-30 05:00:00,366.01
2017-05-30 05:30:00,364.4
2017-05-30 06:00:00,359.72
2017-05-30 06:30:00,311.98
2017-05-30 07:00:00,333.27
2017-05-30 07:30:00,400.15
2017-05-30 08:00:00,389.57
2017-05-30 08:30:00,434.36
2017-05-30 09:00:00,474.68
2017-05-30 09:30:00,487.04
2017-05-30 10:00:00,462.59
2017-05-30 10:30:00,516.07
2017-05-30 11:00:00,494.8
2017-05-30 11:30:00,518.33
2017-05-30 12:00:00,540.96
2017-05-30 12:30:00,566.88
2017-05-30 13:00:00,572.14
2017-05-30 13:30:00,541.39
2017-05-30 14:00:00,504.23
2017-05-30 14:30:00,463.23
2017-05-30 15:00:00,516.31
2017-05-30 15:30:00,556.94
2017-05-30 16:00:00,657.44
2017-05-30 16:30:00,607.41
2017-05-30 17:00:00,566.98
2017-05-30 17:30:00,550.06
2017-05-30 18:00:00,636.91
2017-05-30 18:30:00,649.95
2017-05-30 19:00:00,672.84
2017-05-30 19:30:00,687.24
2017-05-30 20:00:00,747.02
2017-05-30 20:30:00,787.38
2017-05-30 21:00:00,796.15
2017-05-30 21:30:00,739.72
2017-05-30 22:00:00,772.87
2017-05-30 22:30:00,771.33
2017-05-30 23:00:00,753.35
2017-05-30 23:30:00,766.3
2017-05-31 00:00:00,693.89
2017-05-31 00:00:00,693.89
2017-05-31 00:30:00,639.63
2017-05-31 01:00:00,572.43
2017-05-31 01:30:00,535.67
2017-05-31 02:00:00,486.67
2017-05-31 02:30:00,455.65
2017-05-31 03:00:00,454.45
2017-05-31 03:30:00,427.3
2017-05-31 04:00:00,442.47
2017-05-31 04:30:00,450.48
2017-05-31 05:00:00,440.21
2017-05-31 05:30:00,453.17
2017-05-31 06:00:00,413.27
2017-05-31 06:30:00,372.52
2017-05-31 07:00:00,417.81
2017-05-31 07:30:00,447.88
2017-05-31 08:00:00,555.79
2017-05-31 08:30:00,553.8
2017-05-31 09:00:00,577.64
2017-05-31 09:30:00,565.66
2017-05-31 10:00:00,500.27
2017-05-31 10:30:00,579.95
2017-05-31 11:00:00,504.3
2017-05-31 11:30:00,552.2
2017-05-31 12:00:00,529.08
2017-05-31 12:30:00,640.2
2017-05-31 13:00:00,597.39
2017-05-31 13:30:00,585.82
2017-05-31 14:00:00,553.93
2017-05-31 14:30:00,534.08
2017-05-31 15:00:00,580.65
2017-05-31 15:30:00,541.03
2017-05-31 16:00:00,682.0
2017-05-31 16:30:00,680.76
2017-05-31 17:00:00,594.9
2017-05-31 17:30:00,651.53
2017-05-31 18:00:00,658.64
2017-05-31 18:30:00,689.38
2017-05-31 19:00:00,715.32
2017-05-31 19:30:00,791.87
2017-05-31 20:00:00,823.57
2017-05-31 20:30:00,797.19
2017-05-31 21:00:00,839.66
2017-05-31 21:30:00,815.39
2017-05-31 22:00:00,869.65
2017-05-31 22:30:00,886.2
2017-05-31 23:00:00,926.53
2017-05-31 23:30:00,853.09
2017-06-01 00:00:00,808.4
2017-06-01 00:00:00,808.4
2017-06-01 00:30:00,746.66
2017-06-01 01:00:00,667.44
2017-06-01 01:30:00,578.34
2017-06-01 02:00:00,549.96
2017-06-01 02:30:00,528.51
2017-06-01 03:00:00,526.76
2017-06-01 03:30:00,501.17
2017-06-01 04:00:00,491.12
2017-06-01 04:30:00,483.12
2017-06-01 05:00:00,468.29
2017-06-01 05:30:00,478.41
2017-06-01 06:00:00,476.91
2017-06-01 06:30:00,435.61
2017-06-01 07:00:00,443.34
2017-06-01 07:30:00,518.78
2017-06-01 08:00:00,569.47
2017-06-01 08:30:00,607.87
2017-06-01 09:00:00,654.53
2017-06-01 09:30:00,555.33
2017-06-01 10:00:00,573.39
2017-06-01 10:30:00,571.07
2017-06-01 11:00:00,561.27
2017-06-01 11:30:00,591.52
2017-06-01 12:00:00,606.98
2017-06-01 12:30:00,618.41
2017-06-01 13:00:00,604.54
2017-06-01 13:30:00,610.77
2017-06-01 14:00:00,570.7
2017-06-01 14:30:00,622.32
2017-06-01 15:00:00,626.16
2017-06-01 15:30:00,603.35
2017-06-01 16:00:00,717.37
2017-06-01 16:30:00,698.92
2017-06-01 17:00:00,646.77
2017-06-01 17:30:00,619.72
2017-06-01 18:00:00,646.42
2017-06-01 18:30:00,716.73
2017-06-01 19:00:00,749.44
2017-06-01 19:30:00,795.0
2017-06-01 20:00:00,865.59
2017-06-01 20:30:00,862.04
2017-06-01 21:00:00,917.66
2017-06-01 21:30:00,913.27
2017-06-01 22:00:00,948.8
2017-06-01 22:30:00,1001.87
2017-06-01 23:00:00,1022.3
2017-06-01 23:30:00,964.25
2017-06-02 00:00:00,907.93
2017-06-02 00:00:00,907.93
2017-06-02 00:30:00,787.23
2017-06-02 01:00:00,709.9
2017-06-02 01:30:00,618.29
2017-06-02 02:00:00,604.54
2017-06-02 02:30:00,563.92
2017-06-02 03:00:00,545.96
2017-06-02 03:30:00,507.89
2017-06-02 04:00:00,510.88
2017-06-02 04:30:00,507.94
2017-06-02 05:00:00,468.83
2017-06-02 05:30:00,490.71
2017-06-02 06:00:00,448.75
2017-06-02 06:30:00,455.74
2017-06-02 07:00:00,454.86
2017-06-02 07:30:00,455.12
2017-06-02 08:00:00,554.45
2017-06-02 08:30:00,624.84
2017-06-02 09:00:00,611.1
2017-06-02 09:30:00,542.17
2017-06-02 10:00:00,517.01
2017-06-02 10:30:00,608.58
2017-06-02 11:00:00,590.75
2017-06-02 11:30:00,590.15
2017-06-02 12:00:00,588.09
2017-06-02 12:30:00,716.09
2017-06-02 13:00:00,623.04
2017-06-02 13:30:00,596.87
2017-06-02 14:00:00,601.71
2017-06-02 14:30:00,570.64
2017-06-02 15:00:00,578.82
2017-06-02 15:30:00,594.94
2017-06-02 16:00:00,638.84
2017-06-02 16:30:00,603.34
2017-06-02 17:00:00,569.1
2017-06-02 17:30:00,556.02
2017-06-02 18:00:00,594.17
2017-06-02 18:30:00,666.38
2017-06-02 19:00:00,707.56
2017-06-02 19:30:00,719.47
2017-06-02 20:00:00,754.44
2017-06-02 20:30:00,739.36
2017-06-02 21:00:00,744.96
2017-06-02 21:30:00,740.04
2017-06-02 22:00:00,781.85
2017-06-02 22:30:00,780.15
2017-06-02 23:00:00,769.57
2017-06-02 23:30:00,765.18
2017-06-03 00:00:00,717.01
2017-06-03 00:00:00,717.01
2017-06-03 00:30:00,662.83
2017-06-03 01:00:00,570.98
2017-06-03 01:30:00,553.31
2017-06-03 02:00:00,519.88
2017-06-03 02:30:00,493.58
2017-06-03 03:00:00,455.35
2017-06-03 03:30:00,442.92
2017-06-03 04:00:00,456.78
2017-06-03 04:30:00,438.69
2017-06-03 05:00:00,445.49
2017-06-03 05:30:00,436.51
2017-06-03 06:00:00,441.23
2017-06-03 06:30:00,412.48
2017-06-03 07:00:00,409.96
2017-06-03 07:30:00,439.19
2017-06-03 08:00:00,502.22
2017-06-03 08:30:00,598.05
2017-06-03 09:00:00,588.94
2017-06-03 09:30:00,539.96
2017-06-03 10:00:00,551.37
2017-06-03 10:30:00,614.14
2017-06-03 11:00:00,556.47
2017-06-03 11:30:00,578.04
2017-06-03 12:00:00,602.07
2017-06-03 12:30:00,619.11
2017-06-03 13:00:00,551.25
2017-06-03 13:30:00,551.52
2017-06-03 14:00:00,524.55
2017-06-03 14:30:00,572.24
2017-06-03 15:00:00,569.97
2017-06-03 15:30:00,552.43
2017-06-03 16:00:00,613.24
2017-06-03 16:30:00,622.58
2017-06-03 17:00:00,533.73
2017-06-03 17:30:00,588.21
2017-06-03 18:00:00,596.37
2017-06-03 18:30:00,591.01
2017-06-03 19:00:00,677.36
2017-06-03 19:30:00,659.9
2017-06-03 20:00:00,676.36
2017-06-03 20:30:00,675.6
2017-06-03 21:00:00,694.25
2017-06-03 21:30:00,706.06
2017-06-03 22:00:00,730.56
2017-06-03 22:30:00,723.39
2017-06-03 23:00:00,715.02
2017-06-03 23:30:00,671.23
2017-06-04 00:00:00,657.28
2017-06-04 00:00:00,657.28
2017-06-04 00:30:00,593.29
2017-06-04 01:00:00,516.83
2017-06-04 01:30:00,491.99
2017-06-04 02:00:00,471.35
2017-06-04 02:30:00,470.56
2017-06-04 03:00:00,447.96
2017-06-04 03:30:00,442.0
2017-06-04 04:00:00,462.47
2017-06-04 04:30:00,412.67
2017-06-04 05:00:00,405.36
2017-06-04 05:30:00,399.26
2017-06-04 06:00:00,400.52
2017-06-04 06:30:00,373.44
2017-06-04 07:00:00,407.59
2017-06-04 07:30:00,396.87
2017-06-04 08:00:00,507.85
2017-06-04 08:30:00,553.9
2017-06-04 09:00:00,600.53
2017-06-04 09:30:00,562.58
2017-06-04 10:00:00,515.33
2017-06-04 10:30:00,550.14
2017-06-04 11:00:00,526.36
2017-06-04 11:30:00,571.98
2017-06-04 12:00:00,569.51
2017-06-04 12:30:00,566.18
2017-06-04 13:00:00,542.66
2017-06-04 13:30:00,568.06
2017-06-04 14:00:00,574.57
2017-06-04 14:30:00,551.92
2017-06-04 15:00:00,595.37
2017-06-04 15:30:00,564.6
2017-06-04 16:00:00,597.93
2017-06-04 16:30:00,599.78
2017-06-04 17:00:00,575.3
2017-06-04 17:30:00,560.12
2017-06-04 18:00:00,579.85
2017-06-04 18:30:00,595.85
2017-06-04 19:00:00,621.87
2017-06-04 19:30:00,707.22
2017-06-04 20:00:00,676.08
2017-06-04 20:30:00,674.5
2017-06-04 21:00:00,667.27
2017-06-04 21:30:00,682.36
2017-06-04 22:00:00,693.47
2017-06-04 22:30:00,751.11
2017-06-04 23:00:00,730.69
2017-06-04 23:30:00,689.03
2017-06-05 00:00:00,637.69
2017-06-05 00:00:00,637.69
2017-06-05 00:30:00,567.7
2017-06-05 01:00:00,558.91
2017-06-05 01:30:00,515.46
2017-06-05 02:00:00,474.44
2017-06-05 02:30:00,449.83
2017-06-05 03:00:00,408.41
2017-06-05 03:30:00,412.38
2017-06-05 04:00:00,409.66
2017-06-05 04:30:00,406.71
2017-06-05 05:00:00,391.34
2017-06-05 05:30:00,387.29
2017-06-05 06:00:00,399.22
2017-06-05 06:30:00,357.66
2017-06-05 07:00:00,377.6
2017-06-05 07:30:00,429.74
2017-06-05 08:00:00,502.84
2017-06-05 08:30:00,598.72
2017-06-05 09:00:00,577.53
2017-06-05 09:30:00,465.13
2017-06-05 10:00:00,415.27
2017-06-05 10:30:00,457.41
2017-06-05 11:00:00,502.63
2017-06-05 11:30:00,504.97
2017-06-05 12:00:00,459.24
2017-06-05 12:30:00,484.81
2017-06-05 13:00:00,415.51
2017-06-05 13:30:00,387.65
2017-06-05 14:00:00,404.16
2017-06-05 14:30:00,400.01
2017-06-05 15:00:00,421.79
2017-06-05 15:30:00,428.34
2017-06-05 16:00:00,462.33
2017-06-05 16:30:00,470.09
2017-06-05 17:00:00,420.51
2017-06-05 17:30:00,439.65
2017-06-05 18:00:00,478.86
2017-06-05 18:30:00,486.0
2017-06-05 19:00:00,533.43
2017-06-05 19:30:00,551.55
2017-06-05 20:00:00,584.93
2017-06-05 20:30:00,585.49
2017-06-05 21:00:00,592.02
2017-06-05 21:30:00,613.21
2017-06-05 22:00:00,623.69
2017-06-05 22:30:00,647.9
2017-06-05 23:00:00,645.62
2017-06-05 23:30:00,576.79
2017-06-06 00:00:00,510.15
2017-06-06 00:00:00,510.15
2017-06-06 00:30:00,471.98
2017-06-06 01:00:00,413.56
2017-06-06 01:30:00,402.12
2017-06-06 02:00:00,345.94
2017-06-06 02:30:00,347.52
2017-06-06 03:00:00,344.87
2017-06-06 03:30:00,353.45
2017-06-06 04:00:00,353.37
2017-06-06 04:30:00,360.58
2017-06-06 05:00:00,331.29
2017-06-06 05:30:00,325.26
2017-06-06 06:00:00,334.64
2017-06-06 06:30:00,292.24
2017-06-06 07:00:00,315.98
2017-06-06 07:30:00,406.95
2017-06-06 08:00:00,508.66
2017-06-06 08:30:00,522.26
2017-06-06 09:00:00,521.42
2017-06-06 09:30:00,499.75
2017-06-06 10:00:00,502.91
2017-06-06 10:30:00,483.14
2017-06-06 11:00:00,479.82
2017-06-06 11:30:00,461.4
2017-06-06 12:00:00,499.12
2017-06-06 12:30:00,533.21
2017-06-06 13:00:00,496.84
2017-06-06 13:30:00,422.51
2017-06-06 14:00:00,434.45
2017-06-06 14:30:00,424.99
2017-06-06 15:00:00,457.92
2017-06-06 15:30:00,452.33
2017-06-06 16:00:00,501.83
2017-06-06 16:30:00,519.55
2017-06-06 17:00:00,502.15
2017-06-06 17:30:00,504.26
2017-06-06 18:00:00,520.01
2017-06-06 18:30:00,542.01
2017-06-06 19:00:00,558.73
2017-06-06 19:30:00,583.53
2017-06-06 20:00:00,635.14
2017-06-06 20:30:00,596.15
2017-06-06 21:00:00,622.19
2017-06-06 21:30:00,631.08
2017-06-06 22:00:00,659.75
2017-06-06 22:30:00,705.97
2017-06-06 23:00:00,705.26
2017-06-06 23:30:00,643.25
2017-06-07 00:00:00,585.41
2017-06-07 00:00:00,585.41
2017-06-07 00:30:00,475.71
2017-06-07 01:00:00,414.1
2017-06-07 01:30:00,400.09
2017-06-07 02:00:00,382.95
2017-06-07 02:30:00,363.05
2017-06-07 03:00:00,343.23
2017-06-07 03:30:00,349.75
2017-06-07 04:00:00,333.52
2017-06-07 04:30:00,335.16
2017-06-07 05:00:00,301.68
2017-06-07 05:30:00,360.49
2017-06-07 06:00:00,330.8
2017-06-07 06:30:00,348.62
2017-06-07 07:00:00,327.52
2017-06-07 07:30:00,441.45
2017-06-07 08:00:00,454.29
2017-06-07 08:30:00,519.22
2017-06-07 09:00:00,558.57
2017-06-07 09:30:00,493.56
2017-06-07 10:00:00,483.4
2017-06-07 10:30:00,505.27
2017-06-07 11:00:00,488.43
2017-06-07 11:30:00,473.57
2017-06-07 12:00:00,485.28
2017-06-07 12:30:00,519.8
2017-06-07 13:00:00,444.38
2017-06-07 13:30:00,416.08
2017-06-07 14:00:00,427.05
2017-06-07 14:30:00,445.23
2017-06-07 15:00:00,469.21
2017-06-07 15:30:00,457.5
2017-06-07 16:00:00,507.65
2017-06-07 16:30:00,536.13
2017-06-07 17:00:00,459.65
2017-06-07 17:30:00,492.28
2017-06-07 18:00:00,534.82
2017-06-07 18:30:00,554.89
2017-06-07 19:00:00,582.61
2017-06-07 19:30:00,651.69
2017-06-07 20:00:00,676.92
2017-06-07 20:30:00,681.74
2017-06-07 21:00:00,652.26
2017-06-07 21:30:00,713.35
2017-06-07 22:00:00,682.99
2017-06-07 22:30:00,708.21
2017-06-07 23:00:00,699.01
2017-06-07 23:30:00,686.36
2017-06-08 00:00:00,643.83
2017-06-08 00:00:00,643.83
2017-06-08 00:30:00,564.36
2017-06-08 01:00:00,459.12
2017-06-08 01:30:00,434.77
2017-06-08 02:00:00,404.56
2017-06-08 02:30:00,371.06
2017-06-08 03:00:00,343.49
2017-06-08 03:30:00,373.38
2017-06-08 04:00:00,367.96
2017-06-08 04:30:00,366.95
2017-06-08 05:00:00,348.71
2017-06-08 05:30:00,390.72
2017-06-08 06:00:00,339.55
2017-06-08 06:30:00,356.54
2017-06-08 07:00:00,359.41
2017-06-08 07:30:00,493.51
2017-06-08 08:00:00,521.35
2017-06-08 08:30:00,533.27
2017-06-08 09:00:00,587.11
2017-06-08 09:30:00,534.71
2017-06-08 10:00:00,485.77
2017-06-08 10:30:00,465.44
2017-06-08 11:00:00,568.13
2017-06-08 11:30:00,586.72
2017-06-08 12:00:00,574.6
2017-06-08 12:30:00,603.31
2017-06-08 13:00:00,503.28
2017-06-08 13:30:00,471.26
2017-06-08 14:00:00,457.89
2017-06-08 14:30:00,512.76
2017-06-08 15:00:00,487.61
2017-06-08 15:30:00,476.3
2017-06-08 16:00:00,536.99
2017-06-08 16:30:00,579.41
2017-06-08 17:00:00,520.73
2017-06-08 17:30:00,545.48
2017-06-08 18:00:00,607.71
2017-06-08 18:30:00,613.98
2017-06-08 19:00:00,685.33
2017-06-08 19:30:00,711.81
2017-06-08 20:00:00,723.39
2017-06-08 20:30:00,713.48
2017-06-08 21:00:00,717.62
2017-06-08 21:30:00,735.21
2017-06-08 22:00:00,758.56
2017-06-08 22:30:00,793.6
2017-06-08 23:00:00,764.89
2017-06-08 23:30:00,708.96
2017-06-09 00:00:00,675.57
2017-06-09 00:00:00,675.57
2017-06-09 00:30:00,618.31
2017-06-09 01:00:00,521.16
2017-06-09 01:30:00,482.81
2017-06-09 02:00:00,469.02
2017-06-09 02:30:00,434.93
2017-06-09 03:00:00,395.09
2017-06-09 03:30:00,413.16
2017-06-09 04:00:00,399.19
2017-06-09 04:30:00,413.35
2017-06-09 05:00:00,389.31
2017-06-09 05:30:00,417.39
2017-06-09 06:00:00,386.39
2017-06-09 06:30:00,413.83
2017-06-09 07:00:00,399.8
2017-06-09 07:30:00,477.63
2017-06-09 08:00:00,556.57
2017-06-09 08:30:00,605.39
2017-06-09 09:00:00,595.81
2017-06-09 09:30:00,562.35
2017-06-09 10:00:00,579.62
2017-06-09 10:30:00,629.75
2017-06-09 11:00:00,553.44
2017-06-09 11:30:00,567.4
2017-06-09 12:00:00,595.73
2017-06-09 12:30:00,635.54
2017-06-09 13:00:00,620.58
2017-06-09 13:30:00,597.67
2017-06-09 14:00:00,605.97
2017-06-09 14:30:00,571.86
2017-06-09 15:00:00,565.29
2017-06-09 15:30:00,599.98
2017-06-09 16:00:00,674.53
2017-06-09 16:30:00,626.44
2017-06-09 17:00:00,578.99
2017-06-09 17:30:00,614.11
2017-06-09 18:00:00,578.8
2017-06-09 18:30:00,621.58
2017-06-09 19:00:00,677.58
2017-06-09 19:30:00,760.06
2017-06-09 20:00:00,808.65
2017-06-09 20:30:00,778.36
2017-06-09 21:00:00,831.99
2017-06-09 21:30:00,845.48
2017-06-09 22:00:00,887.64
2017-06-09 22:30:00,872.97
2017-06-09 23:00:00,915.07
2017-06-09 23:30:00,834.17
2017-06-10 00:00:00,774.61
2017-06-10 00:00:00,774.61
2017-06-10 00:30:00,723.16
2017-06-10 01:00:00,663.54
2017-06-10 01:30:00,577.28
2017-06-10 02:00:00,542.1
2017-06-10 02:30:00,524.78
2017-06-10 03:00:00,481.9
2017-06-10 03:30:00,461.44
2017-06-10 04:00:00,456.78
2017-06-10 04:30:00,483.24
2017-06-10 05:00:00,448.83
2017-06-10 05:30:00,460.25
2017-06-10 06:00:00,476.78
2017-06-10 06:30:00,443.42
2017-06-10 07:00:00,427.99
2017-06-10 07:30:00,459.19
2017-06-10 08:00:00,469.92
2017-06-10 08:30:00,519.49
2017-06-10 09:00:00,556.19
2017-06-10 09:30:00,512.67
2017-06-10 10:00:00,517.48
2017-06-10 10:30:00,543.5
2017-06-10 11:00:00,536.09
2017-06-10 11:30:00,508.87
2017-06-10 12:00:00,526.26
2017-06-10 12:30:00,570.03
2017-06-10 13:00:00,576.26
2017-06-10 13:30:00,532.43
2017-06-10 14:00:00,508.6
2017-06-10 14:30:00,502.66
2017-06-10 15:00:00,486.82
2017-06-10 15:30:00,549.23
2017-06-10 16:00:00,635.08
2017-06-10 16:30:00,572.06
2017-06-10 17:00:00,547.65
2017-06-10 17:30:00,579.97
2017-06-10 18:00:00,561.83
2017-06-10 18:30:00,623.23
2017-06-10 19:00:00,586.72
2017-06-10 19:30:00,624.63
2017-06-10 20:00:00,674.5
2017-06-10 20:30:00,658.84
2017-06-10 21:00:00,639.87
2017-06-10 21:30:00,644.32
2017-06-10 22:00:00,663.47
2017-06-10 22:30:00,682.85
2017-06-10 23:00:00,683.47
2017-06-10 23:30:00,666.83
2017-06-11 00:00:00,659.02
2017-06-11 00:00:00,659.02
2017-06-11 00:30:00,615.95
2017-06-11 01:00:00,537.51
2017-06-11 01:30:00,496.36
2017-06-11 02:00:00,465.5
2017-06-11 02:30:00,424.49
2017-06-11 03:00:00,376.53
2017-06-11 03:30:00,399.98
2017-06-11 04:00:00,391.95
2017-06-11 04:30:00,398.12
2017-06-11 05:00:00,386.16
2017-06-11 05:30:00,382.55
2017-06-11 06:00:00,379.96
2017-06-11 06:30:00,383.64
2017-06-11 07:00:00,347.68
2017-06-11 07:30:00,430.89
2017-06-11 08:00:00,457.54
2017-06-11 08:30:00,574.08
2017-06-11 09:00:00,583.95
2017-06-11 09:30:00,531.0
2017-06-11 10:00:00,571.32
2017-06-11 10:30:00,529.99
2017-06-11 11:00:00,530.29
2017-06-11 11:30:00,559.01
2017-06-11 12:00:00,582.98
2017-06-11 12:30:00,664.03
2017-06-11 13:00:00,585.21
2017-06-11 13:30:00,532.71
2017-06-11 14:00:00,546.67
2017-06-11 14:30:00,535.37
2017-06-11 15:00:00,552.27
2017-06-11 15:30:00,541.73
2017-06-11 16:00:00,641.42
2017-06-11 16:30:00,576.73
2017-06-11 17:00:00,582.81
2017-06-11 17:30:00,595.45
2017-06-11 18:00:00,557.45
2017-06-11 18:30:00,595.71
2017-06-11 19:00:00,635.66
2017-06-11 19:30:00,724.09
2017-06-11 20:00:00,689.61
2017-06-11 20:30:00,701.18
2017-06-11 21:00:00,725.62
2017-06-11 21:30:00,650.72
2017-06-11 22:00:00,705.78
2017-06-11 22:30:00,710.35
2017-06-11 23:00:00,755.03
2017-06-11 23:30:00,688.79
2017-06-12 00:00:00,649.52
2017-06-12 00:00:00,649.52
2017-06-12 00:30:00,600.52
2017-06-12 01:00:00,540.98
2017-06-12 01:30:00,502.29
2017-06-12 02:00:00,464.45
2017-06-12 02:30:00,432.73
2017-06-12 03:00:00,395.88
2017-06-12 03:30:00,414.52
2017-06-12 04:00:00,418.23
2017-06-12 04:30:00,407.69
2017-06-12 05:00:00,395.21
2017-06-12 05:30:00,402.03
2017-06-12 06:00:00,388.61
2017-06-12 06:30:00,340.79
2017-06-12 07:00:00,381.43
2017-06-12 07:30:00,457.97
2017-06-12 08:00:00,445.64
2017-06-12 08:30:00,556.3
2017-06-12 09:00:00,598.12
2017-06-12 09:30:00,551.15
2017-06-12 10:00:00,472.98
2017-06-12 10:30:00,485.3
2017-06-12 11:00:00,488.99
2017-06-12 11:30:00,523.54
2017-06-12 12:00:00,520.03
2017-06-12 12:30:00,555.33
2017-06-12 13:00:00,449.47
2017-06-12 13:30:00,417.96
2017-06-12 14:00:00,453.35
2017-06-12 14:30:00,444.22
2017-06-12 15:00:00,460.97
2017-06-12 15:30:00,466.09
2017-06-12 16:00:00,485.89
2017-06-12 16:30:00,484.67
2017-06-12 17:00:00,467.89
2017-06-12 17:30:00,503.52
2017-06-12 18:00:00,489.88
2017-06-12 18:30:00,538.88
2017-06-12 19:00:00,588.95
2017-06-12 19:30:00,613.41
2017-06-12 20:00:00,609.04
2017-06-12 20:30:00,612.77
2017-06-12 21:00:00,572.27
2017-06-12 21:30:00,631.39
2017-06-12 22:00:00,674.02
2017-06-12 22:30:00,649.37
2017-06-12 23:00:00,676.57
2017-06-12 23:30:00,659.16
2017-06-13 00:00:00,581.53
2017-06-13 00:00:00,581.53
2017-06-13 00:30:00,496.61
2017-06-13 01:00:00,455.55
2017-06-13 01:30:00,409.63
2017-06-13 02:00:00,366.65
2017-06-13 02:30:00,383.2
2017-06-13 03:00:00,371.16
2017-06-13 03:30:00,367.46
2017-06-13 04:00:00,337.47
2017-06-13 04:30:00,356.25
2017-06-13 05:00:00,344.48
2017-06-13 05:30:00,369.46
2017-06-13 06:00:00,327.38
2017-06-13 06:30:00,355.41
2017-06-13 07:00:00,367.74
2017-06-13 07:30:00,440.53
2017-06-13 08:00:00,469.66
2017-06-13 08:30:00,585.64
2017-06-13 09:00:00,563.93
2017-06-13 09:30:00,527.41
2017-06-13 10:00:00,454.28
2017-06-13 10:30:00,515.45
2017-06-13 11:00:00,528.59
2017-06-13 11:30:00,486.48
2017-06-13 12:00:00,486.14
2017-06-13 12:30:00,507.79
2017-06-13 13:00:00,433.38
2017-06-13 13:30:00,443.75
2017-06-13 14:00:00,462.05
2017-06-13 14:30:00,432.82
2017-06-13 15:00:00,478.65
2017-06-13 15:30:00,453.33
2017-06-13 16:00:00,548.93
2017-06-13 16:30:00,481.92
2017-06-13 17:00:00,474.01
2017-06-13 17:30:00,446.06
2017-06-13 18:00:00,494.97
2017-06-13 18:30:00,507.38
2017-06-13 19:00:00,573.99
2017-06-13 19:30:00,652.66
2017-06-13 20:00:00,599.76
2017-06-13 20:30:00,611.95
2017-06-13 21:00:00,580.33
2017-06-13 21:30:00,626.86
2017-06-13 22:00:00,586.15
2017-06-13 22:30:00,657.55
2017-06-13 23:00:00,600.23
2017-06-13 23:30:00,598.88
2017-06-14 00:00:00,537.48
2017-06-14 00:00:00,537.48
2017-06-14 00:30:00,465.81
2017-06-14 01:00:00,449.97
2017-06-14 01:30:00,424.04
2017-06-14 02:00:00,370.44
2017-06-14 02:30:00,358.02
2017-06-14 03:00:00,336.98
2017-06-14 03:30:00,340.63
2017-06-14 04:00:00,366.25
2017-06-14 04:30:00,367.37
2017-06-14 05:00:00,324.76
2017-06-14 05:30:00,373.34
2017-06-14 06:00:00,341.09
2017-06-14 06:30:00,343.29
2017-06-14 07:00:00,357.44
2017-06-14 07:30:00,436.32
2017-06-14 08:00:00,482.4
2017-06-14 08:30:00,545.11
2017-06-14 09:00:00,514.68
2017-06-14 09:30:00,531.79
2017-06-14 10:00:00,508.58
2017-06-14 10:30:00,485.27
2017-06-14 11:00:00,464.87
2017-06-14 11:30:00,483.86
2017-06-14 12:00:00,509.07
2017-06-14 12:30:00,543.99
2017-06-14 13:00:00,460.27
2017-06-14 13:30:00,430.2
2017-06-14 14:00:00,435.23
2017-06-14 14:30:00,453.0
2017-06-14 15:00:00,446.19
2017-06-14 15:30:00,465.97
2017-06-14 16:00:00,570.35
2017-06-14 16:30:00,473.72
2017-06-14 17:00:00,481.45
2017-06-14 17:30:00,458.9
2017-06-14 18:00:00,495.69
2017-06-14 18:30:00,530.41
2017-06-14 19:00:00,563.3
2017-06-14 19:30:00,637.75
2017-06-14 20:00:00,646.69
2017-06-14 20:30:00,664.57
2017-06-14 21:00:00,639.92
2017-06-14 21:30:00,627.39
2017-06-14 22:00:00,643.41
2017-06-14 22:30:00,646.91
2017-06-14 23:00:00,682.56
2017-06-14 23:30:00,622.68
2017-06-15 00:00:00,553.18
2017-06-15 00:00:00,553.18
2017-06-15 00:30:00,475.02
2017-06-15 01:00:00,469.7
2017-06-15 01:30:00,381.37
2017-06-15 02:00:00,359.97
2017-06-15 02:30:00,339.64
2017-06-15 03:00:00,323.97
2017-06-15 03:30:00,303.35
2017-06-15 04:00:00,308.42
2017-06-15 04:30:00,339.15
2017-06-15 05:00:00,344.22
2017-06-15 05:30:00,329.89
2017-06-15 06:00:00,338.66
2017-06-15 06:30:00,347.66
2017-06-15 07:00:00,322.74
2017-06-15 07:30:00,371.46
2017-06-15 08:00:00,480.08
2017-06-15 08:30:00,550.67
2017-06-15 09:00:00,618.74
2017-06-15 09:30:00,525.35
2017-06-15 10:00:00,542.21
2017-06-15 10:30:00,522.13
2017-06-15 11:00:00,457.33
2017-06-15 11:30:00,494.67
2017-06-15 12:00:00,482.86
2017-06-15 12:30:00,501.46
2017-06-15 13:00:00,440.02
2017-06-15 13:30:00,426.18
2017-06-15 14:00:00,465.66
2017-06-15 14:30:00,419.55
2017-06-15 15:00:00,473.36
2017-06-15 15:30:00,514.07
2017-06-15 16:00:00,492.12
2017-06-15 16:30:00,468.13
2017-06-15 17:00:00,470.91
2017-06-15 17:30:00,452.22
2017-06-15 18:00:00,462.01
2017-06-15 18:30:00,509.32
2017-06-15 19:00:00,518.49
2017-06-15 19:30:00,581.83
2017-06-15 20:00:00,608.37
2017-06-15 20:30:00,620.05
2017-06-15 21:00:00,612.08
2017-06-15 21:30:00,622.78
2017-06-15 22:00:00,649.77
2017-06-15 22:30:00,616.39
2017-06-15 23:00:00,620.67
2017-06-15 23:30:00,598.31
2017-06-16 00:00:00,573.4
2017-06-16 00:00:00,573.4
2017-06-16 00:30:00,484.19
2017-06-16 01:00:00,433.94
2017-06-16 01:30:00,388.34
2017-06-16 02:00:00,351.48
2017-06-16 02:30:00,336.61
2017-06-16 03:00:00,328.62
2017-06-16 03:30:00,334.15
2017-06-16 04:00:00,351.36
2017-06-16 04:30:00,351.19
2017-06-16 05:00:00,343.8
2017-06-16 05:30:00,347.77
2017-06-16 06:00:00,341.89
2017-06-16 06:30:00,357.47
2017-06-16 07:00:00,337.04
2017-06-16 07:30:00,365.06
2017-06-16 08:00:00,449.13
2017-06-16 08:30:00,521.53
2017-06-16 09:00:00,553.67
2017-06-16 09:30:00,551.42
2017-06-16 10:00:00,500.24
2017-06-16 10:30:00,505.61
2017-06-16 11:00:00,470.28
2017-06-16 11:30:00,486.95
2017-06-16 12:00:00,531.5
2017-06-16 12:30:00,559.34
2017-06-16 13:00:00,484.12
2017-06-16 13:30:00,467.96
2017-06-16 14:00:00,436.87
2017-06-16 14:30:00,476.01
2017-06-16 15:00:00,497.7
2017-06-16 15:30:00,453.22
2017-06-16 16:00:00,519.77
2017-06-16 16:30:00,464.85
2017-06-16 17:00:00,463.32
2017-06-16 17:30:00,461.51
2017-06-16 18:00:00,469.96
2017-06-16 18:30:00,504.43
2017-06-16 19:00:00,532.04
2017-06-16 19:30:00,579.02
2017-06-16 20:00:00,594.62
2017-06-16 20:30:00,561.13
2017-06-16 21:00:00,611.25
2017-06-16 21:30:00,611.89
2017-06-16 22:00:00,611.69
2017-06-16 22:30:00,601.88
2017-06-16 23:00:00,580.48
2017-06-16 23:30:00,564.61
2017-06-17 00:00:00,570.08
2017-06-17 00:00:00,570.08
2017-06-17 00:30:00,456.34
2017-06-17 01:00:00,408.22
2017-06-17 01:30:00,411.61
2017-06-17 02:00:00,334.99
2017-06-17 02:30:00,319.22
2017-06-17 03:00:00,301.91
2017-06-17 03:30:00,311.31
2017-06-17 04:00:00,338.52
2017-06-17 04:30:00,307.87
2017-06-17 05:00:00,319.67
2017-06-17 05:30:00,370.65
2017-06-17 06:00:00,347.24
2017-06-17 06:30:00,339.07
2017-06-17 07:00:00,329.53
2017-06-17 07:30:00,392.68
2017-06-17 08:00:00,0.41
2017-06-17 08:30:00,
2017-06-17 09:00:00,
2017-06-17 09:30:00,
2017-06-17 10:00:00,
2017-06-17 10:30:00,14.32
2017-06-17 11:00:00,505.52
2017-06-17 11:30:00,517.19
2017-06-17 12:00:00,563.06
2017-06-17 12:30:00,533.43
2017-06-17 13:00:00,426.55
2017-06-17 13:30:00,397.62
2017-06-17 14:00:00,423.59
2017-06-17 14:30:00,442.86
2017-06-17 15:00:00,418.72
2017-06-17 15:30:00,444.89
2017-06-17 16:00:00,525.78
2017-06-17 16:30:00,467.73
2017-06-17 17:00:00,445.8
2017-06-17 17:30:00,416.77
2017-06-17 18:00:00,474.07
2017-06-17 18:30:00,493.39
2017-06-17 19:00:00,559.04
2017-06-17 19:30:00,590.0
2017-06-17 20:00:00,599.96
2017-06-17 20:30:00,591.94
2017-06-17 21:00:00,596.7
2017-06-17 21:30:00,606.53
2017-06-17 22:00:00,589.43
2017-06-17 22:30:00,565.42
2017-06-17 23:00:00,558.93
2017-06-17 23:30:00,535.04
2017-06-18 00:00:00,516.13
2017-06-18 00:00:00,516.13
2017-06-18 00:30:00,499.71
2017-06-18 01:00:00,429.56
2017-06-18 01:30:00,401.9
2017-06-18 02:00:00,353.61
2017-06-18 02:30:00,356.44
2017-06-18 03:00:00,347.66
2017-06-18 03:30:00,350.59
2017-06-18 04:00:00,322.24
2017-06-18 04:30:00,334.36
2017-06-18 05:00:00,328.12
2017-06-18 05:30:00,325.68
2017-06-18 06:00:00,309.72
2017-06-18 06:30:00,326.55
2017-06-18 07:00:00,317.81
2017-06-18 07:30:00,397.51
2017-06-18 08:00:00,428.31
2017-06-18 08:30:00,469.15
2017-06-18 09:00:00,487.19
2017-06-18 09:30:00,483.86
2017-06-18 10:00:00,488.18
2017-06-18 10:30:00,474.92
2017-06-18 11:00:00,467.43
2017-06-18 11:30:00,476.22
2017-06-18 12:00:00,489.61
2017-06-18 12:30:00,510.97
2017-06-18 13:00:00,496.15
2017-06-18 13:30:00,466.71
2017-06-18 14:00:00,457.82
2017-06-18 14:30:00,454.76
2017-06-18 15:00:00,479.19
2017-06-18 15:30:00,489.52
2017-06-18 16:00:00,510.42
2017-06-18 16:30:00,516.68
2017-06-18 17:00:00,565.6
2017-06-18 17:30:00,540.83
2017-06-18 18:00:00,517.25
2017-06-18 18:30:00,546.64
2017-06-18 19:00:00,536.77
2017-06-18 19:30:00,606.39
2017-06-18 20:00:00,644.19
2017-06-18 20:30:00,648.91
2017-06-18 21:00:00,680.6
2017-06-18 21:30:00,678.79
2017-06-18 22:00:00,687.83
2017-06-18 22:30:00,674.45
2017-06-18 23:00:00,660.61
2017-06-18 23:30:00,639.0
2017-06-19 00:00:00,598.42
2017-06-19 00:00:00,598.42
2017-06-19 00:30:00,527.31
2017-06-19 01:00:00,441.26
2017-06-19 01:30:00,415.62
2017-06-19 02:00:00,384.24
2017-06-19 02:30:00,390.43
2017-06-19 03:00:00,351.61
2017-06-19 03:30:00,330.34
2017-06-19 04:00:00,346.75
2017-06-19 04:30:00,341.77
2017-06-19 05:00:00,361.81
2017-06-19 05:30:00,381.95
2017-06-19 06:00:00,370.89
2017-06-19 06:30:00,342.93
2017-06-19 07:00:00,344.83
2017-06-19 07:30:00,419.87
2017-06-19 08:00:00,475.0
2017-06-19 08:30:00,524.72
2017-06-19 09:00:00,507.47
2017-06-19 09:30:00,493.47
2017-06-19 10:00:00,465.21
2017-06-19 10:30:00,466.72
2017-06-19 11:00:00,463.61
2017-06-19 11:30:00,478.57
2017-06-19 12:00:00,500.08
2017-06-19 12:30:00,558.13
2017-06-19 13:00:00,444.94
2017-06-19 13:30:00,404.83
2017-06-19 14:00:00,419.63
2017-06-19 14:30:00,382.33
2017-06-19 15:00:00,420.88
2017-06-19 15:30:00,446.91
2017-06-19 16:00:00,507.12
2017-06-19 16:30:00,457.23
2017-06-19 17:00:00,449.46
2017-06-19 17:30:00,448.48
2017-06-19 18:00:00,463.38
2017-06-19 18:30:00,502.08
2017-06-19 19:00:00,590.27
2017-06-19 19:30:00,611.01
2017-06-19 20:00:00,593.14
2017-06-19 20:30:00,597.18
2017-06-19 21:00:00,606.82
2017-06-19 21:30:00,628.05
2017-06-19 22:00:00,627.98
2017-06-19 22:30:00,680.19
2017-06-19 23:00:00,669.43
2017-06-19 23:30:00,559.91
2017-06-20 00:00:00,506.63
2017-06-20 00:00:00,506.63
2017-06-20 00:30:00,452.94
2017-06-20 01:00:00,438.2
2017-06-20 01:30:00,357.61
2017-06-20 02:00:00,335.78
2017-06-20 02:30:00,324.41
2017-06-20 03:00:00,319.58
2017-06-20 03:30:00,314.97
2017-06-20 04:00:00,327.89
2017-06-20 04:30:00,348.82
2017-06-20 05:00:00,325.58
2017-06-20 05:30:00,328.2
2017-06-20 06:00:00,305.67
2017-06-20 06:30:00,312.64
2017-06-20 07:00:00,323.27
2017-06-20 07:30:00,357.72
2017-06-20 08:00:00,504.68
2017-06-20 08:30:00,529.67
2017-06-20 09:00:00,553.55
2017-06-20 09:30:00,510.6
2017-06-20 10:00:00,492.36
2017-06-20 10:30:00,498.56
2017-06-20 11:00:00,512.29
2017-06-20 11:30:00,547.3
2017-06-20 12:00:00,560.6
2017-06-20 12:30:00,567.62
2017-06-20 13:00:00,536.94
2017-06-20 13:30:00,497.31
2017-06-20 14:00:00,408.09
2017-06-20 14:30:00,483.38
2017-06-20 15:00:00,503.61
2017-06-20 15:30:00,556.22
2017-06-20 16:00:00,543.37
2017-06-20 16:30:00,529.99
2017-06-20 17:00:00,500.9
2017-06-20 17:30:00,485.8
2017-06-20 18:00:00,496.68
2017-06-20 18:30:00,559.61
2017-06-20 19:00:00,596.98
2017-06-20 19:30:00,625.31
2017-06-20 20:00:00,681.36
2017-06-20 20:30:00,681.98
2017-06-20 21:00:00,670.29
2017-06-20 21:30:00,676.2
2017-06-20 22:00:00,736.37
2017-06-20 22:30:00,804.99
2017-06-20 23:00:00,819.25
2017-06-20 23:30:00,694.8
2017-06-21 00:00:00,638.06
2017-06-21 00:00:00,638.06
2017-06-21 00:30:00,481.81
2017-06-21 01:00:00,456.12
2017-06-21 01:30:00,407.54
2017-06-21 02:00:00,390.71
2017-06-21 02:30:00,364.57
2017-06-21 03:00:00,334.07
2017-06-21 03:30:00,337.22
2017-06-21 04:00:00,366.03
2017-06-21 04:30:00,349.12
2017-06-21 05:00:00,325.56
2017-06-21 05:30:00,357.46
2017-06-21 06:00:00,331.1
2017-06-21 06:30:00,317.91
2017-06-21 07:00:00,341.82
2017-06-21 07:30:00,443.09
2017-06-21 08:00:00,477.15
2017-06-21 08:30:00,527.46
2017-06-21 09:00:00,568.0
2017-06-21 09:30:00,556.56
2017-06-21 10:00:00,516.52
2017-06-21 10:30:00,490.5
2017-06-21 11:00:00,499.07
2017-06-21 11:30:00,488.87
2017-06-21 12:00:00,473.33
2017-06-21 12:30:00,526.18
2017-06-21 13:00:00,477.74
2017-06-21 13:30:00,461.61
2017-06-21 14:00:00,440.41
2017-06-21 14:30:00,458.26
2017-06-21 15:00:00,465.84
2017-06-21 15:30:00,465.35
2017-06-21 16:00:00,555.53
2017-06-21 16:30:00,467.75
2017-06-21 17:00:00,471.54
2017-06-21 17:30:00,490.02
2017-06-21 18:00:00,517.41
2017-06-21 18:30:00,524.54
2017-06-21 19:00:00,578.46
2017-06-21 19:30:00,629.19
2017-06-21 20:00:00,681.33
2017-06-21 20:30:00,672.38
2017-06-21 21:00:00,645.82
2017-06-21 21:30:00,694.09
2017-06-21 22:00:00,731.93
2017-06-21 22:30:00,686.21
2017-06-21 23:00:00,741.41
2017-06-21 23:30:00,683.71
2017-06-22 00:00:00,625.6
2017-06-22 00:00:00,625.6
2017-06-22 00:30:00,564.8
2017-06-22 01:00:00,476.82
2017-06-22 01:30:00,435.96
2017-06-22 02:00:00,380.64
2017-06-22 02:30:00,376.59
2017-06-22 03:00:00,361.16
2017-06-22 03:30:00,331.97
2017-06-22 04:00:00,341.08
2017-06-22 04:30:00,345.58
2017-06-22 05:00:00,339.75
2017-06-22 05:30:00,343.2
2017-06-22 06:00:00,321.38
2017-06-22 06:30:00,330.46
2017-06-22 07:00:00,347.07
2017-06-22 07:30:00,372.23
2017-06-22 08:00:00,401.02
2017-06-22 08:30:00,485.77
2017-06-22 09:00:00,550.18
2017-06-22 09:30:00,474.63
2017-06-22 10:00:00,452.63
2017-06-22 10:30:00,486.2
2017-06-22 11:00:00,434.16
2017-06-22 11:30:00,452.19
2017-06-22 12:00:00,477.19
2017-06-22 12:30:00,456.46
2017-06-22 13:00:00,409.81
2017-06-22 13:30:00,391.56
2017-06-22 14:00:00,368.41
2017-06-22 14:30:00,403.48
2017-06-22 15:00:00,405.29
2017-06-22 15:30:00,417.77
2017-06-22 16:00:00,457.63
2017-06-22 16:30:00,448.2
2017-06-22 17:00:00,427.07
2017-06-22 17:30:00,433.35
2017-06-22 18:00:00,447.57
2017-06-22 18:30:00,476.16
2017-06-22 19:00:00,532.99
2017-06-22 19:30:00,597.9
2017-06-22 20:00:00,631.85
2017-06-22 20:30:00,587.57
2017-06-22 21:00:00,615.29
2017-06-22 21:30:00,644.06
2017-06-22 22:00:00,640.53
2017-06-22 22:30:00,671.0
2017-06-22 23:00:00,666.56
2017-06-22 23:30:00,593.17
2017-06-23 00:00:00,524.31
2017-06-23 00:00:00,524.31
2017-06-23 00:30:00,480.42
2017-06-23 01:00:00,429.8
2017-06-23 01:30:00,416.44
2017-06-23 02:00:00,355.78
2017-06-23 02:30:00,354.25
2017-06-23 03:00:00,360.96
2017-06-23 03:30:00,346.74
2017-06-23 04:00:00,324.96
2017-06-23 04:30:00,352.74
2017-06-23 05:00:00,311.49
2017-06-23 05:30:00,338.12
2017-06-23 06:00:00,317.65
2017-06-23 06:30:00,319.3
2017-06-23 07:00:00,334.11
2017-06-23 07:30:00,384.67
2017-06-23 08:00:00,464.87
2017-06-23 08:30:00,469.27
2017-06-23 09:00:00,554.04
2017-06-23 09:30:00,496.32
2017-06-23 10:00:00,510.28
2017-06-23 10:30:00,482.26
2017-06-23 11:00:00,475.22
2017-06-23 11:30:00,483.6
2017-06-23 12:00:00,490.64
2017-06-23 12:30:00,529.23
2017-06-23 13:00:00,486.64
2017-06-23 13:30:00,0.8
2017-06-23 14:00:00,423.28
2017-06-23 14:30:00,451.72
2017-06-23 15:00:00,471.05
2017-06-23 15:30:00,447.1
2017-06-23 16:00:00,475.38
2017-06-23 16:30:00,471.56
2017-06-23 17:00:00,467.23
2017-06-23 17:30:00,475.13
2017-06-23 18:00:00,495.08
2017-06-23 18:30:00,519.76
2017-06-23 19:00:00,540.04
2017-06-23 19:30:00,588.05
2017-06-23 20:00:00,642.0
2017-06-23 20:30:00,604.55
2017-06-23 21:00:00,597.14
2017-06-23 21:30:00,609.31
2017-06-23 22:00:00,571.38
2017-06-23 22:30:00,598.55
2017-06-23 23:00:00,607.42
2017-06-23 23:30:00,572.21
2017-06-24 00:00:00,539.28
2017-06-24 00:00:00,539.28
2017-06-24 00:30:00,497.53
2017-06-24 01:00:00,464.3
2017-06-24 01:30:00,395.76
2017-06-24 02:00:00,361.5
2017-06-24 02:30:00,358.47
2017-06-24 03:00:00,361.93
2017-06-24 03:30:00,345.79
2017-06-24 04:00:00,354.64
2017-06-24 04:30:00,354.97
2017-06-24 05:00:00,325.49
2017-06-24 05:30:00,337.11
2017-06-24 06:00:00,336.72
2017-06-24 06:30:00,299.65
2017-06-24 07:00:00,348.76
2017-06-24 07:30:00,355.58
2017-06-24 08:00:00,403.19
2017-06-24 08:30:00,519.04
2017-06-24 09:00:00,501.88
2017-06-24 09:30:00,485.11
2017-06-24 10:00:00,457.39
2017-06-24 10:30:00,451.89
2017-06-24 11:00:00,509.82
2017-06-24 11:30:00,508.86
2017-06-24 12:00:00,539.27
2017-06-24 12:30:00,537.59
2017-06-24 13:00:00,468.11
2017-06-24 13:30:00,466.53
2017-06-24 14:00:00,451.87
2017-06-24 14:30:00,520.09
2017-06-24 15:00:00,504.1
2017-06-24 15:30:00,503.84
2017-06-24 16:00:00,546.62
2017-06-24 16:30:00,502.72
2017-06-24 17:00:00,469.35
2017-06-24 17:30:00,466.33
2017-06-24 18:00:00,477.3
2017-06-24 18:30:00,463.58
2017-06-24 19:00:00,531.86
2017-06-24 19:30:00,582.74
2017-06-24 20:00:00,593.78
2017-06-24 20:30:00,1.3
2017-06-24 21:00:00,610.24
2017-06-24 21:30:00,683.88
2017-06-24 22:00:00,649.65
2017-06-24 22:30:00,644.97
2017-06-24 23:00:00,673.98
2017-06-24 23:30:00,643.93
2017-06-25 00:00:00,619.07
2017-06-25 00:00:00,619.07
2017-06-25 00:30:00,537.76
2017-06-25 01:00:00,505.87
2017-06-25 01:30:00,453.35
2017-06-25 02:00:00,434.94
2017-06-25 02:30:00,397.14
2017-06-25 03:00:00,388.71
2017-06-25 03:30:00,372.69
2017-06-25 04:00:00,371.29
2017-06-25 04:30:00,371.28
2017-06-25 05:00:00,353.05
2017-06-25 05:30:00,364.9
2017-06-25 06:00:00,347.56
2017-06-25 06:30:00,326.12
2017-06-25 07:00:00,364.4
2017-06-25 07:30:00,398.01
2017-06-25 08:00:00,394.96
2017-06-25 08:30:00,433.65
2017-06-25 09:00:00,542.21
2017-06-25 09:30:00,534.76
2017-06-25 10:00:00,507.61
2017-06-25 10:30:00,449.34
2017-06-25 11:00:00,491.34
2017-06-25 11:30:00,501.87
2017-06-25 12:00:00,516.79
2017-06-25 12:30:00,590.36
2017-06-25 13:00:00,517.25
2017-06-25 13:30:00,502.26
2017-06-25 14:00:00,480.69
2017-06-25 14:30:00,483.64
2017-06-25 15:00:00,512.31
2017-06-25 15:30:00,545.3
2017-06-25 16:00:00,543.68
2017-06-25 16:30:00,512.59
2017-06-25 17:00:00,530.88
2017-06-25 17:30:00,542.66
2017-06-25 18:00:00,499.64
2017-06-25 18:30:00,544.83
2017-06-25 19:00:00,581.09
2017-06-25 19:30:00,631.19
2017-06-25 20:00:00,636.17
2017-06-25 20:30:00,681.75
2017-06-25 21:00:00,643.5
2017-06-25 21:30:00,677.94
2017-06-25 22:00:00,687.41
2017-06-25 22:30:00,634.3
2017-06-25 23:00:00,617.52
2017-06-25 23:30:00,586.58
2017-06-26 00:00:00,569.42
2017-06-26 00:00:00,569.42
2017-06-26 00:30:00,483.74
2017-06-26 01:00:00,440.29
2017-06-26 01:30:00,376.69
2017-06-26 02:00:00,354.4
2017-06-26 02:30:00,362.22
2017-06-26 03:00:00,336.76
2017-06-26 03:30:00,335.71
2017-06-26 04:00:00,332.33
2017-06-26 04:30:00,354.0
2017-06-26 05:00:00,345.29
2017-06-26 05:30:00,335.79
2017-06-26 06:00:00,332.54
2017-06-26 06:30:00,331.56
2017-06-26 07:00:00,327.33
2017-06-26 07:30:00,401.94
2017-06-26 08:00:00,468.9
2017-06-26 08:30:00,540.79
2017-06-26 09:00:00,559.02
2017-06-26 09:30:00,504.59
2017-06-26 10:00:00,502.52
2017-06-26 10:30:00,515.48
2017-06-26 11:00:00,489.55
2017-06-26 11:30:00,503.27
2017-06-26 12:00:00,513.46
2017-06-26 12:30:00,530.62
2017-06-26 13:00:00,509.11
2017-06-26 13:30:00,456.57
2017-06-26 14:00:00,466.13
2017-06-26 14:30:00,480.49
2017-06-26 15:00:00,490.8
2017-06-26 15:30:00,495.35
2017-06-26 16:00:00,559.98
2017-06-26 16:30:00,546.94
2017-06-26 17:00:00,517.44
2017-06-26 17:30:00,473.24
2017-06-26 18:00:00,512.89
2017-06-26 18:30:00,520.83
2017-06-26 19:00:00,575.97
2017-06-26 19:30:00,610.91
2017-06-26 20:00:00,616.78
2017-06-26 20:30:00,634.93
2017-06-26 21:00:00,640.02
2017-06-26 21:30:00,683.45
2017-06-26 22:00:00,674.35
2017-06-26 22:30:00,0.82
2017-06-26 23:00:00,675.73
2017-06-26 23:30:00,603.72
2017-06-27 00:00:00,591.49
2017-06-27 00:00:00,591.49
2017-06-27 00:30:00,536.49
2017-06-27 01:00:00,464.25
2017-06-27 01:30:00,416.03
2017-06-27 02:00:00,395.93
2017-06-27 02:30:00,353.0
2017-06-27 03:00:00,347.35
2017-06-27 03:30:00,358.99
2017-06-27 04:00:00,342.48
2017-06-27 04:30:00,353.11
2017-06-27 05:00:00,331.09
2017-06-27 05:30:00,355.54
2017-06-27 06:00:00,332.49
2017-06-27 06:30:00,341.99
2017-06-27 07:00:00,347.96
2017-06-27 07:30:00,461.45
2017-06-27 08:00:00,495.65
2017-06-27 08:30:00,541.15
2017-06-27 09:00:00,606.0
2017-06-27 09:30:00,541.79
2017-06-27 10:00:00,510.72
2017-06-27 10:30:00,519.28
2017-06-27 11:00:00,514.07
2017-06-27 11:30:00,533.18
2017-06-27 12:00:00,546.76
2017-06-27 12:30:00,562.54
2017-06-27 13:00:00,512.94
2017-06-27 13:30:00,447.48
2017-06-27 14:00:00,443.97
2017-06-27 14:30:00,481.44
2017-06-27 15:00:00,487.66
2017-06-27 15:30:00,483.06
2017-06-27 16:00:00,573.43
2017-06-27 16:30:00,589.92
2017-06-27 17:00:00,531.42
2017-06-27 17:30:00,489.41
2017-06-27 18:00:00,531.62
2017-06-27 18:30:00,526.09
2017-06-27 19:00:00,598.96
2017-06-27 19:30:00,626.83
2017-06-27 20:00:00,642.4
2017-06-27 20:30:00,705.87
2017-06-27 21:00:00,691.77
2017-06-27 21:30:00,725.45
2017-06-27 22:00:00,724.17
2017-06-27 22:30:00,700.8
2017-06-27 23:00:00,697.15
2017-06-27 23:30:00,635.43
2017-06-28 00:00:00,619.0
2017-06-28 00:00:00,619.0
2017-06-28 00:30:00,545.47
2017-06-28 01:00:00,497.47
2017-06-28 01:30:00,441.97
2017-06-28 02:00:00,386.18
2017-06-28 02:30:00,374.27
2017-06-28 03:00:00,339.53
2017-06-28 03:30:00,365.02
2017-06-28 04:00:00,336.66
2017-06-28 04:30:00,356.2
2017-06-28 05:00:00,382.6
2017-06-28 05:30:00,378.43
2017-06-28 06:00:00,340.93
2017-06-28 06:30:00,349.75
2017-06-28 07:00:00,348.49
2017-06-28 07:30:00,435.05
2017-06-28 08:00:00,493.15
2017-06-28 08:30:00,464.36
2017-06-28 09:00:00,553.28
2017-06-28 09:30:00,505.6
2017-06-28 10:00:00,507.85
2017-06-28 10:30:00,472.61
2017-06-28 11:00:00,448.7
2017-06-28 11:30:00,463.0
2017-06-28 12:00:00,497.1
2017-06-28 12:30:00,557.34
2017-06-28 13:00:00,486.72
2017-06-28 13:30:00,454.02
2017-06-28 14:00:00,466.18
2017-06-28 14:30:00,475.13
2017-06-28 15:00:00,473.48
2017-06-28 15:30:00,502.18
2017-06-28 16:00:00,536.86
2017-06-28 16:30:00,456.49
2017-06-28 17:00:00,487.61
2017-06-28 17:30:00,487.4
2017-06-28 18:00:00,487.68
2017-06-28 18:30:00,530.98
2017-06-28 19:00:00,571.62
2017-06-28 19:30:00,598.86
2017-06-28 20:00:00,626.7
2017-06-28 20:30:00,632.52
2017-06-28 21:00:00,674.99
2017-06-28 21:30:00,707.1
2017-06-28 22:00:00,650.55
2017-06-28 22:30:00,680.93
2017-06-28 23:00:00,686.94
2017-06-28 23:30:00,643.77
2017-06-29 00:00:00,560.09
2017-06-29 00:00:00,560.09
2017-06-29 00:30:00,490.08
2017-06-29 01:00:00,420.75
2017-06-29 01:30:00,406.37
2017-06-29 02:00:00,378.55
2017-06-29 02:30:00,353.11
2017-06-29 03:00:00,336.7
2017-06-29 03:30:00,352.77
2017-06-29 04:00:00,339.18
2017-06-29 04:30:00,360.95
2017-06-29 05:00:00,339.59
2017-06-29 05:30:00,351.21
2017-06-29 06:00:00,317.13
2017-06-29 06:30:00,320.76
2017-06-29 07:00:00,345.2
2017-06-29 07:30:00,403.83
2017-06-29 08:00:00,476.96
2017-06-29 08:30:00,545.15
2017-06-29 09:00:00,537.78
2017-06-29 09:30:00,508.25
2017-06-29 10:00:00,483.44
2017-06-29 10:30:00,576.51
2017-06-29 11:00:00,545.81
2017-06-29 11:30:00,554.9
2017-06-29 12:00:00,560.84
2017-06-29 12:30:00,533.43
2017-06-29 13:00:00,524.79
2017-06-29 13:30:00,496.63
2017-06-29 14:00:00,473.37
2017-06-29 14:30:00,515.11
2017-06-29 15:00:00,515.33
2017-06-29 15:30:00,478.33
2017-06-29 16:00:00,573.69
2017-06-29 16:30:00,543.25
2017-06-29 17:00:00,501.74
2017-06-29 17:30:00,519.38
2017-06-29 18:00:00,500.03
2017-06-29 18:30:00,542.66
2017-06-29 19:00:00,629.42
2017-06-29 19:30:00,649.06
2017-06-29 20:00:00,678.12
2017-06-29 20:30:00,673.16
2017-06-29 21:00:00,708.48
2017-06-29 21:30:00,696.3
2017-06-29 22:00:00,738.63
2017-06-29 22:30:00,697.16
2017-06-29 23:00:00,689.01
2017-06-29 23:30:00,653.55
2017-06-30 00:00:00,575.36
2017-06-30 00:00:00,575.36
2017-06-30 00:30:00,539.98
2017-06-30 01:00:00,456.44
2017-06-30 01:30:00,447.55
2017-06-30 02:00:00,403.09
2017-06-30 02:30:00,390.01
2017-06-30 03:00:00,392.02
2017-06-30 03:30:00,380.05
2017-06-30 04:00:00,379.61
2017-06-30 04:30:00,366.19
2017-06-30 05:00:00,342.93
2017-06-30 05:30:00,352.35
2017-06-30 06:00:00,369.14
2017-06-30 06:30:00,342.31
2017-06-30 07:00:00,355.87
2017-06-30 07:30:00,417.13
2017-06-30 08:00:00,497.23
2017-06-30 08:30:00,557.66
2017-06-30 09:00:00,605.6
2017-06-30 09:30:00,621.9
2017-06-30 10:00:00,593.54
2017-06-30 10:30:00,548.37
2017-06-30 11:00:00,0.7
2017-06-30 11:30:00,547.43
2017-06-30 12:00:00,579.61
2017-06-30 12:30:00,606.09
2017-06-30 13:00:00,626.37
2017-06-30 13:30:00,557.15
2017-06-30 14:00:00,584.02
2017-06-30 14:30:00,581.56
2017-06-30 15:00:00,588.11
2017-06-30 15:30:00,573.71
2017-06-30 16:00:00,641.84
2017-06-30 16:30:00,552.27
2017-06-30 17:00:00,522.2
2017-06-30 17:30:00,465.51
2017-06-30 18:00:00,503.15
2017-06-30 18:30:00,580.44
2017-06-30 19:00:00,586.86
2017-06-30 19:30:00,628.96
2017-06-30 20:00:00,661.44
2017-06-30 20:30:00,664.5
2017-06-30 21:00:00,652.82
2017-06-30 21:30:00,681.28
2017-06-30 22:00:00,684.87
2017-06-30 22:30:00,664.42
2017-06-30 23:00:00,681.49
2017-06-30 23:30:00,623.57
2017-07-01 00:00:00,584.62
2017-07-01 00:00:00,584.62
2017-07-01 00:30:00,539.05
2017-07-01 01:00:00,486.8
2017-07-01 01:30:00,452.08
2017-07-01 02:00:00,404.27
2017-07-01 02:30:00,399.38
2017-07-01 03:00:00,377.81
2017-07-01 03:30:00,381.17
2017-07-01 04:00:00,373.23
2017-07-01 04:30:00,376.56
2017-07-01 05:00:00,356.15
2017-07-01 05:30:00,367.09
2017-07-01 06:00:00,362.15
2017-07-01 06:30:00,332.54
2017-07-01 07:00:00,378.18
2017-07-01 07:30:00,411.66
2017-07-01 08:00:00,434.29
2017-07-01 08:30:00,501.11
2017-07-01 09:00:00,500.49
2017-07-01 09:30:00,511.7
2017-07-01 10:00:00,492.93
2017-07-01 10:30:00,545.86
2017-07-01 11:00:00,503.58
2017-07-01 11:30:00,509.59
2017-07-01 12:00:00,543.55
2017-07-01 12:30:00,565.41
2017-07-01 13:00:00,578.67
2017-07-01 13:30:00,534.55
2017-07-01 14:00:00,550.97
2017-07-01 14:30:00,568.28
2017-07-01 15:00:00,611.04
2017-07-01 15:30:00,614.01
2017-07-01 16:00:00,581.62
2017-07-01 16:30:00,573.74
2017-07-01 17:00:00,510.16
2017-07-01 17:30:00,528.72
2017-07-01 18:00:00,488.37
2017-07-01 18:30:00,540.8
2017-07-01 19:00:00,549.1
2017-07-01 19:30:00,615.76
2017-07-01 20:00:00,649.46
2017-07-01 20:30:00,671.69
2017-07-01 21:00:00,625.12
2017-07-01 21:30:00,612.5
2017-07-01 22:00:00,655.15
2017-07-01 22:30:00,672.38
2017-07-01 23:00:00,622.51
2017-07-01 23:30:00,613.7
2017-07-02 00:00:00,572.5
2017-07-02 00:00:00,572.5
2017-07-02 00:30:00,500.82
2017-07-02 01:00:00,483.07
2017-07-02 01:30:00,455.83
2017-07-02 02:00:00,429.06
2017-07-02 02:30:00,417.34
2017-07-02 03:00:00,372.93
2017-07-02 03:30:00,344.66
2017-07-02 04:00:00,377.72
2017-07-02 04:30:00,387.03
2017-07-02 05:00:00,358.78
2017-07-02 05:30:00,410.42
2017-07-02 06:00:00,354.06
2017-07-02 06:30:00,320.0
2017-07-02 07:00:00,376.26
2017-07-02 07:30:00,413.0
2017-07-02 08:00:00,470.11
2017-07-02 08:30:00,556.6
2017-07-02 09:00:00,579.99
2017-07-02 09:30:00,550.64
2017-07-02 10:00:00,513.81
2017-07-02 10:30:00,586.21
2017-07-02 11:00:00,570.06
2017-07-02 11:30:00,556.21
2017-07-02 12:00:00,550.01
2017-07-02 12:30:00,610.11
2017-07-02 13:00:00,602.41
2017-07-02 13:30:00,633.14
2017-07-02 14:00:00,597.88
2017-07-02 14:30:00,603.57
2017-07-02 15:00:00,594.12
2017-07-02 15:30:00,582.1
2017-07-02 16:00:00,649.71
2017-07-02 16:30:00,612.65
2017-07-02 17:00:00,615.57
2017-07-02 17:30:00,614.09
2017-07-02 18:00:00,585.88
2017-07-02 18:30:00,612.49
2017-07-02 19:00:00,674.85
2017-07-02 19:30:00,682.39
2017-07-02 20:00:00,709.23
2017-07-02 20:30:00,709.74
2017-07-02 21:00:00,715.02
2017-07-02 21:30:00,732.23
2017-07-02 22:00:00,738.84
2017-07-02 22:30:00,745.98
2017-07-02 23:00:00,762.85
2017-07-02 23:30:00,689.99
2017-07-03 00:00:00,617.36
2017-07-03 00:00:00,617.36
2017-07-03 00:30:00,562.46
2017-07-03 01:00:00,514.97
2017-07-03 01:30:00,491.73
2017-07-03 02:00:00,444.28
2017-07-03 02:30:00,426.3
2017-07-03 03:00:00,426.55
2017-07-03 03:30:00,418.21
2017-07-03 04:00:00,391.37
2017-07-03 04:30:00,419.3
2017-07-03 05:00:00,391.18
2017-07-03 05:30:00,379.01
2017-07-03 06:00:00,363.18
2017-07-03 06:30:00,365.17
2017-07-03 07:00:00,391.14
2017-07-03 07:30:00,480.41
2017-07-03 08:00:00,538.15
2017-07-03 08:30:00,565.48
2017-07-03 09:00:00,643.78
2017-07-03 09:30:00,651.09
2017-07-03 10:00:00,629.89
2017-07-03 10:30:00,604.02
2017-07-03 11:00:00,556.87
2017-07-03 11:30:00,602.24
2017-07-03 12:00:00,574.32
2017-07-03 12:30:00,579.57
2017-07-03 13:00:00,615.3
2017-07-03 13:30:00,563.19
2017-07-03 14:00:00,556.03
2017-07-03 14:30:00,616.06
2017-07-03 15:00:00,615.06
2017-07-03 15:30:00,585.03
2017-07-03 16:00:00,620.17
2017-07-03 16:30:00,595.45
2017-07-03 17:00:00,556.28
2017-07-03 17:30:00,559.16
2017-07-03 18:00:00,556.43
2017-07-03 18:30:00,613.67
2017-07-03 19:00:00,742.89
2017-07-03 19:30:00,783.82
2017-07-03 20:00:00,795.96
2017-07-03 20:30:00,820.74
2017-07-03 21:00:00,886.72
2017-07-03 21:30:00,846.42
2017-07-03 22:00:00,866.14
2017-07-03 22:30:00,890.53
2017-07-03 23:00:00,868.08
2017-07-03 23:30:00,782.52
2017-07-04 00:00:00,736.7
2017-07-04 00:00:00,736.7
2017-07-04 00:30:00,680.44
2017-07-04 01:00:00,625.24
2017-07-04 01:30:00,568.19
2017-07-04 02:00:00,524.91
2017-07-04 02:30:00,479.3
2017-07-04 03:00:00,473.73
2017-07-04 03:30:00,489.78
2017-07-04 04:00:00,479.8
2017-07-04 04:30:00,469.59
2017-07-04 05:00:00,456.03
2017-07-04 05:30:00,454.8
2017-07-04 06:00:00,462.46
2017-07-04 06:30:00,423.98
2017-07-04 07:00:00,443.71
2017-07-04 07:30:00,500.14
2017-07-04 08:00:00,625.91
2017-07-04 08:30:00,638.44
2017-07-04 09:00:00,624.81
2017-07-04 09:30:00,619.75
2017-07-04 10:00:00,574.97
2017-07-04 10:30:00,585.15
2017-07-04 11:00:00,561.15
2017-07-04 11:30:00,535.88
2017-07-04 12:00:00,533.94
2017-07-04 12:30:00,542.01
2017-07-04 13:00:00,556.24
2017-07-04 13:30:00,553.56
2017-07-04 14:00:00,576.45
2017-07-04 14:30:00,626.86
2017-07-04 15:00:00,650.49
2017-07-04 15:30:00,662.02
2017-07-04 16:00:00,634.91
2017-07-04 16:30:00,589.48
2017-07-04 17:00:00,557.35
2017-07-04 17:30:00,540.37
2017-07-04 18:00:00,579.2
2017-07-04 18:30:00,615.47
2017-07-04 19:00:00,709.52
2017-07-04 19:30:00,758.63
2017-07-04 20:00:00,760.47
2017-07-04 20:30:00,847.2
2017-07-04 21:00:00,873.27
2017-07-04 21:30:00,897.11
2017-07-04 22:00:00,870.6
2017-07-04 22:30:00,877.3
2017-07-04 23:00:00,896.82
2017-07-04 23:30:00,815.89
2017-07-05 00:00:00,749.0
2017-07-05 00:00:00,749.0
2017-07-05 00:30:00,653.01
2017-07-05 01:00:00,633.97
2017-07-05 01:30:00,576.95
2017-07-05 02:00:00,532.71
2017-07-05 02:30:00,499.49
2017-07-05 03:00:00,507.28
2017-07-05 03:30:00,491.51
2017-07-05 04:00:00,467.97
2017-07-05 04:30:00,467.46
2017-07-05 05:00:00,466.82
2017-07-05 05:30:00,464.25
2017-07-05 06:00:00,457.03
2017-07-05 06:30:00,428.25
2017-07-05 07:00:00,442.68
2017-07-05 07:30:00,495.05
2017-07-05 08:00:00,540.66
2017-07-05 08:30:00,638.29
2017-07-05 09:00:00,611.37
2017-07-05 09:30:00,629.17
2017-07-05 10:00:00,609.74
2017-07-05 10:30:00,595.74
2017-07-05 11:00:00,572.38
2017-07-05 11:30:00,588.87
2017-07-05 12:00:00,623.04
2017-07-05 12:30:00,634.11
2017-07-05 13:00:00,661.92
2017-07-05 13:30:00,617.6
2017-07-05 14:00:00,653.65
2017-07-05 14:30:00,650.77
2017-07-05 15:00:00,682.97
2017-07-05 15:30:00,617.29
2017-07-05 16:00:00,632.43
2017-07-05 16:30:00,676.88
2017-07-05 17:00:00,580.79
2017-07-05 17:30:00,628.42
2017-07-05 18:00:00,618.11
2017-07-05 18:30:00,660.38
2017-07-05 19:00:00,738.81
2017-07-05 19:30:00,813.79
2017-07-05 20:00:00,790.63
2017-07-05 20:30:00,819.43
2017-07-05 21:00:00,749.55
2017-07-05 21:30:00,788.03
2017-07-05 22:00:00,815.08
2017-07-05 22:30:00,843.68
2017-07-05 23:00:00,836.52
2017-07-05 23:30:00,753.35
2017-07-06 00:00:00,690.01
2017-07-06 00:00:00,690.01
2017-07-06 00:30:00,640.9
2017-07-06 01:00:00,612.67
2017-07-06 01:30:00,564.22
2017-07-06 02:00:00,524.65
2017-07-06 02:30:00,515.11
2017-07-06 03:00:00,502.03
2017-07-06 03:30:00,509.24
2017-07-06 04:00:00,467.13
2017-07-06 04:30:00,484.44
2017-07-06 05:00:00,463.67
2017-07-06 05:30:00,469.69
2017-07-06 06:00:00,450.81
2017-07-06 06:30:00,443.06
2017-07-06 07:00:00,452.54
2017-07-06 07:30:00,539.16
2017-07-06 08:00:00,588.79
2017-07-06 08:30:00,585.84
2017-07-06 09:00:00,635.59
2017-07-06 09:30:00,588.46
2017-07-06 10:00:00,561.92
2017-07-06 10:30:00,593.18
2017-07-06 11:00:00,570.77
2017-07-06 11:30:00,564.04
2017-07-06 12:00:00,584.11
2017-07-06 12:30:00,634.9
2017-07-06 13:00:00,650.53
2017-07-06 13:30:00,603.77
2017-07-06 14:00:00,580.52
2017-07-06 14:30:00,579.72
2017-07-06 15:00:00,594.43
2017-07-06 15:30:00,569.15
2017-07-06 16:00:00,647.05
2017-07-06 16:30:00,640.51
2017-07-06 17:00:00,601.01
2017-07-06 17:30:00,599.96
2017-07-06 18:00:00,599.11
2017-07-06 18:30:00,672.45
2017-07-06 19:00:00,809.54
2017-07-06 19:30:00,822.83
2017-07-06 20:00:00,867.38
2017-07-06 20:30:00,920.27
2017-07-06 21:00:00,620.63
2017-07-06 21:30:00,995.5
2017-07-06 22:00:00,988.69
2017-07-06 22:30:00,1019.21
2017-07-06 23:00:00,988.95
2017-07-06 23:30:00,901.81
2017-07-07 00:00:00,0.87
2017-07-07 00:00:00,0.87
2017-07-07 00:30:00,765.05
2017-07-07 01:00:00,701.42
2017-07-07 01:30:00,657.77
2017-07-07 02:00:00,604.99
2017-07-07 02:30:00,586.61
2017-07-07 03:00:00,573.02
2017-07-07 03:30:00,572.68
2017-07-07 04:00:00,540.42
2017-07-07 04:30:00,565.3
2017-07-07 05:00:00,530.26
2017-07-07 05:30:00,548.56
2017-07-07 06:00:00,537.19
2017-07-07 06:30:00,476.66
2017-07-07 07:00:00,518.64
2017-07-07 07:30:00,591.25
2017-07-07 08:00:00,591.69
2017-07-07 08:30:00,622.71
2017-07-07 09:00:00,710.12
2017-07-07 09:30:00,666.02
2017-07-07 10:00:00,638.44
2017-07-07 10:30:00,617.85
2017-07-07 11:00:00,668.94
2017-07-07 11:30:00,641.49
2017-07-07 12:00:00,678.16
2017-07-07 12:30:00,673.63
2017-07-07 13:00:00,692.69
2017-07-07 13:30:00,651.05
2017-07-07 14:00:00,688.65
2017-07-07 14:30:00,650.96
2017-07-07 15:00:00,697.49
2017-07-07 15:30:00,694.24
2017-07-07 16:00:00,757.05
2017-07-07 16:30:00,681.37
2017-07-07 17:00:00,632.0
2017-07-07 17:30:00,626.86
2017-07-07 18:00:00,640.8
2017-07-07 18:30:00,667.73
2017-07-07 19:00:00,765.16
2017-07-07 19:30:00,847.05
2017-07-07 20:00:00,898.29
2017-07-07 20:30:00,876.2
2017-07-07 21:00:00,950.02
2017-07-07 21:30:00,920.96
2017-07-07 22:00:00,898.63
2017-07-07 22:30:00,980.75
2017-07-07 23:00:00,955.81
2017-07-07 23:30:00,929.94
2017-07-08 00:00:00,859.06
2017-07-08 00:00:00,859.06
2017-07-08 00:30:00,811.46
2017-07-08 01:00:00,766.69
2017-07-08 01:30:00,724.32
2017-07-08 02:00:00,665.01
2017-07-08 02:30:00,635.41
2017-07-08 03:00:00,614.35
2017-07-08 03:30:00,630.11
2017-07-08 04:00:00,587.23
2017-07-08 04:30:00,598.38
2017-07-08 05:00:00,565.56
2017-07-08 05:30:00,582.52
2017-07-08 06:00:00,572.5
2017-07-08 06:30:00,529.48
2017-07-08 07:00:00,550.96
2017-07-08 07:30:00,598.16
2017-07-08 08:00:00,637.79
2017-07-08 08:30:00,680.14
2017-07-08 09:00:00,750.48
2017-07-08 09:30:00,762.72
2017-07-08 10:00:00,688.18
2017-07-08 10:30:00,733.18
2017-07-08 11:00:00,722.55
2017-07-08 11:30:00,702.01
2017-07-08 12:00:00,706.04
2017-07-08 12:30:00,712.84
2017-07-08 13:00:00,691.0
2017-07-08 13:30:00,690.02
2017-07-08 14:00:00,664.18
2017-07-08 14:30:00,683.12
2017-07-08 15:00:00,680.68
2017-07-08 15:30:00,712.36
2017-07-08 16:00:00,749.18
2017-07-08 16:30:00,1.39
2017-07-08 17:00:00,606.54
2017-07-08 17:30:00,611.32
2017-07-08 18:00:00,640.66
2017-07-08 18:30:00,665.42
2017-07-08 19:00:00,721.43
2017-07-08 19:30:00,806.34
2017-07-08 20:00:00,828.77
2017-07-08 20:30:00,872.86
2017-07-08 21:00:00,839.09
2017-07-08 21:30:00,842.76
2017-07-08 22:00:00,841.51
2017-07-08 22:30:00,873.23
2017-07-08 23:00:00,900.86
2017-07-08 23:30:00,878.49
2017-07-09 00:00:00,857.63
2017-07-09 00:00:00,857.63
2017-07-09 00:30:00,783.02
2017-07-09 01:00:00,731.89
2017-07-09 01:30:00,697.24
2017-07-09 02:00:00,671.59
2017-07-09 02:30:00,648.03
2017-07-09 03:00:00,632.37
2017-07-09 03:30:00,602.94
2017-07-09 04:00:00,611.04
2017-07-09 04:30:00,562.85
2017-07-09 05:00:00,561.56
2017-07-09 05:30:00,556.55
2017-07-09 06:00:00,544.21
2017-07-09 06:30:00,521.82
2017-07-09 07:00:00,520.84
2017-07-09 07:30:00,571.0
2017-07-09 08:00:00,627.5
2017-07-09 08:30:00,676.39
2017-07-09 09:00:00,728.52
2017-07-09 09:30:00,728.35
2017-07-09 10:00:00,
2017-07-09 10:30:00,
2017-07-09 11:00:00,710.84
2017-07-09 11:30:00,708.92
2017-07-09 12:00:00,709.48
2017-07-09 12:30:00,744.72
2017-07-09 13:00:00,694.26
2017-07-09 13:30:00,700.14
2017-07-09 14:00:00,696.15
2017-07-09 14:30:00,698.78
2017-07-09 15:00:00,715.17
2017-07-09 15:30:00,656.52
2017-07-09 16:00:00,689.24
2017-07-09 16:30:00,682.45
2017-07-09 17:00:00,641.67
2017-07-09 17:30:00,683.7
2017-07-09 18:00:00,681.89
2017-07-09 18:30:00,678.74
2017-07-09 19:00:00,778.04
2017-07-09 19:30:00,843.88
2017-07-09 20:00:00,815.75
2017-07-09 20:30:00,897.13
2017-07-09 21:00:00,862.98
2017-07-09 21:30:00,896.47
2017-07-09 22:00:00,928.15
2017-07-09 22:30:00,922.7
2017-07-09 23:00:00,929.51
2017-07-09 23:30:00,876.52
2017-07-10 00:00:00,815.2
2017-07-10 00:00:00,815.2
2017-07-10 00:30:00,747.89
2017-07-10 01:00:00,715.84
2017-07-10 01:30:00,637.4
2017-07-10 02:00:00,616.74
2017-07-10 02:30:00,594.16
2017-07-10 03:00:00,576.52
2017-07-10 03:30:00,608.66
2017-07-10 04:00:00,574.43
2017-07-10 04:30:00,563.78
2017-07-10 05:00:00,559.35
2017-07-10 05:30:00,548.55
2017-07-10 06:00:00,527.19
2017-07-10 06:30:00,525.21
2017-07-10 07:00:00,535.51
2017-07-10 07:30:00,583.25
2017-07-10 08:00:00,636.07
2017-07-10 08:30:00,669.01
2017-07-10 09:00:00,707.45
2017-07-10 09:30:00,709.08
2017-07-10 10:00:00,645.61
2017-07-10 10:30:00,633.74
2017-07-10 11:00:00,591.31
2017-07-10 11:30:00,615.33
2017-07-10 12:00:00,616.04
2017-07-10 12:30:00,617.13
2017-07-10 13:00:00,610.64
2017-07-10 13:30:00,592.06
2017-07-10 14:00:00,549.58
2017-07-10 14:30:00,559.4
2017-07-10 15:00:00,567.0
2017-07-10 15:30:00,557.85
2017-07-10 16:00:00,635.95
2017-07-10 16:30:00,599.73
2017-07-10 17:00:00,559.55
2017-07-10 17:30:00,552.16
2017-07-10 18:00:00,594.17
2017-07-10 18:30:00,647.57
2017-07-10 19:00:00,723.19
2017-07-10 19:30:00,780.18
2017-07-10 20:00:00,808.69
2017-07-10 20:30:00,819.31
2017-07-10 21:00:00,865.04
2017-07-10 21:30:00,818.42
2017-07-10 22:00:00,849.69
2017-07-10 22:30:00,900.48
2017-07-10 23:00:00,863.47
2017-07-10 23:30:00,841.84
2017-07-11 00:00:00,777.06
2017-07-11 00:00:00,777.06
2017-07-11 00:30:00,665.38
2017-07-11 01:00:00,632.34
2017-07-11 01:30:00,607.53
2017-07-11 02:00:00,567.45
2017-07-11 02:30:00,537.68
2017-07-11 03:00:00,520.45
2017-07-11 03:30:00,514.18
2017-07-11 04:00:00,499.4
2017-07-11 04:30:00,513.18
2017-07-11 05:00:00,502.42
2017-07-11 05:30:00,506.3
2017-07-11 06:00:00,468.55
2017-07-11 06:30:00,452.6
2017-07-11 07:00:00,442.96
2017-07-11 07:30:00,484.68
2017-07-11 08:00:00,547.32
2017-07-11 08:30:00,629.4
2017-07-11 09:00:00,674.83
2017-07-11 09:30:00,664.33
2017-07-11 10:00:00,638.45
2017-07-11 10:30:00,627.87
2017-07-11 11:00:00,605.38
2017-07-11 11:30:00,631.0
2017-07-11 12:00:00,593.0
2017-07-11 12:30:00,609.25
2017-07-11 13:00:00,601.45
2017-07-11 13:30:00,596.13
2017-07-11 14:00:00,571.53
2017-07-11 14:30:00,599.51
2017-07-11 15:00:00,617.03
2017-07-11 15:30:00,594.57
2017-07-11 16:00:00,691.94
2017-07-11 16:30:00,1.39
2017-07-11 17:00:00,615.4
2017-07-11 17:30:00,605.85
2017-07-11 18:00:00,638.98
2017-07-11 18:30:00,710.21
2017-07-11 19:00:00,807.77
2017-07-11 19:30:00,866.8
2017-07-11 20:00:00,854.19
2017-07-11 20:30:00,897.03
2017-07-11 21:00:00,945.14
2017-07-11 21:30:00,996.56
2017-07-11 22:00:00,1011.72
2017-07-11 22:30:00,1011.51
2017-07-11 23:00:00,1014.3
2017-07-11 23:30:00,955.17
2017-07-12 00:00:00,902.91
2017-07-12 00:00:00,902.91
2017-07-12 00:30:00,795.67
2017-07-12 01:00:00,709.4
2017-07-12 01:30:00,649.57
2017-07-12 02:00:00,638.33
2017-07-12 02:30:00,595.15
2017-07-12 03:00:00,587.61
2017-07-12 03:30:00,566.95
2017-07-12 04:00:00,564.17
2017-07-12 04:30:00,585.26
2017-07-12 05:00:00,597.49
2017-07-12 05:30:00,564.78
2017-07-12 06:00:00,551.76
2017-07-12 06:30:00,534.94
2017-07-12 07:00:00,571.23
2017-07-12 07:30:00,597.1
2017-07-12 08:00:00,687.2
2017-07-12 08:30:00,715.13
2017-07-12 09:00:00,767.73
2017-07-12 09:30:00,727.95
2017-07-12 10:00:00,678.08
2017-07-12 10:30:00,670.54
2017-07-12 11:00:00,676.04
2017-07-12 11:30:00,686.69
2017-07-12 12:00:00,676.05
2017-07-12 12:30:00,672.3
2017-07-12 13:00:00,734.83
2017-07-12 13:30:00,679.07
2017-07-12 14:00:00,662.42
2017-07-12 14:30:00,661.86
2017-07-12 15:00:00,675.36
2017-07-12 15:30:00,697.82
2017-07-12 16:00:00,739.83
2017-07-12 16:30:00,701.49
2017-07-12 17:00:00,658.01
2017-07-12 17:30:00,613.71
2017-07-12 18:00:00,688.77
2017-07-12 18:30:00,774.73
2017-07-12 19:00:00,870.83
2017-07-12 19:30:00,942.64
2017-07-12 20:00:00,967.89
2017-07-12 20:30:00,992.67
2017-07-12 21:00:00,1002.59
2017-07-12 21:30:00,1102.6
2017-07-12 22:00:00,1097.81
2017-07-12 22:30:00,1098.81
2017-07-12 23:00:00,1038.88
2017-07-12 23:30:00,1032.85
2017-07-13 00:00:00,970.54
2017-07-13 00:00:00,970.54
2017-07-13 00:30:00,0.92
2017-07-13 01:00:00,792.04
2017-07-13 01:30:00,757.41
2017-07-13 02:00:00,717.14
2017-07-13 02:30:00,711.66
2017-07-13 03:00:00,667.89
2017-07-13 03:30:00,662.88
2017-07-13 04:00:00,672.02
2017-07-13 04:30:00,663.15
2017-07-13 05:00:00,633.13
2017-07-13 05:30:00,658.91
2017-07-13 06:00:00,618.04
2017-07-13 06:30:00,588.67
2017-07-13 07:00:00,618.72
2017-07-13 07:30:00,588.85
2017-07-13 08:00:00,757.17
2017-07-13 08:30:00,725.45
2017-07-13 09:00:00,719.05
2017-07-13 09:30:00,661.56
2017-07-13 10:00:00,660.15
2017-07-13 10:30:00,685.74
2017-07-13 11:00:00,622.67
2017-07-13 11:30:00,641.44
2017-07-13 12:00:00,663.03
2017-07-13 12:30:00,671.63
2017-07-13 13:00:00,627.5
2017-07-13 13:30:00,592.75
2017-07-13 14:00:00,582.06
2017-07-13 14:30:00,624.31
2017-07-13 15:00:00,629.61
2017-07-13 15:30:00,599.3
2017-07-13 16:00:00,661.84
2017-07-13 16:30:00,625.55
2017-07-13 17:00:00,563.17
2017-07-13 17:30:00,586.53
2017-07-13 18:00:00,602.55
2017-07-13 18:30:00,734.04
2017-07-13 19:00:00,831.5
2017-07-13 19:30:00,899.16
2017-07-13 20:00:00,927.26
2017-07-13 20:30:00,952.3
2017-07-13 21:00:00,975.5
2017-07-13 21:30:00,967.03
2017-07-13 22:00:00,1050.69
2017-07-13 22:30:00,1115.53
2017-07-13 23:00:00,1160.09
2017-07-13 23:30:00,1018.28
2017-07-14 00:00:00,960.23
2017-07-14 00:00:00,960.23
2017-07-14 00:30:00,931.36
2017-07-14 01:00:00,855.93
2017-07-14 01:30:00,795.11
2017-07-14 02:00:00,777.89
2017-07-14 02:30:00,761.92
2017-07-14 03:00:00,728.93
2017-07-14 03:30:00,738.75
2017-07-14 04:00:00,687.81
2017-07-14 04:30:00,699.86
2017-07-14 05:00:00,698.24
2017-07-14 05:30:00,681.08
2017-07-14 06:00:00,670.24
2017-07-14 06:30:00,636.37
2017-07-14 07:00:00,643.09
2017-07-14 07:30:00,667.65
2017-07-14 08:00:00,725.44
2017-07-14 08:30:00,647.91
2017-07-14 09:00:00,743.44
2017-07-14 09:30:00,745.76
2017-07-14 10:00:00,705.07
2017-07-14 10:30:00,701.99
2017-07-14 11:00:00,711.36
2017-07-14 11:30:00,692.35
2017-07-14 12:00:00,702.67
2017-07-14 12:30:00,751.17
2017-07-14 13:00:00,683.29
2017-07-14 13:30:00,651.11
2017-07-14 14:00:00,609.36
2017-07-14 14:30:00,633.05
2017-07-14 15:00:00,668.22
2017-07-14 15:30:00,654.34
2017-07-14 16:00:00,692.91
2017-07-14 16:30:00,673.28
2017-07-14 17:00:00,650.41
2017-07-14 17:30:00,662.5
2017-07-14 18:00:00,707.06
2017-07-14 18:30:00,771.36
2017-07-14 19:00:00,885.41
2017-07-14 19:30:00,956.31
2017-07-14 20:00:00,990.26
2017-07-14 20:30:00,967.97
2017-07-14 21:00:00,1035.29
2017-07-14 21:30:00,1052.54
2017-07-14 22:00:00,1121.43
2017-07-14 22:30:00,1102.67
2017-07-14 23:00:00,1080.44
2017-07-14 23:30:00,1026.63
2017-07-15 00:00:00,979.38
2017-07-15 00:00:00,979.38
2017-07-15 00:30:00,936.57
2017-07-15 01:00:00,889.8
2017-07-15 01:30:00,841.61
2017-07-15 02:00:00,797.18
2017-07-15 02:30:00,788.7
2017-07-15 03:00:00,745.46
2017-07-15 03:30:00,745.66
2017-07-15 04:00:00,745.09
2017-07-15 04:30:00,699.65
2017-07-15 05:00:00,686.85
2017-07-15 05:30:00,697.34
2017-07-15 06:00:00,691.45
2017-07-15 06:30:00,637.93
2017-07-15 07:00:00,670.07
2017-07-15 07:30:00,695.89
2017-07-15 08:00:00,753.03
2017-07-15 08:30:00,770.57
2017-07-15 09:00:00,839.74
2017-07-15 09:30:00,930.82
2017-07-15 10:00:00,846.12
2017-07-15 10:30:00,832.55
2017-07-15 11:00:00,784.26
2017-07-15 11:30:00,820.77
2017-07-15 12:00:00,826.0
2017-07-15 12:30:00,853.45
2017-07-15 13:00:00,785.78
2017-07-15 13:30:00,813.01
2017-07-15 14:00:00,766.42
2017-07-15 14:30:00,785.78
2017-07-15 15:00:00,780.21
2017-07-15 15:30:00,741.73
2017-07-15 16:00:00,817.17
2017-07-15 16:30:00,781.14
2017-07-15 17:00:00,768.35
2017-07-15 17:30:00,795.64
2017-07-15 18:00:00,816.82
2017-07-15 18:30:00,837.08
2017-07-15 19:00:00,868.66
2017-07-15 19:30:00,915.18
2017-07-15 20:00:00,921.65
2017-07-15 20:30:00,927.68
2017-07-15 21:00:00,933.66
2017-07-15 21:30:00,1026.75
2017-07-15 22:00:00,1029.15
2017-07-15 22:30:00,1107.98
2017-07-15 23:00:00,1095.97
2017-07-15 23:30:00,1062.02
2017-07-16 00:00:00,1018.88
2017-07-16 00:00:00,1018.88
2017-07-16 00:30:00,942.69
2017-07-16 01:00:00,884.15
2017-07-16 01:30:00,845.71
2017-07-16 02:00:00,820.83
2017-07-16 02:30:00,797.81
2017-07-16 03:00:00,773.79
2017-07-16 03:30:00,767.27
2017-07-16 04:00:00,740.55
2017-07-16 04:30:00,722.01
2017-07-16 05:00:00,683.74
2017-07-16 05:30:00,712.2
2017-07-16 06:00:00,670.89
2017-07-16 06:30:00,650.15
2017-07-16 07:00:00,645.4
2017-07-16 07:30:00,662.77
2017-07-16 08:00:00,771.46
2017-07-16 08:30:00,835.24
2017-07-16 09:00:00,878.81
2017-07-16 09:30:00,917.46
2017-07-16 10:00:00,831.4
2017-07-16 10:30:00,848.27
2017-07-16 11:00:00,833.5
2017-07-16 11:30:00,859.75
2017-07-16 12:00:00,874.71
2017-07-16 12:30:00,989.21
2017-07-16 13:00:00,954.3
2017-07-16 13:30:00,923.51
2017-07-16 14:00:00,888.17
2017-07-16 14:30:00,930.72
2017-07-16 15:00:00,902.13
2017-07-16 15:30:00,887.59
2017-07-16 16:00:00,915.71
2017-07-16 16:30:00,908.32
2017-07-16 17:00:00,833.0
2017-07-16 17:30:00,846.84
2017-07-16 18:00:00,882.17
2017-07-16 18:30:00,872.86
2017-07-16 19:00:00,930.35
2017-07-16 19:30:00,1004.0
2017-07-16 20:00:00,1000.97
2017-07-16 20:30:00,995.36
2017-07-16 21:00:00,1044.51
2017-07-16 21:30:00,1061.26
2017-07-16 22:00:00,1038.92
2017-07-16 22:30:00,1094.89
2017-07-16 23:00:00,1030.31
2017-07-16 23:30:00,1026.2
2017-07-17 00:00:00,953.63
2017-07-17 00:00:00,953.63
2017-07-17 00:30:00,903.65
2017-07-17 01:00:00,866.56
2017-07-17 01:30:00,822.77
2017-07-17 02:00:00,788.31
2017-07-17 02:30:00,751.08
2017-07-17 03:00:00,745.69
2017-07-17 03:30:00,732.48
2017-07-17 04:00:00,696.06
2017-07-17 04:30:00,714.08
2017-07-17 05:00:00,673.65
2017-07-17 05:30:00,700.2
2017-07-17 06:00:00,666.16
2017-07-17 06:30:00,631.3
2017-07-17 07:00:00,664.61
2017-07-17 07:30:00,688.04
2017-07-17 08:00:00,757.56
2017-07-17 08:30:00,735.95
2017-07-17 09:00:00,767.78
2017-07-17 09:30:00,747.18
2017-07-17 10:00:00,771.81
2017-07-17 10:30:00,750.6
2017-07-17 11:00:00,759.04
2017-07-17 11:30:00,778.54
2017-07-17 12:00:00,767.73
2017-07-17 12:30:00,774.06
2017-07-17 13:00:00,756.92
2017-07-17 13:30:00,720.69
2017-07-17 14:00:00,742.34
2017-07-17 14:30:00,811.27
2017-07-17 15:00:00,834.32
2017-07-17 15:30:00,740.3
2017-07-17 16:00:00,740.01
2017-07-17 16:30:00,708.18
2017-07-17 17:00:00,653.85
2017-07-17 17:30:00,663.55
2017-07-17 18:00:00,669.58
2017-07-17 18:30:00,806.35
2017-07-17 19:00:00,894.24
2017-07-17 19:30:00,967.12
2017-07-17 20:00:00,979.27
2017-07-17 20:30:00,982.35
2017-07-17 21:00:00,1016.99
2017-07-17 21:30:00,997.98
2017-07-17 22:00:00,1057.31
2017-07-17 22:30:00,1166.04
2017-07-17 23:00:00,1089.73
2017-07-17 23:30:00,1046.95
2017-07-18 00:00:00,1007.6
2017-07-18 00:00:00,1007.6
2017-07-18 00:30:00,954.6
2017-07-18 01:00:00,953.66
2017-07-18 01:30:00,864.46
2017-07-18 02:00:00,823.96
2017-07-18 02:30:00,788.94
2017-07-18 03:00:00,798.32
2017-07-18 03:30:00,784.5
2017-07-18 04:00:00,773.43
2017-07-18 04:30:00,745.31
2017-07-18 05:00:00,758.11
2017-07-18 05:30:00,770.22
2017-07-18 06:00:00,725.52
2017-07-18 06:30:00,682.29
2017-07-18 07:00:00,711.2
2017-07-18 07:30:00,714.37
2017-07-18 08:00:00,824.11
2017-07-18 08:30:00,796.35
2017-07-18 09:00:00,844.16
2017-07-18 09:30:00,812.94
2017-07-18 10:00:00,852.17
2017-07-18 10:30:00,790.29
2017-07-18 11:00:00,792.63
2017-07-18 11:30:00,790.91
2017-07-18 12:00:00,832.89
2017-07-18 12:30:00,807.84
2017-07-18 13:00:00,793.81
2017-07-18 13:30:00,778.64
2017-07-18 14:00:00,754.37
2017-07-18 14:30:00,773.33
2017-07-18 15:00:00,790.21
2017-07-18 15:30:00,739.09
2017-07-18 16:00:00,732.03
2017-07-18 16:30:00,702.83
2017-07-18 17:00:00,658.77
2017-07-18 17:30:00,636.63
2017-07-18 18:00:00,692.95
2017-07-18 18:30:00,775.17
2017-07-18 19:00:00,876.42
2017-07-18 19:30:00,963.29
2017-07-18 20:00:00,941.19
2017-07-18 20:30:00,978.74
2017-07-18 21:00:00,998.26
2017-07-18 21:30:00,993.91
2017-07-18 22:00:00,1029.6
2017-07-18 22:30:00,1126.27
2017-07-18 23:00:00,1136.13
2017-07-18 23:30:00,1074.99
2017-07-19 00:00:00,1022.65
2017-07-19 00:00:00,1022.65
2017-07-19 00:30:00,938.03
2017-07-19 01:00:00,911.43
2017-07-19 01:30:00,872.31
2017-07-19 02:00:00,835.68
2017-07-19 02:30:00,809.23
2017-07-19 03:00:00,782.05
2017-07-19 03:30:00,771.02
2017-07-19 04:00:00,758.16
2017-07-19 04:30:00,757.44
2017-07-19 05:00:00,749.19
2017-07-19 05:30:00,764.95
2017-07-19 06:00:00,763.43
2017-07-19 06:30:00,701.13
2017-07-19 07:00:00,736.96
2017-07-19 07:30:00,796.08
2017-07-19 08:00:00,854.0
2017-07-19 08:30:00,823.26
2017-07-19 09:00:00,826.05
2017-07-19 09:30:00,850.11
2017-07-19 10:00:00,876.49
2017-07-19 10:30:00,814.38
2017-07-19 11:00:00,761.26
2017-07-19 11:30:00,782.06
2017-07-19 12:00:00,799.49
2017-07-19 12:30:00,834.75
2017-07-19 13:00:00,771.53
2017-07-19 13:30:00,733.54
2017-07-19 14:00:00,729.92
2017-07-19 14:30:00,737.4
2017-07-19 15:00:00,727.14
2017-07-19 15:30:00,738.99
2017-07-19 16:00:00,824.88
2017-07-19 16:30:00,763.72
2017-07-19 17:00:00,722.79
2017-07-19 17:30:00,680.52
2017-07-19 18:00:00,695.31
2017-07-19 18:30:00,779.28
2017-07-19 19:00:00,890.02
2017-07-19 19:30:00,959.61
2017-07-19 20:00:00,943.88
2017-07-19 20:30:00,984.06
2017-07-19 21:00:00,975.19
2017-07-19 21:30:00,1057.41
2017-07-19 22:00:00,1115.68
2017-07-19 22:30:00,1208.13
2017-07-19 23:00:00,1179.05
2017-07-19 23:30:00,1138.13
2017-07-20 00:00:00,1071.02
2017-07-20 00:00:00,1071.02
2017-07-20 00:30:00,988.43
2017-07-20 01:00:00,958.86
2017-07-20 01:30:00,934.73
2017-07-20 02:00:00,911.73
2017-07-20 02:30:00,895.68
2017-07-20 03:00:00,864.89
2017-07-20 03:30:00,873.64
2017-07-20 04:00:00,851.49
2017-07-20 04:30:00,816.5
2017-07-20 05:00:00,802.33
2017-07-20 05:30:00,816.23
2017-07-20 06:00:00,777.86
2017-07-20 06:30:00,771.95
2017-07-20 07:00:00,778.74
2017-07-20 07:30:00,874.0
2017-07-20 08:00:00,822.22
2017-07-20 08:30:00,837.22
2017-07-20 09:00:00,870.11
2017-07-20 09:30:00,818.95
2017-07-20 10:00:00,805.2
2017-07-20 10:30:00,811.9
2017-07-20 11:00:00,784.55
2017-07-20 11:30:00,784.56
2017-07-20 12:00:00,777.27
2017-07-20 12:30:00,795.44
2017-07-20 13:00:00,752.95
2017-07-20 13:30:00,785.57
2017-07-20 14:00:00,797.08
2017-07-20 14:30:00,761.83
2017-07-20 15:00:00,780.99
2017-07-20 15:30:00,789.29
2017-07-20 16:00:00,837.46
2017-07-20 16:30:00,767.6
2017-07-20 17:00:00,747.09
2017-07-20 17:30:00,777.17
2017-07-20 18:00:00,783.11
2017-07-20 18:30:00,848.75
2017-07-20 19:00:00,903.52
2017-07-20 19:30:00,997.27
2017-07-20 20:00:00,1028.81
2017-07-20 20:30:00,1036.31
2017-07-20 21:00:00,1014.39
2017-07-20 21:30:00,1074.21
2017-07-20 22:00:00,1128.37
2017-07-20 22:30:00,1236.21
2017-07-20 23:00:00,1257.34
2017-07-20 23:30:00,1181.92
2017-07-21 00:00:00,1095.05
2017-07-21 00:00:00,1095.05
2017-07-21 00:30:00,1044.61
2017-07-21 01:00:00,988.73
2017-07-21 01:30:00,951.33
2017-07-21 02:00:00,926.68
2017-07-21 02:30:00,916.09
2017-07-21 03:00:00,908.55
2017-07-21 03:30:00,879.8
2017-07-21 04:00:00,875.81
2017-07-21 04:30:00,880.82
2017-07-21 05:00:00,855.81
2017-07-21 05:30:00,868.87
2017-07-21 06:00:00,820.43
2017-07-21 06:30:00,796.71
2017-07-21 07:00:00,826.35
2017-07-21 07:30:00,859.45
2017-07-21 08:00:00,828.27
2017-07-21 08:30:00,833.29
2017-07-21 09:00:00,891.27
2017-07-21 09:30:00,961.6
2017-07-21 10:00:00,856.83
2017-07-21 10:30:00,845.51
2017-07-21 11:00:00,849.19
2017-07-21 11:30:00,831.3
2017-07-21 12:00:00,859.35
2017-07-21 12:30:00,823.15
2017-07-21 13:00:00,802.35
2017-07-21 13:30:00,782.96
2017-07-21 14:00:00,775.27
2017-07-21 14:30:00,774.25
2017-07-21 15:00:00,795.55
2017-07-21 15:30:00,713.88
2017-07-21 16:00:00,758.12
2017-07-21 16:30:00,771.16
2017-07-21 17:00:00,836.65
2017-07-21 17:30:00,795.42
2017-07-21 18:00:00,831.07
2017-07-21 18:30:00,964.39
2017-07-21 19:00:00,1067.24
2017-07-21 19:30:00,1118.26
2017-07-21 20:00:00,1175.72
2017-07-21 20:30:00,1192.22
2017-07-21 21:00:00,1157.44
2017-07-21 21:30:00,1191.54
2017-07-21 22:00:00,1196.68
2017-07-21 22:30:00,1205.84
2017-07-21 23:00:00,1184.47
2017-07-21 23:30:00,1137.03
2017-07-22 00:00:00,1084.35
2017-07-22 00:00:00,1084.35
2017-07-22 00:30:00,1042.11
2017-07-22 01:00:00,1050.45
2017-07-22 01:30:00,982.46
2017-07-22 02:00:00,939.18
2017-07-22 02:30:00,960.92
2017-07-22 03:00:00,902.98
2017-07-22 03:30:00,886.89
2017-07-22 04:00:00,841.11
2017-07-22 04:30:00,864.68
2017-07-22 05:00:00,846.09
2017-07-22 05:30:00,857.28
2017-07-22 06:00:00,833.72
2017-07-22 06:30:00,807.12
2017-07-22 07:00:00,883.9
2017-07-22 07:30:00,938.08
2017-07-22 08:00:00,992.17
2017-07-22 08:30:00,991.96
2017-07-22 09:00:00,1048.86
2017-07-22 09:30:00,991.57
2017-07-22 10:00:00,984.64
2017-07-22 10:30:00,1007.35
2017-07-22 11:00:00,984.27
2017-07-22 11:30:00,960.52
2017-07-22 12:00:00,944.42
2017-07-22 12:30:00,979.49
2017-07-22 13:00:00,910.71
2017-07-22 13:30:00,903.48
2017-07-22 14:00:00,877.14
2017-07-22 14:30:00,896.48
2017-07-22 15:00:00,859.07
2017-07-22 15:30:00,824.13
2017-07-22 16:00:00,915.12
2017-07-22 16:30:00,963.74
2017-07-22 17:00:00,951.61
2017-07-22 17:30:00,917.82
2017-07-22 18:00:00,936.25
2017-07-22 18:30:00,925.48
2017-07-22 19:00:00,961.32
2017-07-22 19:30:00,997.1
2017-07-22 20:00:00,1046.09
2017-07-22 20:30:00,1075.32
2017-07-22 21:00:00,1069.58
2017-07-22 21:30:00,1090.06
2017-07-22 22:00:00,1150.47
2017-07-22 22:30:00,1113.86
2017-07-22 23:00:00,1110.46
2017-07-22 23:30:00,1109.37
2017-07-23 00:00:00,1065.72
2017-07-23 00:00:00,1065.72
2017-07-23 00:30:00,1034.19
2017-07-23 01:00:00,965.88
2017-07-23 01:30:00,936.99
2017-07-23 02:00:00,923.16
2017-07-23 02:30:00,901.94
2017-07-23 03:00:00,910.57
2017-07-23 03:30:00,885.71
2017-07-23 04:00:00,871.51
2017-07-23 04:30:00,867.32
2017-07-23 05:00:00,846.29
2017-07-23 05:30:00,858.99
2017-07-23 06:00:00,841.38
2017-07-23 06:30:00,818.62
2017-07-23 07:00:00,814.57
2017-07-23 07:30:00,874.55
2017-07-23 08:00:00,902.89
2017-07-23 08:30:00,946.92
2017-07-23 09:00:00,1026.01
2017-07-23 09:30:00,975.51
2017-07-23 10:00:00,999.07
2017-07-23 10:30:00,986.52
2017-07-23 11:00:00,958.73
2017-07-23 11:30:00,931.01
2017-07-23 12:00:00,919.4
2017-07-23 12:30:00,973.26
2017-07-23 13:00:00,979.37
2017-07-23 13:30:00,941.43
2017-07-23 14:00:00,860.49
2017-07-23 14:30:00,927.38
2017-07-23 15:00:00,870.55
2017-07-23 15:30:00,889.96
2017-07-23 16:00:00,951.82
2017-07-23 16:30:00,921.91
2017-07-23 17:00:00,944.66
2017-07-23 17:30:00,921.6
2017-07-23 18:00:00,884.78
2017-07-23 18:30:00,968.96
2017-07-23 19:00:00,996.91
2017-07-23 19:30:00,1073.5
2017-07-23 20:00:00,1124.37
2017-07-23 20:30:00,1133.28
2017-07-23 21:00:00,1129.4
2017-07-23 21:30:00,1164.73
2017-07-23 22:00:00,1183.8
2017-07-23 22:30:00,1144.78
2017-07-23 23:00:00,1111.33
2017-07-23 23:30:00,1077.04
2017-07-24 00:00:00,1068.9
2017-07-23 00:00:00,1065.72
2017-07-23 00:30:00,1034.19
2017-07-23 01:00:00,965.88
2017-07-23 01:30:00,936.99
2017-07-23 02:00:00,923.16
2017-07-23 02:30:00,901.94
2017-07-23 03:00:00,910.57
2017-07-23 03:30:00,885.71
2017-07-23 04:00:00,871.51
2017-07-23 04:30:00,867.32
2017-07-23 05:00:00,846.29
2017-07-23 05:30:00,858.99
2017-07-23 06:00:00,841.38
2017-07-23 06:30:00,818.62
2017-07-23 07:00:00,814.57
2017-07-23 07:30:00,874.55
2017-07-23 08:00:00,902.89
2017-07-23 08:30:00,946.92
2017-07-23 09:00:00,1026.01
2017-07-23 09:30:00,975.51
2017-07-23 10:00:00,999.07
2017-07-23 10:30:00,986.52
2017-07-23 11:00:00,958.73
2017-07-23 11:30:00,931.01
2017-07-23 12:00:00,919.4
2017-07-23 12:30:00,973.26
2017-07-23 13:00:00,979.37
2017-07-23 13:30:00,941.43
2017-07-23 14:00:00,860.49
2017-07-23 14:30:00,927.38
2017-07-23 15:00:00,870.55
2017-07-23 15:30:00,889.96
2017-07-23 16:00:00,951.82
2017-07-23 16:30:00,921.91
2017-07-23 17:00:00,944.66
2017-07-23 17:30:00,921.6
2017-07-23 18:00:00,884.78
2017-07-23 18:30:00,968.96
2017-07-23 19:00:00,996.91
2017-07-23 19:30:00,1073.5
2017-07-23 20:00:00,1124.37
2017-07-23 20:30:00,1133.28
2017-07-23 21:00:00,1129.4
2017-07-23 21:30:00,1164.73
2017-07-23 22:00:00,1183.8
2017-07-23 22:30:00,1144.78
2017-07-23 23:00:00,1111.33
2017-07-23 23:30:00,1077.04
2017-07-24 00:00:00,1068.9
2017-07-24 00:00:00,1068.9
2017-07-24 00:30:00,1001.03
2017-07-24 01:00:00,977.9
2017-07-24 01:30:00,936.26
2017-07-24 02:00:00,907.82
2017-07-24 02:30:00,899.78
2017-07-24 03:00:00,855.99
2017-07-24 03:30:00,857.58
2017-07-24 04:00:00,848.01
2017-07-24 04:30:00,834.41
2017-07-24 05:00:00,818.38
2017-07-24 05:30:00,872.22
2017-07-24 06:00:00,816.61
2017-07-24 06:30:00,795.41
2017-07-24 07:00:00,816.95
2017-07-24 07:30:00,845.23
2017-07-24 08:00:00,854.3
2017-07-24 08:30:00,870.89
2017-07-24 09:00:00,844.55
2017-07-24 09:30:00,794.57
2017-07-24 10:00:00,813.08
2017-07-24 10:30:00,749.12
2017-07-24 11:00:00,737.86
2017-07-24 11:30:00,773.45
2017-07-24 12:00:00,764.03
2017-07-24 12:30:00,787.62
2017-07-24 13:00:00,711.86
2017-07-24 13:30:00,640.63
2017-07-24 14:00:00,659.61
2017-07-24 14:30:00,701.6
2017-07-24 15:00:00,741.83
2017-07-24 15:30:00,698.74
2017-07-24 16:00:00,745.1
2017-07-24 16:30:00,785.2
2017-07-24 17:00:00,734.14
2017-07-24 17:30:00,756.19
2017-07-24 18:00:00,799.48
2017-07-24 18:30:00,865.78
2017-07-24 19:00:00,998.69
2017-07-24 19:30:00,1062.57
2017-07-24 20:00:00,1112.71
2017-07-24 20:30:00,1076.48
2017-07-24 21:00:00,1076.16
2017-07-24 21:30:00,1134.18
2017-07-24 22:00:00,1133.07
2017-07-24 22:30:00,1206.64
2017-07-24 23:00:00,1169.92
2017-07-24 23:30:00,1167.7
2017-07-25 00:00:00,1114.61
2017-07-26 00:00:00,1111.39
2017-07-26 00:30:00,1065.25
2017-07-26 01:00:00,1018.57
2017-07-26 01:30:00,994.92
2017-07-26 02:00:00,952.17
2017-07-26 02:30:00,929.75
2017-07-26 03:00:00,911.1
2017-07-26 03:30:00,907.28
2017-07-26 04:00:00,887.73
2017-07-26 04:30:00,885.25
2017-07-26 05:00:00,849.01
2017-07-26 05:30:00,897.92
2017-07-26 06:00:00,829.03
2017-07-26 06:30:00,833.51
2017-07-26 07:00:00,826.26
2017-07-26 07:30:00,821.42
2017-07-26 08:00:00,816.43
2017-07-26 08:30:00,807.9
2017-07-26 09:00:00,861.34
2017-07-26 09:30:00,816.56
2017-07-26 10:00:00,730.05
2017-07-26 10:30:00,805.13
2017-07-26 11:00:00,750.54
2017-07-26 11:30:00,787.84
2017-07-26 12:00:00,782.44
2017-07-26 12:30:00,811.58
2017-07-26 13:00:00,782.57
2017-07-26 13:30:00,771.49
2017-07-26 14:00:00,725.1
2017-07-26 14:30:00,715.68
2017-07-26 15:00:00,722.33
2017-07-26 15:30:00,711.52
2017-07-26 16:00:00,794.39
2017-07-26 16:30:00,804.06
2017-07-26 17:00:00,715.51
2017-07-26 17:30:00,713.69
2017-07-26 18:00:00,790.94
2017-07-26 18:30:00,867.55
2017-07-26 19:00:00,989.0
2017-07-26 19:30:00,1060.98
2017-07-26 20:00:00,1070.09
2017-07-26 20:30:00,1078.49
2017-07-26 21:00:00,1062.94
2017-07-26 21:30:00,1100.55
2017-07-26 22:00:00,1152.6
2017-07-26 22:30:00,1182.46
2017-07-26 23:00:00,1188.24
2017-07-26 23:30:00,1132.33
2017-07-27 00:00:00,1063.28
2017-07-27 00:00:00,1063.28
2017-07-27 00:30:00,1026.24
2017-07-27 01:00:00,975.62
2017-07-27 01:30:00,946.07
2017-07-27 02:00:00,895.68
2017-07-27 02:30:00,875.12
2017-07-27 03:00:00,853.72
2017-07-27 03:30:00,839.42
2017-07-27 04:00:00,850.66
2017-07-27 04:30:00,826.68
2017-07-27 05:00:00,813.2
2017-07-27 05:30:00,846.37
2017-07-27 06:00:00,796.07
2017-07-27 06:30:00,808.74
2017-07-27 07:00:00,812.9
2017-07-27 07:30:00,838.33
2017-07-27 08:00:00,821.49
2017-07-27 08:30:00,810.32
2017-07-27 09:00:00,853.68
2017-07-27 09:30:00,775.24
2017-07-27 10:00:00,724.31
2017-07-27 10:30:00,726.09
2017-07-27 11:00:00,725.11
2017-07-27 11:30:00,737.66
2017-07-27 12:00:00,749.49
2017-07-27 12:30:00,835.0
2017-07-27 13:00:00,777.78
2017-07-27 13:30:00,758.97
2017-07-27 14:00:00,698.58
2017-07-27 14:30:00,705.53
2017-07-27 15:00:00,724.0
2017-07-27 15:30:00,679.68
2017-07-27 16:00:00,756.97
2017-07-27 16:30:00,700.34
2017-07-27 17:00:00,672.35
2017-07-27 17:30:00,707.39
2017-07-27 18:00:00,692.29
2017-07-27 18:30:00,817.7
2017-07-27 19:00:00,947.72
2017-07-27 19:30:00,1000.43
2017-07-27 20:00:00,1053.51
2017-07-27 20:30:00,1009.45
2017-07-27 21:00:00,1001.21
2017-07-27 21:30:00,1002.18
2017-07-27 22:00:00,1043.93
2017-07-27 22:30:00,1153.57
2017-07-27 23:00:00,1195.18
2017-07-27 23:30:00,1127.89
2017-07-28 00:00:00,1065.21
2017-07-28 00:00:00,1065.21
2017-07-28 00:30:00,989.12
2017-07-28 01:00:00,961.93
2017-07-28 01:30:00,921.19
2017-07-28 02:00:00,903.49
2017-07-28 02:30:00,878.68
2017-07-28 03:00:00,856.26
2017-07-28 03:30:00,866.86
2017-07-28 04:00:00,832.92
2017-07-28 04:30:00,834.43
2017-07-28 05:00:00,801.89
2017-07-28 05:30:00,838.08
2017-07-28 06:00:00,789.19
2017-07-28 06:30:00,807.57
2017-07-28 07:00:00,815.02
2017-07-28 07:30:00,818.83
2017-07-28 08:00:00,754.79
2017-07-28 08:30:00,779.32
2017-07-28 09:00:00,823.56
2017-07-28 09:30:00,815.3
2017-07-28 10:00:00,751.66
2017-07-28 10:30:00,707.55
2017-07-28 11:00:00,700.54
2017-07-28 11:30:00,735.72
2017-07-28 12:00:00,773.29
2017-07-28 12:30:00,761.82
2017-07-28 13:00:00,701.53
2017-07-28 13:30:00,675.92
2017-07-28 14:00:00,716.71
2017-07-28 14:30:00,665.88
2017-07-28 15:00:00,
2017-07-28 15:30:00,101.88
2017-07-28 16:00:00,706.58
2017-07-28 16:30:00,686.73
2017-07-28 17:00:00,675.63
2017-07-28 17:30:00,687.88
2017-07-28 18:00:00,754.29
2017-07-28 18:30:00,872.26
2017-07-28 19:00:00,948.74
2017-07-28 19:30:00,1016.55
2017-07-28 20:00:00,1072.01
2017-07-28 20:30:00,1047.41
2017-07-28 21:00:00,1055.64
2017-07-28 21:30:00,1089.19
2017-07-28 22:00:00,1121.03
2017-07-28 22:30:00,1056.88
2017-07-28 23:00:00,1064.57
2017-07-28 23:30:00,1034.73
2017-07-29 00:00:00,1005.63
2017-07-29 00:00:00,1005.63
2017-07-29 00:30:00,936.67
2017-07-29 01:00:00,935.43
2017-07-29 01:30:00,902.65
2017-07-29 02:00:00,880.16
2017-07-29 02:30:00,850.72
2017-07-29 03:00:00,842.67
2017-07-29 03:30:00,854.61
2017-07-29 04:00:00,835.98
2017-07-29 04:30:00,809.89
2017-07-29 05:00:00,810.91
2017-07-29 05:30:00,807.95
2017-07-29 06:00:00,775.47
2017-07-29 06:30:00,747.46
2017-07-29 07:00:00,755.0
2017-07-29 07:30:00,838.38
2017-07-29 08:00:00,818.65
2017-07-29 08:30:00,859.02
2017-07-29 09:00:00,894.2
2017-07-29 09:30:00,891.86
2017-07-29 10:00:00,823.16
2017-07-29 10:30:00,776.53
2017-07-29 11:00:00,807.54
2017-07-29 11:30:00,840.73
2017-07-29 12:00:00,841.79
2017-07-29 12:30:00,915.37
2017-07-29 13:00:00,883.29
2017-07-29 13:30:00,794.48
2017-07-29 14:00:00,748.95
2017-07-29 14:30:00,778.72
2017-07-29 15:00:00,657.41
2017-07-29 15:30:00,715.77
2017-07-29 16:00:00,733.4
2017-07-29 16:30:00,777.9
2017-07-29 17:00:00,734.48
2017-07-29 17:30:00,767.17
2017-07-29 18:00:00,758.87
2017-07-29 18:30:00,871.72
2017-07-29 19:00:00,872.63
2017-07-29 19:30:00,919.28
2017-07-29 20:00:00,938.56
2017-07-29 20:30:00,948.79
2017-07-29 21:00:00,951.35
2017-07-29 21:30:00,987.97
2017-07-29 22:00:00,1021.98
2017-07-29 22:30:00,999.27
2017-07-29 23:00:00,971.54
2017-07-29 23:30:00,975.46
2017-07-30 00:00:00,951.01
2017-07-30 00:00:00,951.01
2017-07-30 00:30:00,928.12
2017-07-30 01:00:00,881.21
2017-07-30 01:30:00,834.29
2017-07-30 02:00:00,809.62
2017-07-30 02:30:00,752.55
2017-07-30 03:00:00,768.75
2017-07-30 03:30:00,738.54
2017-07-30 04:00:00,747.63
2017-07-30 04:30:00,724.66
2017-07-30 05:00:00,723.01
2017-07-30 05:30:00,755.27
2017-07-30 06:00:00,717.24
2017-07-30 06:30:00,721.26
2017-07-30 07:00:00,704.9
2017-07-30 07:30:00,745.03
2017-07-30 08:00:00,758.39
2017-07-30 08:30:00,760.24
2017-07-30 09:00:00,904.91
2017-07-30 09:30:00,840.98
2017-07-30 10:00:00,819.84
2017-07-30 10:30:00,773.88
2017-07-30 11:00:00,775.92
2017-07-30 11:30:00,811.93
2017-07-30 12:00:00,804.53
2017-07-30 12:30:00,888.26
2017-07-30 13:00:00,825.46
2017-07-30 13:30:00,811.24
2017-07-30 14:00:00,776.23
2017-07-30 14:30:00,806.95
2017-07-30 15:00:00,807.51
2017-07-30 15:30:00,741.07
2017-07-30 16:00:00,789.62
2017-07-30 16:30:00,786.05
2017-07-30 17:00:00,738.51
2017-07-30 17:30:00,729.94
2017-07-30 18:00:00,794.24
2017-07-30 18:30:00,802.88
2017-07-30 19:00:00,826.04
2017-07-30 19:30:00,903.57
2017-07-30 20:00:00,948.69
2017-07-30 20:30:00,967.79
2017-07-30 21:00:00,1016.75
2017-07-30 21:30:00,1019.39
2017-07-30 22:00:00,1019.89
2017-07-30 22:30:00,1030.97
2017-07-30 23:00:00,1038.2
2017-07-30 23:30:00,998.36
2017-07-31 00:00:00,938.29
2017-07-31 00:00:00,938.29
2017-07-31 00:30:00,889.27
2017-07-31 01:00:00,856.58
2017-07-31 01:30:00,845.81
2017-07-31 02:00:00,825.21
2017-07-31 02:30:00,777.26
2017-07-31 03:00:00,775.25
2017-07-31 03:30:00,753.01
2017-07-31 04:00:00,749.77
2017-07-31 04:30:00,736.01
2017-07-31 05:00:00,697.68
2017-07-31 05:30:00,738.47
2017-07-31 06:00:00,700.21
2017-07-31 06:30:00,708.08
2017-07-31 07:00:00,702.18
2017-07-31 07:30:00,744.31
2017-07-31 08:00:00,717.4
2017-07-31 08:30:00,727.59
2017-07-31 09:00:00,770.67
2017-07-31 09:30:00,722.5
2017-07-31 10:00:00,686.22
2017-07-31 10:30:00,658.69
2017-07-31 11:00:00,644.17
2017-07-31 11:30:00,685.73
2017-07-31 12:00:00,744.58
2017-07-31 12:30:00,809.12
2017-07-31 13:00:00,705.04
2017-07-31 13:30:00,711.2
2017-07-31 14:00:00,682.58
2017-07-31 14:30:00,661.61
2017-07-31 15:00:00,726.05
2017-07-31 15:30:00,699.99
2017-07-31 16:00:00,705.29
2017-07-31 16:30:00,685.93
2017-07-31 17:00:00,650.75
2017-07-31 17:30:00,624.66
2017-07-31 18:00:00,663.43
2017-07-31 18:30:00,777.57
2017-07-31 19:00:00,879.39
2017-07-31 19:30:00,917.55
2017-07-31 20:00:00,954.48
2017-07-31 20:30:00,943.2
2017-07-31 21:00:00,960.15
2017-07-31 21:30:00,980.12
2017-07-31 22:00:00,1022.93
2017-07-31 22:30:00,1102.88
2017-07-31 23:00:00,1121.4
2017-07-31 23:30:00,1043.05
2017-08-01 00:00:00,971.15
2017-08-01 00:00:00,971.15
2017-08-01 00:30:00,934.04
2017-08-01 01:00:00,864.78
2017-08-01 01:30:00,816.72
2017-08-01 02:00:00,804.61
2017-08-01 02:30:00,778.7
2017-08-01 03:00:00,790.64
2017-08-01 03:30:00,754.73
2017-08-01 04:00:00,729.76
2017-08-01 04:30:00,760.66
2017-08-01 05:00:00,676.79
2017-08-01 05:30:00,732.56
2017-08-01 06:00:00,703.47
2017-08-01 06:30:00,705.92
2017-08-01 07:00:00,740.58
2017-08-01 07:30:00,746.95
2017-08-01 08:00:00,737.19
2017-08-01 08:30:00,720.1
2017-08-01 09:00:00,794.06
2017-08-01 09:30:00,809.29
2017-08-01 10:00:00,762.4
2017-08-01 10:30:00,728.33
2017-08-01 11:00:00,718.74
2017-08-01 11:30:00,705.98
2017-08-01 12:00:00,747.91
2017-08-01 12:30:00,814.06
2017-08-01 13:00:00,744.88
2017-08-01 13:30:00,716.79
2017-08-01 14:00:00,697.76
2017-08-01 14:30:00,717.57
2017-08-01 15:00:00,729.45
2017-08-01 15:30:00,697.4
2017-08-01 16:00:00,696.43
2017-08-01 16:30:00,726.84
2017-08-01 17:00:00,684.83
2017-08-01 17:30:00,702.64
2017-08-01 18:00:00,724.05
2017-08-01 18:30:00,830.97
2017-08-01 19:00:00,895.22
2017-08-01 19:30:00,980.44
2017-08-01 20:00:00,981.24
2017-08-01 20:30:00,1059.36
2017-08-01 21:00:00,1041.1
2017-08-01 21:30:00,1068.89
2017-08-01 22:00:00,1042.57
2017-08-01 22:30:00,1168.24
2017-08-01 23:00:00,1131.69
2017-08-01 23:30:00,1094.84
2017-08-02 00:00:00,989.9
2017-08-02 00:00:00,989.9
2017-08-02 00:30:00,988.38
2017-08-02 01:00:00,900.28
2017-08-02 01:30:00,844.34
2017-08-02 02:00:00,838.25
2017-08-02 02:30:00,815.18
2017-08-02 03:00:00,778.34
2017-08-02 03:30:00,781.08
2017-08-02 04:00:00,752.17
2017-08-02 04:30:00,762.06
2017-08-02 05:00:00,744.95
2017-08-02 05:30:00,743.14
2017-08-02 06:00:00,707.69
2017-08-02 06:30:00,684.6
2017-08-02 07:00:00,694.63
2017-08-02 07:30:00,683.08
2017-08-02 08:00:00,665.44
2017-08-02 08:30:00,693.72
2017-08-02 09:00:00,783.11
2017-08-02 09:30:00,747.18
2017-08-02 10:00:00,695.53
2017-08-02 10:30:00,664.62
2017-08-02 11:00:00,670.39
2017-08-02 11:30:00,700.01
2017-08-02 12:00:00,720.09
2017-08-02 12:30:00,772.97
2017-08-02 13:00:00,707.04
2017-08-02 13:30:00,663.28
2017-08-02 14:00:00,605.25
2017-08-02 14:30:00,607.41
2017-08-02 15:00:00,641.42
2017-08-02 15:30:00,598.3
2017-08-02 16:00:00,689.75
2017-08-02 16:30:00,755.95
2017-08-02 17:00:00,668.12
2017-08-02 17:30:00,662.68
2017-08-02 18:00:00,703.74
2017-08-02 18:30:00,838.28
2017-08-02 19:00:00,928.19
2017-08-02 19:30:00,987.3
2017-08-02 20:00:00,991.05
2017-08-02 20:30:00,1034.21
2017-08-02 21:00:00,988.97
2017-08-02 21:30:00,1060.61
2017-08-02 22:00:00,1073.96
2017-08-02 22:30:00,1166.49
2017-08-02 23:00:00,1106.3
2017-08-02 23:30:00,1043.54
2017-08-03 00:00:00,993.26
2017-08-03 00:00:00,993.26
2017-08-03 00:30:00,942.03
2017-08-03 01:00:00,883.15
2017-08-03 01:30:00,840.58
2017-08-03 02:00:00,798.02
2017-08-03 02:30:00,805.67
2017-08-03 03:00:00,778.88
2017-08-03 03:30:00,777.61
2017-08-03 04:00:00,736.63
2017-08-03 04:30:00,721.82
2017-08-03 05:00:00,700.83
2017-08-03 05:30:00,744.74
2017-08-03 06:00:00,707.75
2017-08-03 06:30:00,649.76
2017-08-03 07:00:00,693.82
2017-08-03 07:30:00,677.33
2017-08-03 08:00:00,644.99
2017-08-03 08:30:00,719.08
2017-08-03 09:00:00,760.04
2017-08-03 09:30:00,710.74
2017-08-03 10:00:00,
2017-08-03 10:30:00,1.14
2017-08-03 11:00:00,1.38
2017-08-03 11:30:00,1.39
2017-08-03 12:00:00,1.27
2017-08-03 12:30:00,1.35
2017-08-03 13:00:00,1.39
2017-08-03 13:30:00,1.27
2017-08-03 14:00:00,1.18
2017-08-03 14:30:00,1.1
2017-08-03 15:00:00,1.03
2017-08-03 15:30:00,1.2
2017-08-03 16:00:00,1.5
2017-08-03 16:30:00,1.5
2017-08-03 17:00:00,678.78
2017-08-03 17:30:00,698.96
2017-08-03 18:00:00,756.79
2017-08-03 18:30:00,878.06
2017-08-03 19:00:00,952.92
2017-08-03 19:30:00,1000.84
2017-08-03 20:00:00,1071.81
2017-08-03 20:30:00,1032.82
2017-08-03 21:00:00,1027.64
2017-08-03 21:30:00,1122.38
2017-08-03 22:00:00,1139.81
2017-08-03 22:30:00,1238.95
2017-08-03 23:00:00,1198.72
2017-08-03 23:30:00,1152.24
2017-08-04 00:00:00,1075.56
2017-08-04 00:00:00,1075.56
2017-08-04 00:30:00,1004.09
2017-08-04 01:00:00,959.37
2017-08-04 01:30:00,910.46
2017-08-04 02:00:00,883.41
2017-08-04 02:30:00,845.24
2017-08-04 03:00:00,848.57
2017-08-04 03:30:00,809.38
2017-08-04 04:00:00,814.73
2017-08-04 04:30:00,797.88
2017-08-04 05:00:00,782.09
2017-08-04 05:30:00,780.48
2017-08-04 06:00:00,767.55
2017-08-04 06:30:00,792.54
2017-08-04 07:00:00,777.24
2017-08-04 07:30:00,783.93
2017-08-04 08:00:00,753.22
2017-08-04 08:30:00,778.69
2017-08-04 09:00:00,714.18
2017-08-04 09:30:00,711.04
2017-08-04 10:00:00,673.03
2017-08-04 10:30:00,689.39
2017-08-04 11:00:00,689.82
2017-08-04 11:30:00,693.31
2017-08-04 12:00:00,732.1
2017-08-04 12:30:00,839.85
2017-08-04 13:00:00,743.43
2017-08-04 13:30:00,719.05
2017-08-04 14:00:00,675.68
2017-08-04 14:30:00,695.64
2017-08-04 15:00:00,665.59
2017-08-04 15:30:00,679.06
2017-08-04 16:00:00,752.2
2017-08-04 16:30:00,727.3
2017-08-04 17:00:00,655.16
2017-08-04 17:30:00,654.97
2017-08-04 18:00:00,688.16
2017-08-04 18:30:00,775.96
2017-08-04 19:00:00,887.61
2017-08-04 19:30:00,935.41
2017-08-04 20:00:00,1007.43
2017-08-04 20:30:00,1035.89
2017-08-04 21:00:00,1047.92
2017-08-04 21:30:00,1084.9
2017-08-04 22:00:00,1119.48
2017-08-04 22:30:00,1137.33
2017-08-04 23:00:00,1116.79
2017-08-04 23:30:00,1075.04
2017-08-05 00:00:00,1019.88
2017-08-05 00:00:00,1019.88
2017-08-05 00:30:00,966.23
2017-08-05 01:00:00,907.69
2017-08-05 01:30:00,876.53
2017-08-05 02:00:00,853.54
2017-08-05 02:30:00,845.93
2017-08-05 03:00:00,831.23
2017-08-05 03:30:00,795.56
2017-08-05 04:00:00,801.06
2017-08-05 04:30:00,783.99
2017-08-05 05:00:00,769.55
2017-08-05 05:30:00,769.52
2017-08-05 06:00:00,733.24
2017-08-05 06:30:00,701.42
2017-08-05 07:00:00,698.64
2017-08-05 07:30:00,748.29
2017-08-05 08:00:00,747.69
2017-08-05 08:30:00,793.02
2017-08-05 09:00:00,818.68
2017-08-05 09:30:00,821.03
2017-08-05 10:00:00,765.79
2017-08-05 10:30:00,749.87
2017-08-05 11:00:00,757.35
2017-08-05 11:30:00,725.9
2017-08-05 12:00:00,781.87
2017-08-05 12:30:00,860.34
2017-08-05 13:00:00,828.13
2017-08-05 13:30:00,759.98
2017-08-05 14:00:00,707.14
2017-08-05 14:30:00,712.57
2017-08-05 15:00:00,691.56
2017-08-05 15:30:00,653.47
2017-08-05 16:00:00,748.15
2017-08-05 16:30:00,650.52
2017-08-05 17:00:00,648.36
2017-08-05 17:30:00,734.42
2017-08-05 18:00:00,784.56
2017-08-05 18:30:00,851.63
2017-08-05 19:00:00,907.92
2017-08-05 19:30:00,979.97
2017-08-05 20:00:00,982.76
2017-08-05 20:30:00,1002.62
2017-08-05 21:00:00,1017.4
2017-08-05 21:30:00,1032.53
2017-08-05 22:00:00,1079.34
2017-08-05 22:30:00,1055.11
2017-08-05 23:00:00,1040.4
2017-08-05 23:30:00,1049.89
2017-08-06 00:00:00,991.35
2017-08-06 00:00:00,991.35
2017-08-06 00:30:00,936.96
2017-08-06 01:00:00,924.45
2017-08-06 01:30:00,891.74
2017-08-06 02:00:00,846.05
2017-08-06 02:30:00,825.0
2017-08-06 03:00:00,800.96
2017-08-06 03:30:00,765.53
2017-08-06 04:00:00,759.34
2017-08-06 04:30:00,751.25
2017-08-06 05:00:00,732.74
2017-08-06 05:30:00,735.95
2017-08-06 06:00:00,741.43
2017-08-06 06:30:00,734.57
2017-08-06 07:00:00,715.94
2017-08-06 07:30:00,719.65
2017-08-06 08:00:00,798.43
2017-08-06 08:30:00,839.51
2017-08-06 09:00:00,894.38
2017-08-06 09:30:00,850.83
2017-08-06 10:00:00,842.53
2017-08-06 10:30:00,783.84
2017-08-06 11:00:00,838.36
2017-08-06 11:30:00,814.14
2017-08-06 12:00:00,881.44
2017-08-06 12:30:00,929.89
2017-08-06 13:00:00,906.03
2017-08-06 13:30:00,904.39
2017-08-06 14:00:00,854.41
2017-08-06 14:30:00,855.63
2017-08-06 15:00:00,814.04
2017-08-06 15:30:00,854.48
2017-08-06 16:00:00,904.68
2017-08-06 16:30:00,857.54
2017-08-06 17:00:00,831.62
2017-08-06 17:30:00,790.01
2017-08-06 18:00:00,835.73
2017-08-06 18:30:00,887.83
2017-08-06 19:00:00,916.05
2017-08-06 19:30:00,1023.86
2017-08-06 20:00:00,1022.6
2017-08-06 20:30:00,1102.17
2017-08-06 21:00:00,1110.72
2017-08-06 21:30:00,1205.62
2017-08-06 22:00:00,1191.67
2017-08-06 22:30:00,1162.74
2017-08-06 23:00:00,1140.16
2017-08-06 23:30:00,1088.87
2017-08-07 00:00:00,1039.6
2017-08-07 00:00:00,1039.6
2017-08-07 00:30:00,967.85
2017-08-07 01:00:00,915.01
2017-08-07 01:30:00,889.18
2017-08-07 02:00:00,843.01
2017-08-07 02:30:00,814.92
2017-08-07 03:00:00,814.59
2017-08-07 03:30:00,793.11
2017-08-07 04:00:00,769.58
2017-08-07 04:30:00,757.45
2017-08-07 05:00:00,751.46
2017-08-07 05:30:00,777.85
2017-08-07 06:00:00,758.64
2017-08-07 06:30:00,739.08
2017-08-07 07:00:00,794.97
2017-08-07 07:30:00,825.0
2017-08-07 08:00:00,732.18
2017-08-07 08:30:00,751.08
2017-08-07 09:00:00,795.6
2017-08-07 09:30:00,765.72
2017-08-07 10:00:00,745.06
2017-08-07 10:30:00,703.38
2017-08-07 11:00:00,629.82
2017-08-07 11:30:00,661.2
2017-08-07 12:00:00,729.96
2017-08-07 12:30:00,799.18
2017-08-07 13:00:00,764.55
2017-08-07 13:30:00,740.06
2017-08-07 14:00:00,695.05
2017-08-07 14:30:00,679.8
2017-08-07 15:00:00,687.33
2017-08-07 15:30:00,689.68
2017-08-07 16:00:00,772.31
2017-08-07 16:30:00,774.79
2017-08-07 17:00:00,709.73
2017-08-07 17:30:00,706.81
2017-08-07 18:00:00,721.49
2017-08-07 18:30:00,814.53
2017-08-07 19:00:00,934.04
2017-08-07 19:30:00,978.14
2017-08-07 20:00:00,1054.76
2017-08-07 20:30:00,1066.36
2017-08-07 21:00:00,961.99
2017-08-07 21:30:00,937.47
2017-08-07 22:00:00,1029.74
2017-08-07 22:30:00,1090.99
2017-08-07 23:00:00,1076.43
2017-08-07 23:30:00,1032.47
2017-08-08 00:00:00,916.38
2017-08-08 00:00:00,916.38
2017-08-08 00:30:00,859.18
2017-08-08 01:00:00,824.2
2017-08-08 01:30:00,799.87
2017-08-08 02:00:00,765.08
2017-08-08 02:30:00,732.33
2017-08-08 03:00:00,719.27
2017-08-08 03:30:00,739.74
2017-08-08 04:00:00,680.75
2017-08-08 04:30:00,682.73
2017-08-08 05:00:00,708.54
2017-08-08 05:30:00,719.04
2017-08-08 06:00:00,686.84
2017-08-08 06:30:00,690.39
2017-08-08 07:00:00,701.18
2017-08-08 07:30:00,713.8
2017-08-08 08:00:00,659.54
2017-08-08 08:30:00,667.01
2017-08-08 09:00:00,687.59
2017-08-08 09:30:00,674.56
2017-08-08 10:00:00,625.66
2017-08-08 10:30:00,611.78
2017-08-08 11:00:00,647.12
2017-08-08 11:30:00,675.08
2017-08-08 12:00:00,702.14
2017-08-08 12:30:00,737.17
2017-08-08 13:00:00,675.36
2017-08-08 13:30:00,623.23
2017-08-08 14:00:00,579.11
2017-08-08 14:30:00,599.56
2017-08-08 15:00:00,596.09
2017-08-08 15:30:00,572.03
2017-08-08 16:00:00,610.74
2017-08-08 16:30:00,608.03
2017-08-08 17:00:00,582.36
2017-08-08 17:30:00,613.21
2017-08-08 18:00:00,605.93
2017-08-08 18:30:00,704.4
2017-08-08 19:00:00,808.05
2017-08-08 19:30:00,852.21
2017-08-08 20:00:00,787.37
2017-08-08 20:30:00,835.25
2017-08-08 21:00:00,865.89
2017-08-08 21:30:00,915.28
2017-08-08 22:00:00,913.74
2017-08-08 22:30:00,997.82
2017-08-08 23:00:00,996.85
2017-08-08 23:30:00,926.78
2017-08-09 00:00:00,841.72
2017-08-09 00:00:00,841.72
2017-08-09 00:30:00,790.85
2017-08-09 01:00:00,706.57
2017-08-09 01:30:00,690.82
2017-08-09 02:00:00,652.42
2017-08-09 02:30:00,648.4
2017-08-09 03:00:00,643.77
2017-08-09 03:30:00,623.12
2017-08-09 04:00:00,571.89
2017-08-09 04:30:00,594.43
2017-08-09 05:00:00,578.75
2017-08-09 05:30:00,629.98
2017-08-09 06:00:00,592.45
2017-08-09 06:30:00,555.31
2017-08-09 07:00:00,546.68
2017-08-09 07:30:00,581.38
2017-08-09 08:00:00,582.62
2017-08-09 08:30:00,607.2
2017-08-09 09:00:00,649.05
2017-08-09 09:30:00,593.99
2017-08-09 10:00:00,558.36
2017-08-09 10:30:00,583.01
2017-08-09 11:00:00,561.07
2017-08-09 11:30:00,577.18
2017-08-09 12:00:00,648.07
2017-08-09 12:30:00,665.62
2017-08-09 13:00:00,607.84
2017-08-09 13:30:00,545.76
2017-08-09 14:00:00,540.36
2017-08-09 14:30:00,548.27
2017-08-09 15:00:00,555.52
2017-08-09 15:30:00,592.06
2017-08-09 16:00:00,628.82
2017-08-09 16:30:00,612.69
2017-08-09 17:00:00,552.1
2017-08-09 17:30:00,541.55
2017-08-09 18:00:00,576.26
2017-08-09 18:30:00,648.55
2017-08-09 19:00:00,805.14
2017-08-09 19:30:00,801.76
2017-08-09 20:00:00,826.38
2017-08-09 20:30:00,788.92
2017-08-09 21:00:00,842.54
2017-08-09 21:30:00,916.08
2017-08-09 22:00:00,953.13
2017-08-09 22:30:00,1074.06
2017-08-09 23:00:00,970.81
2017-08-09 23:30:00,923.62
2017-08-10 00:00:00,794.13
2017-08-10 00:00:00,794.13
2017-08-10 00:30:00,723.96
2017-08-10 01:00:00,639.4
2017-08-10 01:30:00,628.57
2017-08-10 02:00:00,592.36
2017-08-10 02:30:00,560.71
2017-08-10 03:00:00,566.67
2017-08-10 03:30:00,556.89
2017-08-10 04:00:00,568.05
2017-08-10 04:30:00,561.98
2017-08-10 05:00:00,528.94
2017-08-10 05:30:00,534.54
2017-08-10 06:00:00,504.17
2017-08-10 06:30:00,490.79
2017-08-10 07:00:00,501.33
2017-08-10 07:30:00,555.26
2017-08-10 08:00:00,565.82
2017-08-10 08:30:00,611.85
2017-08-10 09:00:00,682.72
2017-08-10 09:30:00,640.25
2017-08-10 10:00:00,619.58
2017-08-10 10:30:00,616.46
2017-08-10 11:00:00,590.02
2017-08-10 11:30:00,586.65
2017-08-10 12:00:00,650.87
2017-08-10 12:30:00,688.22
2017-08-10 13:00:00,632.17
2017-08-10 13:30:00,604.12
2017-08-10 14:00:00,586.51
2017-08-10 14:30:00,760.58
2017-08-10 15:00:00,740.83
2017-08-10 15:30:00,694.66
2017-08-10 16:00:00,720.45
2017-08-10 16:30:00,657.4
2017-08-10 17:00:00,586.52
2017-08-10 17:30:00,580.78
2017-08-10 18:00:00,620.42
2017-08-10 18:30:00,709.19
2017-08-10 19:00:00,790.56
2017-08-10 19:30:00,892.67
2017-08-10 20:00:00,916.95
2017-08-10 20:30:00,897.23
2017-08-10 21:00:00,924.34
2017-08-10 21:30:00,949.75
2017-08-10 22:00:00,996.35
2017-08-10 22:30:00,969.46
2017-08-10 23:00:00,1031.47
2017-08-10 23:30:00,1051.62
2017-08-11 00:00:00,925.65
2017-08-11 00:00:00,925.65
2017-08-11 00:30:00,838.57
2017-08-11 01:00:00,762.57
2017-08-11 01:30:00,728.53
2017-08-11 02:00:00,697.9
2017-08-11 02:30:00,664.27
2017-08-11 03:00:00,663.16
2017-08-11 03:30:00,648.55
2017-08-11 04:00:00,617.52
2017-08-11 04:30:00,599.58
2017-08-11 05:00:00,618.17
2017-08-11 05:30:00,610.01
2017-08-11 06:00:00,581.91
2017-08-11 06:30:00,575.53
2017-08-11 07:00:00,621.36
2017-08-11 07:30:00,633.72
2017-08-11 08:00:00,654.95
2017-08-11 08:30:00,686.48
2017-08-11 09:00:00,799.84
2017-08-11 09:30:00,698.65
2017-08-11 10:00:00,642.65
2017-08-11 10:30:00,653.32
2017-08-11 11:00:00,647.9
2017-08-11 11:30:00,729.0
2017-08-11 12:00:00,715.91
2017-08-11 12:30:00,758.1
2017-08-11 13:00:00,716.12
2017-08-11 13:30:00,672.33
2017-08-11 14:00:00,676.56
2017-08-11 14:30:00,667.78
2017-08-11 15:00:00,669.36
2017-08-11 15:30:00,671.24
2017-08-11 16:00:00,687.48
2017-08-11 16:30:00,676.98
2017-08-11 17:00:00,646.05
2017-08-11 17:30:00,660.6
2017-08-11 18:00:00,716.64
2017-08-11 18:30:00,825.81
2017-08-11 19:00:00,916.68
2017-08-11 19:30:00,932.11
2017-08-11 20:00:00,949.4
2017-08-11 20:30:00,1000.28
2017-08-11 21:00:00,1068.15
2017-08-11 21:30:00,1112.98
2017-08-11 22:00:00,1062.03
2017-08-11 22:30:00,1081.0
2017-08-11 23:00:00,1106.34
2017-08-11 23:30:00,1069.26
2017-08-12 00:00:00,941.35
2017-08-12 00:00:00,941.35
2017-08-12 00:30:00,899.88
2017-08-12 01:00:00,866.63
2017-08-12 01:30:00,787.04
2017-08-12 02:00:00,795.2
2017-08-12 02:30:00,740.36
2017-08-12 03:00:00,726.5
2017-08-12 03:30:00,733.2
2017-08-12 04:00:00,677.88
2017-08-12 04:30:00,696.94
2017-08-12 05:00:00,691.87
2017-08-12 05:30:00,674.52
2017-08-12 06:00:00,674.16
2017-08-12 06:30:00,629.78
2017-08-12 07:00:00,650.69
2017-08-12 07:30:00,712.81
2017-08-12 08:00:00,700.9
2017-08-12 08:30:00,731.87
2017-08-12 09:00:00,700.03
2017-08-12 09:30:00,714.52
2017-08-12 10:00:00,700.5
2017-08-12 10:30:00,645.73
2017-08-12 11:00:00,647.25
2017-08-12 11:30:00,604.99
2017-08-12 12:00:00,629.51
2017-08-12 12:30:00,651.59
2017-08-12 13:00:00,623.56
2017-08-12 13:30:00,596.21
2017-08-12 14:00:00,550.46
2017-08-12 14:30:00,584.44
2017-08-12 15:00:00,
2017-08-12 15:30:00,558.93
2017-08-12 16:00:00,636.05
2017-08-12 16:30:00,577.6
2017-08-12 17:00:00,578.82
2017-08-12 17:30:00,602.37
2017-08-12 18:00:00,625.87
2017-08-12 18:30:00,681.17
2017-08-12 19:00:00,784.67
2017-08-12 19:30:00,815.11
2017-08-12 20:00:00,832.23
2017-08-12 20:30:00,867.58
2017-08-12 21:00:00,909.06
2017-08-12 21:30:00,907.04
2017-08-12 22:00:00,926.9
2017-08-12 22:30:00,854.26
2017-08-12 23:00:00,874.7
2017-08-12 23:30:00,854.61
2017-08-13 00:00:00,773.13
2017-08-13 00:00:00,773.13
2017-08-13 00:30:00,732.17
2017-08-13 01:00:00,680.62
2017-08-13 01:30:00,654.15
2017-08-13 02:00:00,618.29
2017-08-13 02:30:00,592.25
2017-08-13 03:00:00,579.68
2017-08-13 03:30:00,566.8
2017-08-13 04:00:00,564.18
2017-08-13 04:30:00,536.94
2017-08-13 05:00:00,551.55
2017-08-13 05:30:00,538.69
2017-08-13 06:00:00,539.48
2017-08-13 06:30:00,522.39
2017-08-13 07:00:00,575.46
2017-08-13 07:30:00,597.21
2017-08-13 08:00:00,579.28
2017-08-13 08:30:00,657.79
2017-08-13 09:00:00,754.6
2017-08-13 09:30:00,716.3
2017-08-13 10:00:00,643.85
2017-08-13 10:30:00,661.94
2017-08-13 11:00:00,635.93
2017-08-13 11:30:00,671.46
2017-08-13 12:00:00,725.28
2017-08-13 12:30:00,846.68
2017-08-13 13:00:00,758.58
2017-08-13 13:30:00,751.02
2017-08-13 14:00:00,717.98
2017-08-13 14:30:00,753.79
2017-08-13 15:00:00,672.91
2017-08-13 15:30:00,646.82
2017-08-13 16:00:00,715.65
2017-08-13 16:30:00,704.54
2017-08-13 17:00:00,660.8
2017-08-13 17:30:00,663.09
2017-08-13 18:00:00,654.9
2017-08-13 18:30:00,752.43
2017-08-13 19:00:00,841.41
2017-08-13 19:30:00,916.08
2017-08-13 20:00:00,929.17
2017-08-13 20:30:00,904.12
2017-08-13 21:00:00,952.51
2017-08-13 21:30:00,994.17
2017-08-13 22:00:00,941.18
2017-08-13 22:30:00,902.44
2017-08-13 23:00:00,923.62
2017-08-13 23:30:00,861.3
2017-08-14 00:00:00,783.27
2017-08-14 00:00:00,783.27
2017-08-14 00:30:00,740.59
2017-08-14 01:00:00,690.86
2017-08-14 01:30:00,627.94
2017-08-14 02:00:00,578.0
2017-08-14 02:30:00,568.97
2017-08-14 03:00:00,567.35
2017-08-14 03:30:00,537.63
2017-08-14 04:00:00,529.65
2017-08-14 04:30:00,542.75
2017-08-14 05:00:00,525.84
2017-08-14 05:30:00,551.4
2017-08-14 06:00:00,542.57
2017-08-14 06:30:00,521.73
2017-08-14 07:00:00,554.88
2017-08-14 07:30:00,505.24
2017-08-14 08:00:00,564.61
2017-08-14 08:30:00,617.76
2017-08-14 09:00:00,674.57
2017-08-14 09:30:00,620.5
2017-08-14 10:00:00,544.74
2017-08-14 10:30:00,530.6
2017-08-14 11:00:00,575.33
2017-08-14 11:30:00,582.88
2017-08-14 12:00:00,616.59
2017-08-14 12:30:00,644.39
2017-08-14 13:00:00,637.55
2017-08-14 13:30:00,554.7
2017-08-14 14:00:00,581.41
2017-08-14 14:30:00,596.95
2017-08-14 15:00:00,639.37
2017-08-14 15:30:00,571.35
2017-08-14 16:00:00,625.87
2017-08-14 16:30:00,597.97
2017-08-14 17:00:00,565.48
2017-08-14 17:30:00,563.9
2017-08-14 18:00:00,586.27
2017-08-14 18:30:00,651.04
2017-08-14 19:00:00,803.78
2017-08-14 19:30:00,833.71
2017-08-14 20:00:00,830.05
2017-08-14 20:30:00,887.11
2017-08-14 21:00:00,888.76
2017-08-14 21:30:00,918.84
2017-08-14 22:00:00,911.73
2017-08-14 22:30:00,970.2
2017-08-14 23:00:00,1058.02
2017-08-14 23:30:00,964.64
2017-08-15 00:00:00,874.24
2017-08-15 00:00:00,874.24
2017-08-15 00:30:00,781.78
2017-08-15 01:00:00,727.38
2017-08-15 01:30:00,670.4
2017-08-15 02:00:00,640.38
2017-08-15 02:30:00,617.71
2017-08-15 03:00:00,567.1
2017-08-15 03:30:00,588.21
2017-08-15 04:00:00,577.11
2017-08-15 04:30:00,569.85
2017-08-15 05:00:00,574.81
2017-08-15 05:30:00,551.1
2017-08-15 06:00:00,539.63
2017-08-15 06:30:00,514.6
2017-08-15 07:00:00,521.95
2017-08-15 07:30:00,570.3
2017-08-15 08:00:00,557.34
2017-08-15 08:30:00,612.3
2017-08-15 09:00:00,655.64
2017-08-15 09:30:00,633.37
2017-08-15 10:00:00,608.1
2017-08-15 10:30:00,582.34
2017-08-15 11:00:00,606.54
2017-08-15 11:30:00,628.64
2017-08-15 12:00:00,636.05
2017-08-15 12:30:00,691.45
2017-08-15 13:00:00,652.05
2017-08-15 13:30:00,611.57
2017-08-15 14:00:00,620.16
2017-08-15 14:30:00,606.36
2017-08-15 15:00:00,612.88
2017-08-15 15:30:00,572.89
2017-08-15 16:00:00,609.82
2017-08-15 16:30:00,621.83
2017-08-15 17:00:00,562.72
2017-08-15 17:30:00,544.69
2017-08-15 18:00:00,567.06
2017-08-15 18:30:00,661.1
2017-08-15 19:00:00,758.61
2017-08-15 19:30:00,808.26
2017-08-15 20:00:00,863.38
2017-08-15 20:30:00,850.92
2017-08-15 21:00:00,849.45
2017-08-15 21:30:00,888.82
2017-08-15 22:00:00,974.53
2017-08-15 22:30:00,986.29
2017-08-15 23:00:00,1044.14
2017-08-15 23:30:00,1022.54
2017-08-16 00:00:00,928.49
2017-08-16 00:00:00,928.49
2017-08-16 00:30:00,799.13
2017-08-16 01:00:00,766.6
2017-08-16 01:30:00,697.98
2017-08-16 02:00:00,648.53
2017-08-16 02:30:00,650.86
2017-08-16 03:00:00,620.1
2017-08-16 03:30:00,621.08
2017-08-16 04:00:00,611.65
2017-08-16 04:30:00,593.88
2017-08-16 05:00:00,550.82
2017-08-16 05:30:00,592.18
2017-08-16 06:00:00,579.98
2017-08-16 06:30:00,509.24
2017-08-16 07:00:00,508.44
2017-08-16 07:30:00,559.65
2017-08-16 08:00:00,599.18
2017-08-16 08:30:00,600.18
2017-08-16 09:00:00,645.07
2017-08-16 09:30:00,626.35
2017-08-16 10:00:00,660.23
2017-08-16 10:30:00,636.19
2017-08-16 11:00:00,608.07
2017-08-16 11:30:00,593.21
2017-08-16 12:00:00,639.16
2017-08-16 12:30:00,682.52
2017-08-16 13:00:00,690.1
2017-08-16 13:30:00,626.17
2017-08-16 14:00:00,584.01
2017-08-16 14:30:00,604.44
2017-08-16 15:00:00,591.77
2017-08-16 15:30:00,564.97
2017-08-16 16:00:00,625.13
2017-08-16 16:30:00,610.49
2017-08-16 17:00:00,559.45
2017-08-16 17:30:00,530.56
2017-08-16 18:00:00,565.98
2017-08-16 18:30:00,642.02
2017-08-16 19:00:00,739.84
2017-08-16 19:30:00,795.55
2017-08-16 20:00:00,834.38
2017-08-16 20:30:00,831.72
2017-08-16 21:00:00,856.41
2017-08-16 21:30:00,882.09
2017-08-16 22:00:00,929.35
2017-08-16 22:30:00,941.32
2017-08-16 23:00:00,981.69
2017-08-16 23:30:00,946.93
2017-08-17 00:00:00,843.59
2017-08-17 00:00:00,843.59
2017-08-17 00:30:00,751.8
2017-08-17 01:00:00,692.51
2017-08-17 01:30:00,630.89
2017-08-17 02:00:00,594.72
2017-08-17 02:30:00,547.64
2017-08-17 03:00:00,578.03
2017-08-17 03:30:00,567.45
2017-08-17 04:00:00,535.47
2017-08-17 04:30:00,525.81
2017-08-17 05:00:00,513.85
2017-08-17 05:30:00,511.43
2017-08-17 06:00:00,522.56
2017-08-17 06:30:00,461.81
2017-08-17 07:00:00,504.28
2017-08-17 07:30:00,556.42
2017-08-17 08:00:00,522.24
2017-08-17 08:30:00,592.54
2017-08-17 09:00:00,669.93
2017-08-17 09:30:00,723.77
2017-08-17 10:00:00,703.77
2017-08-17 10:30:00,636.22
2017-08-17 11:00:00,658.34
2017-08-17 11:30:00,683.38
2017-08-17 12:00:00,697.27
2017-08-17 12:30:00,718.49
2017-08-17 13:00:00,657.34
2017-08-17 13:30:00,669.34
2017-08-17 14:00:00,599.06
2017-08-17 14:30:00,602.98
2017-08-17 15:00:00,611.8
2017-08-17 15:30:00,612.21
2017-08-17 16:00:00,625.62
2017-08-17 16:30:00,572.11
2017-08-17 17:00:00,580.61
2017-08-17 17:30:00,538.88
2017-08-17 18:00:00,621.02
2017-08-17 18:30:00,689.88
2017-08-17 19:00:00,826.45
2017-08-17 19:30:00,846.66
2017-08-17 20:00:00,888.32
2017-08-17 20:30:00,781.22
2017-08-17 21:00:00,810.55
2017-08-17 21:30:00,871.78
2017-08-17 22:00:00,845.79
2017-08-17 22:30:00,868.53
2017-08-17 23:00:00,939.68
2017-08-17 23:30:00,883.53
2017-08-18 00:00:00,792.52
2017-08-18 00:00:00,792.52
2017-08-18 00:30:00,721.44
2017-08-18 01:00:00,682.24
2017-08-18 01:30:00,624.66
2017-08-18 02:00:00,590.13
2017-08-18 02:30:00,575.53
2017-08-18 03:00:00,578.7
2017-08-18 03:30:00,549.87
2017-08-18 04:00:00,509.44
2017-08-18 04:30:00,510.68
2017-08-18 05:00:00,491.84
2017-08-18 05:30:00,506.04
2017-08-18 06:00:00,488.73
2017-08-18 06:30:00,483.02
2017-08-18 07:00:00,519.33
2017-08-18 07:30:00,510.74
2017-08-18 08:00:00,549.19
2017-08-18 08:30:00,608.83
2017-08-18 09:00:00,592.45
2017-08-18 09:30:00,670.36
2017-08-18 10:00:00,665.08
2017-08-18 10:30:00,623.93
2017-08-18 11:00:00,610.58
2017-08-18 11:30:00,613.6
2017-08-18 12:00:00,647.93
2017-08-18 12:30:00,714.79
2017-08-18 13:00:00,656.45
2017-08-18 13:30:00,606.11
2017-08-18 14:00:00,592.2
2017-08-18 14:30:00,617.75
2017-08-18 15:00:00,582.28
2017-08-18 15:30:00,599.48
2017-08-18 16:00:00,651.31
2017-08-18 16:30:00,657.95
2017-08-18 17:00:00,596.26
2017-08-18 17:30:00,595.67
2017-08-18 18:00:00,646.42
2017-08-18 18:30:00,732.16
2017-08-18 19:00:00,802.43
2017-08-18 19:30:00,843.74
2017-08-18 20:00:00,909.38
2017-08-18 20:30:00,890.96
2017-08-18 21:00:00,910.66
2017-08-18 21:30:00,952.51
2017-08-18 22:00:00,970.13
2017-08-18 22:30:00,1038.96
2017-08-18 23:00:00,965.5
2017-08-18 23:30:00,927.44
2017-08-19 00:00:00,861.93
2017-08-19 00:00:00,861.93
2017-08-19 00:30:00,822.93
2017-08-19 01:00:00,763.29
2017-08-19 01:30:00,700.7
2017-08-19 02:00:00,663.6
2017-08-19 02:30:00,639.98
2017-08-19 03:00:00,617.78
2017-08-19 03:30:00,628.39
2017-08-19 04:00:00,574.93
2017-08-19 04:30:00,599.28
2017-08-19 05:00:00,558.97
2017-08-19 05:30:00,559.04
2017-08-19 06:00:00,547.86
2017-08-19 06:30:00,520.05
2017-08-19 07:00:00,589.34
2017-08-19 07:30:00,580.09
2017-08-19 08:00:00,661.2
2017-08-19 08:30:00,697.66
2017-08-19 09:00:00,775.06
2017-08-19 09:30:00,765.46
2017-08-19 10:00:00,788.65
2017-08-19 10:30:00,744.06
2017-08-19 11:00:00,735.4
2017-08-19 11:30:00,709.29
2017-08-19 12:00:00,718.75
2017-08-19 12:30:00,719.04
2017-08-19 13:00:00,722.66
2017-08-19 13:30:00,733.49
2017-08-19 14:00:00,720.72
2017-08-19 14:30:00,672.45
2017-08-19 15:00:00,693.3
2017-08-19 15:30:00,598.02
2017-08-19 16:00:00,704.19
2017-08-19 16:30:00,752.32
2017-08-19 17:00:00,721.82
2017-08-19 17:30:00,747.37
2017-08-19 18:00:00,770.95
2017-08-19 18:30:00,803.02
2017-08-19 19:00:00,872.2
2017-08-19 19:30:00,866.19
2017-08-19 20:00:00,899.91
2017-08-19 20:30:00,891.7
2017-08-19 21:00:00,936.78
2017-08-19 21:30:00,985.91
2017-08-19 22:00:00,963.5
2017-08-19 22:30:00,897.07
2017-08-19 23:00:00,834.94
2017-08-19 23:30:00,841.32
2017-08-20 00:00:00,787.05
2017-08-20 00:00:00,787.05
2017-08-20 00:30:00,772.39
2017-08-20 01:00:00,713.99
2017-08-20 01:30:00,668.83
2017-08-20 02:00:00,613.84
2017-08-20 02:30:00,588.14
2017-08-20 03:00:00,560.98
2017-08-20 03:30:00,588.15
2017-08-20 04:00:00,556.26
2017-08-20 04:30:00,533.3
2017-08-20 05:00:00,516.49
2017-08-20 05:30:00,524.06
2017-08-20 06:00:00,526.21
2017-08-20 06:30:00,498.87
2017-08-20 07:00:00,496.02
2017-08-20 07:30:00,528.11
2017-08-20 08:00:00,543.16
2017-08-20 08:30:00,599.24
2017-08-20 09:00:00,660.02
2017-08-20 09:30:00,636.1
2017-08-20 10:00:00,667.12
2017-08-20 10:30:00,607.71
2017-08-20 11:00:00,626.47
2017-08-20 11:30:00,611.55
2017-08-20 12:00:00,635.62
2017-08-20 12:30:00,712.08
2017-08-20 13:00:00,677.36
2017-08-20 13:30:00,654.93
2017-08-20 14:00:00,646.5
2017-08-20 14:30:00,647.78
2017-08-20 15:00:00,635.65
2017-08-20 15:30:00,647.82
2017-08-20 16:00:00,707.29
2017-08-20 16:30:00,684.14
2017-08-20 17:00:00,635.16
2017-08-20 17:30:00,618.84
2017-08-20 18:00:00,655.23
2017-08-20 18:30:00,696.67
2017-08-20 19:00:00,769.94
2017-08-20 19:30:00,827.55
2017-08-20 20:00:00,822.45
2017-08-20 20:30:00,843.92
2017-08-20 21:00:00,904.61
2017-08-20 21:30:00,915.38
2017-08-20 22:00:00,920.2
2017-08-20 22:30:00,921.62
2017-08-20 23:00:00,905.13
2017-08-20 23:30:00,899.77
2017-08-21 00:00:00,809.51
2017-08-21 00:00:00,809.51
2017-08-21 00:30:00,706.73
2017-08-21 01:00:00,698.07
2017-08-21 01:30:00,623.21
2017-08-21 02:00:00,604.63
2017-08-21 02:30:00,565.45
2017-08-21 03:00:00,556.06
2017-08-21 03:30:00,574.22
2017-08-21 04:00:00,531.2
2017-08-21 04:30:00,536.34
2017-08-21 05:00:00,533.14
2017-08-21 05:30:00,561.11
2017-08-21 06:00:00,529.57
2017-08-21 06:30:00,470.91
2017-08-21 07:00:00,559.42
2017-08-21 07:30:00,588.51
2017-08-21 08:00:00,540.06
2017-08-21 08:30:00,632.9
2017-08-21 09:00:00,688.91
2017-08-21 09:30:00,684.1
2017-08-21 10:00:00,688.73
2017-08-21 10:30:00,632.07
2017-08-21 11:00:00,665.71
2017-08-21 11:30:00,647.18
2017-08-21 12:00:00,681.15
2017-08-21 12:30:00,706.72
2017-08-21 13:00:00,668.82
2017-08-21 13:30:00,663.99
2017-08-21 14:00:00,677.22
2017-08-21 14:30:00,665.39
2017-08-21 15:00:00,605.91
2017-08-21 15:30:00,630.69
2017-08-21 16:00:00,719.08
2017-08-21 16:30:00,650.65
2017-08-21 17:00:00,572.42
2017-08-21 17:30:00,550.3
2017-08-21 18:00:00,619.2
2017-08-21 18:30:00,667.77
2017-08-21 19:00:00,759.73
2017-08-21 19:30:00,818.89
2017-08-21 20:00:00,855.04
2017-08-21 20:30:00,856.32
2017-08-21 21:00:00,873.83
2017-08-21 21:30:00,894.17
2017-08-21 22:00:00,953.76
2017-08-21 22:30:00,978.13
2017-08-21 23:00:00,1017.08
2017-08-21 23:30:00,968.48
2017-08-22 00:00:00,868.31
2017-08-22 00:00:00,868.31
2017-08-22 00:30:00,772.88
2017-08-22 01:00:00,718.23
2017-08-22 01:30:00,665.54
2017-08-22 02:00:00,626.41
2017-08-22 02:30:00,638.14
2017-08-22 03:00:00,595.02
2017-08-22 03:30:00,597.14
2017-08-22 04:00:00,552.01
2017-08-22 04:30:00,554.99
2017-08-22 05:00:00,565.06
2017-08-22 05:30:00,569.9
2017-08-22 06:00:00,565.91
2017-08-22 06:30:00,561.87
2017-08-22 07:00:00,574.05
2017-08-22 07:30:00,662.43
2017-08-22 08:00:00,634.71
2017-08-22 08:30:00,783.24
2017-08-22 09:00:00,849.12
2017-08-22 09:30:00,849.67
2017-08-22 10:00:00,732.81
2017-08-22 10:30:00,764.87
2017-08-22 11:00:00,741.02
2017-08-22 11:30:00,717.37
2017-08-22 12:00:00,763.37
2017-08-22 12:30:00,807.3
2017-08-22 13:00:00,780.03
2017-08-22 13:30:00,789.07
2017-08-22 14:00:00,794.17
2017-08-22 14:30:00,764.32
2017-08-22 15:00:00,771.04
2017-08-22 15:30:00,727.16
2017-08-22 16:00:00,805.66
2017-08-22 16:30:00,712.81
2017-08-22 17:00:00,748.08
2017-08-22 17:30:00,677.38
2017-08-22 18:00:00,696.72
2017-08-22 18:30:00,776.21
2017-08-22 19:00:00,908.67
2017-08-22 19:30:00,937.27
2017-08-22 20:00:00,972.24
2017-08-22 20:30:00,1050.14
2017-08-22 21:00:00,1007.83
2017-08-22 21:30:00,1068.34
2017-08-22 22:00:00,1089.85
2017-08-22 22:30:00,1101.02
2017-08-22 23:00:00,1151.12
2017-08-22 23:30:00,1085.52
2017-08-23 00:00:00,974.57
2017-08-23 00:00:00,974.57
2017-08-23 00:30:00,907.59
2017-08-23 01:00:00,865.7
2017-08-23 01:30:00,810.73
2017-08-23 02:00:00,763.93
2017-08-23 02:30:00,706.54
2017-08-23 03:00:00,704.81
2017-08-23 03:30:00,683.53
2017-08-23 04:00:00,689.7
2017-08-23 04:30:00,668.89
2017-08-23 05:00:00,647.49
2017-08-23 05:30:00,668.84
2017-08-23 06:00:00,631.15
2017-08-23 06:30:00,633.88
2017-08-23 07:00:00,664.75
2017-08-23 07:30:00,704.57
2017-08-23 08:00:00,696.34
2017-08-23 08:30:00,749.89
2017-08-23 09:00:00,731.93
2017-08-23 09:30:00,779.08
2017-08-23 10:00:00,718.88
2017-08-23 10:30:00,703.79
2017-08-23 11:00:00,712.67
2017-08-23 11:30:00,742.89
2017-08-23 12:00:00,766.44
2017-08-23 12:30:00,807.95
2017-08-23 13:00:00,766.44
2017-08-23 13:30:00,742.49
2017-08-23 14:00:00,764.59
2017-08-23 14:30:00,760.21
2017-08-23 15:00:00,722.11
2017-08-23 15:30:00,737.14
2017-08-23 16:00:00,802.86
2017-08-23 16:30:00,741.36
2017-08-23 17:00:00,669.51
2017-08-23 17:30:00,626.7
2017-08-23 18:00:00,652.58
2017-08-23 18:30:00,709.6
2017-08-23 19:00:00,832.33
2017-08-23 19:30:00,915.73
2017-08-23 20:00:00,935.14
2017-08-23 20:30:00,953.39
2017-08-23 21:00:00,966.43
2017-08-23 21:30:00,1012.6
2017-08-23 22:00:00,986.48
2017-08-23 22:30:00,1061.31
2017-08-23 23:00:00,1091.77
2017-08-23 23:30:00,1053.76
2017-08-24 00:00:00,978.35
2017-08-24 00:00:00,978.35
2017-08-24 00:30:00,890.33
2017-08-24 01:00:00,841.0
2017-08-24 01:30:00,778.81
2017-08-24 02:00:00,743.63
2017-08-24 02:30:00,702.8
2017-08-24 03:00:00,689.62
2017-08-24 03:30:00,686.24
2017-08-24 04:00:00,664.02
2017-08-24 04:30:00,631.6
2017-08-24 05:00:00,662.3
2017-08-24 05:30:00,630.83
2017-08-24 06:00:00,607.63
2017-08-24 06:30:00,637.85
2017-08-24 07:00:00,659.35
2017-08-24 07:30:00,668.25
2017-08-24 08:00:00,641.79
2017-08-24 08:30:00,678.06
2017-08-24 09:00:00,746.93
2017-08-24 09:30:00,762.35
2017-08-24 10:00:00,723.28
2017-08-24 10:30:00,666.14
2017-08-24 11:00:00,675.44
2017-08-24 11:30:00,663.59
2017-08-24 12:00:00,699.89
2017-08-24 12:30:00,742.46
2017-08-24 13:00:00,716.01
2017-08-24 13:30:00,683.3
2017-08-24 14:00:00,678.27
2017-08-24 14:30:00,675.94
2017-08-24 15:00:00,694.08
2017-08-24 15:30:00,660.14
2017-08-24 16:00:00,742.45
2017-08-24 16:30:00,714.24
2017-08-24 17:00:00,683.81
2017-08-24 17:30:00,649.56
2017-08-24 18:00:00,663.15
2017-08-24 18:30:00,770.15
2017-08-24 19:00:00,835.04
2017-08-24 19:30:00,895.28
2017-08-24 20:00:00,950.16
2017-08-24 20:30:00,1004.91
2017-08-24 21:00:00,1025.6
2017-08-24 21:30:00,1052.61
2017-08-24 22:00:00,1111.74
2017-08-24 22:30:00,1098.49
2017-08-24 23:00:00,1134.78
2017-08-24 23:30:00,1068.7
2017-08-25 00:00:00,1017.75
2017-08-25 00:00:00,1017.75
2017-08-25 00:30:00,934.95
2017-08-25 01:00:00,877.31
2017-08-25 01:30:00,808.74
2017-08-25 02:00:00,780.01
2017-08-25 02:30:00,763.01
2017-08-25 03:00:00,771.14
2017-08-25 03:30:00,735.54
2017-08-25 04:00:00,713.88
2017-08-25 04:30:00,722.82
2017-08-25 05:00:00,712.82
2017-08-25 05:30:00,696.63
2017-08-25 06:00:00,687.06
2017-08-25 06:30:00,663.82
2017-08-25 07:00:00,700.97
2017-08-25 07:30:00,683.09
2017-08-25 08:00:00,714.83
2017-08-25 08:30:00,758.5
2017-08-25 09:00:00,799.45
2017-08-25 09:30:00,839.88
2017-08-25 10:00:00,789.49
2017-08-25 10:30:00,711.44
2017-08-25 11:00:00,711.16
2017-08-25 11:30:00,716.15
2017-08-25 12:00:00,724.59
2017-08-25 12:30:00,812.21
2017-08-25 13:00:00,728.81
2017-08-25 13:30:00,687.74
2017-08-25 14:00:00,702.58
2017-08-25 14:30:00,695.2
2017-08-25 15:00:00,665.05
2017-08-25 15:30:00,637.63
2017-08-25 16:00:00,694.85
2017-08-25 16:30:00,652.4
2017-08-25 17:00:00,594.14
2017-08-25 17:30:00,628.24
2017-08-25 18:00:00,668.0
2017-08-25 18:30:00,781.53
2017-08-25 19:00:00,876.07
2017-08-25 19:30:00,922.87
2017-08-25 20:00:00,957.44
2017-08-25 20:30:00,961.14
2017-08-25 21:00:00,1022.38
2017-08-25 21:30:00,1005.21
2017-08-25 22:00:00,1029.79
2017-08-25 22:30:00,1037.49
2017-08-25 23:00:00,1059.93
2017-08-25 23:30:00,1000.84
2017-08-26 00:00:00,935.53
2017-08-26 00:00:00,935.53
2017-08-26 00:30:00,859.84
2017-08-26 01:00:00,796.29
2017-08-26 01:30:00,739.37
2017-08-26 02:00:00,706.35
2017-08-26 02:30:00,673.09
2017-08-26 03:00:00,662.49
2017-08-26 03:30:00,658.42
2017-08-26 04:00:00,652.0
2017-08-26 04:30:00,646.18
2017-08-26 05:00:00,651.78
2017-08-26 05:30:00,609.4
2017-08-26 06:00:00,609.81
2017-08-26 06:30:00,590.06
2017-08-26 07:00:00,606.61
2017-08-26 07:30:00,584.16
2017-08-26 08:00:00,580.83
2017-08-26 08:30:00,657.34
2017-08-26 09:00:00,624.34
2017-08-26 09:30:00,652.23
2017-08-26 10:00:00,584.88
2017-08-26 10:30:00,612.14
2017-08-26 11:00:00,586.45
2017-08-26 11:30:00,586.86
2017-08-26 12:00:00,585.8
2017-08-26 12:30:00,635.63
2017-08-26 13:00:00,620.35
2017-08-26 13:30:00,630.59
2017-08-26 14:00:00,581.27
2017-08-26 14:30:00,602.51
2017-08-26 15:00:00,630.06
2017-08-26 15:30:00,549.04
2017-08-26 16:00:00,586.92
2017-08-26 16:30:00,572.28
2017-08-26 17:00:00,541.46
2017-08-26 17:30:00,570.85
2017-08-26 18:00:00,597.1
2017-08-26 18:30:00,686.42
2017-08-26 19:00:00,699.47
2017-08-26 19:30:00,706.59
2017-08-26 20:00:00,711.34
2017-08-26 20:30:00,767.29
2017-08-26 21:00:00,777.75
2017-08-26 21:30:00,824.2
2017-08-26 22:00:00,831.99
2017-08-26 22:30:00,836.82
2017-08-26 23:00:00,863.14
2017-08-26 23:30:00,814.99
2017-08-27 00:00:00,764.41
2017-08-27 00:00:00,764.41
2017-08-27 00:30:00,705.35
2017-08-27 01:00:00,668.29
2017-08-27 01:30:00,644.94
2017-08-27 02:00:00,576.33
2017-08-27 02:30:00,561.89
2017-08-27 03:00:00,538.72
2017-08-27 03:30:00,539.63
2017-08-27 04:00:00,554.38
2017-08-27 04:30:00,545.51
2017-08-27 05:00:00,513.48
2017-08-27 05:30:00,485.31
2017-08-27 06:00:00,543.85
2017-08-27 06:30:00,504.55
2017-08-27 07:00:00,556.48
2017-08-27 07:30:00,562.23
2017-08-27 08:00:00,589.95
2017-08-27 08:30:00,617.56
2017-08-27 09:00:00,692.55
2017-08-27 09:30:00,775.87
2017-08-27 10:00:00,766.04
2017-08-27 10:30:00,755.94
2017-08-27 11:00:00,720.81
2017-08-27 11:30:00,682.79
2017-08-27 12:00:00,723.96
2017-08-27 12:30:00,747.51
2017-08-27 13:00:00,745.12
2017-08-27 13:30:00,800.7
2017-08-27 14:00:00,791.36
2017-08-27 14:30:00,749.36
2017-08-27 15:00:00,756.89
2017-08-27 15:30:00,709.82
2017-08-27 16:00:00,781.35
2017-08-27 16:30:00,733.39
2017-08-27 17:00:00,721.85
2017-08-27 17:30:00,708.15
2017-08-27 18:00:00,758.55
2017-08-27 18:30:00,815.04
2017-08-27 19:00:00,890.29
2017-08-27 19:30:00,891.74
2017-08-27 20:00:00,903.24
2017-08-27 20:30:00,936.8
2017-08-27 21:00:00,979.7
2017-08-27 21:30:00,1050.53
2017-08-27 22:00:00,1013.87
2017-08-27 22:30:00,1000.29
2017-08-27 23:00:00,989.09
2017-08-27 23:30:00,921.93
2017-08-28 00:00:00,873.33
2017-08-28 00:00:00,873.33
2017-08-28 00:30:00,812.29
2017-08-28 01:00:00,732.9
2017-08-28 01:30:00,688.76
2017-08-28 02:00:00,642.24
2017-08-28 02:30:00,638.46
2017-08-28 03:00:00,621.1
2017-08-28 03:30:00,573.5
2017-08-28 04:00:00,594.45
2017-08-28 04:30:00,605.89
2017-08-28 05:00:00,575.87
2017-08-28 05:30:00,580.47
2017-08-28 06:00:00,519.84
2017-08-28 06:30:00,558.62
2017-08-28 07:00:00,578.56
2017-08-28 07:30:00,617.91
2017-08-28 08:00:00,617.74
2017-08-28 08:30:00,665.85
2017-08-28 09:00:00,794.55
2017-08-28 09:30:00,769.36
2017-08-28 10:00:00,795.67
2017-08-28 10:30:00,699.94
2017-08-28 11:00:00,711.32
2017-08-28 11:30:00,695.9
2017-08-28 12:00:00,728.15
2017-08-28 12:30:00,761.37
2017-08-28 13:00:00,731.1
2017-08-28 13:30:00,762.29
2017-08-28 14:00:00,773.81
2017-08-28 14:30:00,769.98
2017-08-28 15:00:00,722.69
2017-08-28 15:30:00,705.78
2017-08-28 16:00:00,746.81
2017-08-28 16:30:00,731.05
2017-08-28 17:00:00,671.22
2017-08-28 17:30:00,663.66
2017-08-28 18:00:00,677.95
2017-08-28 18:30:00,799.64
2017-08-28 19:00:00,868.59
2017-08-28 19:30:00,894.14
2017-08-28 20:00:00,922.31
2017-08-28 20:30:00,942.11
2017-08-28 21:00:00,921.52
2017-08-28 21:30:00,958.64
2017-08-28 22:00:00,1033.53
2017-08-28 22:30:00,1076.27
2017-08-28 23:00:00,1117.34
2017-08-28 23:30:00,1029.36
2017-08-29 00:00:00,957.73
2017-08-29 00:00:00,957.73
2017-08-29 00:30:00,923.75
2017-08-29 01:00:00,855.55
2017-08-29 01:30:00,819.93
2017-08-29 02:00:00,761.78
2017-08-29 02:30:00,746.71
2017-08-29 03:00:00,717.9
2017-08-29 03:30:00,727.75
2017-08-29 04:00:00,687.86
2017-08-29 04:30:00,705.68
2017-08-29 05:00:00,719.84
2017-08-29 05:30:00,721.15
2017-08-29 06:00:00,654.17
2017-08-29 06:30:00,651.8
2017-08-29 07:00:00,660.5
2017-08-29 07:30:00,686.04
2017-08-29 08:00:00,645.99
2017-08-29 08:30:00,638.34
2017-08-29 09:00:00,665.28
2017-08-29 09:30:00,636.63
2017-08-29 10:00:00,693.1
2017-08-29 10:30:00,637.23
2017-08-29 11:00:00,616.57
2017-08-29 11:30:00,619.54
2017-08-29 12:00:00,692.72
2017-08-29 12:30:00,690.1
2017-08-29 13:00:00,653.79
2017-08-29 13:30:00,629.24
2017-08-29 14:00:00,607.99
2017-08-29 14:30:00,566.45
2017-08-29 15:00:00,602.53
2017-08-29 15:30:00,603.44
2017-08-29 16:00:00,625.55
2017-08-29 16:30:00,555.58
2017-08-29 17:00:00,545.43
2017-08-29 17:30:00,538.79
2017-08-29 18:00:00,562.96
2017-08-29 18:30:00,668.12
2017-08-29 19:00:00,753.77
2017-08-29 19:30:00,746.19
2017-08-29 20:00:00,778.17
2017-08-29 20:30:00,744.0
2017-08-29 21:00:00,780.39
2017-08-29 21:30:00,808.3
2017-08-29 22:00:00,803.82
2017-08-29 22:30:00,825.03
2017-08-29 23:00:00,889.96
2017-08-29 23:30:00,817.22
2017-08-30 00:00:00,739.72
2017-08-30 00:00:00,739.72
2017-08-30 00:30:00,679.96
2017-08-30 01:00:00,622.95
2017-08-30 01:30:00,582.25
2017-08-30 02:00:00,556.24
2017-08-30 02:30:00,515.6
2017-08-30 03:00:00,530.08
2017-08-30 03:30:00,497.84
2017-08-30 04:00:00,488.59
2017-08-30 04:30:00,467.15
2017-08-30 05:00:00,465.92
2017-08-30 05:30:00,467.17
2017-08-30 06:00:00,429.75
2017-08-30 06:30:00,412.73
2017-08-30 07:00:00,474.17
2017-08-30 07:30:00,530.29
2017-08-30 08:00:00,477.45
2017-08-30 08:30:00,510.9
2017-08-30 09:00:00,681.95
2017-08-30 09:30:00,685.29
2017-08-30 10:00:00,609.15
2017-08-30 10:30:00,549.21
2017-08-30 11:00:00,550.46
2017-08-30 11:30:00,546.14
2017-08-30 12:00:00,560.5
2017-08-30 12:30:00,622.91
2017-08-30 13:00:00,582.72
2017-08-30 13:30:00,539.45
2017-08-30 14:00:00,533.94
2017-08-30 14:30:00,551.81
2017-08-30 15:00:00,525.19
2017-08-30 15:30:00,503.6
2017-08-30 16:00:00,532.74
2017-08-30 16:30:00,487.67
2017-08-30 17:00:00,470.03
2017-08-30 17:30:00,431.03
2017-08-30 18:00:00,503.59
2017-08-30 18:30:00,543.96
2017-08-30 19:00:00,624.56
2017-08-30 19:30:00,634.97
2017-08-30 20:00:00,686.15
2017-08-30 20:30:00,698.02
2017-08-30 21:00:00,737.56
2017-08-30 21:30:00,734.77
2017-08-30 22:00:00,714.72
2017-08-30 22:30:00,720.42
2017-08-30 23:00:00,740.41
2017-08-30 23:30:00,705.51
2017-08-31 00:00:00,608.8
2017-08-31 00:00:00,608.8
2017-08-31 00:30:00,556.66
2017-08-31 01:00:00,509.68
2017-08-31 01:30:00,492.41
2017-08-31 02:00:00,440.04
2017-08-31 02:30:00,446.31
2017-08-31 03:00:00,407.06
2017-08-31 03:30:00,415.16
2017-08-31 04:00:00,405.38
2017-08-31 04:30:00,403.0
2017-08-31 05:00:00,390.03
2017-08-31 05:30:00,411.95
2017-08-31 06:00:00,385.04
2017-08-31 06:30:00,358.15
2017-08-31 07:00:00,418.88
2017-08-31 07:30:00,436.77
2017-08-31 08:00:00,486.76
2017-08-31 08:30:00,544.53
2017-08-31 09:00:00,587.2
2017-08-31 09:30:00,559.09
2017-08-31 10:00:00,561.97
2017-08-31 10:30:00,591.67
2017-08-31 11:00:00,582.71
2017-08-31 11:30:00,558.79
2017-08-31 12:00:00,560.86
2017-08-31 12:30:00,570.31
2017-08-31 13:00:00,529.76
2017-08-31 13:30:00,495.48
2017-08-31 14:00:00,490.5
2017-08-31 14:30:00,504.26
2017-08-31 15:00:00,524.79
2017-08-31 15:30:00,476.21
2017-08-31 16:00:00,539.95
2017-08-31 16:30:00,567.45
2017-08-31 17:00:00,494.27
2017-08-31 17:30:00,472.6
2017-08-31 18:00:00,465.34
2017-08-31 18:30:00,558.26
2017-08-31 19:00:00,543.38
2017-08-31 19:30:00,547.14
2017-08-31 20:00:00,606.34
2017-08-31 20:30:00,612.39
2017-08-31 21:00:00,598.68
2017-08-31 21:30:00,578.72
2017-08-31 22:00:00,598.24
2017-08-31 22:30:00,626.25
2017-08-31 23:00:00,654.6
2017-08-31 23:30:00,624.34
2017-09-01 00:00:00,549.98
2017-09-01 00:00:00,549.98
2017-09-01 00:30:00,474.36
2017-09-01 01:00:00,428.23
2017-09-01 01:30:00,383.37
2017-09-01 02:00:00,377.94
2017-09-01 02:30:00,361.33
2017-09-01 03:00:00,346.48
2017-09-01 03:30:00,351.07
2017-09-01 04:00:00,347.85
2017-09-01 04:30:00,346.94
2017-09-01 05:00:00,343.22
2017-09-01 05:30:00,345.52
2017-09-01 06:00:00,352.49
2017-09-01 06:30:00,357.49
2017-09-01 07:00:00,371.44
2017-09-01 07:30:00,448.06
2017-09-01 08:00:00,450.0
2017-09-01 08:30:00,492.97
2017-09-01 09:00:00,496.93
2017-09-01 09:30:00,492.88
2017-09-01 10:00:00,514.78
2017-09-01 10:30:00,494.18
2017-09-01 11:00:00,480.41
2017-09-01 11:30:00,452.89
2017-09-01 12:00:00,496.44
2017-09-01 12:30:00,520.85
2017-09-01 13:00:00,441.06
2017-09-01 13:30:00,442.86
2017-09-01 14:00:00,417.2
2017-09-01 14:30:00,434.86
2017-09-01 15:00:00,470.56
2017-09-01 15:30:00,410.26
2017-09-01 16:00:00,474.91
2017-09-01 16:30:00,426.14
2017-09-01 17:00:00,427.26
2017-09-01 17:30:00,428.49
2017-09-01 18:00:00,449.47
2017-09-01 18:30:00,483.31
2017-09-01 19:00:00,505.41
2017-09-01 19:30:00,491.62
2017-09-01 20:00:00,527.04
2017-09-01 20:30:00,459.46
2017-09-01 21:00:00,459.14
2017-09-01 21:30:00,477.69
2017-09-01 22:00:00,444.34
2017-09-01 22:30:00,420.75
2017-09-01 23:00:00,409.0
2017-09-01 23:30:00,411.62
2017-09-02 00:00:00,376.35
2017-09-02 00:00:00,376.35
2017-09-02 00:30:00,372.24
2017-09-02 01:00:00,364.38
2017-09-02 01:30:00,363.85
2017-09-02 02:00:00,400.93
2017-09-02 02:30:00,379.14
2017-09-02 03:00:00,380.37
2017-09-02 03:30:00,365.15
2017-09-02 04:00:00,342.46
2017-09-02 04:30:00,345.26
2017-09-02 05:00:00,354.44
2017-09-02 05:30:00,356.75
2017-09-02 06:00:00,357.33
2017-09-02 06:30:00,356.19
2017-09-02 07:00:00,424.43
2017-09-02 07:30:00,466.51
2017-09-02 08:00:00,499.41
2017-09-02 08:30:00,514.43
2017-09-02 09:00:00,572.22
2017-09-02 09:30:00,590.26
2017-09-02 10:00:00,555.77
2017-09-02 10:30:00,515.47
2017-09-02 11:00:00,520.18
2017-09-02 11:30:00,533.81
2017-09-02 12:00:00,577.86
2017-09-02 12:30:00,545.16
2017-09-02 13:00:00,468.19
2017-09-02 13:30:00,459.98
2017-09-02 14:00:00,437.24
2017-09-02 14:30:00,507.21
2017-09-02 15:00:00,556.69
2017-09-02 15:30:00,545.87
2017-09-02 16:00:00,628.03
2017-09-02 16:30:00,633.25
2017-09-02 17:00:00,573.38
2017-09-02 17:30:00,552.41
2017-09-02 18:00:00,598.01
2017-09-02 18:30:00,673.85
2017-09-02 19:00:00,687.75
2017-09-02 19:30:00,675.85
2017-09-02 20:00:00,759.19
2017-09-02 20:30:00,773.64
2017-09-02 21:00:00,761.36
2017-09-02 21:30:00,725.49
2017-09-02 22:00:00,717.62
2017-09-02 22:30:00,749.1
2017-09-02 23:00:00,705.92
2017-09-02 23:30:00,649.72
2017-09-03 00:00:00,557.78
2017-09-03 00:00:00,557.78
2017-09-03 00:30:00,584.64
2017-09-03 01:00:00,522.54
2017-09-03 01:30:00,470.66
2017-09-03 02:00:00,462.63
2017-09-03 02:30:00,437.0
2017-09-03 03:00:00,425.13
2017-09-03 03:30:00,435.44
2017-09-03 04:00:00,420.86
2017-09-03 04:30:00,412.44
2017-09-03 05:00:00,398.42
2017-09-03 05:30:00,385.43
2017-09-03 06:00:00,387.69
2017-09-03 06:30:00,386.15
2017-09-03 07:00:00,398.61
2017-09-03 07:30:00,389.78
2017-09-03 08:00:00,456.27
2017-09-03 08:30:00,487.94
2017-09-03 09:00:00,562.16
2017-09-03 09:30:00,578.21
2017-09-03 10:00:00,539.95
2017-09-03 10:30:00,517.47
2017-09-03 11:00:00,567.47
2017-09-03 11:30:00,543.55
2017-09-03 12:00:00,591.78
2017-09-03 12:30:00,601.1
2017-09-03 13:00:00,571.39
2017-09-03 13:30:00,598.03
2017-09-03 14:00:00,543.47
2017-09-03 14:30:00,531.18
2017-09-03 15:00:00,560.54
2017-09-03 15:30:00,521.99
2017-09-03 16:00:00,597.97
2017-09-03 16:30:00,586.33
2017-09-03 17:00:00,554.61
2017-09-03 17:30:00,588.64
2017-09-03 18:00:00,597.38
2017-09-03 18:30:00,662.57
2017-09-03 19:00:00,736.37
2017-09-03 19:30:00,751.36
2017-09-03 20:00:00,794.58
2017-09-03 20:30:00,789.01
2017-09-03 21:00:00,791.24
2017-09-03 21:30:00,836.44
2017-09-03 22:00:00,844.18
2017-09-03 22:30:00,804.8
2017-09-03 23:00:00,768.18
2017-09-03 23:30:00,689.12
2017-09-04 00:00:00,631.26
2017-09-04 00:00:00,631.26
2017-09-04 00:30:00,588.57
2017-09-04 01:00:00,539.23
2017-09-04 01:30:00,482.38
2017-09-04 02:00:00,475.77
2017-09-04 02:30:00,457.29
2017-09-04 03:00:00,447.7
2017-09-04 03:30:00,441.22
2017-09-04 04:00:00,412.73
2017-09-04 04:30:00,423.04
2017-09-04 05:00:00,432.29
2017-09-04 05:30:00,412.85
2017-09-04 06:00:00,423.25
2017-09-04 06:30:00,379.87
2017-09-04 07:00:00,417.91
2017-09-04 07:30:00,558.72
2017-09-04 08:00:00,538.57
2017-09-04 08:30:00,618.05
2017-09-04 09:00:00,568.66
2017-09-04 09:30:00,602.49
2017-09-04 10:00:00,524.76
2017-09-04 10:30:00,529.64
2017-09-04 11:00:00,499.53
2017-09-04 11:30:00,551.2
2017-09-04 12:00:00,613.13
2017-09-04 12:30:00,727.24
2017-09-04 13:00:00,639.6
2017-09-04 13:30:00,595.34
2017-09-04 14:00:00,586.03
2017-09-04 14:30:00,562.68
2017-09-04 15:00:00,581.4
2017-09-04 15:30:00,570.38
2017-09-04 16:00:00,656.84
2017-09-04 16:30:00,650.6
2017-09-04 17:00:00,645.66
2017-09-04 17:30:00,673.94
2017-09-04 18:00:00,718.43
2017-09-04 18:30:00,734.61
2017-09-04 19:00:00,788.12
2017-09-04 19:30:00,816.34
2017-09-04 20:00:00,839.22
2017-09-04 20:30:00,897.28
2017-09-04 21:00:00,908.37
2017-09-04 21:30:00,915.28
2017-09-04 22:00:00,928.86
2017-09-04 22:30:00,900.97
2017-09-04 23:00:00,911.13
2017-09-04 23:30:00,858.92
2017-09-05 00:00:00,719.24
2017-09-05 00:00:00,719.24
2017-09-05 00:30:00,651.86
2017-09-05 01:00:00,604.31
2017-09-05 01:30:00,570.37
2017-09-05 02:00:00,505.13
2017-09-05 02:30:00,474.4
2017-09-05 03:00:00,465.55
2017-09-05 03:30:00,463.65
2017-09-05 04:00:00,453.8
2017-09-05 04:30:00,444.79
2017-09-05 05:00:00,461.82
2017-09-05 05:30:00,464.8
2017-09-05 06:00:00,456.47
2017-09-05 06:30:00,447.28
2017-09-05 07:00:00,476.85
2017-09-05 07:30:00,546.16
2017-09-05 08:00:00,592.81
2017-09-05 08:30:00,634.52
2017-09-05 09:00:00,623.73
2017-09-05 09:30:00,618.07
2017-09-05 10:00:00,588.28
2017-09-05 10:30:00,552.51
2017-09-05 11:00:00,
2017-09-05 11:30:00,
2017-09-05 12:00:00,
2017-09-05 12:30:00,
2017-09-05 13:00:00,
2017-09-05 13:30:00,
2017-09-05 14:00:00,
2017-09-05 14:30:00,
2017-09-05 15:00:00,
2017-09-05 15:30:00,
2017-09-05 16:00:00,
2017-09-05 16:30:00,
2017-09-05 17:00:00,
2017-09-05 17:30:00,
2017-09-05 18:00:00,
2017-09-05 18:30:00,
2017-09-05 19:00:00,
2017-09-05 19:30:00,
2017-09-05 20:00:00,
2017-09-05 20:30:00,
2017-09-05 21:00:00,
2017-09-05 21:30:00,
2017-09-05 22:00:00,
2017-09-05 22:30:00,
2017-09-05 23:00:00,
2017-09-05 23:30:00,
2017-09-06 00:00:00,
2017-09-06 00:00:00,
2017-09-06 00:30:00,
2017-09-06 01:00:00,
2017-09-06 01:30:00,
2017-09-06 02:00:00,
2017-09-06 02:30:00,
2017-09-06 03:00:00,
2017-09-06 03:30:00,
2017-09-06 04:00:00,
2017-09-06 04:30:00,
2017-09-06 05:00:00,
2017-09-06 05:30:00,
2017-09-06 06:00:00,
2017-09-06 06:30:00,
2017-09-06 07:00:00,
2017-09-06 07:30:00,
2017-09-06 08:00:00,
2017-09-06 08:30:00,
2017-09-06 09:00:00,
2017-09-06 09:30:00,
2017-09-06 10:00:00,
2017-09-06 10:30:00,
2017-09-06 11:00:00,
2017-09-06 11:30:00,
2017-09-06 12:00:00,
2017-09-06 12:30:00,
2017-09-06 13:00:00,
2017-09-06 13:30:00,
2017-09-06 14:00:00,
2017-09-06 14:30:00,
2017-09-06 15:00:00,
2017-09-06 15:30:00,
2017-09-06 16:00:00,
2017-09-06 16:30:00,
2017-09-06 17:00:00,
2017-09-06 17:30:00,
2017-09-06 18:00:00,
2017-09-06 18:30:00,
2017-09-06 19:00:00,
2017-09-06 19:30:00,
2017-09-06 20:00:00,
2017-09-06 20:30:00,
2017-09-06 21:00:00,
2017-09-06 21:30:00,
2017-09-06 22:00:00,
2017-09-06 22:30:00,
2017-09-06 23:00:00,
2017-09-06 23:30:00,
2017-09-07 00:00:00,
2017-09-07 00:00:00,
2017-09-07 00:30:00,
2017-09-07 01:00:00,
2017-09-07 01:30:00,
2017-09-07 02:00:00,
2017-09-07 02:30:00,
2017-09-07 03:00:00,
2017-09-07 03:30:00,
2017-09-07 04:00:00,
2017-09-07 04:30:00,
2017-09-07 05:00:00,
2017-09-07 05:30:00,
2017-09-07 06:00:00,
2017-09-07 06:30:00,
2017-09-07 07:00:00,
2017-09-07 07:30:00,
2017-09-07 08:00:00,
2017-09-07 08:30:00,
2017-09-07 09:00:00,
2017-09-07 09:30:00,
2017-09-07 10:00:00,
2017-09-07 10:30:00,
2017-09-07 11:00:00,
2017-09-07 11:30:00,
2017-09-07 12:00:00,
2017-09-07 12:30:00,
2017-09-07 13:00:00,
2017-09-07 13:30:00,
2017-09-07 14:00:00,
2017-09-07 14:30:00,
2017-09-07 15:00:00,
2017-09-07 15:30:00,
2017-09-07 16:00:00,
2017-09-07 16:30:00,
2017-09-07 17:00:00,
2017-09-07 17:30:00,
2017-09-07 18:00:00,
2017-09-07 18:30:00,
2017-09-07 19:00:00,
2017-09-07 19:30:00,
2017-09-07 20:00:00,
2017-09-07 20:30:00,
2017-09-07 21:00:00,
2017-09-07 21:30:00,
2017-09-07 22:00:00,
2017-09-07 22:30:00,
2017-09-07 23:00:00,
2017-09-07 23:30:00,
2017-09-08 00:00:00,
2017-09-08 00:00:00,
2017-09-08 00:30:00,
2017-09-08 01:00:00,
2017-09-08 01:30:00,
2017-09-08 02:00:00,
2017-09-08 02:30:00,
2017-09-08 03:00:00,
2017-09-08 03:30:00,
2017-09-08 04:00:00,
2017-09-08 04:30:00,
2017-09-08 05:00:00,
2017-09-08 05:30:00,
2017-09-08 06:00:00,
2017-09-08 06:30:00,
2017-09-08 07:00:00,
2017-09-08 07:30:00,
2017-09-08 08:00:00,
2017-09-08 08:30:00,
2017-09-08 09:00:00,
2017-09-08 09:30:00,
2017-09-08 10:00:00,
2017-09-08 10:30:00,
2017-09-08 11:00:00,
2017-09-08 11:30:00,
2017-09-08 12:00:00,
2017-09-08 12:30:00,
2017-09-08 13:00:00,
2017-09-08 13:30:00,
2017-09-08 14:00:00,
2017-09-08 14:30:00,
2017-09-08 15:00:00,
2017-09-08 15:30:00,
2017-09-08 16:00:00,
2017-09-08 16:30:00,
2017-09-08 17:00:00,
2017-09-08 17:30:00,
2017-09-08 18:00:00,
2017-09-08 18:30:00,
2017-09-08 19:00:00,
2017-09-08 19:30:00,
2017-09-08 20:00:00,
2017-09-08 20:30:00,
2017-09-08 21:00:00,
2017-09-08 21:30:00,
2017-09-08 22:00:00,
2017-09-08 22:30:00,
2017-09-08 23:00:00,
2017-09-08 23:30:00,
2017-09-09 00:00:00,
2017-09-09 00:00:00,
2017-09-09 00:30:00,
2017-09-09 01:00:00,
2017-09-09 01:30:00,
2017-09-09 02:00:00,
2017-09-09 02:30:00,
2017-09-09 03:00:00,
2017-09-09 03:30:00,
2017-09-09 04:00:00,
2017-09-09 04:30:00,
2017-09-09 05:00:00,
2017-09-09 05:30:00,
2017-09-09 06:00:00,
2017-09-09 06:30:00,
2017-09-09 07:00:00,
2017-09-09 07:30:00,
2017-09-09 08:00:00,
2017-09-09 08:30:00,
2017-09-09 09:00:00,
2017-09-09 09:30:00,
2017-09-09 10:00:00,
2017-09-09 10:30:00,
2017-09-09 11:00:00,
2017-09-09 11:30:00,
2017-09-09 12:00:00,
2017-09-09 12:30:00,
2017-09-09 13:00:00,
2017-09-09 13:30:00,
2017-09-09 14:00:00,
2017-09-09 14:30:00,
2017-09-09 15:00:00,
2017-09-09 15:30:00,
2017-09-09 16:00:00,
2017-09-09 16:30:00,
2017-09-09 17:00:00,
2017-09-09 17:30:00,
2017-09-09 18:00:00,
2017-09-09 18:30:00,
2017-09-09 19:00:00,
2017-09-09 19:30:00,
2017-09-09 20:00:00,
2017-09-09 20:30:00,
2017-09-09 21:00:00,
2017-09-09 21:30:00,
2017-09-09 22:00:00,
2017-09-09 22:30:00,
2017-09-09 23:00:00,
2017-09-09 23:30:00,
2017-09-10 00:00:00,
2017-09-10 00:00:00,
2017-09-10 00:30:00,
2017-09-10 01:00:00,
2017-09-10 01:30:00,
2017-09-10 02:00:00,
2017-09-10 02:30:00,
2017-09-10 03:00:00,
2017-09-10 03:30:00,
2017-09-10 04:00:00,
2017-09-10 04:30:00,
2017-09-10 05:00:00,
2017-09-10 05:30:00,
2017-09-10 06:00:00,
2017-09-10 06:30:00,
2017-09-10 07:00:00,
2017-09-10 07:30:00,
2017-09-10 08:00:00,
2017-09-10 08:30:00,
2017-09-10 09:00:00,
2017-09-10 09:30:00,
2017-09-10 10:00:00,
2017-09-10 10:30:00,
2017-09-10 11:00:00,
2017-09-10 11:30:00,
2017-09-10 12:00:00,
2017-09-10 12:30:00,
2017-09-10 13:00:00,
2017-09-10 13:30:00,
2017-09-10 14:00:00,
2017-09-10 14:30:00,
2017-09-10 15:00:00,
2017-09-10 15:30:00,
2017-09-10 16:00:00,
2017-09-10 16:30:00,
2017-09-10 17:00:00,
2017-09-10 17:30:00,
2017-09-10 18:00:00,
2017-09-10 18:30:00,
2017-09-10 19:00:00,
2017-09-10 19:30:00,
2017-09-10 20:00:00,
2017-09-10 20:30:00,
2017-09-10 21:00:00,
2017-09-10 21:30:00,
2017-09-10 22:00:00,
2017-09-10 22:30:00,
2017-09-10 23:00:00,
2017-09-10 23:30:00,
2017-09-11 00:00:00,
2017-09-11 00:00:00,
2017-09-11 00:30:00,
2017-09-11 01:00:00,
2017-09-11 01:30:00,
2017-09-11 02:00:00,
2017-09-11 02:30:00,
2017-09-11 03:00:00,
2017-09-11 03:30:00,
2017-09-11 04:00:00,
2017-09-11 04:30:00,
2017-09-11 05:00:00,
2017-09-11 05:30:00,
2017-09-11 06:00:00,
2017-09-11 06:30:00,
2017-09-11 07:00:00,
2017-09-11 07:30:00,
2017-09-11 08:00:00,
2017-09-11 08:30:00,
2017-09-11 09:00:00,
2017-09-11 09:30:00,
2017-09-11 10:00:00,
2017-09-11 10:30:00,
2017-09-11 11:00:00,
2017-09-11 11:30:00,
2017-09-11 12:00:00,
2017-09-11 12:30:00,
2017-09-11 13:00:00,
2017-09-11 13:30:00,
2017-09-11 14:00:00,
2017-09-11 14:30:00,
2017-09-11 15:00:00,
2017-09-11 15:30:00,
2017-09-11 16:00:00,
2017-09-11 16:30:00,
2017-09-11 17:00:00,
2017-09-11 17:30:00,
2017-09-11 18:00:00,
2017-09-11 18:30:00,
2017-09-11 19:00:00,
2017-09-11 19:30:00,
2017-09-11 20:00:00,
2017-09-11 20:30:00,
2017-09-11 21:00:00,
2017-09-11 21:30:00,
2017-09-11 22:00:00,
2017-09-11 22:30:00,
2017-09-11 23:00:00,
2017-09-11 23:30:00,
2017-09-12 00:00:00,
2017-09-12 00:00:00,
2017-09-12 00:30:00,
2017-09-12 01:00:00,
2017-09-12 01:30:00,
2017-09-12 02:00:00,
2017-09-12 02:30:00,
2017-09-12 03:00:00,
2017-09-12 03:30:00,
2017-09-12 04:00:00,
2017-09-12 04:30:00,
2017-09-12 05:00:00,
2017-09-12 05:30:00,
2017-09-12 06:00:00,
2017-09-12 06:30:00,
2017-09-12 07:00:00,
2017-09-12 07:30:00,
2017-09-12 08:00:00,
2017-09-12 08:30:00,
2017-09-12 09:00:00,
2017-09-12 09:30:00,
2017-09-12 10:00:00,
2017-09-12 10:30:00,
2017-09-12 11:00:00,
2017-09-12 11:30:00,
2017-09-12 12:00:00,
2017-09-12 12:30:00,
2017-09-12 13:00:00,
2017-09-12 13:30:00,
2017-09-12 14:00:00,
2017-09-12 14:30:00,
2017-09-12 15:00:00,
2017-09-12 15:30:00,
2017-09-12 16:00:00,
2017-09-12 16:30:00,
2017-09-12 17:00:00,
2017-09-12 17:30:00,
2017-09-12 18:00:00,
2017-09-12 18:30:00,
2017-09-12 19:00:00,
2017-09-12 19:30:00,
2017-09-12 20:00:00,
2017-09-12 20:30:00,
2017-09-12 21:00:00,
2017-09-12 21:30:00,
2017-09-12 22:00:00,
2017-09-12 22:30:00,
2017-09-12 23:00:00,
2017-09-12 23:30:00,
2017-09-13 00:00:00,
2017-09-13 00:00:00,
2017-09-13 00:30:00,
2017-09-13 01:00:00,
2017-09-13 01:30:00,
2017-09-13 02:00:00,
2017-09-13 02:30:00,
2017-09-13 03:00:00,
2017-09-13 03:30:00,
2017-09-13 04:00:00,
2017-09-13 04:30:00,
2017-09-13 05:00:00,
2017-09-13 05:30:00,
2017-09-13 06:00:00,
2017-09-13 06:30:00,
2017-09-13 07:00:00,
2017-09-13 07:30:00,
2017-09-13 08:00:00,
2017-09-13 08:30:00,
2017-09-13 09:00:00,
2017-09-13 09:30:00,
2017-09-13 10:00:00,
2017-09-13 10:30:00,
2017-09-13 11:00:00,
2017-09-13 11:30:00,
2017-09-13 12:00:00,
2017-09-13 12:30:00,
2017-09-13 13:00:00,
2017-09-13 13:30:00,
2017-09-13 14:00:00,
2017-09-13 14:30:00,
2017-09-13 15:00:00,
2017-09-13 15:30:00,
2017-09-13 16:00:00,
2017-09-13 16:30:00,
2017-09-13 17:00:00,
2017-09-13 17:30:00,
2017-09-13 18:00:00,
2017-09-13 18:30:00,
2017-09-13 19:00:00,
2017-09-13 19:30:00,
2017-09-13 20:00:00,
2017-09-13 20:30:00,
2017-09-13 21:00:00,
2017-09-13 21:30:00,
2017-09-13 22:00:00,
2017-09-13 22:30:00,
2017-09-13 23:00:00,
2017-09-13 23:30:00,
2017-09-14 00:00:00,
2017-09-14 00:00:00,
2017-09-14 00:30:00,
2017-09-14 01:00:00,
2017-09-14 01:30:00,
2017-09-14 02:00:00,
2017-09-14 02:30:00,
2017-09-14 03:00:00,
2017-09-14 03:30:00,
2017-09-14 04:00:00,
2017-09-14 04:30:00,
2017-09-14 05:00:00,
2017-09-14 05:30:00,
2017-09-14 06:00:00,
2017-09-14 06:30:00,
2017-09-14 07:00:00,
2017-09-14 07:30:00,
2017-09-14 08:00:00,
2017-09-14 08:30:00,
2017-09-14 09:00:00,
2017-09-14 09:30:00,
2017-09-14 10:00:00,
2017-09-14 10:30:00,
2017-09-14 11:00:00,
2017-09-14 11:30:00,
2017-09-14 12:00:00,
2017-09-14 12:30:00,
2017-09-14 13:00:00,
2017-09-14 13:30:00,
2017-09-14 14:00:00,
2017-09-14 14:30:00,
2017-09-14 15:00:00,
2017-09-14 15:30:00,
2017-09-14 16:00:00,
2017-09-14 16:30:00,
2017-09-14 17:00:00,
2017-09-14 17:30:00,
2017-09-14 18:00:00,
2017-09-14 18:30:00,
2017-09-14 19:00:00,
2017-09-14 19:30:00,
2017-09-14 20:00:00,
2017-09-14 20:30:00,
2017-09-14 21:00:00,
2017-09-14 21:30:00,
2017-09-14 22:00:00,
2017-09-14 22:30:00,
2017-09-14 23:00:00,
2017-09-14 23:30:00,
2017-09-15 00:00:00,
2017-09-15 00:00:00,
2017-09-15 00:30:00,
2017-09-15 01:00:00,
2017-09-15 01:30:00,
2017-09-15 02:00:00,
2017-09-15 02:30:00,
2017-09-15 03:00:00,
2017-09-15 03:30:00,
2017-09-15 04:00:00,
2017-09-15 04:30:00,
2017-09-15 05:00:00,
2017-09-15 05:30:00,
2017-09-15 06:00:00,
2017-09-15 06:30:00,
2017-09-15 07:00:00,
2017-09-15 07:30:00,
2017-09-15 08:00:00,
2017-09-15 08:30:00,
2017-09-15 09:00:00,
2017-09-15 09:30:00,
2017-09-15 10:00:00,
2017-09-15 10:30:00,
2017-09-15 11:00:00,
2017-09-15 11:30:00,
2017-09-15 12:00:00,
2017-09-15 12:30:00,
2017-09-15 13:00:00,
2017-09-15 13:30:00,
2017-09-15 14:00:00,
2017-09-15 14:30:00,
2017-09-15 15:00:00,
2017-09-15 15:30:00,
2017-09-15 16:00:00,
2017-09-15 16:30:00,
2017-09-15 17:00:00,
2017-09-15 17:30:00,
2017-09-15 18:00:00,
2017-09-15 18:30:00,
2017-09-15 19:00:00,
2017-09-15 19:30:00,
2017-09-15 20:00:00,
2017-09-15 20:30:00,
2017-09-15 21:00:00,
2017-09-15 21:30:00,
2017-09-15 22:00:00,
2017-09-15 22:30:00,
2017-09-15 23:00:00,
2017-09-15 23:30:00,
2017-09-16 00:00:00,
2017-09-16 00:00:00,
2017-09-16 00:30:00,
2017-09-16 01:00:00,
2017-09-16 01:30:00,
2017-09-16 02:00:00,
2017-09-16 02:30:00,
2017-09-16 03:00:00,
2017-09-16 03:30:00,
2017-09-16 04:00:00,
2017-09-16 04:30:00,
2017-09-16 05:00:00,
2017-09-16 05:30:00,
2017-09-16 06:00:00,
2017-09-16 06:30:00,
2017-09-16 07:00:00,
2017-09-16 07:30:00,
2017-09-16 08:00:00,
2017-09-16 08:30:00,
2017-09-16 09:00:00,
2017-09-16 09:30:00,
2017-09-16 10:00:00,
2017-09-16 10:30:00,
2017-09-16 11:00:00,
2017-09-16 11:30:00,
2017-09-16 12:00:00,
2017-09-16 12:30:00,
2017-09-16 13:00:00,
2017-09-16 13:30:00,
2017-09-16 14:00:00,
2017-09-16 14:30:00,
2017-09-16 15:00:00,
2017-09-16 15:30:00,
2017-09-16 16:00:00,
2017-09-16 16:30:00,
2017-09-16 17:00:00,
2017-09-16 17:30:00,
2017-09-16 18:00:00,
2017-09-16 18:30:00,
2017-09-16 19:00:00,
2017-09-16 19:30:00,
2017-09-16 20:00:00,
2017-09-16 20:30:00,
2017-09-16 21:00:00,
2017-09-16 21:30:00,
2017-09-16 22:00:00,
2017-09-16 22:30:00,
2017-09-16 23:00:00,
2017-09-16 23:30:00,
2017-09-17 00:00:00,
2017-09-17 00:00:00,
2017-09-17 00:30:00,
2017-09-17 01:00:00,
2017-09-17 01:30:00,
2017-09-17 02:00:00,
2017-09-17 02:30:00,
2017-09-17 03:00:00,
2017-09-17 03:30:00,
2017-09-17 04:00:00,
2017-09-17 04:30:00,
2017-09-17 05:00:00,
2017-09-17 05:30:00,
2017-09-17 06:00:00,
2017-09-17 06:30:00,
2017-09-17 07:00:00,
2017-09-17 07:30:00,
2017-09-17 08:00:00,
2017-09-17 08:30:00,
2017-09-17 09:00:00,
2017-09-17 09:30:00,
2017-09-17 10:00:00,
2017-09-17 10:30:00,
2017-09-17 11:00:00,
2017-09-17 11:30:00,
2017-09-17 12:00:00,
2017-09-17 12:30:00,
2017-09-17 13:00:00,
2017-09-17 13:30:00,
2017-09-17 14:00:00,
2017-09-17 14:30:00,
2017-09-17 15:00:00,
2017-09-17 15:30:00,
2017-09-17 16:00:00,
2017-09-17 16:30:00,
2017-09-17 17:00:00,
2017-09-17 17:30:00,
2017-09-17 18:00:00,
2017-09-17 18:30:00,
2017-09-17 19:00:00,
2017-09-17 19:30:00,
2017-09-17 20:00:00,
2017-09-17 20:30:00,
2017-09-17 21:00:00,
2017-09-17 21:30:00,
2017-09-17 22:00:00,
2017-09-17 22:30:00,
2017-09-17 23:00:00,
2017-09-17 23:30:00,
2017-09-18 00:00:00,
2017-09-18 00:00:00,
2017-09-18 00:30:00,
2017-09-18 01:00:00,
2017-09-18 01:30:00,
2017-09-18 02:00:00,
2017-09-18 02:30:00,
2017-09-18 03:00:00,
2017-09-18 03:30:00,
2017-09-18 04:00:00,
2017-09-18 04:30:00,
2017-09-18 05:00:00,
2017-09-18 05:30:00,
2017-09-18 06:00:00,
2017-09-18 06:30:00,
2017-09-18 07:00:00,
2017-09-18 07:30:00,
2017-09-18 08:00:00,
2017-09-18 08:30:00,
2017-09-18 09:00:00,
2017-09-18 09:30:00,
2017-09-18 10:00:00,
2017-09-18 10:30:00,
2017-09-18 11:00:00,
2017-09-18 11:30:00,
2017-09-18 12:00:00,
2017-09-18 12:30:00,
2017-09-18 13:00:00,
2017-09-18 13:30:00,
2017-09-18 14:00:00,
2017-09-18 14:30:00,
2017-09-18 15:00:00,
2017-09-18 15:30:00,
2017-09-18 16:00:00,
2017-09-18 16:30:00,
2017-09-18 17:00:00,
2017-09-18 17:30:00,
2017-09-18 18:00:00,
2017-09-18 18:30:00,
2017-09-18 19:00:00,
2017-09-18 19:30:00,
2017-09-18 20:00:00,
2017-09-18 20:30:00,
2017-09-18 21:00:00,
2017-09-18 21:30:00,
2017-09-18 22:00:00,
2017-09-18 22:30:00,
2017-09-18 23:00:00,
2017-09-18 23:30:00,
2017-09-19 00:00:00,
2017-09-19 00:00:00,
2017-09-19 00:30:00,
2017-09-19 01:00:00,
2017-09-19 01:30:00,
2017-09-19 02:00:00,
2017-09-19 02:30:00,
2017-09-19 03:00:00,
2017-09-19 03:30:00,
2017-09-19 04:00:00,
2017-09-19 04:30:00,
2017-09-19 05:00:00,
2017-09-19 05:30:00,
2017-09-19 06:00:00,
2017-09-19 06:30:00,
2017-09-19 07:00:00,
2017-09-19 07:30:00,
2017-09-19 08:00:00,
2017-09-19 08:30:00,
2017-09-19 09:00:00,
2017-09-19 09:30:00,
2017-09-19 10:00:00,
2017-09-19 10:30:00,
2017-09-19 11:00:00,
2017-09-19 11:30:00,
2017-09-19 12:00:00,
2017-09-19 12:30:00,
2017-09-19 13:00:00,
2017-09-19 13:30:00,
2017-09-19 14:00:00,
2017-09-19 14:30:00,
2017-09-19 15:00:00,
2017-09-19 15:30:00,
2017-09-19 16:00:00,
2017-09-19 16:30:00,
2017-09-19 17:00:00,
2017-09-19 17:30:00,
2017-09-19 18:00:00,
2017-09-19 18:30:00,
2017-09-19 19:00:00,
2017-09-19 19:30:00,
2017-09-19 20:00:00,
2017-09-19 20:30:00,
2017-09-19 21:00:00,
2017-09-19 21:30:00,
2017-09-19 22:00:00,
2017-09-19 22:30:00,
2017-09-19 23:00:00,
2017-09-19 23:30:00,
2017-09-20 00:00:00,
2017-09-20 00:00:00,
2017-09-20 00:30:00,
2017-09-20 01:00:00,
2017-09-20 01:30:00,
2017-09-20 02:00:00,
2017-09-20 02:30:00,
2017-09-20 03:00:00,
2017-09-20 03:30:00,
2017-09-20 04:00:00,
2017-09-20 04:30:00,
2017-09-20 05:00:00,
2017-09-20 05:30:00,
2017-09-20 06:00:00,
2017-09-20 06:30:00,
2017-09-20 07:00:00,
2017-09-20 07:30:00,
2017-09-20 08:00:00,
2017-09-20 08:30:00,
2017-09-20 09:00:00,
2017-09-20 09:30:00,
2017-09-20 10:00:00,
2017-09-20 10:30:00,
2017-09-20 11:00:00,
2017-09-20 11:30:00,
2017-09-20 12:00:00,
2017-09-20 12:30:00,
2017-09-20 13:00:00,
2017-09-20 13:30:00,
2017-09-20 14:00:00,
2017-09-20 14:30:00,
2017-09-20 15:00:00,
2017-09-20 15:30:00,
2017-09-20 16:00:00,
2017-09-20 16:30:00,
2017-09-20 17:00:00,
2017-09-20 17:30:00,
2017-09-20 18:00:00,
2017-09-20 18:30:00,
2017-09-20 19:00:00,
2017-09-20 19:30:00,
2017-09-20 20:00:00,
2017-09-20 20:30:00,
2017-09-20 21:00:00,
2017-09-20 21:30:00,
2017-09-20 22:00:00,
2017-09-20 22:30:00,
2017-09-20 23:00:00,
2017-09-20 23:30:00,
2017-09-21 00:00:00,
2017-09-21 00:00:00,
2017-09-21 00:30:00,
2017-09-21 01:00:00,
2017-09-21 01:30:00,
2017-09-21 02:00:00,
2017-09-21 02:30:00,
2017-09-21 03:00:00,
2017-09-21 03:30:00,
2017-09-21 04:00:00,
2017-09-21 04:30:00,
2017-09-21 05:00:00,
2017-09-21 05:30:00,
2017-09-21 06:00:00,
2017-09-21 06:30:00,
2017-09-21 07:00:00,
2017-09-21 07:30:00,
2017-09-21 08:00:00,
2017-09-21 08:30:00,
2017-09-21 09:00:00,
2017-09-21 09:30:00,
2017-09-21 10:00:00,
2017-09-21 10:30:00,
2017-09-21 11:00:00,
2017-09-21 11:30:00,
2017-09-21 12:00:00,
2017-09-21 12:30:00,
2017-09-21 13:00:00,
2017-09-21 13:30:00,
2017-09-21 14:00:00,
2017-09-21 14:30:00,
2017-09-21 15:00:00,
2017-09-21 15:30:00,
2017-09-21 16:00:00,
2017-09-21 16:30:00,
2017-09-21 17:00:00,
2017-09-21 17:30:00,
2017-09-21 18:00:00,
2017-09-21 18:30:00,
2017-09-21 19:00:00,
2017-09-21 19:30:00,
2017-09-21 20:00:00,
2017-09-21 20:30:00,
2017-09-21 21:00:00,
2017-09-21 21:30:00,
2017-09-21 22:00:00,
2017-09-21 22:30:00,
2017-09-21 23:00:00,
2017-09-21 23:30:00,
2017-09-22 00:00:00,
2017-09-22 00:00:00,
2017-09-22 00:30:00,
2017-09-22 01:00:00,
2017-09-22 01:30:00,
2017-09-22 02:00:00,
2017-09-22 02:30:00,
2017-09-22 03:00:00,
2017-09-22 03:30:00,
2017-09-22 04:00:00,
2017-09-22 04:30:00,
2017-09-22 05:00:00,
2017-09-22 05:30:00,
2017-09-22 06:00:00,
2017-09-22 06:30:00,
2017-09-22 07:00:00,
2017-09-22 07:30:00,
2017-09-22 08:00:00,
2017-09-22 08:30:00,
2017-09-22 09:00:00,
2017-09-22 09:30:00,
2017-09-22 10:00:00,
2017-09-22 10:30:00,
2017-09-22 11:00:00,
2017-09-22 11:30:00,
2017-09-22 12:00:00,
2017-09-22 12:30:00,
2017-09-22 13:00:00,
2017-09-22 13:30:00,
2017-09-22 14:00:00,
2017-09-22 14:30:00,
2017-09-22 15:00:00,
2017-09-22 15:30:00,
2017-09-22 16:00:00,
2017-09-22 16:30:00,
2017-09-22 17:00:00,
2017-09-22 17:30:00,
2017-09-22 18:00:00,
2017-09-22 18:30:00,
2017-09-22 19:00:00,
2017-09-22 19:30:00,
2017-09-22 20:00:00,
2017-09-22 20:30:00,
2017-09-22 21:00:00,
2017-09-22 21:30:00,
2017-09-22 22:00:00,
2017-09-22 22:30:00,
2017-09-22 23:00:00,
2017-09-22 23:30:00,
2017-09-23 00:00:00,
2017-09-23 00:00:00,
2017-09-23 00:30:00,
2017-09-23 01:00:00,
2017-09-23 01:30:00,
2017-09-23 02:00:00,
2017-09-23 02:30:00,
2017-09-23 03:00:00,
2017-09-23 03:30:00,
2017-09-23 04:00:00,
2017-09-23 04:30:00,
2017-09-23 05:00:00,
2017-09-23 05:30:00,
2017-09-23 06:00:00,
2017-09-23 06:30:00,
2017-09-23 07:00:00,
2017-09-23 07:30:00,
2017-09-23 08:00:00,
2017-09-23 08:30:00,
2017-09-23 09:00:00,
2017-09-23 09:30:00,
2017-09-23 10:00:00,
2017-09-23 10:30:00,
2017-09-23 11:00:00,
2017-09-23 11:30:00,
2017-09-23 12:00:00,
2017-09-23 12:30:00,
2017-09-23 13:00:00,
2017-09-23 13:30:00,
2017-09-23 14:00:00,
2017-09-23 14:30:00,
2017-09-23 15:00:00,
2017-09-23 15:30:00,
2017-09-23 16:00:00,
2017-09-23 16:30:00,
2017-09-23 17:00:00,
2017-09-23 17:30:00,
2017-09-23 18:00:00,
2017-09-23 18:30:00,
2017-09-23 19:00:00,
2017-09-23 19:30:00,
2017-09-23 20:00:00,
2017-09-23 20:30:00,
2017-09-23 21:00:00,
2017-09-23 21:30:00,
2017-09-23 22:00:00,
2017-09-23 22:30:00,
2017-09-23 23:00:00,
2017-09-23 23:30:00,
2017-09-24 00:00:00,
2017-09-24 00:00:00,
2017-09-24 00:30:00,
2017-09-24 01:00:00,
2017-09-24 01:30:00,
2017-09-24 02:00:00,
2017-09-24 02:30:00,
2017-09-24 03:00:00,
2017-09-24 03:30:00,
2017-09-24 04:00:00,
2017-09-24 04:30:00,
2017-09-24 05:00:00,
2017-09-24 05:30:00,
2017-09-24 06:00:00,
2017-09-24 06:30:00,
2017-09-24 07:00:00,
2017-09-24 07:30:00,
2017-09-24 08:00:00,
2017-09-24 08:30:00,
2017-09-24 09:00:00,
2017-09-24 09:30:00,
2017-09-24 10:00:00,
2017-09-24 10:30:00,
2017-09-24 11:00:00,
2017-09-24 11:30:00,
2017-09-24 12:00:00,
2017-09-24 12:30:00,
2017-09-24 13:00:00,
2017-09-24 13:30:00,
2017-09-24 14:00:00,
2017-09-24 14:30:00,
2017-09-24 15:00:00,
2017-09-24 15:30:00,
2017-09-24 16:00:00,
2017-09-24 16:30:00,
2017-09-24 17:00:00,
2017-09-24 17:30:00,
2017-09-24 18:00:00,
2017-09-24 18:30:00,
2017-09-24 19:00:00,
2017-09-24 19:30:00,
2017-09-24 20:00:00,
2017-09-24 20:30:00,
2017-09-24 21:00:00,
2017-09-24 21:30:00,
2017-09-24 22:00:00,
2017-09-24 22:30:00,
2017-09-24 23:00:00,
2017-09-24 23:30:00,
2017-09-25 00:00:00,
2017-09-25 00:00:00,
2017-09-25 00:30:00,
2017-09-25 01:00:00,
2017-09-25 01:30:00,
2017-09-25 02:00:00,
2017-09-25 02:30:00,
2017-09-25 03:00:00,
2017-09-25 03:30:00,
2017-09-25 04:00:00,
2017-09-25 04:30:00,
2017-09-25 05:00:00,
2017-09-25 05:30:00,
2017-09-25 06:00:00,
2017-09-25 06:30:00,
2017-09-25 07:00:00,
2017-09-25 07:30:00,
2017-09-25 08:00:00,
2017-09-25 08:30:00,
2017-09-25 09:00:00,
2017-09-25 09:30:00,
2017-09-25 10:00:00,
2017-09-25 10:30:00,
2017-09-25 11:00:00,
2017-09-25 11:30:00,
2017-09-25 12:00:00,
2017-09-25 12:30:00,
2017-09-25 13:00:00,
2017-09-25 13:30:00,
2017-09-25 14:00:00,
2017-09-25 14:30:00,
2017-09-25 15:00:00,
2017-09-25 15:30:00,
2017-09-25 16:00:00,
2017-09-25 16:30:00,
2017-09-25 17:00:00,
2017-09-25 17:30:00,
2017-09-25 18:00:00,
2017-09-25 18:30:00,
2017-09-25 19:00:00,
2017-09-25 19:30:00,
2017-09-25 20:00:00,
2017-09-25 20:30:00,
2017-09-25 21:00:00,
2017-09-25 21:30:00,
2017-09-25 22:00:00,
2017-09-25 22:30:00,
2017-09-25 23:00:00,
2017-09-25 23:30:00,
2017-09-26 00:00:00,
2017-09-26 00:00:00,
2017-09-26 00:30:00,
2017-09-26 01:00:00,
2017-09-26 01:30:00,
2017-09-26 02:00:00,
2017-09-26 02:30:00,
2017-09-26 03:00:00,
2017-09-26 03:30:00,
2017-09-26 04:00:00,
2017-09-26 04:30:00,
2017-09-26 05:00:00,
2017-09-26 05:30:00,
2017-09-26 06:00:00,
2017-09-26 06:30:00,
2017-09-26 07:00:00,
2017-09-26 07:30:00,
2017-09-26 08:00:00,
2017-09-26 08:30:00,
2017-09-26 09:00:00,
2017-09-26 09:30:00,
2017-09-26 10:00:00,
2017-09-26 10:30:00,
2017-09-26 11:00:00,
2017-09-26 11:30:00,
2017-09-26 12:00:00,
2017-09-26 12:30:00,
2017-09-26 13:00:00,
2017-09-26 13:30:00,
2017-09-26 14:00:00,
2017-09-26 14:30:00,
2017-09-26 15:00:00,
2017-09-26 15:30:00,
2017-09-26 16:00:00,
2017-09-26 16:30:00,
2017-09-26 17:00:00,
2017-09-26 17:30:00,
2017-09-26 18:00:00,
2017-09-26 18:30:00,
2017-09-26 19:00:00,
2017-09-26 19:30:00,
2017-09-26 20:00:00,
2017-09-26 20:30:00,
2017-09-26 21:00:00,
2017-09-26 21:30:00,
2017-09-26 22:00:00,
2017-09-26 22:30:00,
2017-09-26 23:00:00,
2017-09-26 23:30:00,
2017-09-27 00:00:00,
2017-09-27 00:00:00,
2017-09-27 00:30:00,
2017-09-27 01:00:00,
2017-09-27 01:30:00,
2017-09-27 02:00:00,
2017-09-27 02:30:00,
2017-09-27 03:00:00,
2017-09-27 03:30:00,
2017-09-27 04:00:00,
2017-09-27 04:30:00,
2017-09-27 05:00:00,
2017-09-27 05:30:00,
2017-09-27 06:00:00,
2017-09-27 06:30:00,
2017-09-27 07:00:00,
2017-09-27 07:30:00,
2017-09-27 08:00:00,
2017-09-27 08:30:00,
2017-09-27 09:00:00,
2017-09-27 09:30:00,
2017-09-27 10:00:00,
2017-09-27 10:30:00,
2017-09-27 11:00:00,
2017-09-27 11:30:00,
2017-09-27 12:00:00,
2017-09-27 12:30:00,
2017-09-27 13:00:00,
2017-09-27 13:30:00,
2017-09-27 14:00:00,
2017-09-27 14:30:00,
2017-09-27 15:00:00,
2017-09-27 15:30:00,
2017-09-27 16:00:00,
2017-09-27 16:30:00,
2017-09-27 17:00:00,
2017-09-27 17:30:00,
2017-09-27 18:00:00,
2017-09-27 18:30:00,
2017-09-27 19:00:00,
2017-09-27 19:30:00,
2017-09-27 20:00:00,
2017-09-27 20:30:00,
2017-09-27 21:00:00,
2017-09-27 21:30:00,
2017-09-27 22:00:00,
2017-09-27 22:30:00,
2017-09-27 23:00:00,
2017-09-27 23:30:00,
2017-09-28 00:00:00,
2017-09-28 00:00:00,
2017-09-28 00:30:00,
2017-09-28 01:00:00,
2017-09-28 01:30:00,
2017-09-28 02:00:00,
2017-09-28 02:30:00,
2017-09-28 03:00:00,
2017-09-28 03:30:00,
2017-09-28 04:00:00,
2017-09-28 04:30:00,
2017-09-28 05:00:00,
2017-09-28 05:30:00,
2017-09-28 06:00:00,
2017-09-28 06:30:00,
2017-09-28 07:00:00,
2017-09-28 07:30:00,
2017-09-28 08:00:00,
2017-09-28 08:30:00,
2017-09-28 09:00:00,
2017-09-28 09:30:00,
2017-09-28 10:00:00,
2017-09-28 10:30:00,
2017-09-28 11:00:00,
2017-09-28 11:30:00,
2017-09-28 12:00:00,
2017-09-28 12:30:00,
2017-09-28 13:00:00,
2017-09-28 13:30:00,
2017-09-28 14:00:00,
2017-09-28 14:30:00,
2017-09-28 15:00:00,
2017-09-28 15:30:00,
2017-09-28 16:00:00,
2017-09-28 16:30:00,
2017-09-28 17:00:00,
2017-09-28 17:30:00,
2017-09-28 18:00:00,
2017-09-28 18:30:00,
2017-09-28 19:00:00,
2017-09-28 19:30:00,
2017-09-28 20:00:00,
2017-09-28 20:30:00,
2017-09-28 21:00:00,
2017-09-28 21:30:00,
2017-09-28 22:00:00,
2017-09-28 22:30:00,
2017-09-28 23:00:00,
2017-09-28 23:30:00,
2017-09-29 00:00:00,
2017-09-29 00:00:00,
2017-09-29 00:30:00,
2017-09-29 01:00:00,
2017-09-29 01:30:00,
2017-09-29 02:00:00,
2017-09-29 02:30:00,
2017-09-29 03:00:00,
2017-09-29 03:30:00,
2017-09-29 04:00:00,
2017-09-29 04:30:00,
2017-09-29 05:00:00,
2017-09-29 05:30:00,
2017-09-29 06:00:00,
2017-09-29 06:30:00,
2017-09-29 07:00:00,
2017-09-29 07:30:00,
2017-09-29 08:00:00,
2017-09-29 08:30:00,
2017-09-29 09:00:00,
2017-09-29 09:30:00,
2017-09-29 10:00:00,
2017-09-29 10:30:00,
2017-09-29 11:00:00,
2017-09-29 11:30:00,
2017-09-29 12:00:00,
2017-09-29 12:30:00,
2017-09-29 13:00:00,
2017-09-29 13:30:00,
2017-09-29 14:00:00,
2017-09-29 14:30:00,
2017-09-29 15:00:00,
2017-09-29 15:30:00,
2017-09-29 16:00:00,
2017-09-29 16:30:00,
2017-09-29 17:00:00,
2017-09-29 17:30:00,
2017-09-29 18:00:00,
2017-09-29 18:30:00,
2017-09-29 19:00:00,
2017-09-29 19:30:00,
2017-09-29 20:00:00,
2017-09-29 20:30:00,
2017-09-29 21:00:00,
2017-09-29 21:30:00,
2017-09-29 22:00:00,
2017-09-29 22:30:00,
2017-09-29 23:00:00,
2017-09-29 23:30:00,
2017-09-30 00:00:00,
2017-09-30 00:00:00,
2017-09-30 00:30:00,
2017-09-30 01:00:00,
2017-09-30 01:30:00,
2017-09-30 02:00:00,
2017-09-30 02:30:00,
2017-09-30 03:00:00,
2017-09-30 03:30:00,
2017-09-30 04:00:00,
2017-09-30 04:30:00,
2017-09-30 05:00:00,
2017-09-30 05:30:00,
2017-09-30 06:00:00,
2017-09-30 06:30:00,
2017-09-30 07:00:00,
2017-09-30 07:30:00,
2017-09-30 08:00:00,
2017-09-30 08:30:00,
2017-09-30 09:00:00,
2017-09-30 09:30:00,
2017-09-30 10:00:00,
2017-09-30 10:30:00,
2017-09-30 11:00:00,
2017-09-30 11:30:00,
2017-09-30 12:00:00,
2017-09-30 12:30:00,
2017-09-30 13:00:00,
2017-09-30 13:30:00,
2017-09-30 14:00:00,
2017-09-30 14:30:00,
2017-09-30 15:00:00,
2017-09-30 15:30:00,
2017-09-30 16:00:00,
2017-09-30 16:30:00,
2017-09-30 17:00:00,
2017-09-30 17:30:00,
2017-09-30 18:00:00,
2017-09-30 18:30:00,
2017-09-30 19:00:00,
2017-09-30 19:30:00,
2017-09-30 20:00:00,
2017-09-30 20:30:00,
2017-09-30 21:00:00,
2017-09-30 21:30:00,
2017-09-30 22:00:00,
2017-09-30 22:30:00,
2017-09-30 23:00:00,
2017-09-30 23:30:00,
2017-10-01 00:00:00,
2017-10-01 00:00:00,
2017-10-01 00:30:00,
2017-10-01 01:00:00,
2017-10-01 01:30:00,
2017-10-01 02:00:00,
2017-10-01 02:30:00,
2017-10-01 03:00:00,
2017-10-01 03:30:00,
2017-10-01 04:00:00,
2017-10-01 04:30:00,
2017-10-01 05:00:00,
2017-10-01 05:30:00,
2017-10-01 06:00:00,
2017-10-01 06:30:00,
2017-10-01 07:00:00,
2017-10-01 07:30:00,
2017-10-01 08:00:00,
2017-10-01 08:30:00,
2017-10-01 09:00:00,
2017-10-01 09:30:00,
2017-10-01 10:00:00,
2017-10-01 10:30:00,
2017-10-01 11:00:00,
2017-10-01 11:30:00,
2017-10-01 12:00:00,
2017-10-01 12:30:00,
2017-10-01 13:00:00,
2017-10-01 13:30:00,
2017-10-01 14:00:00,
2017-10-01 14:30:00,
2017-10-01 15:00:00,
2017-10-01 15:30:00,
2017-10-01 16:00:00,
2017-10-01 16:30:00,
2017-10-01 17:00:00,
2017-10-01 17:30:00,
2017-10-01 18:00:00,
2017-10-01 18:30:00,
2017-10-01 19:00:00,
2017-10-01 19:30:00,
2017-10-01 20:00:00,
2017-10-01 20:30:00,
2017-10-01 21:00:00,
2017-10-01 21:30:00,
2017-10-01 22:00:00,
2017-10-01 22:30:00,
2017-10-01 23:00:00,
2017-10-01 23:30:00,
2017-10-02 00:00:00,
2017-10-02 00:00:00,
2017-10-02 00:30:00,
2017-10-02 01:00:00,
2017-10-02 01:30:00,
2017-10-02 02:00:00,
2017-10-02 02:30:00,
2017-10-02 03:00:00,
2017-10-02 03:30:00,
2017-10-02 04:00:00,
2017-10-02 04:30:00,
2017-10-02 05:00:00,
2017-10-02 05:30:00,
2017-10-02 06:00:00,
2017-10-02 06:30:00,
2017-10-02 07:00:00,
2017-10-02 07:30:00,
2017-10-02 08:00:00,
2017-10-02 08:30:00,
2017-10-02 09:00:00,
2017-10-02 09:30:00,
2017-10-02 10:00:00,
2017-10-02 10:30:00,
2017-10-02 11:00:00,
2017-10-02 11:30:00,
2017-10-02 12:00:00,
2017-10-02 12:30:00,
2017-10-02 13:00:00,
2017-10-02 13:30:00,
2017-10-02 14:00:00,
2017-10-02 14:30:00,
2017-10-02 15:00:00,
2017-10-02 15:30:00,
2017-10-02 16:00:00,
2017-10-02 16:30:00,
2017-10-02 17:00:00,
2017-10-02 17:30:00,
2017-10-02 18:00:00,
2017-10-02 18:30:00,
2017-10-02 19:00:00,
2017-10-02 19:30:00,
2017-10-02 20:00:00,
2017-10-02 20:30:00,
2017-10-02 21:00:00,
2017-10-02 21:30:00,
2017-10-02 22:00:00,
2017-10-02 22:30:00,
2017-10-02 23:00:00,
2017-10-02 23:30:00,
2017-10-03 00:00:00,
2017-10-03 00:00:00,
2017-10-03 00:30:00,
2017-10-03 01:00:00,
2017-10-03 01:30:00,
2017-10-03 02:00:00,
2017-10-03 02:30:00,
2017-10-03 03:00:00,
2017-10-03 03:30:00,
2017-10-03 04:00:00,
2017-10-03 04:30:00,
2017-10-03 05:00:00,
2017-10-03 05:30:00,
2017-10-03 06:00:00,
2017-10-03 06:30:00,
2017-10-03 07:00:00,
2017-10-03 07:30:00,
2017-10-03 08:00:00,
2017-10-03 08:30:00,
2017-10-03 09:00:00,
2017-10-03 09:30:00,
2017-10-03 10:00:00,
2017-10-03 10:30:00,
2017-10-03 11:00:00,
2017-10-03 11:30:00,
2017-10-03 12:00:00,
2017-10-03 12:30:00,
2017-10-03 13:00:00,
2017-10-03 13:30:00,
2017-10-03 14:00:00,
2017-10-03 14:30:00,
2017-10-03 15:00:00,
2017-10-03 15:30:00,
2017-10-03 16:00:00,
2017-10-03 16:30:00,
2017-10-03 17:00:00,
2017-10-03 17:30:00,
2017-10-03 18:00:00,
2017-10-03 18:30:00,
2017-10-03 19:00:00,
2017-10-03 19:30:00,
2017-10-03 20:00:00,
2017-10-03 20:30:00,
2017-10-03 21:00:00,
2017-10-03 21:30:00,
2017-10-03 22:00:00,
2017-10-03 22:30:00,
2017-10-03 23:00:00,
2017-10-03 23:30:00,
2017-10-04 00:00:00,
2017-10-04 00:00:00,
2017-10-04 00:30:00,
2017-10-04 01:00:00,
2017-10-04 01:30:00,
2017-10-04 02:00:00,
2017-10-04 02:30:00,
2017-10-04 03:00:00,
2017-10-04 03:30:00,
2017-10-04 04:00:00,
2017-10-04 04:30:00,
2017-10-04 05:00:00,
2017-10-04 05:30:00,
2017-10-04 06:00:00,
2017-10-04 06:30:00,
2017-10-04 07:00:00,
2017-10-04 07:30:00,
2017-10-04 08:00:00,
2017-10-04 08:30:00,
2017-10-04 09:00:00,
2017-10-04 09:30:00,
2017-10-04 10:00:00,
2017-10-04 10:30:00,
2017-10-04 11:00:00,
2017-10-04 11:30:00,
2017-10-04 12:00:00,
2017-10-04 12:30:00,
2017-10-04 13:00:00,
2017-10-04 13:30:00,
2017-10-04 14:00:00,
2017-10-04 14:30:00,
2017-10-04 15:00:00,
2017-10-04 15:30:00,
2017-10-04 16:00:00,
2017-10-04 16:30:00,
2017-10-04 17:00:00,
2017-10-04 17:30:00,
2017-10-04 18:00:00,
2017-10-04 18:30:00,
2017-10-04 19:00:00,
2017-10-04 19:30:00,
2017-10-04 20:00:00,
2017-10-04 20:30:00,
2017-10-04 21:00:00,
2017-10-04 21:30:00,
2017-10-04 22:00:00,
2017-10-04 22:30:00,
2017-10-04 23:00:00,
2017-10-04 23:30:00,
2017-10-05 00:00:00,
2017-10-05 00:00:00,
2017-10-05 00:30:00,
2017-10-05 01:00:00,
2017-10-05 01:30:00,
2017-10-05 02:00:00,
2017-10-05 02:30:00,
2017-10-05 03:00:00,
2017-10-05 03:30:00,
2017-10-05 04:00:00,
2017-10-05 04:30:00,
2017-10-05 05:00:00,
2017-10-05 05:30:00,
2017-10-05 06:00:00,
2017-10-05 06:30:00,
2017-10-05 07:00:00,
2017-10-05 07:30:00,
2017-10-05 08:00:00,
2017-10-05 08:30:00,
2017-10-05 09:00:00,
2017-10-05 09:30:00,
2017-10-05 10:00:00,
2017-10-05 10:30:00,
2017-10-05 11:00:00,
2017-10-05 11:30:00,
2017-10-05 12:00:00,
2017-10-05 12:30:00,
2017-10-05 13:00:00,
2017-10-05 13:30:00,
2017-10-05 14:00:00,
2017-10-05 14:30:00,
2017-10-05 15:00:00,
2017-10-05 15:30:00,
2017-10-05 16:00:00,
2017-10-05 16:30:00,
2017-10-05 17:00:00,
2017-10-05 17:30:00,
2017-10-05 18:00:00,
2017-10-05 18:30:00,
2017-10-05 19:00:00,
2017-10-05 19:30:00,
2017-10-05 20:00:00,
2017-10-05 20:30:00,
2017-10-05 21:00:00,
2017-10-05 21:30:00,
2017-10-05 22:00:00,
2017-10-05 22:30:00,
2017-10-05 23:00:00,
2017-10-05 23:30:00,
2017-10-06 00:00:00,
2017-10-06 00:00:00,
2017-10-06 00:30:00,
2017-10-06 01:00:00,
2017-10-06 01:30:00,
2017-10-06 02:00:00,
2017-10-06 02:30:00,
2017-10-06 03:00:00,
2017-10-06 03:30:00,
2017-10-06 04:00:00,
2017-10-06 04:30:00,
2017-10-06 05:00:00,
2017-10-06 05:30:00,
2017-10-06 06:00:00,
2017-10-06 06:30:00,
2017-10-06 07:00:00,
2017-10-06 07:30:00,
2017-10-06 08:00:00,
2017-10-06 08:30:00,
2017-10-06 09:00:00,
2017-10-06 09:30:00,
2017-10-06 10:00:00,
2017-10-06 10:30:00,
2017-10-06 11:00:00,
2017-10-06 11:30:00,
2017-10-06 12:00:00,
2017-10-06 12:30:00,
2017-10-06 13:00:00,
2017-10-06 13:30:00,
2017-10-06 14:00:00,
2017-10-06 14:30:00,
2017-10-06 15:00:00,
2017-10-06 15:30:00,
2017-10-06 16:00:00,
2017-10-06 16:30:00,
2017-10-06 17:00:00,
2017-10-06 17:30:00,
2017-10-06 18:00:00,
2017-10-06 18:30:00,
2017-10-06 19:00:00,
2017-10-06 19:30:00,
2017-10-06 20:00:00,
2017-10-06 20:30:00,
2017-10-06 21:00:00,
2017-10-06 21:30:00,
2017-10-06 22:00:00,
2017-10-06 22:30:00,
2017-10-06 23:00:00,
2017-10-06 23:30:00,
2017-10-07 00:00:00,
2017-10-07 00:00:00,
2017-10-07 00:30:00,
2017-10-07 01:00:00,
2017-10-07 01:30:00,
2017-10-07 02:00:00,
2017-10-07 02:30:00,
2017-10-07 03:00:00,
2017-10-07 03:30:00,
2017-10-07 04:00:00,
2017-10-07 04:30:00,
2017-10-07 05:00:00,
2017-10-07 05:30:00,
2017-10-07 06:00:00,
2017-10-07 06:30:00,
2017-10-07 07:00:00,
2017-10-07 07:30:00,
2017-10-07 08:00:00,
2017-10-07 08:30:00,
2017-10-07 09:00:00,
2017-10-07 09:30:00,
2017-10-07 10:00:00,
2017-10-07 10:30:00,
2017-10-07 11:00:00,
2017-10-07 11:30:00,
2017-10-07 12:00:00,
2017-10-07 12:30:00,
2017-10-07 13:00:00,
2017-10-07 13:30:00,
2017-10-07 14:00:00,
2017-10-07 14:30:00,
2017-10-07 15:00:00,
2017-10-07 15:30:00,
2017-10-07 16:00:00,
2017-10-07 16:30:00,
2017-10-07 17:00:00,
2017-10-07 17:30:00,
2017-10-07 18:00:00,
2017-10-07 18:30:00,
2017-10-07 19:00:00,
2017-10-07 19:30:00,
2017-10-07 20:00:00,
2017-10-07 20:30:00,
2017-10-07 21:00:00,
2017-10-07 21:30:00,
2017-10-07 22:00:00,
2017-10-07 22:30:00,
2017-10-07 23:00:00,
2017-10-07 23:30:00,
2017-10-08 00:00:00,
2017-10-08 00:00:00,
2017-10-08 00:30:00,
2017-10-08 01:00:00,
2017-10-08 01:30:00,
2017-10-08 02:00:00,
2017-10-08 02:30:00,
2017-10-08 03:00:00,
2017-10-08 03:30:00,
2017-10-08 04:00:00,
2017-10-08 04:30:00,
2017-10-08 05:00:00,
2017-10-08 05:30:00,
2017-10-08 06:00:00,
2017-10-08 06:30:00,
2017-10-08 07:00:00,
2017-10-08 07:30:00,
2017-10-08 08:00:00,
2017-10-08 08:30:00,
2017-10-08 09:00:00,
2017-10-08 09:30:00,
2017-10-08 10:00:00,
2017-10-08 10:30:00,
2017-10-08 11:00:00,
2017-10-08 11:30:00,
2017-10-08 12:00:00,
2017-10-08 12:30:00,
2017-10-08 13:00:00,
2017-10-08 13:30:00,
2017-10-08 14:00:00,
2017-10-08 14:30:00,
2017-10-08 15:00:00,
2017-10-08 15:30:00,
2017-10-08 16:00:00,
2017-10-08 16:30:00,
2017-10-08 17:00:00,
2017-10-08 17:30:00,
2017-10-08 18:00:00,
2017-10-08 18:30:00,
2017-10-08 19:00:00,
2017-10-08 19:30:00,
2017-10-08 20:00:00,
2017-10-08 20:30:00,
2017-10-08 21:00:00,
2017-10-08 21:30:00,
2017-10-08 22:00:00,
2017-10-08 22:30:00,
2017-10-08 23:00:00,
2017-10-08 23:30:00,
2017-10-09 00:00:00,
2017-10-09 00:00:00,
2017-10-09 00:30:00,
2017-10-09 01:00:00,
2017-10-09 01:30:00,
2017-10-09 02:00:00,
2017-10-09 02:30:00,
2017-10-09 03:00:00,
2017-10-09 03:30:00,
2017-10-09 04:00:00,
2017-10-09 04:30:00,
2017-10-09 05:00:00,
2017-10-09 05:30:00,
2017-10-09 06:00:00,
2017-10-09 06:30:00,
2017-10-09 07:00:00,
2017-10-09 07:30:00,
2017-10-09 08:00:00,
2017-10-09 08:30:00,
2017-10-09 09:00:00,
2017-10-09 09:30:00,
2017-10-09 10:00:00,
2017-10-09 10:30:00,
2017-10-09 11:00:00,
2017-10-09 11:30:00,
2017-10-09 12:00:00,
2017-10-09 12:30:00,
2017-10-09 13:00:00,
2017-10-09 13:30:00,
2017-10-09 14:00:00,
2017-10-09 14:30:00,
2017-10-09 15:00:00,
2017-10-09 15:30:00,
2017-10-09 16:00:00,
2017-10-09 16:30:00,
2017-10-09 17:00:00,
2017-10-09 17:30:00,
2017-10-09 18:00:00,
2017-10-09 18:30:00,
2017-10-09 19:00:00,
2017-10-09 19:30:00,
2017-10-09 20:00:00,
2017-10-09 20:30:00,
2017-10-09 21:00:00,
2017-10-09 21:30:00,
2017-10-09 22:00:00,
2017-10-09 22:30:00,
2017-10-09 23:00:00,
2017-10-09 23:30:00,
2017-10-10 00:00:00,
2017-10-10 00:00:00,
2017-10-10 00:30:00,
2017-10-10 01:00:00,
2017-10-10 01:30:00,
2017-10-10 02:00:00,
2017-10-10 02:30:00,
2017-10-10 03:00:00,
2017-10-10 03:30:00,
2017-10-10 04:00:00,
2017-10-10 04:30:00,
2017-10-10 05:00:00,
2017-10-10 05:30:00,
2017-10-10 06:00:00,
2017-10-10 06:30:00,
2017-10-10 07:00:00,
2017-10-10 07:30:00,
2017-10-10 08:00:00,
2017-10-10 08:30:00,
2017-10-10 09:00:00,
2017-10-10 09:30:00,
2017-10-10 10:00:00,
2017-10-10 10:30:00,
2017-10-10 11:00:00,
2017-10-10 11:30:00,
2017-10-10 12:00:00,
2017-10-10 12:30:00,
2017-10-10 13:00:00,
2017-10-10 13:30:00,
2017-10-10 14:00:00,
2017-10-10 14:30:00,
2017-10-10 15:00:00,
2017-10-10 15:30:00,
2017-10-10 16:00:00,
2017-10-10 16:30:00,
2017-10-10 17:00:00,
2017-10-10 17:30:00,
2017-10-10 18:00:00,
2017-10-10 18:30:00,
2017-10-10 19:00:00,
2017-10-10 19:30:00,
2017-10-10 20:00:00,
2017-10-10 20:30:00,
2017-10-10 21:00:00,
2017-10-10 21:30:00,
2017-10-10 22:00:00,
2017-10-10 22:30:00,
2017-10-10 23:00:00,
2017-10-10 23:30:00,
2017-10-11 00:00:00,
2017-10-11 00:00:00,
2017-10-11 00:30:00,
2017-10-11 01:00:00,
2017-10-11 01:30:00,
2017-10-11 02:00:00,
2017-10-11 02:30:00,
2017-10-11 03:00:00,
2017-10-11 03:30:00,
2017-10-11 04:00:00,
2017-10-11 04:30:00,
2017-10-11 05:00:00,
2017-10-11 05:30:00,
2017-10-11 06:00:00,
2017-10-11 06:30:00,
2017-10-11 07:00:00,
2017-10-11 07:30:00,
2017-10-11 08:00:00,
2017-10-11 08:30:00,
2017-10-11 09:00:00,
2017-10-11 09:30:00,
2017-10-11 10:00:00,
2017-10-11 10:30:00,
2017-10-11 11:00:00,
2017-10-11 11:30:00,
2017-10-11 12:00:00,
2017-10-11 12:30:00,
2017-10-11 13:00:00,
2017-10-11 13:30:00,
2017-10-11 14:00:00,
2017-10-11 14:30:00,
2017-10-11 15:00:00,
2017-10-11 15:30:00,
2017-10-11 16:00:00,
2017-10-11 16:30:00,
2017-10-11 17:00:00,
2017-10-11 17:30:00,
2017-10-11 18:00:00,
2017-10-11 18:30:00,
2017-10-11 19:00:00,
2017-10-11 19:30:00,
2017-10-11 20:00:00,
2017-10-11 20:30:00,
2017-10-11 21:00:00,
2017-10-11 21:30:00,
2017-10-11 22:00:00,
2017-10-11 22:30:00,
2017-10-11 23:00:00,
2017-10-11 23:30:00,
2017-10-12 00:00:00,
2017-10-12 00:00:00,
2017-10-12 00:30:00,
2017-10-12 01:00:00,
2017-10-12 01:30:00,
2017-10-12 02:00:00,
2017-10-12 02:30:00,
2017-10-12 03:00:00,
2017-10-12 03:30:00,
2017-10-12 04:00:00,
2017-10-12 04:30:00,
2017-10-12 05:00:00,
2017-10-12 05:30:00,
2017-10-12 06:00:00,
2017-10-12 06:30:00,
2017-10-12 07:00:00,
2017-10-12 07:30:00,
2017-10-12 08:00:00,
2017-10-12 08:30:00,
2017-10-12 09:00:00,
2017-10-12 09:30:00,
2017-10-12 10:00:00,
2017-10-12 10:30:00,
2017-10-12 11:00:00,
2017-10-12 11:30:00,
2017-10-12 12:00:00,
2017-10-12 12:30:00,
2017-10-12 13:00:00,
2017-10-12 13:30:00,
2017-10-12 14:00:00,
2017-10-12 14:30:00,
2017-10-12 15:00:00,
2017-10-12 15:30:00,
2017-10-12 16:00:00,
2017-10-12 16:30:00,
2017-10-12 17:00:00,
2017-10-12 17:30:00,
2017-10-12 18:00:00,
2017-10-12 18:30:00,
2017-10-12 19:00:00,
2017-10-12 19:30:00,
2017-10-12 20:00:00,
2017-10-12 20:30:00,
2017-10-12 21:00:00,
2017-10-12 21:30:00,
2017-10-12 22:00:00,
2017-10-12 22:30:00,
2017-10-12 23:00:00,
2017-10-12 23:30:00,
2017-10-13 00:00:00,
2017-10-13 00:00:00,
2017-10-13 00:30:00,
2017-10-13 01:00:00,
2017-10-13 01:30:00,
2017-10-13 02:00:00,
2017-10-13 02:30:00,
2017-10-13 03:00:00,
2017-10-13 03:30:00,
2017-10-13 04:00:00,
2017-10-13 04:30:00,
2017-10-13 05:00:00,
2017-10-13 05:30:00,
2017-10-13 06:00:00,
2017-10-13 06:30:00,
2017-10-13 07:00:00,
2017-10-13 07:30:00,
2017-10-13 08:00:00,
2017-10-13 08:30:00,
2017-10-13 09:00:00,
2017-10-13 09:30:00,
2017-10-13 10:00:00,
2017-10-13 10:30:00,
2017-10-13 11:00:00,
2017-10-13 11:30:00,
2017-10-13 12:00:00,
2017-10-13 12:30:00,
2017-10-13 13:00:00,
2017-10-13 13:30:00,
2017-10-13 14:00:00,
2017-10-13 14:30:00,
2017-10-13 15:00:00,
2017-10-13 15:30:00,
2017-10-13 16:00:00,
2017-10-13 16:30:00,
2017-10-13 17:00:00,
2017-10-13 17:30:00,
2017-10-13 18:00:00,
2017-10-13 18:30:00,
2017-10-13 19:00:00,
2017-10-13 19:30:00,
2017-10-13 20:00:00,
2017-10-13 20:30:00,
2017-10-13 21:00:00,
2017-10-13 21:30:00,
2017-10-13 22:00:00,
2017-10-13 22:30:00,
2017-10-13 23:00:00,
2017-10-13 23:30:00,
2017-10-14 00:00:00,
2017-10-14 00:00:00,
2017-10-14 00:30:00,
2017-10-14 01:00:00,
2017-10-14 01:30:00,
2017-10-14 02:00:00,
2017-10-14 02:30:00,
2017-10-14 03:00:00,
2017-10-14 03:30:00,
2017-10-14 04:00:00,
2017-10-14 04:30:00,
2017-10-14 05:00:00,
2017-10-14 05:30:00,
2017-10-14 06:00:00,
2017-10-14 06:30:00,
2017-10-14 07:00:00,
2017-10-14 07:30:00,
2017-10-14 08:00:00,
2017-10-14 08:30:00,
2017-10-14 09:00:00,
2017-10-14 09:30:00,
2017-10-14 10:00:00,
2017-10-14 10:30:00,
2017-10-14 11:00:00,
2017-10-14 11:30:00,
2017-10-14 12:00:00,
2017-10-14 12:30:00,
2017-10-14 13:00:00,
2017-10-14 13:30:00,
2017-10-14 14:00:00,
2017-10-14 14:30:00,
2017-10-14 15:00:00,
2017-10-14 15:30:00,
2017-10-14 16:00:00,
2017-10-14 16:30:00,
2017-10-14 17:00:00,
2017-10-14 17:30:00,
2017-10-14 18:00:00,
2017-10-14 18:30:00,
2017-10-14 19:00:00,
2017-10-14 19:30:00,
2017-10-14 20:00:00,
2017-10-14 20:30:00,
2017-10-14 21:00:00,
2017-10-14 21:30:00,
2017-10-14 22:00:00,
2017-10-14 22:30:00,
2017-10-14 23:00:00,
2017-10-14 23:30:00,
2017-10-15 00:00:00,
2017-10-15 00:00:00,
2017-10-15 00:30:00,
2017-10-15 01:00:00,
2017-10-15 01:30:00,
2017-10-15 02:00:00,
2017-10-15 02:30:00,
2017-10-15 03:00:00,
2017-10-15 03:30:00,
2017-10-15 04:00:00,
2017-10-15 04:30:00,
2017-10-15 05:00:00,
2017-10-15 05:30:00,
2017-10-15 06:00:00,
2017-10-15 06:30:00,
2017-10-15 07:00:00,
2017-10-15 07:30:00,
2017-10-15 08:00:00,
2017-10-15 08:30:00,
2017-10-15 09:00:00,
2017-10-15 09:30:00,
2017-10-15 10:00:00,
2017-10-15 10:30:00,
2017-10-15 11:00:00,
2017-10-15 11:30:00,
2017-10-15 12:00:00,
2017-10-15 12:30:00,
2017-10-15 13:00:00,
2017-10-15 13:30:00,
2017-10-15 14:00:00,
2017-10-15 14:30:00,
2017-10-15 15:00:00,
2017-10-15 15:30:00,
2017-10-15 16:00:00,
2017-10-15 16:30:00,
2017-10-15 17:00:00,
2017-10-15 17:30:00,
2017-10-15 18:00:00,
2017-10-15 18:30:00,
2017-10-15 19:00:00,
2017-10-15 19:30:00,
2017-10-15 20:00:00,
2017-10-15 20:30:00,
2017-10-15 21:00:00,
2017-10-15 21:30:00,
2017-10-15 22:00:00,
2017-10-15 22:30:00,
2017-10-15 23:00:00,
2017-10-15 23:30:00,
2017-10-16 00:00:00,
2017-10-16 00:00:00,
2017-10-16 00:30:00,
2017-10-16 01:00:00,
2017-10-16 01:30:00,
2017-10-16 02:00:00,
2017-10-16 02:30:00,
2017-10-16 03:00:00,
2017-10-16 03:30:00,
2017-10-16 04:00:00,
2017-10-16 04:30:00,
2017-10-16 05:00:00,
2017-10-16 05:30:00,
2017-10-16 06:00:00,
2017-10-16 06:30:00,
2017-10-16 07:00:00,
2017-10-16 07:30:00,
2017-10-16 08:00:00,
2017-10-16 08:30:00,
2017-10-16 09:00:00,
2017-10-16 09:30:00,
2017-10-16 10:00:00,
2017-10-16 10:30:00,
2017-10-16 11:00:00,
2017-10-16 11:30:00,
2017-10-16 12:00:00,
2017-10-16 12:30:00,
2017-10-16 13:00:00,
2017-10-16 13:30:00,
2017-10-16 14:00:00,
2017-10-16 14:30:00,
2017-10-16 15:00:00,
2017-10-16 15:30:00,
2017-10-16 16:00:00,
2017-10-16 16:30:00,
2017-10-16 17:00:00,
2017-10-16 17:30:00,
2017-10-16 18:00:00,
2017-10-16 18:30:00,
2017-10-16 19:00:00,
2017-10-16 19:30:00,
2017-10-16 20:00:00,
2017-10-16 20:30:00,
2017-10-16 21:00:00,
2017-10-16 21:30:00,
2017-10-16 22:00:00,
2017-10-16 22:30:00,
2017-10-16 23:00:00,
2017-10-16 23:30:00,
2017-10-17 00:00:00,
2017-10-17 00:00:00,
2017-10-17 00:30:00,
2017-10-17 01:00:00,
2017-10-17 01:30:00,
2017-10-17 02:00:00,
2017-10-17 02:30:00,
2017-10-17 03:00:00,
2017-10-17 03:30:00,
2017-10-17 04:00:00,
2017-10-17 04:30:00,
2017-10-17 05:00:00,
2017-10-17 05:30:00,
2017-10-17 06:00:00,
2017-10-17 06:30:00,
2017-10-17 07:00:00,
2017-10-17 07:30:00,
2017-10-17 08:00:00,
2017-10-17 08:30:00,
2017-10-17 09:00:00,
2017-10-17 09:30:00,
2017-10-17 10:00:00,
2017-10-17 10:30:00,
2017-10-17 11:00:00,
2017-10-17 11:30:00,
2017-10-17 12:00:00,
2017-10-17 12:30:00,
2017-10-17 13:00:00,
2017-10-17 13:30:00,
2017-10-17 14:00:00,
2017-10-17 14:30:00,
2017-10-17 15:00:00,
2017-10-17 15:30:00,
2017-10-17 16:00:00,
2017-10-17 16:30:00,
2017-10-17 17:00:00,
2017-10-17 17:30:00,
2017-10-17 18:00:00,
2017-10-17 18:30:00,
2017-10-17 19:00:00,
2017-10-17 19:30:00,
2017-10-17 20:00:00,
2017-10-17 20:30:00,
2017-10-17 21:00:00,
2017-10-17 21:30:00,
2017-10-17 22:00:00,
2017-10-17 22:30:00,
2017-10-17 23:00:00,
2017-10-17 23:30:00,
2017-10-18 00:00:00,
2017-10-18 00:00:00,
2017-10-18 00:30:00,
2017-10-18 01:00:00,
2017-10-18 01:30:00,
2017-10-18 02:00:00,
2017-10-18 02:30:00,
2017-10-18 03:00:00,
2017-10-18 03:30:00,
2017-10-18 04:00:00,
2017-10-18 04:30:00,
2017-10-18 05:00:00,
2017-10-18 05:30:00,
2017-10-18 06:00:00,
2017-10-18 06:30:00,
2017-10-18 07:00:00,
2017-10-18 07:30:00,
2017-10-18 08:00:00,
2017-10-18 08:30:00,
2017-10-18 09:00:00,
2017-10-18 09:30:00,
2017-10-18 10:00:00,
2017-10-18 10:30:00,
2017-10-18 11:00:00,
2017-10-18 11:30:00,
2017-10-18 12:00:00,
2017-10-18 12:30:00,
2017-10-18 13:00:00,
2017-10-18 13:30:00,
2017-10-18 14:00:00,
2017-10-18 14:30:00,
2017-10-18 15:00:00,
2017-10-18 15:30:00,
2017-10-18 16:00:00,
2017-10-18 16:30:00,
2017-10-18 17:00:00,
2017-10-18 17:30:00,
2017-10-18 18:00:00,
2017-10-18 18:30:00,
2017-10-18 19:00:00,
2017-10-18 19:30:00,
2017-10-18 20:00:00,
2017-10-18 20:30:00,
2017-10-18 21:00:00,
2017-10-18 21:30:00,
2017-10-18 22:00:00,
2017-10-18 22:30:00,
2017-10-18 23:00:00,
2017-10-18 23:30:00,
2017-10-19 00:00:00,
2017-10-19 00:00:00,
2017-10-19 00:30:00,
2017-10-19 01:00:00,
2017-10-19 01:30:00,
2017-10-19 02:00:00,
2017-10-19 02:30:00,
2017-10-19 03:00:00,
2017-10-19 03:30:00,
2017-10-19 04:00:00,
2017-10-19 04:30:00,
2017-10-19 05:00:00,
2017-10-19 05:30:00,
2017-10-19 06:00:00,
2017-10-19 06:30:00,
2017-10-19 07:00:00,
2017-10-19 07:30:00,
2017-10-19 08:00:00,
2017-10-19 08:30:00,
2017-10-19 09:00:00,
2017-10-19 09:30:00,
2017-10-19 10:00:00,
2017-10-19 10:30:00,
2017-10-19 11:00:00,
2017-10-19 11:30:00,
2017-10-19 12:00:00,
2017-10-19 12:30:00,
2017-10-19 13:00:00,
2017-10-19 13:30:00,
2017-10-19 14:00:00,
2017-10-19 14:30:00,
2017-10-19 15:00:00,
2017-10-19 15:30:00,
2017-10-19 16:00:00,
2017-10-19 16:30:00,
2017-10-19 17:00:00,
2017-10-19 17:30:00,
2017-10-19 18:00:00,
2017-10-19 18:30:00,
2017-10-19 19:00:00,
2017-10-19 19:30:00,
2017-10-19 20:00:00,
2017-10-19 20:30:00,
2017-10-19 21:00:00,
2017-10-19 21:30:00,
2017-10-19 22:00:00,
2017-10-19 22:30:00,
2017-10-19 23:00:00,
2017-10-19 23:30:00,
2017-10-20 00:00:00,
2017-10-20 00:00:00,
2017-10-20 00:30:00,
2017-10-20 01:00:00,
2017-10-20 01:30:00,
2017-10-20 02:00:00,
2017-10-20 02:30:00,
2017-10-20 03:00:00,
2017-10-20 03:30:00,
2017-10-20 04:00:00,
2017-10-20 04:30:00,
2017-10-20 05:00:00,
2017-10-20 05:30:00,
2017-10-20 06:00:00,
2017-10-20 06:30:00,
2017-10-20 07:00:00,
2017-10-20 07:30:00,
2017-10-20 08:00:00,
2017-10-20 08:30:00,
2017-10-20 09:00:00,
2017-10-20 09:30:00,
2017-10-20 10:00:00,
2017-10-20 10:30:00,
2017-10-20 11:00:00,
2017-10-20 11:30:00,
2017-10-20 12:00:00,
2017-10-20 12:30:00,
2017-10-20 13:00:00,
2017-10-20 13:30:00,
2017-10-20 14:00:00,
2017-10-20 14:30:00,
2017-10-20 15:00:00,
2017-10-20 15:30:00,
2017-10-20 16:00:00,
2017-10-20 16:30:00,
2017-10-20 17:00:00,
2017-10-20 17:30:00,
2017-10-20 18:00:00,
2017-10-20 18:30:00,
2017-10-20 19:00:00,
2017-10-20 19:30:00,
2017-10-20 20:00:00,
2017-10-20 20:30:00,
2017-10-20 21:00:00,
2017-10-20 21:30:00,
2017-10-20 22:00:00,
2017-10-20 22:30:00,
2017-10-20 23:00:00,
2017-10-20 23:30:00,
2017-10-21 00:00:00,
2017-10-21 00:00:00,
2017-10-21 00:30:00,
2017-10-21 01:00:00,
2017-10-21 01:30:00,
2017-10-21 02:00:00,
2017-10-21 02:30:00,
2017-10-21 03:00:00,
2017-10-21 03:30:00,
2017-10-21 04:00:00,
2017-10-21 04:30:00,
2017-10-21 05:00:00,
2017-10-21 05:30:00,
2017-10-21 06:00:00,
2017-10-21 06:30:00,
2017-10-21 07:00:00,
2017-10-21 07:30:00,
2017-10-21 08:00:00,
2017-10-21 08:30:00,
2017-10-21 09:00:00,
2017-10-21 09:30:00,
2017-10-21 10:00:00,
2017-10-21 10:30:00,
2017-10-21 11:00:00,
2017-10-21 11:30:00,
2017-10-21 12:00:00,
2017-10-21 12:30:00,
2017-10-21 13:00:00,
2017-10-21 13:30:00,
2017-10-21 14:00:00,
2017-10-21 14:30:00,
2017-10-21 15:00:00,
2017-10-21 15:30:00,
2017-10-21 16:00:00,
2017-10-21 16:30:00,
2017-10-21 17:00:00,
2017-10-21 17:30:00,
2017-10-21 18:00:00,
2017-10-21 18:30:00,
2017-10-21 19:00:00,
2017-10-21 19:30:00,
2017-10-21 20:00:00,
2017-10-21 20:30:00,
2017-10-21 21:00:00,
2017-10-21 21:30:00,
2017-10-21 22:00:00,
2017-10-21 22:30:00,
2017-10-21 23:00:00,
2017-10-21 23:30:00,
2017-10-22 00:00:00,
2017-10-22 00:00:00,
2017-10-22 00:30:00,
2017-10-22 01:00:00,
2017-10-22 01:30:00,
2017-10-22 02:00:00,
2017-10-22 02:30:00,
2017-10-22 03:00:00,
2017-10-22 03:30:00,
2017-10-22 04:00:00,
2017-10-22 04:30:00,
2017-10-22 05:00:00,
2017-10-22 05:30:00,
2017-10-22 06:00:00,
2017-10-22 06:30:00,
2017-10-22 07:00:00,
2017-10-22 07:30:00,
2017-10-22 08:00:00,
2017-10-22 08:30:00,
2017-10-22 09:00:00,
2017-10-22 09:30:00,
2017-10-22 10:00:00,
2017-10-22 10:30:00,
2017-10-22 11:00:00,
2017-10-22 11:30:00,
2017-10-22 12:00:00,
2017-10-22 12:30:00,
2017-10-22 13:00:00,
2017-10-22 13:30:00,
2017-10-22 14:00:00,
2017-10-22 14:30:00,
2017-10-22 15:00:00,
2017-10-22 15:30:00,
2017-10-22 16:00:00,
2017-10-22 16:30:00,
2017-10-22 17:00:00,
2017-10-22 17:30:00,
2017-10-22 18:00:00,
2017-10-22 18:30:00,
2017-10-22 19:00:00,
2017-10-22 19:30:00,
2017-10-22 20:00:00,
2017-10-22 20:30:00,
2017-10-22 21:00:00,
2017-10-22 21:30:00,
2017-10-22 22:00:00,
2017-10-22 22:30:00,
2017-10-22 23:00:00,
2017-10-22 23:30:00,
2017-10-23 00:00:00,
2017-10-23 00:00:00,
2017-10-23 00:30:00,
2017-10-23 01:00:00,
2017-10-23 01:30:00,
2017-10-23 02:00:00,
2017-10-23 02:30:00,
2017-10-23 03:00:00,
2017-10-23 03:30:00,
2017-10-23 04:00:00,
2017-10-23 04:30:00,
2017-10-23 05:00:00,
2017-10-23 05:30:00,
2017-10-23 06:00:00,
2017-10-23 06:30:00,
2017-10-23 07:00:00,
2017-10-23 07:30:00,
2017-10-23 08:00:00,
2017-10-23 08:30:00,
2017-10-23 09:00:00,
2017-10-23 09:30:00,
2017-10-23 10:00:00,
2017-10-23 10:30:00,
2017-10-23 11:00:00,
2017-10-23 11:30:00,
2017-10-23 12:00:00,
2017-10-23 12:30:00,
2017-10-23 13:00:00,
2017-10-23 13:30:00,
2017-10-23 14:00:00,
2017-10-23 14:30:00,
2017-10-23 15:00:00,
2017-10-23 15:30:00,
2017-10-23 16:00:00,
2017-10-23 16:30:00,
2017-10-23 17:00:00,
2017-10-23 17:30:00,
2017-10-23 18:00:00,
2017-10-23 18:30:00,
2017-10-23 19:00:00,
2017-10-23 19:30:00,
2017-10-23 20:00:00,
2017-10-23 20:30:00,
2017-10-23 21:00:00,
2017-10-23 21:30:00,
2017-10-23 22:00:00,
2017-10-23 22:30:00,
2017-10-23 23:00:00,
2017-10-23 23:30:00,
2017-10-24 00:00:00,
2017-10-24 00:00:00,
2017-10-24 00:30:00,
2017-10-24 01:00:00,
2017-10-24 01:30:00,
2017-10-24 02:00:00,
2017-10-24 02:30:00,
2017-10-24 03:00:00,
2017-10-24 03:30:00,
2017-10-24 04:00:00,
2017-10-24 04:30:00,
2017-10-24 05:00:00,
2017-10-24 05:30:00,
2017-10-24 06:00:00,
2017-10-24 06:30:00,
2017-10-24 07:00:00,
2017-10-24 07:30:00,
2017-10-24 08:00:00,
2017-10-24 08:30:00,
2017-10-24 09:00:00,
2017-10-24 09:30:00,
2017-10-24 10:00:00,
2017-10-24 10:30:00,
2017-10-24 11:00:00,
2017-10-24 11:30:00,
2017-10-24 12:00:00,
2017-10-24 12:30:00,
2017-10-24 13:00:00,
2017-10-24 13:30:00,
2017-10-24 14:00:00,
2017-10-24 14:30:00,
2017-10-24 15:00:00,
2017-10-24 15:30:00,
2017-10-24 16:00:00,
2017-10-24 16:30:00,
2017-10-24 17:00:00,
2017-10-24 17:30:00,
2017-10-24 18:00:00,
2017-10-24 18:30:00,
2017-10-24 19:00:00,
2017-10-24 19:30:00,
2017-10-24 20:00:00,
2017-10-24 20:30:00,
2017-10-24 21:00:00,
2017-10-24 21:30:00,
2017-10-24 22:00:00,
2017-10-24 22:30:00,
2017-10-24 23:00:00,
2017-10-24 23:30:00,
2017-10-25 00:00:00,
2017-10-25 00:00:00,
2017-10-25 00:30:00,
2017-10-25 01:00:00,
2017-10-25 01:30:00,
2017-10-25 02:00:00,
2017-10-25 02:30:00,
2017-10-25 03:00:00,
2017-10-25 03:30:00,
2017-10-25 04:00:00,
2017-10-25 04:30:00,
2017-10-25 05:00:00,
2017-10-25 05:30:00,
2017-10-25 06:00:00,
2017-10-25 06:30:00,
2017-10-25 07:00:00,
2017-10-25 07:30:00,
2017-10-25 08:00:00,
2017-10-25 08:30:00,
2017-10-25 09:00:00,
2017-10-25 09:30:00,
2017-10-25 10:00:00,
2017-10-25 10:30:00,
2017-10-25 11:00:00,
2017-10-25 11:30:00,
2017-10-25 12:00:00,
2017-10-25 12:30:00,
2017-10-25 13:00:00,
2017-10-25 13:30:00,
2017-10-25 14:00:00,
2017-10-25 14:30:00,
2017-10-25 15:00:00,
2017-10-25 15:30:00,
2017-10-25 16:00:00,
2017-10-25 16:30:00,
2017-10-25 17:00:00,
2017-10-25 17:30:00,
2017-10-25 18:00:00,
2017-10-25 18:30:00,
2017-10-25 19:00:00,
2017-10-25 19:30:00,
2017-10-25 20:00:00,
2017-10-25 20:30:00,
2017-10-25 21:00:00,
2017-10-25 21:30:00,
2017-10-25 22:00:00,
2017-10-25 22:30:00,
2017-10-25 23:00:00,
2017-10-25 23:30:00,
2017-10-26 00:00:00,
2017-10-26 00:00:00,
2017-10-26 00:30:00,
2017-10-26 01:00:00,
2017-10-26 01:30:00,
2017-10-26 02:00:00,
2017-10-26 02:30:00,
2017-10-26 03:00:00,
2017-10-26 03:30:00,
2017-10-26 04:00:00,
2017-10-26 04:30:00,
2017-10-26 05:00:00,
2017-10-26 05:30:00,
2017-10-26 06:00:00,
2017-10-26 06:30:00,
2017-10-26 07:00:00,
2017-10-26 07:30:00,
2017-10-26 08:00:00,
2017-10-26 08:30:00,
2017-10-26 09:00:00,
2017-10-26 09:30:00,
2017-10-26 10:00:00,
2017-10-26 10:30:00,
2017-10-26 11:00:00,
2017-10-26 11:30:00,
2017-10-26 12:00:00,
2017-10-26 12:30:00,
2017-10-26 13:00:00,
2017-10-26 13:30:00,
2017-10-26 14:00:00,
2017-10-26 14:30:00,
2017-10-26 15:00:00,
2017-10-26 15:30:00,
2017-10-26 16:00:00,
2017-10-26 16:30:00,
2017-10-26 17:00:00,
2017-10-26 17:30:00,
2017-10-26 18:00:00,
2017-10-26 18:30:00,
2017-10-26 19:00:00,
2017-10-26 19:30:00,
2017-10-26 20:00:00,
2017-10-26 20:30:00,
2017-10-26 21:00:00,
2017-10-26 21:30:00,
2017-10-26 22:00:00,
2017-10-26 22:30:00,
2017-10-26 23:00:00,
2017-10-26 23:30:00,
2017-10-27 00:00:00,
2017-10-27 00:00:00,
2017-10-27 00:30:00,
2017-10-27 01:00:00,
2017-10-27 01:30:00,
2017-10-27 02:00:00,
2017-10-27 02:30:00,
2017-10-27 03:00:00,
2017-10-27 03:30:00,
2017-10-27 04:00:00,
2017-10-27 04:30:00,
2017-10-27 05:00:00,
2017-10-27 05:30:00,
2017-10-27 06:00:00,
2017-10-27 06:30:00,
2017-10-27 07:00:00,
2017-10-27 07:30:00,
2017-10-27 08:00:00,
2017-10-27 08:30:00,
2017-10-27 09:00:00,
2017-10-27 09:30:00,
2017-10-27 10:00:00,
2017-10-27 10:30:00,
2017-10-27 11:00:00,
2017-10-27 11:30:00,
2017-10-27 12:00:00,
2017-10-27 12:30:00,
2017-10-27 13:00:00,
2017-10-27 13:30:00,
2017-10-27 14:00:00,
2017-10-27 14:30:00,
2017-10-27 15:00:00,
2017-10-27 15:30:00,
2017-10-27 16:00:00,
2017-10-27 16:30:00,
2017-10-27 17:00:00,465.37
2017-10-27 17:30:00,577.78
2017-10-27 18:00:00,614.68
2017-10-27 18:30:00,671.71
2017-10-27 19:00:00,653.88
2017-10-27 19:30:00,696.95
2017-10-27 20:00:00,692.57
2017-10-27 20:30:00,725.59
2017-10-27 21:00:00,765.29
2017-10-27 21:30:00,698.43
2017-10-27 22:00:00,724.37
2017-10-27 22:30:00,698.2
2017-10-27 23:00:00,768.5
2017-10-27 23:30:00,727.1
2017-10-28 00:00:00,663.21
2017-10-28 00:00:00,663.21
2017-10-28 00:30:00,565.76
2017-10-28 01:00:00,477.89
2017-10-28 01:30:00,414.26
2017-10-28 02:00:00,365.24
2017-10-28 02:30:00,293.56
2017-10-28 03:00:00,282.12
2017-10-28 03:30:00,293.86
2017-10-28 04:00:00,294.66
2017-10-28 04:30:00,280.21
2017-10-28 05:00:00,296.19
2017-10-28 05:30:00,314.19
2017-10-28 06:00:00,310.7
2017-10-28 06:30:00,306.97
2017-10-28 07:00:00,318.96
2017-10-28 07:30:00,363.39
2017-10-28 08:00:00,438.22
2017-10-28 08:30:00,486.71
2017-10-28 09:00:00,512.06
2017-10-28 09:30:00,491.63
2017-10-28 10:00:00,480.36
2017-10-28 10:30:00,560.99
2017-10-28 11:00:00,502.92
2017-10-28 11:30:00,575.86
2017-10-28 12:00:00,564.72
2017-10-28 12:30:00,540.59
2017-10-28 13:00:00,537.87
2017-10-28 13:30:00,539.31
2017-10-28 14:00:00,520.91
2017-10-28 14:30:00,484.01
2017-10-28 15:00:00,506.31
2017-10-28 15:30:00,528.48
2017-10-28 16:00:00,546.4
2017-10-28 16:30:00,502.55
2017-10-28 17:00:00,556.51
2017-10-28 17:30:00,575.1
2017-10-28 18:00:00,634.46
2017-10-28 18:30:00,618.56
2017-10-28 19:00:00,623.14
2017-10-28 19:30:00,682.06
2017-10-28 20:00:00,665.73
2017-10-28 20:30:00,676.58
2017-10-28 21:00:00,680.91
2017-10-28 21:30:00,754.74
2017-10-28 22:00:00,779.99
2017-10-28 22:30:00,714.97
2017-10-28 23:00:00,769.45
2017-10-28 23:30:00,706.05
2017-10-29 00:00:00,605.52
2017-10-29 00:00:00,605.52
2017-10-29 00:30:00,498.04
2017-10-29 01:00:00,440.23
2017-10-29 01:30:00,378.68
2017-10-29 02:00:00,339.57
2017-10-29 02:30:00,316.59
2017-10-29 03:00:00,284.89
2017-10-29 03:30:00,312.61
2017-10-29 04:00:00,285.23
2017-10-29 04:30:00,285.03
2017-10-29 05:00:00,289.82
2017-10-29 05:30:00,323.14
2017-10-29 06:00:00,349.31
2017-10-29 06:30:00,290.06
2017-10-29 07:00:00,302.42
2017-10-29 07:30:00,319.0
2017-10-29 08:00:00,405.32
2017-10-29 08:30:00,451.02
2017-10-29 09:00:00,499.08
2017-10-29 09:30:00,521.46
2017-10-29 10:00:00,511.46
2017-10-29 10:30:00,542.59
2017-10-29 11:00:00,486.94
2017-10-29 11:30:00,504.9
2017-10-29 12:00:00,553.19
2017-10-29 12:30:00,622.15
2017-10-29 13:00:00,538.81
2017-10-29 13:30:00,529.44
2017-10-29 14:00:00,486.38
2017-10-29 14:30:00,520.9
2017-10-29 15:00:00,511.94
2017-10-29 15:30:00,536.18
2017-10-29 16:00:00,560.86
2017-10-29 16:30:00,558.14
2017-10-29 17:00:00,593.98
2017-10-29 17:30:00,683.15
2017-10-29 18:00:00,796.0
2017-10-29 18:30:00,787.07
2017-10-29 19:00:00,752.89
2017-10-29 19:30:00,806.09
2017-10-29 20:00:00,821.83
2017-10-29 20:30:00,863.3
2017-10-29 21:00:00,891.63
2017-10-29 21:30:00,896.09
2017-10-29 22:00:00,909.22
2017-10-29 22:30:00,864.49
2017-10-29 23:00:00,859.77
2017-10-29 23:30:00,827.02
2017-10-30 00:00:00,702.45
2017-10-30 00:00:00,702.45
2017-10-30 00:30:00,597.82
2017-10-30 01:00:00,486.3
2017-10-30 01:30:00,415.86
2017-10-30 02:00:00,388.79
2017-10-30 02:30:00,304.43
2017-10-30 03:00:00,310.91
2017-10-30 03:30:00,313.47
2017-10-30 04:00:00,287.33
2017-10-30 04:30:00,298.18
2017-10-30 05:00:00,315.2
2017-10-30 05:30:00,323.56
2017-10-30 06:00:00,331.11
2017-10-30 06:30:00,321.84
2017-10-30 07:00:00,385.52
2017-10-30 07:30:00,456.05
2017-10-30 08:00:00,635.25
2017-10-30 08:30:00,667.66
2017-10-30 09:00:00,524.45
2017-10-30 09:30:00,538.31
2017-10-30 10:00:00,538.99
2017-10-30 10:30:00,527.95
2017-10-30 11:00:00,502.38
2017-10-30 11:30:00,500.09
2017-10-30 12:00:00,517.9
2017-10-30 12:30:00,501.39
2017-10-30 13:00:00,467.6
2017-10-30 13:30:00,440.71
2017-10-30 14:00:00,448.71
2017-10-30 14:30:00,449.49
2017-10-30 15:00:00,448.34
2017-10-30 15:30:00,409.78
2017-10-30 16:00:00,520.37
2017-10-30 16:30:00,519.99
2017-10-30 17:00:00,542.84
2017-10-30 17:30:00,601.25
2017-10-30 18:00:00,707.94
2017-10-30 18:30:00,752.11
2017-10-30 19:00:00,781.91
2017-10-30 19:30:00,819.67
2017-10-30 20:00:00,869.51
2017-10-30 20:30:00,886.25
2017-10-30 21:00:00,908.47
2017-10-30 21:30:00,891.6
2017-10-30 22:00:00,905.06
2017-10-30 22:30:00,990.5
2017-10-30 23:00:00,980.75
2017-10-30 23:30:00,880.68
2017-10-31 00:00:00,729.44
2017-10-31 00:00:00,729.44
2017-10-31 00:30:00,620.8
2017-10-31 01:00:00,531.75
2017-10-31 01:30:00,441.13
2017-10-31 02:00:00,398.7
2017-10-31 02:30:00,334.91
2017-10-31 03:00:00,317.33
2017-10-31 03:30:00,286.45
2017-10-31 04:00:00,299.52
2017-10-31 04:30:00,284.33
2017-10-31 05:00:00,301.93
2017-10-31 05:30:00,327.52
2017-10-31 06:00:00,334.25
2017-10-31 06:30:00,312.56
2017-10-31 07:00:00,339.04
2017-10-31 07:30:00,458.22
2017-10-31 08:00:00,689.63
2017-10-31 08:30:00,674.11
2017-10-31 09:00:00,602.64
2017-10-31 09:30:00,587.17
2017-10-31 10:00:00,556.84
2017-10-31 10:30:00,521.87
2017-10-31 11:00:00,500.09
2017-10-31 11:30:00,565.89
2017-10-31 12:00:00,570.75
2017-10-31 12:30:00,599.74
2017-10-31 13:00:00,509.4
2017-10-31 13:30:00,418.52
2017-10-31 14:00:00,394.15
2017-10-31 14:30:00,426.74
2017-10-31 15:00:00,430.64
2017-10-31 15:30:00,441.68
2017-10-31 16:00:00,547.0
2017-10-31 16:30:00,498.64
2017-10-31 17:00:00,551.43
2017-10-31 17:30:00,669.35
2017-10-31 18:00:00,685.62
2017-10-31 18:30:00,754.93
2017-10-31 19:00:00,809.25
2017-10-31 19:30:00,799.44
2017-10-31 20:00:00,876.07
2017-10-31 20:30:00,855.46
2017-10-31 21:00:00,880.11
2017-10-31 21:30:00,897.2
2017-10-31 22:00:00,954.89
2017-10-31 22:30:00,969.58
2017-10-31 23:00:00,1011.3
2017-10-31 23:30:00,922.44
2017-11-01 00:00:00,809.34
2017-11-01 00:00:00,809.34
2017-11-01 00:30:00,699.08
2017-11-01 01:00:00,571.01
2017-11-01 01:30:00,456.94
2017-11-01 02:00:00,422.74
2017-11-01 02:30:00,353.58
2017-11-01 03:00:00,316.52
2017-11-01 03:30:00,311.53
2017-11-01 04:00:00,325.23
2017-11-01 04:30:00,329.2
2017-11-01 05:00:00,315.01
2017-11-01 05:30:00,320.75
2017-11-01 06:00:00,323.37
2017-11-01 06:30:00,309.04
2017-11-01 07:00:00,364.12
2017-11-01 07:30:00,501.32
2017-11-01 08:00:00,648.98
2017-11-01 08:30:00,678.96
2017-11-01 09:00:00,596.14
2017-11-01 09:30:00,516.81
2017-11-01 10:00:00,539.14
2017-11-01 10:30:00,519.57
2017-11-01 11:00:00,459.44
2017-11-01 11:30:00,512.38
2017-11-01 12:00:00,505.06
2017-11-01 12:30:00,518.12
2017-11-01 13:00:00,557.48
2017-11-01 13:30:00,467.31
2017-11-01 14:00:00,432.18
2017-11-01 14:30:00,486.91
2017-11-01 15:00:00,499.07
2017-11-01 15:30:00,458.26
2017-11-01 16:00:00,506.28
2017-11-01 16:30:00,562.34
2017-11-01 17:00:00,622.17
2017-11-01 17:30:00,661.53
2017-11-01 18:00:00,760.78
2017-11-01 18:30:00,770.72
2017-11-01 19:00:00,730.51
2017-11-01 19:30:00,797.57
2017-11-01 20:00:00,831.61
2017-11-01 20:30:00,823.48
2017-11-01 21:00:00,902.24
2017-11-01 21:30:00,957.63
2017-11-01 22:00:00,954.17
2017-11-01 22:30:00,1030.52
2017-11-01 23:00:00,1024.28
2017-11-01 23:30:00,921.33
2017-11-02 00:00:00,749.07
2017-11-02 00:00:00,749.07
2017-11-02 00:30:00,685.78
2017-11-02 01:00:00,528.13
2017-11-02 01:30:00,426.19
2017-11-02 02:00:00,354.26
2017-11-02 02:30:00,332.23
2017-11-02 03:00:00,313.95
2017-11-02 03:30:00,303.55
2017-11-02 04:00:00,303.46
2017-11-02 04:30:00,299.83
2017-11-02 05:00:00,316.2
2017-11-02 05:30:00,348.67
2017-11-02 06:00:00,343.31
2017-11-02 06:30:00,317.34
2017-11-02 07:00:00,383.2
2017-11-02 07:30:00,487.93
2017-11-02 08:00:00,642.26
2017-11-02 08:30:00,649.75
2017-11-02 09:00:00,589.29
2017-11-02 09:30:00,482.54
2017-11-02 10:00:00,471.22
2017-11-02 10:30:00,525.33
2017-11-02 11:00:00,486.43
2017-11-02 11:30:00,491.56
2017-11-02 12:00:00,516.29
2017-11-02 12:30:00,548.18
2017-11-02 13:00:00,519.75
2017-11-02 13:30:00,451.24
2017-11-02 14:00:00,445.38
2017-11-02 14:30:00,412.38
2017-11-02 15:00:00,420.03
2017-11-02 15:30:00,444.27
2017-11-02 16:00:00,466.07
2017-11-02 16:30:00,495.61
2017-11-02 17:00:00,532.14
2017-11-02 17:30:00,572.89
2017-11-02 18:00:00,676.14
2017-11-02 18:30:00,730.95
2017-11-02 19:00:00,786.93
2017-11-02 19:30:00,749.48
2017-11-02 20:00:00,804.41
2017-11-02 20:30:00,812.99
2017-11-02 21:00:00,876.82
2017-11-02 21:30:00,890.39
2017-11-02 22:00:00,924.28
2017-11-02 22:30:00,946.35
2017-11-02 23:00:00,978.79
2017-11-02 23:30:00,895.73
2017-11-03 00:00:00,801.28
2017-11-03 00:00:00,801.28
2017-11-03 00:30:00,660.57
2017-11-03 01:00:00,539.98
2017-11-03 01:30:00,468.7
2017-11-03 02:00:00,401.9
2017-11-03 02:30:00,346.67
2017-11-03 03:00:00,342.74
2017-11-03 03:30:00,289.54
2017-11-03 04:00:00,287.97
2017-11-03 04:30:00,298.1
2017-11-03 05:00:00,308.81
2017-11-03 05:30:00,351.66
2017-11-03 06:00:00,309.31
2017-11-03 06:30:00,305.77
2017-11-03 07:00:00,357.98
2017-11-03 07:30:00,517.49
2017-11-03 08:00:00,676.51
2017-11-03 08:30:00,607.8
2017-11-03 09:00:00,569.26
2017-11-03 09:30:00,538.46
2017-11-03 10:00:00,523.07
2017-11-03 10:30:00,519.14
2017-11-03 11:00:00,525.32
2017-11-03 11:30:00,482.21
2017-11-03 12:00:00,470.34
2017-11-03 12:30:00,507.94
2017-11-03 13:00:00,457.03
2017-11-03 13:30:00,411.82
2017-11-03 14:00:00,395.84
2017-11-03 14:30:00,382.3
2017-11-03 15:00:00,409.06
2017-11-03 15:30:00,415.03
2017-11-03 16:00:00,513.9
2017-11-03 16:30:00,547.04
2017-11-03 17:00:00,509.22
2017-11-03 17:30:00,588.45
2017-11-03 18:00:00,664.42
2017-11-03 18:30:00,696.98
2017-11-03 19:00:00,685.63
2017-11-03 19:30:00,704.22
2017-11-03 20:00:00,719.29
2017-11-03 20:30:00,733.64
2017-11-03 21:00:00,779.95
2017-11-03 21:30:00,791.86
2017-11-03 22:00:00,798.87
2017-11-03 22:30:00,793.44
2017-11-03 23:00:00,819.01
2017-11-03 23:30:00,756.92
2017-11-04 00:00:00,681.05
2017-11-04 00:00:00,681.05
2017-11-04 00:30:00,583.11
2017-11-04 01:00:00,514.4
2017-11-04 01:30:00,431.75
2017-11-04 02:00:00,373.19
2017-11-04 02:30:00,328.02
2017-11-04 03:00:00,350.51
2017-11-04 03:30:00,333.09
2017-11-04 04:00:00,320.27
2017-11-04 04:30:00,299.27
2017-11-04 05:00:00,285.99
2017-11-04 05:30:00,345.44
2017-11-04 06:00:00,313.07
2017-11-04 06:30:00,321.45
2017-11-04 07:00:00,362.62
2017-11-04 07:30:00,386.62
2017-11-04 08:00:00,437.12
2017-11-04 08:30:00,559.7
2017-11-04 09:00:00,602.64
2017-11-04 09:30:00,497.6
2017-11-04 10:00:00,535.92
2017-11-04 10:30:00,573.85
2017-11-04 11:00:00,543.18
2017-11-04 11:30:00,572.02
2017-11-04 12:00:00,584.39
2017-11-04 12:30:00,665.63
2017-11-04 13:00:00,593.88
2017-11-04 13:30:00,564.61
2017-11-04 14:00:00,532.1
2017-11-04 14:30:00,538.35
2017-11-04 15:00:00,527.54
2017-11-04 15:30:00,562.77
2017-11-04 16:00:00,535.4
2017-11-04 16:30:00,536.59
2017-11-04 17:00:00,569.97
2017-11-04 17:30:00,648.22
2017-11-04 18:00:00,701.73
2017-11-04 18:30:00,708.85
2017-11-04 19:00:00,787.39
2017-11-04 19:30:00,780.87
2017-11-04 20:00:00,777.77
2017-11-04 20:30:00,832.58
2017-11-04 21:00:00,869.68
2017-11-04 21:30:00,829.5
2017-11-04 22:00:00,833.41
2017-11-04 22:30:00,820.95
2017-11-04 23:00:00,819.11
2017-11-04 23:30:00,783.83
2017-11-05 00:00:00,663.99
2017-11-05 00:00:00,663.99
2017-11-05 00:30:00,582.28
2017-11-05 01:00:00,546.45
2017-11-05 01:30:00,436.97
2017-11-05 02:00:00,423.6
2017-11-05 02:30:00,365.43
2017-11-05 03:00:00,340.99
2017-11-05 03:30:00,337.38
2017-11-05 04:00:00,319.61
2017-11-05 04:30:00,304.46
2017-11-05 05:00:00,320.63
2017-11-05 05:30:00,342.86
2017-11-05 06:00:00,380.07
2017-11-05 06:30:00,339.69
2017-11-05 07:00:00,325.67
2017-11-05 07:30:00,395.3
2017-11-05 08:00:00,442.79
2017-11-05 08:30:00,483.66
2017-11-05 09:00:00,542.07
2017-11-05 09:30:00,488.77
2017-11-05 10:00:00,512.98
2017-11-05 10:30:00,606.48
2017-11-05 11:00:00,573.41
2017-11-05 11:30:00,544.47
2017-11-05 12:00:00,611.83
2017-11-05 12:30:00,671.0
2017-11-05 13:00:00,603.35
2017-11-05 13:30:00,601.67
2017-11-05 14:00:00,590.73
2017-11-05 14:30:00,625.24
2017-11-05 15:00:00,593.29
2017-11-05 15:30:00,616.05
2017-11-05 16:00:00,656.29
2017-11-05 16:30:00,604.11
2017-11-05 17:00:00,650.53
2017-11-05 17:30:00,731.95
2017-11-05 18:00:00,752.2
2017-11-05 18:30:00,827.38
2017-11-05 19:00:00,819.42
2017-11-05 19:30:00,834.91
2017-11-05 20:00:00,880.3
2017-11-05 20:30:00,914.82
2017-11-05 21:00:00,946.23
2017-11-05 21:30:00,958.77
2017-11-05 22:00:00,903.16
2017-11-05 22:30:00,952.75
2017-11-05 23:00:00,914.83
2017-11-05 23:30:00,830.45
2017-11-06 00:00:00,708.33
2017-11-06 00:00:00,708.33
2017-11-06 00:30:00,682.03
2017-11-06 01:00:00,593.59
2017-11-06 01:30:00,477.87
2017-11-06 02:00:00,391.7
2017-11-06 02:30:00,323.1
2017-11-06 03:00:00,302.02
2017-11-06 03:30:00,314.45
2017-11-06 04:00:00,300.98
2017-11-06 04:30:00,294.57
2017-11-06 05:00:00,336.57
2017-11-06 05:30:00,341.04
2017-11-06 06:00:00,359.63
2017-11-06 06:30:00,311.5
2017-11-06 07:00:00,348.21
2017-11-06 07:30:00,508.18
2017-11-06 08:00:00,651.95
2017-11-06 08:30:00,616.14
2017-11-06 09:00:00,639.51
2017-11-06 09:30:00,486.15
2017-11-06 10:00:00,562.78
2017-11-06 10:30:00,511.98
2017-11-06 11:00:00,504.36
2017-11-06 11:30:00,530.0
2017-11-06 12:00:00,527.69
2017-11-06 12:30:00,535.74
2017-11-06 13:00:00,516.24
2017-11-06 13:30:00,486.6
2017-11-06 14:00:00,414.63
2017-11-06 14:30:00,413.02
2017-11-06 15:00:00,437.79
2017-11-06 15:30:00,484.83
2017-11-06 16:00:00,535.61
2017-11-06 16:30:00,550.85
2017-11-06 17:00:00,562.74
2017-11-06 17:30:00,654.82
2017-11-06 18:00:00,708.36
2017-11-06 18:30:00,732.25
2017-11-06 19:00:00,740.52
2017-11-06 19:30:00,801.99
2017-11-06 20:00:00,812.4
2017-11-06 20:30:00,908.38
2017-11-06 21:00:00,924.35
2017-11-06 21:30:00,907.49
2017-11-06 22:00:00,993.97
2017-11-06 22:30:00,1025.07
2017-11-06 23:00:00,1046.37
2017-11-06 23:30:00,937.08
2017-11-07 00:00:00,782.24
2017-11-07 00:00:00,782.24
2017-11-07 00:30:00,661.81
2017-11-07 01:00:00,531.04
2017-11-07 01:30:00,403.41
2017-11-07 02:00:00,358.52
2017-11-07 02:30:00,315.45
2017-11-07 03:00:00,299.02
2017-11-07 03:30:00,287.44
2017-11-07 04:00:00,276.75
2017-11-07 04:30:00,306.11
2017-11-07 05:00:00,317.12
2017-11-07 05:30:00,345.61
2017-11-07 06:00:00,302.35
2017-11-07 06:30:00,324.25
2017-11-07 07:00:00,344.12
2017-11-07 07:30:00,473.91
2017-11-07 08:00:00,688.85
2017-11-07 08:30:00,642.54
2017-11-07 09:00:00,613.26
2017-11-07 09:30:00,531.23
2017-11-07 10:00:00,477.14
2017-11-07 10:30:00,535.31
2017-11-07 11:00:00,489.39
2017-11-07 11:30:00,500.97
2017-11-07 12:00:00,517.0
2017-11-07 12:30:00,533.46
2017-11-07 13:00:00,481.26
2017-11-07 13:30:00,460.82
2017-11-07 14:00:00,372.71
2017-11-07 14:30:00,404.59
2017-11-07 15:00:00,422.1
2017-11-07 15:30:00,483.17
2017-11-07 16:00:00,589.72
2017-11-07 16:30:00,518.07
2017-11-07 17:00:00,553.81
2017-11-07 17:30:00,622.06
2017-11-07 18:00:00,696.37
2017-11-07 18:30:00,759.69
2017-11-07 19:00:00,748.56
2017-11-07 19:30:00,779.32
2017-11-07 20:00:00,817.28
2017-11-07 20:30:00,880.12
2017-11-07 21:00:00,877.63
2017-11-07 21:30:00,906.37
2017-11-07 22:00:00,947.61
2017-11-07 22:30:00,1011.8
2017-11-07 23:00:00,1023.92
2017-11-07 23:30:00,933.87
2017-11-08 00:00:00,758.19
2017-11-08 00:00:00,758.19
2017-11-08 00:30:00,636.67
2017-11-08 01:00:00,552.75
2017-11-08 01:30:00,432.49
2017-11-08 02:00:00,418.4
2017-11-08 02:30:00,339.14
2017-11-08 03:00:00,294.62
2017-11-08 03:30:00,316.68
2017-11-08 04:00:00,296.62
2017-11-08 04:30:00,321.78
2017-11-08 05:00:00,296.8
2017-11-08 05:30:00,348.68
2017-11-08 06:00:00,362.66
2017-11-08 06:30:00,307.88
2017-11-08 07:00:00,366.53
2017-11-08 07:30:00,481.77
2017-11-08 08:00:00,653.58
2017-11-08 08:30:00,686.55
2017-11-08 09:00:00,598.78
2017-11-08 09:30:00,509.26
2017-11-08 10:00:00,501.07
2017-11-08 10:30:00,485.0
2017-11-08 11:00:00,454.6
2017-11-08 11:30:00,522.78
2017-11-08 12:00:00,547.94
2017-11-08 12:30:00,521.97
2017-11-08 13:00:00,490.33
2017-11-08 13:30:00,433.42
2017-11-08 14:00:00,379.47
2017-11-08 14:30:00,456.24
2017-11-08 15:00:00,504.26
2017-11-08 15:30:00,482.2
2017-11-08 16:00:00,518.62
2017-11-08 16:30:00,541.1
2017-11-08 17:00:00,612.13
2017-11-08 17:30:00,705.14
2017-11-08 18:00:00,711.83
2017-11-08 18:30:00,722.73
2017-11-08 19:00:00,763.82
2017-11-08 19:30:00,793.43
2017-11-08 20:00:00,835.85
2017-11-08 20:30:00,840.36
2017-11-08 21:00:00,929.17
2017-11-08 21:30:00,908.86
2017-11-08 22:00:00,921.92
2017-11-08 22:30:00,941.84
2017-11-08 23:00:00,1000.55
2017-11-08 23:30:00,885.38
2017-11-09 00:00:00,769.81
2017-11-09 00:00:00,769.81
2017-11-09 00:30:00,625.56
2017-11-09 01:00:00,533.74
2017-11-09 01:30:00,440.55
2017-11-09 02:00:00,406.25
2017-11-09 02:30:00,351.73
2017-11-09 03:00:00,322.62
2017-11-09 03:30:00,289.31
2017-11-09 04:00:00,279.11
2017-11-09 04:30:00,314.71
2017-11-09 05:00:00,345.3
2017-11-09 05:30:00,365.94
2017-11-09 06:00:00,352.35
2017-11-09 06:30:00,306.79
2017-11-09 07:00:00,340.08
2017-11-09 07:30:00,477.51
2017-11-09 08:00:00,636.08
2017-11-09 08:30:00,636.29
2017-11-09 09:00:00,591.76
2017-11-09 09:30:00,488.24
2017-11-09 10:00:00,484.23
2017-11-09 10:30:00,542.01
2017-11-09 11:00:00,532.74
2017-11-09 11:30:00,558.69
2017-11-09 12:00:00,568.61
2017-11-09 12:30:00,541.42
2017-11-09 13:00:00,464.92
2017-11-09 13:30:00,464.33
2017-11-09 14:00:00,441.24
2017-11-09 14:30:00,430.35
2017-11-09 15:00:00,455.72
2017-11-09 15:30:00,504.2
2017-11-09 16:00:00,537.99
2017-11-09 16:30:00,482.5
2017-11-09 17:00:00,510.5
2017-11-09 17:30:00,617.05
2017-11-09 18:00:00,667.5
2017-11-09 18:30:00,709.49
2017-11-09 19:00:00,802.18
2017-11-09 19:30:00,810.19
2017-11-09 20:00:00,827.59
2017-11-09 20:30:00,855.86
2017-11-09 21:00:00,923.14
2017-11-09 21:30:00,999.65
2017-11-09 22:00:00,958.21
2017-11-09 22:30:00,1011.17
2017-11-09 23:00:00,928.23
2017-11-09 23:30:00,870.45
2017-11-10 00:00:00,785.21
2017-11-10 00:00:00,785.21
2017-11-10 00:30:00,654.31
2017-11-10 01:00:00,548.33
2017-11-10 01:30:00,458.56
2017-11-10 02:00:00,375.68
2017-11-10 02:30:00,332.67
2017-11-10 03:00:00,322.54
2017-11-10 03:30:00,280.82
2017-11-10 04:00:00,299.35
2017-11-10 04:30:00,314.26
2017-11-10 05:00:00,300.24
2017-11-10 05:30:00,336.86
2017-11-10 06:00:00,325.83
2017-11-10 06:30:00,303.47
2017-11-10 07:00:00,369.56
2017-11-10 07:30:00,458.51
2017-11-10 08:00:00,616.09
2017-11-10 08:30:00,635.57
2017-11-10 09:00:00,627.93
2017-11-10 09:30:00,543.15
2017-11-10 10:00:00,539.98
2017-11-10 10:30:00,498.1
2017-11-10 11:00:00,522.2
2017-11-10 11:30:00,539.12
2017-11-10 12:00:00,484.92
2017-11-10 12:30:00,544.01
2017-11-10 13:00:00,451.46
2017-11-10 13:30:00,421.75
2017-11-10 14:00:00,418.07
2017-11-10 14:30:00,395.85
2017-11-10 15:00:00,431.44
2017-11-10 15:30:00,498.4
2017-11-10 16:00:00,516.95
2017-11-10 16:30:00,492.67
2017-11-10 17:00:00,521.65
2017-11-10 17:30:00,590.36
2017-11-10 18:00:00,677.29
2017-11-10 18:30:00,669.45
2017-11-10 19:00:00,661.83
2017-11-10 19:30:00,702.5
2017-11-10 20:00:00,720.63
2017-11-10 20:30:00,745.69
2017-11-10 21:00:00,764.17
2017-11-10 21:30:00,786.18
2017-11-10 22:00:00,784.58
2017-11-10 22:30:00,828.75
2017-11-10 23:00:00,814.01
2017-11-10 23:30:00,754.7
2017-11-11 00:00:00,729.76
2017-11-11 00:00:00,729.76
2017-11-11 00:30:00,565.63
2017-11-11 01:00:00,493.15
2017-11-11 01:30:00,454.99
2017-11-11 02:00:00,404.76
2017-11-11 02:30:00,352.34
2017-11-11 03:00:00,324.66
2017-11-11 03:30:00,337.67
2017-11-11 04:00:00,307.91
2017-11-11 04:30:00,337.32
2017-11-11 05:00:00,346.89
2017-11-11 05:30:00,352.48
2017-11-11 06:00:00,371.7
2017-11-11 06:30:00,326.11
2017-11-11 07:00:00,302.26
2017-11-11 07:30:00,321.22
2017-11-11 08:00:00,486.53
2017-11-11 08:30:00,522.33
2017-11-11 09:00:00,566.1
2017-11-11 09:30:00,567.71
2017-11-11 10:00:00,569.84
2017-11-11 10:30:00,593.72
2017-11-11 11:00:00,586.17
2017-11-11 11:30:00,580.43
2017-11-11 12:00:00,618.91
2017-11-11 12:30:00,589.24
2017-11-11 13:00:00,580.62
2017-11-11 13:30:00,590.33
2017-11-11 14:00:00,553.8
2017-11-11 14:30:00,532.73
2017-11-11 15:00:00,544.63
2017-11-11 15:30:00,526.71
2017-11-11 16:00:00,600.91
2017-11-11 16:30:00,593.1
2017-11-11 17:00:00,596.17
2017-11-11 17:30:00,649.29
2017-11-11 18:00:00,699.0
2017-11-11 18:30:00,662.98
2017-11-11 19:00:00,692.08
2017-11-11 19:30:00,707.94
2017-11-11 20:00:00,689.82
2017-11-11 20:30:00,721.95
2017-11-11 21:00:00,740.58
2017-11-11 21:30:00,776.01
2017-11-11 22:00:00,757.05
2017-11-11 22:30:00,778.81
2017-11-11 23:00:00,738.3
2017-11-11 23:30:00,670.08
2017-11-12 00:00:00,668.51
2017-11-12 00:00:00,668.51
2017-11-12 00:30:00,619.0
2017-11-12 01:00:00,508.58
2017-11-12 01:30:00,482.21
2017-11-12 02:00:00,421.59
2017-11-12 02:30:00,346.76
2017-11-12 03:00:00,337.05
2017-11-12 03:30:00,341.53
2017-11-12 04:00:00,299.09
2017-11-12 04:30:00,299.28
2017-11-12 05:00:00,304.56
2017-11-12 05:30:00,307.73
2017-11-12 06:00:00,360.16
2017-11-12 06:30:00,301.19
2017-11-12 07:00:00,314.22
2017-11-12 07:30:00,342.51
2017-11-12 08:00:00,462.89
2017-11-12 08:30:00,403.32
2017-11-12 09:00:00,456.86
2017-11-12 09:30:00,487.61
2017-11-12 10:00:00,534.86
2017-11-12 10:30:00,582.94
2017-11-12 11:00:00,575.34
2017-11-12 11:30:00,592.18
2017-11-12 12:00:00,621.83
2017-11-12 12:30:00,664.68
2017-11-12 13:00:00,628.27
2017-11-12 13:30:00,556.78
2017-11-12 14:00:00,573.35
2017-11-12 14:30:00,550.39
2017-11-12 15:00:00,539.83
2017-11-12 15:30:00,539.29
2017-11-12 16:00:00,611.68
2017-11-12 16:30:00,587.83
2017-11-12 17:00:00,668.31
2017-11-12 17:30:00,758.41
2017-11-12 18:00:00,790.3
2017-11-12 18:30:00,798.0
2017-11-12 19:00:00,817.12
2017-11-12 19:30:00,830.71
2017-11-12 20:00:00,848.2
2017-11-12 20:30:00,888.21
2017-11-12 21:00:00,901.47
2017-11-12 21:30:00,1009.07
2017-11-12 22:00:00,990.96
2017-11-12 22:30:00,1013.68
2017-11-12 23:00:00,1005.58
2017-11-12 23:30:00,852.81
2017-11-13 00:00:00,764.34
2017-11-13 00:00:00,764.34
2017-11-13 00:30:00,711.94
2017-11-13 01:00:00,583.93
2017-11-13 01:30:00,468.94
2017-11-13 02:00:00,402.07
2017-11-13 02:30:00,371.08
2017-11-13 03:00:00,306.46
2017-11-13 03:30:00,324.82
2017-11-13 04:00:00,320.95
2017-11-13 04:30:00,299.61
2017-11-13 05:00:00,327.13
2017-11-13 05:30:00,345.1
2017-11-13 06:00:00,321.33
2017-11-13 06:30:00,315.87
2017-11-13 07:00:00,325.24
2017-11-13 07:30:00,409.31
2017-11-13 08:00:00,640.5
2017-11-13 08:30:00,630.44
2017-11-13 09:00:00,625.7
2017-11-13 09:30:00,540.81
2017-11-13 10:00:00,546.91
2017-11-13 10:30:00,531.79
2017-11-13 11:00:00,505.41
2017-11-13 11:30:00,508.1
2017-11-13 12:00:00,523.05
2017-11-13 12:30:00,597.33
2017-11-13 13:00:00,484.8
2017-11-13 13:30:00,442.75
2017-11-13 14:00:00,418.87
2017-11-13 14:30:00,418.46
2017-11-13 15:00:00,482.81
2017-11-13 15:30:00,471.16
2017-11-13 16:00:00,548.94
2017-11-13 16:30:00,576.19
2017-11-13 17:00:00,605.05
2017-11-13 17:30:00,660.0
2017-11-13 18:00:00,743.66
2017-11-13 18:30:00,813.08
2017-11-13 19:00:00,816.46
2017-11-13 19:30:00,855.05
2017-11-13 20:00:00,921.26
2017-11-13 20:30:00,931.02
2017-11-13 21:00:00,984.34
2017-11-13 21:30:00,915.36
2017-11-13 22:00:00,957.09
2017-11-13 22:30:00,966.87
2017-11-13 23:00:00,916.75
2017-11-13 23:30:00,878.11
2017-11-14 00:00:00,714.21
2017-11-14 00:00:00,714.21
2017-11-14 00:30:00,612.36
2017-11-14 01:00:00,537.85
2017-11-14 01:30:00,421.07
2017-11-14 02:00:00,358.17
2017-11-14 02:30:00,302.62
2017-11-14 03:00:00,302.77
2017-11-14 03:30:00,297.17
2017-11-14 04:00:00,263.31
2017-11-14 04:30:00,301.79
2017-11-14 05:00:00,312.45
2017-11-14 05:30:00,346.37
2017-11-14 06:00:00,356.1
2017-11-14 06:30:00,297.02
2017-11-14 07:00:00,372.63
2017-11-14 07:30:00,508.58
2017-11-14 08:00:00,644.66
2017-11-14 08:30:00,660.67
2017-11-14 09:00:00,623.73
2017-11-14 09:30:00,515.58
2017-11-14 10:00:00,492.11
2017-11-14 10:30:00,524.16
2017-11-14 11:00:00,492.71
2017-11-14 11:30:00,483.15
2017-11-14 12:00:00,568.8
2017-11-14 12:30:00,555.97
2017-11-14 13:00:00,500.95
2017-11-14 13:30:00,498.34
2017-11-14 14:00:00,445.37
2017-11-14 14:30:00,437.36
2017-11-14 15:00:00,468.45
2017-11-14 15:30:00,506.82
2017-11-14 16:00:00,
2017-11-14 16:30:00,574.5
2017-11-14 17:00:00,606.38
2017-11-14 17:30:00,624.59
2017-11-14 18:00:00,717.84
2017-11-14 18:30:00,720.27
2017-11-14 19:00:00,785.26
2017-11-14 19:30:00,807.93
2017-11-14 20:00:00,914.32
2017-11-14 20:30:00,938.36
2017-11-14 21:00:00,970.3
2017-11-14 21:30:00,966.69
2017-11-14 22:00:00,1018.91
2017-11-14 22:30:00,1075.53
2017-11-14 23:00:00,1030.12
2017-11-14 23:30:00,961.68
2017-11-15 00:00:00,826.33
2017-11-15 00:00:00,826.33
2017-11-15 00:30:00,660.14
2017-11-15 01:00:00,577.25
2017-11-15 01:30:00,498.69
2017-11-15 02:00:00,419.42
2017-11-15 02:30:00,335.81
2017-11-15 03:00:00,329.34
2017-11-15 03:30:00,292.24
2017-11-15 04:00:00,286.19
2017-11-15 04:30:00,311.27
2017-11-15 05:00:00,328.79
2017-11-15 05:30:00,320.56
2017-11-15 06:00:00,349.83
2017-11-15 06:30:00,324.75
2017-11-15 07:00:00,403.94
2017-11-15 07:30:00,499.71
2017-11-15 08:00:00,722.47
2017-11-15 08:30:00,693.98
2017-11-15 09:00:00,650.62
2017-11-15 09:30:00,535.53
2017-11-15 10:00:00,568.44
2017-11-15 10:30:00,533.88
2017-11-15 11:00:00,527.92
2017-11-15 11:30:00,502.82
2017-11-15 12:00:00,559.75
2017-11-15 12:30:00,558.48
2017-11-15 13:00:00,573.7
2017-11-15 13:30:00,493.87
2017-11-15 14:00:00,458.11
2017-11-15 14:30:00,461.76
2017-11-15 15:00:00,500.64
2017-11-15 15:30:00,515.09
2017-11-15 16:00:00,585.67
2017-11-15 16:30:00,596.73
2017-11-15 17:00:00,657.21
2017-11-15 17:30:00,724.11
2017-11-15 18:00:00,718.2
2017-11-15 18:30:00,777.57
2017-11-15 19:00:00,821.79
2017-11-15 19:30:00,865.75
2017-11-15 20:00:00,857.56
2017-11-15 20:30:00,924.52
2017-11-15 21:00:00,949.61
2017-11-15 21:30:00,1027.25
2017-11-15 22:00:00,1054.67
2017-11-15 22:30:00,1035.19
2017-11-15 23:00:00,1096.78
2017-11-15 23:30:00,962.26
2017-11-16 00:00:00,772.23
2017-11-16 00:00:00,772.23
2017-11-16 00:30:00,669.82
2017-11-16 01:00:00,564.88
2017-11-16 01:30:00,499.26
2017-11-16 02:00:00,408.08
2017-11-16 02:30:00,341.59
2017-11-16 03:00:00,352.24
2017-11-16 03:30:00,347.82
2017-11-16 04:00:00,302.12
2017-11-16 04:30:00,329.24
2017-11-16 05:00:00,335.9
2017-11-16 05:30:00,362.42
2017-11-16 06:00:00,335.81
2017-11-16 06:30:00,339.24
2017-11-16 07:00:00,368.43
2017-11-16 07:30:00,452.67
2017-11-16 08:00:00,674.91
2017-11-16 08:30:00,696.37
2017-11-16 09:00:00,635.51
2017-11-16 09:30:00,570.4
2017-11-16 10:00:00,549.41
2017-11-16 10:30:00,577.2
2017-11-16 11:00:00,560.45
2017-11-16 11:30:00,558.15
2017-11-16 12:00:00,569.0
2017-11-16 12:30:00,586.71
2017-11-16 13:00:00,528.85
2017-11-16 13:30:00,478.44
2017-11-16 14:00:00,493.2
2017-11-16 14:30:00,483.98
2017-11-16 15:00:00,533.94
2017-11-16 15:30:00,534.1
2017-11-16 16:00:00,602.0
2017-11-16 16:30:00,599.47
2017-11-16 17:00:00,649.47
2017-11-16 17:30:00,709.33
2017-11-16 18:00:00,850.33
2017-11-16 18:30:00,891.43
2017-11-16 19:00:00,919.78
2017-11-16 19:30:00,904.84
2017-11-16 20:00:00,932.82
2017-11-16 20:30:00,949.23
2017-11-16 21:00:00,952.47
2017-11-16 21:30:00,1030.96
2017-11-16 22:00:00,1070.15
2017-11-16 22:30:00,1014.89
2017-11-16 23:00:00,1029.51
2017-11-16 23:30:00,900.52
2017-11-17 00:00:00,797.31
2017-11-17 00:00:00,797.31
2017-11-17 00:30:00,650.48
2017-11-17 01:00:00,522.95
2017-11-17 01:30:00,429.07
2017-11-17 02:00:00,385.59
2017-11-17 02:30:00,342.57
2017-11-17 03:00:00,305.32
2017-11-17 03:30:00,317.84
2017-11-17 04:00:00,308.84
2017-11-17 04:30:00,308.44
2017-11-17 05:00:00,289.85
2017-11-17 05:30:00,349.88
2017-11-17 06:00:00,329.61
2017-11-17 06:30:00,339.07
2017-11-17 07:00:00,344.92
2017-11-17 07:30:00,499.65
2017-11-17 08:00:00,682.31
2017-11-17 08:30:00,707.85
2017-11-17 09:00:00,599.1
2017-11-17 09:30:00,525.28
2017-11-17 10:00:00,559.41
2017-11-17 10:30:00,590.8
2017-11-17 11:00:00,568.42
2017-11-17 11:30:00,576.42
2017-11-17 12:00:00,578.64
2017-11-17 12:30:00,618.8
2017-11-17 13:00:00,551.94
2017-11-17 13:30:00,485.49
2017-11-17 14:00:00,462.41
2017-11-17 14:30:00,462.43
2017-11-17 15:00:00,490.61
2017-11-17 15:30:00,564.82
2017-11-17 16:00:00,583.62
2017-11-17 16:30:00,
2017-11-17 17:00:00,
2017-11-17 17:30:00,
2017-11-17 18:00:00,
2017-11-17 18:30:00,
2017-11-17 19:00:00,
2017-11-17 19:30:00,786.49
2017-11-17 20:00:00,861.44
2017-11-17 20:30:00,901.14
2017-11-17 21:00:00,886.33
2017-11-17 21:30:00,885.65
2017-11-17 22:00:00,817.01
2017-11-17 22:30:00,867.65
2017-11-17 23:00:00,839.71
2017-11-17 23:30:00,807.75
2017-11-18 00:00:00,704.25
2017-11-18 00:00:00,704.25
2017-11-18 00:30:00,652.44
2017-11-18 01:00:00,541.78
2017-11-18 01:30:00,440.82
2017-11-18 02:00:00,438.66
2017-11-18 02:30:00,378.86
2017-11-18 03:00:00,369.54
2017-11-18 03:30:00,323.51
2017-11-18 04:00:00,318.7
2017-11-18 04:30:00,335.91
2017-11-18 05:00:00,344.89
2017-11-18 05:30:00,385.88
2017-11-18 06:00:00,360.83
2017-11-18 06:30:00,333.3
2017-11-18 07:00:00,376.36
2017-11-18 07:30:00,417.23
2017-11-18 08:00:00,461.12
2017-11-18 08:30:00,503.96
2017-11-18 09:00:00,562.98
2017-11-18 09:30:00,584.15
2017-11-18 10:00:00,593.08
2017-11-18 10:30:00,635.65
2017-11-18 11:00:00,587.41
2017-11-18 11:30:00,616.2
2017-11-18 12:00:00,730.31
2017-11-18 12:30:00,765.97
2017-11-18 13:00:00,672.97
2017-11-18 13:30:00,633.81
2017-11-18 14:00:00,664.11
2017-11-18 14:30:00,711.46
2017-11-18 15:00:00,717.36
2017-11-18 15:30:00,656.47
2017-11-18 16:00:00,672.19
2017-11-18 16:30:00,767.78
2017-11-18 17:00:00,741.39
2017-11-18 17:30:00,809.66
2017-11-18 18:00:00,809.46
2017-11-18 18:30:00,857.03
2017-11-18 19:00:00,894.56
2017-11-18 19:30:00,875.59
2017-11-18 20:00:00,910.13
2017-11-18 20:30:00,960.28
2017-11-18 21:00:00,961.53
2017-11-18 21:30:00,983.67
2017-11-18 22:00:00,944.17
2017-11-18 22:30:00,954.9
2017-11-18 23:00:00,907.44
2017-11-18 23:30:00,822.62
2017-11-19 00:00:00,764.07
2017-11-19 00:00:00,764.07
2017-11-19 00:30:00,682.33
2017-11-19 01:00:00,596.19
2017-11-19 01:30:00,517.62
2017-11-19 02:00:00,490.26
2017-11-19 02:30:00,431.45
2017-11-19 03:00:00,385.22
2017-11-19 03:30:00,406.81
2017-11-19 04:00:00,390.29
2017-11-19 04:30:00,374.56
2017-11-19 05:00:00,356.43
2017-11-19 05:30:00,411.53
2017-11-19 06:00:00,400.37
2017-11-19 06:30:00,364.13
2017-11-19 07:00:00,371.04
2017-11-19 07:30:00,421.0
2017-11-19 08:00:00,554.5
2017-11-19 08:30:00,608.09
2017-11-19 09:00:00,657.04
2017-11-19 09:30:00,696.15
2017-11-19 10:00:00,638.45
2017-11-19 10:30:00,642.88
2017-11-19 11:00:00,698.71
2017-11-19 11:30:00,748.58
2017-11-19 12:00:00,726.99
2017-11-19 12:30:00,820.68
2017-11-19 13:00:00,813.04
2017-11-19 13:30:00,762.3
2017-11-19 14:00:00,690.39
2017-11-19 14:30:00,655.44
2017-11-19 15:00:00,750.35
2017-11-19 15:30:00,703.57
2017-11-19 16:00:00,805.01
2017-11-19 16:30:00,743.62
2017-11-19 17:00:00,766.58
2017-11-19 17:30:00,893.95
2017-11-19 18:00:00,954.22
2017-11-19 18:30:00,975.96
2017-11-19 19:00:00,938.91
2017-11-19 19:30:00,1012.06
2017-11-19 20:00:00,1014.64
2017-11-19 20:30:00,1141.01
2017-11-19 21:00:00,1126.57
2017-11-19 21:30:00,1187.85
2017-11-19 22:00:00,1124.79
2017-11-19 22:30:00,1158.86
2017-11-19 23:00:00,1091.62
2017-11-19 23:30:00,1023.5
2017-11-20 00:00:00,951.67
2017-11-20 00:00:00,951.67
2017-11-20 00:30:00,768.75
2017-11-20 01:00:00,633.62
2017-11-20 01:30:00,504.69
2017-11-20 02:00:00,471.74
2017-11-20 02:30:00,411.32
2017-11-20 03:00:00,397.01
2017-11-20 03:30:00,370.98
2017-11-20 04:00:00,363.8
2017-11-20 04:30:00,339.87
2017-11-20 05:00:00,374.4
2017-11-20 05:30:00,435.89
2017-11-20 06:00:00,421.3
2017-11-20 06:30:00,383.34
2017-11-20 07:00:00,416.58
2017-11-20 07:30:00,579.77
2017-11-20 08:00:00,756.67
2017-11-20 08:30:00,755.73
2017-11-20 09:00:00,761.62
2017-11-20 09:30:00,654.6
2017-11-20 10:00:00,734.35
2017-11-20 10:30:00,668.43
2017-11-20 11:00:00,703.18
2017-11-20 11:30:00,675.27
2017-11-20 12:00:00,724.35
2017-11-20 12:30:00,729.65
2017-11-20 13:00:00,700.23
2017-11-20 13:30:00,650.24
2017-11-20 14:00:00,659.92
2017-11-20 14:30:00,637.74
2017-11-20 15:00:00,630.6
2017-11-20 15:30:00,625.91
2017-11-20 16:00:00,714.02
2017-11-20 16:30:00,728.39
2017-11-20 17:00:00,782.97
2017-11-20 17:30:00,932.67
2017-11-20 18:00:00,966.06
2017-11-20 18:30:00,1020.78
2017-11-20 19:00:00,1139.7
2017-11-20 19:30:00,1185.32
2017-11-20 20:00:00,1221.02
2017-11-20 20:30:00,1246.2
2017-11-20 21:00:00,1214.66
2017-11-20 21:30:00,1268.14
2017-11-20 22:00:00,1349.9
2017-11-20 22:30:00,1286.7
2017-11-20 23:00:00,1239.59
2017-11-20 23:30:00,1142.46
2017-11-21 00:00:00,946.53
2017-11-21 00:00:00,946.53
2017-11-21 00:30:00,834.06
2017-11-21 01:00:00,679.89
2017-11-21 01:30:00,
2017-11-21 02:00:00,475.39
2017-11-21 02:30:00,408.83
2017-11-21 03:00:00,384.82
2017-11-21 03:30:00,360.5
2017-11-21 04:00:00,369.95
2017-11-21 04:30:00,383.62
2017-11-21 05:00:00,364.29
2017-11-21 05:30:00,428.28
2017-11-21 06:00:00,419.71
2017-11-21 06:30:00,396.91
2017-11-21 07:00:00,438.19
2017-11-21 07:30:00,571.37
2017-11-21 08:00:00,811.84
2017-11-21 08:30:00,804.21
2017-11-21 09:00:00,774.89
2017-11-21 09:30:00,708.77
2017-11-21 10:00:00,667.97
2017-11-21 10:30:00,717.06
2017-11-21 11:00:00,780.79
2017-11-21 11:30:00,710.86
2017-11-21 12:00:00,765.36
2017-11-21 12:30:00,879.82
2017-11-21 13:00:00,756.44
2017-11-21 13:30:00,748.62
2017-11-21 14:00:00,702.36
2017-11-21 14:30:00,664.52
2017-11-21 15:00:00,674.86
2017-11-21 15:30:00,769.06
2017-11-21 16:00:00,813.25
2017-11-21 16:30:00,866.64
2017-11-21 17:00:00,835.27
2017-11-21 17:30:00,968.82
2017-11-21 18:00:00,1068.5
2017-11-21 18:30:00,1172.07
2017-11-21 19:00:00,1151.38
2017-11-21 19:30:00,1214.3
2017-11-21 20:00:00,1225.75
2017-11-21 20:30:00,1291.29
2017-11-21 21:00:00,1227.09
2017-11-21 21:30:00,1289.73
2017-11-21 22:00:00,1292.0
2017-11-21 22:30:00,1276.19
2017-11-21 23:00:00,1235.84
2017-11-21 23:30:00,1161.23
2017-11-22 00:00:00,1023.28
2017-11-22 00:00:00,1023.28
2017-11-22 00:30:00,813.19
2017-11-22 01:00:00,666.0
2017-11-22 01:30:00,554.3
2017-11-22 02:00:00,542.16
2017-11-22 02:30:00,480.21
2017-11-22 03:00:00,455.97
2017-11-22 03:30:00,431.06
2017-11-22 04:00:00,387.05
2017-11-22 04:30:00,385.97
2017-11-22 05:00:00,423.19
2017-11-22 05:30:00,449.13
2017-11-22 06:00:00,448.14
2017-11-22 06:30:00,422.01
2017-11-22 07:00:00,488.17
2017-11-22 07:30:00,604.16
2017-11-22 08:00:00,786.65
2017-11-22 08:30:00,846.49
2017-11-22 09:00:00,847.7
2017-11-22 09:30:00,732.04
2017-11-22 10:00:00,753.71
2017-11-22 10:30:00,718.45
2017-11-22 11:00:00,700.64
2017-11-22 11:30:00,682.73
2017-11-22 12:00:00,703.68
2017-11-22 12:30:00,736.82
2017-11-22 13:00:00,652.67
2017-11-22 13:30:00,681.57
2017-11-22 14:00:00,626.13
2017-11-22 14:30:00,658.78
2017-11-22 15:00:00,632.64
2017-11-22 15:30:00,772.87
2017-11-22 16:00:00,744.94
2017-11-22 16:30:00,760.77
2017-11-22 17:00:00,868.32
2017-11-22 17:30:00,919.25
2017-11-22 18:00:00,961.28
2017-11-22 18:30:00,1006.95
2017-11-22 19:00:00,1049.34
2017-11-22 19:30:00,1148.87
2017-11-22 20:00:00,1136.46
2017-11-22 20:30:00,1235.6
2017-11-22 21:00:00,1271.44
2017-11-22 21:30:00,1284.99
2017-11-22 22:00:00,1289.43
2017-11-22 22:30:00,1281.87
2017-11-22 23:00:00,1258.9
2017-11-22 23:30:00,1188.7
2017-11-23 00:00:00,1020.11
2017-11-23 00:00:00,1020.11
2017-11-23 00:30:00,854.71
2017-11-23 01:00:00,729.2
2017-11-23 01:30:00,604.58
2017-11-23 02:00:00,
2017-11-23 02:30:00,
2017-11-23 03:00:00,
2017-11-23 03:30:00,392.74
2017-11-23 04:00:00,372.39
2017-11-23 04:30:00,378.64
2017-11-23 05:00:00,382.22
2017-11-23 05:30:00,435.18
2017-11-23 06:00:00,419.34
2017-11-23 06:30:00,395.74
2017-11-23 07:00:00,480.76
2017-11-23 07:30:00,584.27
2017-11-23 08:00:00,831.59
2017-11-23 08:30:00,799.55
2017-11-23 09:00:00,781.76
2017-11-23 09:30:00,669.02
2017-11-23 10:00:00,707.48
2017-11-23 10:30:00,662.96
2017-11-23 11:00:00,631.11
2017-11-23 11:30:00,640.7
2017-11-23 12:00:00,665.25
2017-11-23 12:30:00,726.85
2017-11-23 13:00:00,662.52
2017-11-23 13:30:00,602.02
2017-11-23 14:00:00,544.81
2017-11-23 14:30:00,575.79
2017-11-23 15:00:00,550.74
2017-11-23 15:30:00,605.98
2017-11-23 16:00:00,712.59
2017-11-23 16:30:00,736.01
2017-11-23 17:00:00,769.3
2017-11-23 17:30:00,911.38
2017-11-23 18:00:00,1016.78
2017-11-23 18:30:00,1055.05
2017-11-23 19:00:00,1116.86
2017-11-23 19:30:00,1153.52
2017-11-23 20:00:00,1243.28
2017-11-23 20:30:00,1227.06
2017-11-23 21:00:00,1248.71
2017-11-23 21:30:00,1222.64
2017-11-23 22:00:00,1241.84
2017-11-23 22:30:00,1217.5
2017-11-23 23:00:00,1226.23
2017-11-23 23:30:00,1189.53
2017-11-24 00:00:00,1022.82
2017-11-24 00:00:00,1022.82
2017-11-24 00:30:00,846.06
2017-11-24 01:00:00,715.3
2017-11-24 01:30:00,610.87
2017-11-24 02:00:00,495.11
2017-11-24 02:30:00,460.08
2017-11-24 03:00:00,405.66
2017-11-24 03:30:00,394.97
2017-11-24 04:00:00,390.38
2017-11-24 04:30:00,425.21
2017-11-24 05:00:00,421.12
2017-11-24 05:30:00,438.76
2017-11-24 06:00:00,466.22
2017-11-24 06:30:00,416.91
2017-11-24 07:00:00,487.24
2017-11-24 07:30:00,623.22
2017-11-24 08:00:00,786.79
2017-11-24 08:30:00,803.92
2017-11-24 09:00:00,815.72
2017-11-24 09:30:00,701.87
2017-11-24 10:00:00,688.62
2017-11-24 10:30:00,730.04
2017-11-24 11:00:00,633.66
2017-11-24 11:30:00,642.28
2017-11-24 12:00:00,638.66
2017-11-24 12:30:00,644.29
2017-11-24 13:00:00,649.23
2017-11-24 13:30:00,643.87
2017-11-24 14:00:00,556.0
2017-11-24 14:30:00,543.04
2017-11-24 15:00:00,576.52
2017-11-24 15:30:00,612.6
2017-11-24 16:00:00,752.8
2017-11-24 16:30:00,702.66
2017-11-24 17:00:00,768.43
2017-11-24 17:30:00,812.45
2017-11-24 18:00:00,950.82
2017-11-24 18:30:00,952.33
2017-11-24 19:00:00,984.2
2017-11-24 19:30:00,1014.17
2017-11-24 20:00:00,1019.08
2017-11-24 20:30:00,1004.1
2017-11-24 21:00:00,1112.1
2017-11-24 21:30:00,1051.12
2017-11-24 22:00:00,1073.17
2017-11-24 22:30:00,1096.99
2017-11-24 23:00:00,1077.53
2017-11-24 23:30:00,1011.8
2017-11-25 00:00:00,906.13
2017-11-25 00:00:00,906.13
2017-11-25 00:30:00,791.33
2017-11-25 01:00:00,716.58
2017-11-25 01:30:00,620.53
2017-11-25 02:00:00,516.78
2017-11-25 02:30:00,471.26
2017-11-25 03:00:00,416.68
2017-11-25 03:30:00,408.26
2017-11-25 04:00:00,404.56
2017-11-25 04:30:00,375.2
2017-11-25 05:00:00,398.09
2017-11-25 05:30:00,425.43
2017-11-25 06:00:00,431.7
2017-11-25 06:30:00,376.12
2017-11-25 07:00:00,402.23
2017-11-25 07:30:00,481.35
2017-11-25 08:00:00,617.61
2017-11-25 08:30:00,631.56
2017-11-25 09:00:00,705.21
2017-11-25 09:30:00,684.62
2017-11-25 10:00:00,710.19
2017-11-25 10:30:00,692.63
2017-11-25 11:00:00,689.67
2017-11-25 11:30:00,767.48
2017-11-25 12:00:00,803.87
2017-11-25 12:30:00,823.59
2017-11-25 13:00:00,777.45
2017-11-25 13:30:00,734.23
2017-11-25 14:00:00,695.28
2017-11-25 14:30:00,703.52
2017-11-25 15:00:00,708.9
2017-11-25 15:30:00,732.19
2017-11-25 16:00:00,806.67
2017-11-25 16:30:00,717.03
2017-11-25 17:00:00,765.47
2017-11-25 17:30:00,809.25
2017-11-25 18:00:00,848.69
2017-11-25 18:30:00,921.05
2017-11-25 19:00:00,877.04
2017-11-25 19:30:00,870.6
2017-11-25 20:00:00,912.53
2017-11-25 20:30:00,963.22
2017-11-25 21:00:00,1046.62
2017-11-25 21:30:00,1007.19
2017-11-25 22:00:00,999.18
2017-11-25 22:30:00,989.12
2017-11-25 23:00:00,987.55
2017-11-25 23:30:00,929.65
2017-11-26 00:00:00,882.32
2017-11-26 00:00:00,882.32
2017-11-26 00:30:00,793.88
2017-11-26 01:00:00,677.06
2017-11-26 01:30:00,580.83
2017-11-26 02:00:00,491.51
2017-11-26 02:30:00,471.6
2017-11-26 03:00:00,407.34
2017-11-26 03:30:00,
2017-11-26 04:00:00,353.68
2017-11-26 04:30:00,356.1
2017-11-26 05:00:00,379.67
2017-11-26 05:30:00,384.3
2017-11-26 06:00:00,395.18
2017-11-26 06:30:00,372.39
2017-11-26 07:00:00,384.57
2017-11-26 07:30:00,433.06
2017-11-26 08:00:00,507.07
2017-11-26 08:30:00,541.81
2017-11-26 09:00:00,561.88
2017-11-26 09:30:00,589.67
2017-11-26 10:00:00,653.18
2017-11-26 10:30:00,635.51
2017-11-26 11:00:00,685.13
2017-11-26 11:30:00,696.71
2017-11-26 12:00:00,740.15
2017-11-26 12:30:00,813.35
2017-11-26 13:00:00,749.55
2017-11-26 13:30:00,740.04
2017-11-26 14:00:00,731.63
2017-11-26 14:30:00,730.95
2017-11-26 15:00:00,705.17
2017-11-26 15:30:00,714.9
2017-11-26 16:00:00,712.35
2017-11-26 16:30:00,729.17
2017-11-26 17:00:00,775.35
2017-11-26 17:30:00,875.59
2017-11-26 18:00:00,890.52
2017-11-26 18:30:00,974.23
2017-11-26 19:00:00,983.86
2017-11-26 19:30:00,961.72
2017-11-26 20:00:00,1012.57
2017-11-26 20:30:00,1038.98
2017-11-26 21:00:00,1064.75
2017-11-26 21:30:00,1127.76
2017-11-26 22:00:00,1115.62
2017-11-26 22:30:00,1146.63
2017-11-26 23:00:00,1125.74
2017-11-26 23:30:00,1076.92
2017-11-27 00:00:00,953.57
2017-11-27 00:00:00,953.57
2017-11-27 00:30:00,796.61
2017-11-27 01:00:00,682.0
2017-11-27 01:30:00,596.39
2017-11-27 02:00:00,465.97
2017-11-27 02:30:00,417.26
2017-11-27 03:00:00,401.91
2017-11-27 03:30:00,343.69
2017-11-27 04:00:00,356.92
2017-11-27 04:30:00,359.3
2017-11-27 05:00:00,337.34
2017-11-27 05:30:00,364.12
2017-11-27 06:00:00,389.51
2017-11-27 06:30:00,375.52
2017-11-27 07:00:00,397.56
2017-11-27 07:30:00,499.13
2017-11-27 08:00:00,722.5
2017-11-27 08:30:00,819.28
2017-11-27 09:00:00,740.52
2017-11-27 09:30:00,714.86
2017-11-27 10:00:00,657.1
2017-11-27 10:30:00,659.25
2017-11-27 11:00:00,658.45
2017-11-27 11:30:00,673.4
2017-11-27 12:00:00,660.37
2017-11-27 12:30:00,674.65
2017-11-27 13:00:00,694.12
2017-11-27 13:30:00,562.25
2017-11-27 14:00:00,506.09
2017-11-27 14:30:00,559.07
2017-11-27 15:00:00,554.32
2017-11-27 15:30:00,540.27
2017-11-27 16:00:00,663.56
2017-11-27 16:30:00,708.64
2017-11-27 17:00:00,739.52
2017-11-27 17:30:00,804.62
2017-11-27 18:00:00,798.68
2017-11-27 18:30:00,876.85
2017-11-27 19:00:00,982.82
2017-11-27 19:30:00,956.79
2017-11-27 20:00:00,1003.8
2017-11-27 20:30:00,1054.51
2017-11-27 21:00:00,1107.49
2017-11-27 21:30:00,1125.51
2017-11-27 22:00:00,1120.39
2017-11-27 22:30:00,1122.24
2017-11-27 23:00:00,1105.21
2017-11-27 23:30:00,1038.39
2017-11-28 00:00:00,946.22
2017-11-28 00:00:00,946.22
2017-11-28 00:30:00,777.79
2017-11-28 01:00:00,684.15
2017-11-28 01:30:00,552.07
2017-11-28 02:00:00,449.02
2017-11-28 02:30:00,394.05
2017-11-28 03:00:00,369.65
2017-11-28 03:30:00,368.28
2017-11-28 04:00:00,353.9
2017-11-28 04:30:00,359.71
2017-11-28 05:00:00,357.58
2017-11-28 05:30:00,360.19
2017-11-28 06:00:00,383.86
2017-11-28 06:30:00,364.43
2017-11-28 07:00:00,441.03
2017-11-28 07:30:00,537.36
2017-11-28 08:00:00,714.44
2017-11-28 08:30:00,788.8
2017-11-28 09:00:00,734.48
2017-11-28 09:30:00,640.46
2017-11-28 10:00:00,632.44
2017-11-28 10:30:00,593.55
2017-11-28 11:00:00,651.76
2017-11-28 11:30:00,380.54
2017-11-28 12:00:00,813.52
2017-11-28 12:30:00,882.56
2017-11-28 13:00:00,729.86
2017-11-28 13:30:00,657.08
2017-11-28 14:00:00,641.56
2017-11-28 14:30:00,647.29
2017-11-28 15:00:00,646.12
2017-11-28 15:30:00,687.41
2017-11-28 16:00:00,794.74
2017-11-28 16:30:00,794.54
2017-11-28 17:00:00,832.76
2017-11-28 17:30:00,920.19
2017-11-28 18:00:00,1035.08
2017-11-28 18:30:00,1092.2
2017-11-28 19:00:00,1090.71
2017-11-28 19:30:00,1154.86
2017-11-28 20:00:00,1211.73
2017-11-28 20:30:00,1282.45
2017-11-28 21:00:00,1286.44
2017-11-28 21:30:00,1331.05
2017-11-28 22:00:00,1387.06
2017-11-28 22:30:00,1416.06
2017-11-28 23:00:00,1386.46
2017-11-28 23:30:00,1277.71
2017-11-29 00:00:00,1106.49
2017-11-29 00:00:00,1106.49
2017-11-29 00:30:00,932.22
2017-11-29 01:00:00,799.28
2017-11-29 01:30:00,630.02
2017-11-29 02:00:00,552.2
2017-11-29 02:30:00,433.07
2017-11-29 03:00:00,405.75
2017-11-29 03:30:00,390.32
2017-11-29 04:00:00,406.91
2017-11-29 04:30:00,398.83
2017-11-29 05:00:00,388.34
2017-11-29 05:30:00,441.35
2017-11-29 06:00:00,425.6
2017-11-29 06:30:00,422.73
2017-11-29 07:00:00,442.26
2017-11-29 07:30:00,633.43
2017-11-29 08:00:00,827.14
2017-11-29 08:30:00,856.79
2017-11-29 09:00:00,788.84
2017-11-29 09:30:00,755.07
2017-11-29 10:00:00,721.14
2017-11-29 10:30:00,706.6
2017-11-29 11:00:00,694.41
2017-11-29 11:30:00,733.91
2017-11-29 12:00:00,739.25
2017-11-29 12:30:00,792.7
2017-11-29 13:00:00,700.74
2017-11-29 13:30:00,708.48
2017-11-29 14:00:00,662.31
2017-11-29 14:30:00,671.88
2017-11-29 15:00:00,693.25
2017-11-29 15:30:00,765.15
2017-11-29 16:00:00,864.62
2017-11-29 16:30:00,788.61
2017-11-29 17:00:00,885.87
2017-11-29 17:30:00,962.82
2017-11-29 18:00:00,1063.83
2017-11-29 18:30:00,1136.56
2017-11-29 19:00:00,1186.06
2017-11-29 19:30:00,1208.49
2017-11-29 20:00:00,1285.64
2017-11-29 20:30:00,1342.28
2017-11-29 21:00:00,1388.33
2017-11-29 21:30:00,1455.14
2017-11-29 22:00:00,1390.19
2017-11-29 22:30:00,1397.9
2017-11-29 23:00:00,1366.7
2017-11-29 23:30:00,1297.88
2017-11-30 00:00:00,1133.23
2017-11-30 00:00:00,1133.23
2017-11-30 00:30:00,973.51
2017-11-30 01:00:00,816.51
2017-11-30 01:30:00,693.03
2017-11-30 02:00:00,571.08
2017-11-30 02:30:00,522.09
2017-11-30 03:00:00,464.65
2017-11-30 03:30:00,460.46
2017-11-30 04:00:00,452.86
2017-11-30 04:30:00,427.03
2017-11-30 05:00:00,434.76
2017-11-30 05:30:00,484.59
2017-11-30 06:00:00,484.85
2017-11-30 06:30:00,440.29
2017-11-30 07:00:00,492.2
2017-11-30 07:30:00,649.62
2017-11-30 08:00:00,997.9
2017-11-30 08:30:00,1021.77
2017-11-30 09:00:00,885.39
2017-11-30 09:30:00,753.4
2017-11-30 10:00:00,760.15
2017-11-30 10:30:00,745.58
2017-11-30 11:00:00,836.27
2017-11-30 11:30:00,788.89
2017-11-30 12:00:00,854.6
2017-11-30 12:30:00,869.21
2017-11-30 13:00:00,814.07
2017-11-30 13:30:00,750.66
2017-11-30 14:00:00,717.71
2017-11-30 14:30:00,697.01
2017-11-30 15:00:00,735.18
2017-11-30 15:30:00,782.99
2017-11-30 16:00:00,937.37
2017-11-30 16:30:00,991.31
2017-11-30 17:00:00,1003.57
2017-11-30 17:30:00,1096.93
2017-11-30 18:00:00,1159.81
2017-11-30 18:30:00,1201.92
2017-11-30 19:00:00,1300.68
2017-11-30 19:30:00,1335.21
2017-11-30 20:00:00,1374.38
2017-11-30 20:30:00,1388.19
2017-11-30 21:00:00,1509.37
2017-11-30 21:30:00,1450.44
2017-11-30 22:00:00,1547.38
2017-11-30 22:30:00,1608.1
2017-11-30 23:00:00,1476.88
2017-11-30 23:30:00,1388.47
2017-12-01 00:00:00,1254.98
2017-12-01 00:00:00,1254.98
2017-12-01 00:30:00,1055.86
2017-12-01 01:00:00,912.12
2017-12-01 01:30:00,702.16
2017-12-01 02:00:00,610.26
2017-12-01 02:30:00,503.23
2017-12-01 03:00:00,481.32
2017-12-01 03:30:00,435.02
2017-12-01 04:00:00,476.76
2017-12-01 04:30:00,445.89
2017-12-01 05:00:00,442.4
2017-12-01 05:30:00,479.68
2017-12-01 06:00:00,488.06
2017-12-01 06:30:00,494.23
2017-12-01 07:00:00,555.49
2017-12-01 07:30:00,661.86
2017-12-01 08:00:00,919.67
2017-12-01 08:30:00,995.44
2017-12-01 09:00:00,955.2
2017-12-01 09:30:00,851.32
2017-12-01 10:00:00,836.98
2017-12-01 10:30:00,841.0
2017-12-01 11:00:00,737.23
2017-12-01 11:30:00,803.77
2017-12-01 12:00:00,812.05
2017-12-01 12:30:00,873.52
2017-12-01 13:00:00,782.06
2017-12-01 13:30:00,777.85
2017-12-01 14:00:00,670.09
2017-12-01 14:30:00,714.36
2017-12-01 15:00:00,678.66
2017-12-01 15:30:00,720.91
2017-12-01 16:00:00,857.11
2017-12-01 16:30:00,842.72
2017-12-01 17:00:00,918.59
2017-12-01 17:30:00,963.02
2017-12-01 18:00:00,1010.59
2017-12-01 18:30:00,1081.11
2017-12-01 19:00:00,1110.91
2017-12-01 19:30:00,1171.06
2017-12-01 20:00:00,1242.7
2017-12-01 20:30:00,1225.71
2017-12-01 21:00:00,1255.34
2017-12-01 21:30:00,1306.48
2017-12-01 22:00:00,1263.58
2017-12-01 22:30:00,1378.11
2017-12-01 23:00:00,1421.1
2017-12-01 23:30:00,1319.42
2017-12-02 00:00:00,1154.22
2017-12-02 00:00:00,1154.22
2017-12-02 00:30:00,1000.61
2017-12-02 01:00:00,886.32
2017-12-02 01:30:00,796.45
2017-12-02 02:00:00,650.58
2017-12-02 02:30:00,581.57
2017-12-02 03:00:00,543.85
2017-12-02 03:30:00,523.65
2017-12-02 04:00:00,493.97
2017-12-02 04:30:00,479.63
2017-12-02 05:00:00,463.28
2017-12-02 05:30:00,516.23
2017-12-02 06:00:00,505.58
2017-12-02 06:30:00,509.85
2017-12-02 07:00:00,506.7
2017-12-02 07:30:00,571.72
2017-12-02 08:00:00,664.13
2017-12-02 08:30:00,745.59
2017-12-02 09:00:00,808.51
2017-12-02 09:30:00,804.54
2017-12-02 10:00:00,915.3
2017-12-02 10:30:00,886.12
2017-12-02 11:00:00,901.29
2017-12-02 11:30:00,936.83
2017-12-02 12:00:00,929.82
2017-12-02 12:30:00,
2017-12-02 13:00:00,
2017-12-02 13:30:00,
2017-12-02 14:00:00,
2017-12-02 14:30:00,953.88
2017-12-02 15:00:00,875.46
2017-12-02 15:30:00,964.58
2017-12-02 16:00:00,1061.33
2017-12-02 16:30:00,940.16
2017-12-02 17:00:00,1014.0
2017-12-02 17:30:00,1055.44
2017-12-02 18:00:00,1134.79
2017-12-02 18:30:00,1131.29
2017-12-02 19:00:00,1175.19
2017-12-02 19:30:00,1202.19
2017-12-02 20:00:00,1173.65
2017-12-02 20:30:00,1236.77
2017-12-02 21:00:00,1234.71
2017-12-02 21:30:00,1236.77
2017-12-02 22:00:00,1315.74
2017-12-02 22:30:00,1311.38
2017-12-02 23:00:00,1288.32
2017-12-02 23:30:00,1221.93
2017-12-03 00:00:00,1149.01
2017-12-03 00:00:00,1149.01
2017-12-03 00:30:00,998.01
2017-12-03 01:00:00,854.62
2017-12-03 01:30:00,722.44
2017-12-03 02:00:00,652.91
2017-12-03 02:30:00,608.37
2017-12-03 03:00:00,522.71
2017-12-03 03:30:00,506.59
2017-12-03 04:00:00,461.8
2017-12-03 04:30:00,479.97
2017-12-03 05:00:00,500.18
2017-12-03 05:30:00,493.13
2017-12-03 06:00:00,475.27
2017-12-03 06:30:00,469.33
2017-12-03 07:00:00,443.74
2017-12-03 07:30:00,488.42
2017-12-03 08:00:00,610.28
2017-12-03 08:30:00,553.31
2017-12-03 09:00:00,632.36
2017-12-03 09:30:00,595.78
2017-12-03 10:00:00,616.4
2017-12-03 10:30:00,669.52
2017-12-03 11:00:00,621.25
2017-12-03 11:30:00,690.1
2017-12-03 12:00:00,736.8
2017-12-03 12:30:00,822.62
2017-12-03 13:00:00,809.42
2017-12-03 13:30:00,778.1
2017-12-03 14:00:00,765.55
2017-12-03 14:30:00,747.93
2017-12-03 15:00:00,751.66
2017-12-03 15:30:00,775.16
2017-12-03 16:00:00,909.46
2017-12-03 16:30:00,862.86
2017-12-03 17:00:00,871.38
2017-12-03 17:30:00,936.83
2017-12-03 18:00:00,1012.19
2017-12-03 18:30:00,1018.19
2017-12-03 19:00:00,992.57
2017-12-03 19:30:00,1032.62
2017-12-03 20:00:00,1086.09
2017-12-03 20:30:00,1174.19
2017-12-03 21:00:00,1143.68
2017-12-03 21:30:00,1187.85
2017-12-03 22:00:00,1145.34
2017-12-03 22:30:00,1183.58
2017-12-03 23:00:00,1100.2
2017-12-03 23:30:00,1035.98
2017-12-04 00:00:00,933.32
2017-12-04 00:00:00,933.32
2017-12-04 00:30:00,841.31
2017-12-04 01:00:00,744.7
2017-12-04 01:30:00,593.78
2017-12-04 02:00:00,531.85
2017-12-04 02:30:00,154.61
2017-12-04 03:00:00,231.14
2017-12-04 03:30:00,385.32
2017-12-04 04:00:00,351.57
2017-12-04 04:30:00,358.23
2017-12-04 05:00:00,363.98
2017-12-04 05:30:00,370.6
2017-12-04 06:00:00,386.39
2017-12-04 06:30:00,385.81
2017-12-04 07:00:00,259.35
2017-12-04 07:30:00,567.04
2017-12-04 08:00:00,343.86
2017-12-04 08:30:00,775.32
2017-12-04 09:00:00,838.87
2017-12-04 09:30:00,749.01
2017-12-04 10:00:00,754.22
2017-12-04 10:30:00,694.01
2017-12-04 11:00:00,669.51
2017-12-04 11:30:00,662.77
2017-12-04 12:00:00,730.05
2017-12-04 12:30:00,740.79
2017-12-04 13:00:00,655.36
2017-12-04 13:30:00,594.74
2017-12-04 14:00:00,583.2
2017-12-04 14:30:00,558.61
2017-12-04 15:00:00,626.62
2017-12-04 15:30:00,643.4
2017-12-04 16:00:00,734.14
2017-12-04 16:30:00,739.31
2017-12-04 17:00:00,792.41
2017-12-04 17:30:00,900.72
2017-12-04 18:00:00,958.8
2017-12-04 18:30:00,1032.26
2017-12-04 19:00:00,1096.1
2017-12-04 19:30:00,1152.6
2017-12-04 20:00:00,1173.76
2017-12-04 20:30:00,1263.08
2017-12-04 21:00:00,1258.93
2017-12-04 21:30:00,1278.43
2017-12-04 22:00:00,1320.67
2017-12-04 22:30:00,1275.92
2017-12-04 23:00:00,1289.44
2017-12-04 23:30:00,1161.99
2017-12-05 00:00:00,1019.92
2017-12-05 00:00:00,1019.92
2017-12-05 00:30:00,846.64
2017-12-05 01:00:00,741.09
2017-12-05 01:30:00,576.47
2017-12-05 02:00:00,491.82
2017-12-05 02:30:00,460.18
2017-12-05 03:00:00,410.15
2017-12-05 03:30:00,388.53
2017-12-05 04:00:00,377.82
2017-12-05 04:30:00,371.0
2017-12-05 05:00:00,392.94
2017-12-05 05:30:00,415.18
2017-12-05 06:00:00,422.48
2017-12-05 06:30:00,393.67
2017-12-05 07:00:00,484.71
2017-12-05 07:30:00,573.26
2017-12-05 08:00:00,839.7
2017-12-05 08:30:00,820.42
2017-12-05 09:00:00,805.99
2017-12-05 09:30:00,732.57
2017-12-05 10:00:00,706.64
2017-12-05 10:30:00,720.02
2017-12-05 11:00:00,765.58
2017-12-05 11:30:00,750.17
2017-12-05 12:00:00,814.2
2017-12-05 12:30:00,902.85
2017-12-05 13:00:00,771.48
2017-12-05 13:30:00,700.9
2017-12-05 14:00:00,641.89
2017-12-05 14:30:00,680.45
2017-12-05 15:00:00,695.04
2017-12-05 15:30:00,748.08
2017-12-05 16:00:00,792.64
2017-12-05 16:30:00,850.64
2017-12-05 17:00:00,865.11
2017-12-05 17:30:00,976.24
2017-12-05 18:00:00,1061.09
2017-12-05 18:30:00,1216.0
2017-12-05 19:00:00,1210.96
2017-12-05 19:30:00,1256.02
2017-12-05 20:00:00,1406.94
2017-12-05 20:30:00,1404.1
2017-12-05 21:00:00,1422.33
2017-12-05 21:30:00,1476.15
2017-12-05 22:00:00,1462.25
2017-12-05 22:30:00,1431.68
2017-12-05 23:00:00,1424.36
2017-12-05 23:30:00,1314.77
2017-12-06 00:00:00,1141.17
2017-12-06 00:00:00,1141.17
2017-12-06 00:30:00,961.27
2017-12-06 01:00:00,818.41
2017-12-06 01:30:00,683.15
2017-12-06 02:00:00,572.83
2017-12-06 02:30:00,549.47
2017-12-06 03:00:00,527.72
2017-12-06 03:30:00,483.55
2017-12-06 04:00:00,468.37
2017-12-06 04:30:00,459.38
2017-12-06 05:00:00,436.63
2017-12-06 05:30:00,469.41
2017-12-06 06:00:00,462.66
2017-12-06 06:30:00,463.5
2017-12-06 07:00:00,522.73
2017-12-06 07:30:00,736.05
2017-12-06 08:00:00,859.62
2017-12-06 08:30:00,928.84
2017-12-06 09:00:00,862.18
2017-12-06 09:30:00,750.6
2017-12-06 10:00:00,765.53
2017-12-06 10:30:00,731.25
2017-12-06 11:00:00,787.4
2017-12-06 11:30:00,743.31
2017-12-06 12:00:00,769.56
2017-12-06 12:30:00,842.85
2017-12-06 13:00:00,768.73
2017-12-06 13:30:00,771.15
2017-12-06 14:00:00,712.05
2017-12-06 14:30:00,738.24
2017-12-06 15:00:00,774.65
2017-12-06 15:30:00,793.88
2017-12-06 16:00:00,923.03
2017-12-06 16:30:00,917.76
2017-12-06 17:00:00,988.35
2017-12-06 17:30:00,1011.0
2017-12-06 18:00:00,1092.99
2017-12-06 18:30:00,1173.16
2017-12-06 19:00:00,1200.99
2017-12-06 19:30:00,1256.1
2017-12-06 20:00:00,1287.86
2017-12-06 20:30:00,1330.58
2017-12-06 21:00:00,1361.73
2017-12-06 21:30:00,1362.43
2017-12-06 22:00:00,1431.36
2017-12-06 22:30:00,1326.09
2017-12-06 23:00:00,1335.44
2017-12-06 23:30:00,1272.04
2017-12-07 00:00:00,1098.32
2017-12-07 00:00:00,1098.32
2017-12-07 00:30:00,933.66
2017-12-07 01:00:00,822.82
2017-12-07 01:30:00,662.11
2017-12-07 02:00:00,578.97
2017-12-07 02:30:00,476.05
2017-12-07 03:00:00,462.88
2017-12-07 03:30:00,443.54
2017-12-07 04:00:00,390.3
2017-12-07 04:30:00,431.89
2017-12-07 05:00:00,412.0
2017-12-07 05:30:00,478.59
2017-12-07 06:00:00,456.1
2017-12-07 06:30:00,478.96
2017-12-07 07:00:00,450.52
2017-12-07 07:30:00,639.28
2017-12-07 08:00:00,924.64
2017-12-07 08:30:00,976.1
2017-12-07 09:00:00,887.22
2017-12-07 09:30:00,770.99
2017-12-07 10:00:00,726.64
2017-12-07 10:30:00,733.24
2017-12-07 11:00:00,746.36
2017-12-07 11:30:00,697.6
2017-12-07 12:00:00,812.87
2017-12-07 12:30:00,821.02
2017-12-07 13:00:00,802.36
2017-12-07 13:30:00,659.79
2017-12-07 14:00:00,618.99
2017-12-07 14:30:00,660.45
2017-12-07 15:00:00,640.91
2017-12-07 15:30:00,745.24
2017-12-07 16:00:00,811.5
2017-12-07 16:30:00,890.51
2017-12-07 17:00:00,916.93
2017-12-07 17:30:00,1002.72
2017-12-07 18:00:00,1137.27
2017-12-07 18:30:00,1090.6
2017-12-07 19:00:00,1131.42
2017-12-07 19:30:00,1200.26
2017-12-07 20:00:00,1287.14
2017-12-07 20:30:00,1338.06
2017-12-07 21:00:00,1342.24
2017-12-07 21:30:00,1451.66
2017-12-07 22:00:00,1414.43
2017-12-07 22:30:00,1450.73
2017-12-07 23:00:00,1419.51
2017-12-07 23:30:00,1316.09
2017-12-08 00:00:00,1181.96
2017-12-08 00:00:00,1181.96
2017-12-08 00:30:00,961.04
2017-12-08 01:00:00,842.48
2017-12-08 01:30:00,688.32
2017-12-08 02:00:00,612.81
2017-12-08 02:30:00,515.87
2017-12-08 03:00:00,489.47
2017-12-08 03:30:00,437.75
2017-12-08 04:00:00,437.2
2017-12-08 04:30:00,458.69
2017-12-08 05:00:00,452.37
2017-12-08 05:30:00,497.86
2017-12-08 06:00:00,503.68
2017-12-08 06:30:00,478.17
2017-12-08 07:00:00,507.24
2017-12-08 07:30:00,669.24
2017-12-08 08:00:00,894.47
2017-12-08 08:30:00,865.71
2017-12-08 09:00:00,936.05
2017-12-08 09:30:00,855.91
2017-12-08 10:00:00,841.96
2017-12-08 10:30:00,842.71
2017-12-08 11:00:00,767.67
2017-12-08 11:30:00,741.24
2017-12-08 12:00:00,795.11
2017-12-08 12:30:00,809.23
2017-12-08 13:00:00,749.8
2017-12-08 13:30:00,687.96
2017-12-08 14:00:00,644.78
2017-12-08 14:30:00,636.3
2017-12-08 15:00:00,665.94
2017-12-08 15:30:00,812.81
2017-12-08 16:00:00,813.1
2017-12-08 16:30:00,924.18
2017-12-08 17:00:00,898.08
2017-12-08 17:30:00,1007.35
2017-12-08 18:00:00,1081.59
2017-12-08 18:30:00,1157.86
2017-12-08 19:00:00,1152.93
2017-12-08 19:30:00,1158.14
2017-12-08 20:00:00,1272.62
2017-12-08 20:30:00,1342.16
2017-12-08 21:00:00,1257.84
2017-12-08 21:30:00,1314.96
2017-12-08 22:00:00,1348.19
2017-12-08 22:30:00,1378.38
2017-12-08 23:00:00,1337.81
2017-12-08 23:30:00,1261.82
2017-12-09 00:00:00,1166.22
2017-12-09 00:00:00,1166.22
2017-12-09 00:30:00,1010.81
2017-12-09 01:00:00,901.95
2017-12-09 01:30:00,790.05
2017-12-09 02:00:00,702.04
2017-12-09 02:30:00,636.72
2017-12-09 03:00:00,572.01
2017-12-09 03:30:00,524.94
2017-12-09 04:00:00,477.02
2017-12-09 04:30:00,470.21
2017-12-09 05:00:00,465.28
2017-12-09 05:30:00,511.61
2017-12-09 06:00:00,486.77
2017-12-09 06:30:00,522.0
2017-12-09 07:00:00,516.61
2017-12-09 07:30:00,569.94
2017-12-09 08:00:00,721.74
2017-12-09 08:30:00,714.68
2017-12-09 09:00:00,833.36
2017-12-09 09:30:00,806.86
2017-12-09 10:00:00,913.15
2017-12-09 10:30:00,860.82
2017-12-09 11:00:00,846.19
2017-12-09 11:30:00,880.48
2017-12-09 12:00:00,944.37
2017-12-09 12:30:00,1070.69
2017-12-09 13:00:00,923.79
2017-12-09 13:30:00,845.9
2017-12-09 14:00:00,892.63
2017-12-09 14:30:00,842.66
2017-12-09 15:00:00,894.13
2017-12-09 15:30:00,888.41
2017-12-09 16:00:00,929.75
2017-12-09 16:30:00,924.9
2017-12-09 17:00:00,962.87
2017-12-09 17:30:00,1008.9
2017-12-09 18:00:00,1141.88
2017-12-09 18:30:00,1080.9
2017-12-09 19:00:00,1097.49
2017-12-09 19:30:00,1188.3
2017-12-09 20:00:00,1159.82
2017-12-09 20:30:00,1226.78
2017-12-09 21:00:00,1216.13
2017-12-09 21:30:00,1210.89
2017-12-09 22:00:00,1284.43
2017-12-09 22:30:00,1277.59
2017-12-09 23:00:00,1276.11
2017-12-09 23:30:00,1239.81
2017-12-10 00:00:00,1121.61
2017-12-10 00:00:00,1121.61
2017-12-10 00:30:00,1014.18
2017-12-10 01:00:00,857.92
2017-12-10 01:30:00,732.53
2017-12-10 02:00:00,623.2
2017-12-10 02:30:00,565.82
2017-12-10 03:00:00,497.28
2017-12-10 03:30:00,497.06
2017-12-10 04:00:00,478.85
2017-12-10 04:30:00,459.87
2017-12-10 05:00:00,488.7
2017-12-10 05:30:00,465.84
2017-12-10 06:00:00,491.7
2017-12-10 06:30:00,457.65
2017-12-10 07:00:00,475.71
2017-12-10 07:30:00,482.85
2017-12-10 08:00:00,634.87
2017-12-10 08:30:00,613.87
2017-12-10 09:00:00,773.17
2017-12-10 09:30:00,722.4
2017-12-10 10:00:00,835.35
2017-12-10 10:30:00,717.19
2017-12-10 11:00:00,805.1
2017-12-10 11:30:00,780.38
2017-12-10 12:00:00,900.36
2017-12-10 12:30:00,898.55
2017-12-10 13:00:00,904.16
2017-12-10 13:30:00,932.93
2017-12-10 14:00:00,849.81
2017-12-10 14:30:00,949.81
2017-12-10 15:00:00,877.74
2017-12-10 15:30:00,941.78
2017-12-10 16:00:00,991.94
2017-12-10 16:30:00,982.14
2017-12-10 17:00:00,1023.85
2017-12-10 17:30:00,1039.96
2017-12-10 18:00:00,1096.76
2017-12-10 18:30:00,1141.2
2017-12-10 19:00:00,1204.13
2017-12-10 19:30:00,1216.27
2017-12-10 20:00:00,1259.29
2017-12-10 20:30:00,1279.94
2017-12-10 21:00:00,1362.96
2017-12-10 21:30:00,1407.91
2017-12-10 22:00:00,1430.75
2017-12-10 22:30:00,1421.75
2017-12-10 23:00:00,1396.57
2017-12-10 23:30:00,1334.77
2017-12-11 00:00:00,1178.42
2017-12-11 00:00:00,1178.42
2017-12-11 00:30:00,1030.05
2017-12-11 01:00:00,844.21
2017-12-11 01:30:00,677.92
2017-12-11 02:00:00,589.76
2017-12-11 02:30:00,525.1
2017-12-11 03:00:00,452.08
2017-12-11 03:30:00,468.62
2017-12-11 04:00:00,423.41
2017-12-11 04:30:00,401.76
2017-12-11 05:00:00,442.3
2017-12-11 05:30:00,488.35
2017-12-11 06:00:00,504.2
2017-12-11 06:30:00,466.4
2017-12-11 07:00:00,476.48
2017-12-11 07:30:00,638.81
2017-12-11 08:00:00,922.68
2017-12-11 08:30:00,910.74
2017-12-11 09:00:00,929.8
2017-12-11 09:30:00,857.45
2017-12-11 10:00:00,794.63
2017-12-11 10:30:00,808.0
2017-12-11 11:00:00,877.89
2017-12-11 11:30:00,792.58
2017-12-11 12:00:00,772.55
2017-12-11 12:30:00,884.52
2017-12-11 13:00:00,835.88
2017-12-11 13:30:00,727.79
2017-12-11 14:00:00,603.07
2017-12-11 14:30:00,670.6
2017-12-11 15:00:00,681.37
2017-12-11 15:30:00,758.94
2017-12-11 16:00:00,853.98
2017-12-11 16:30:00,860.09
2017-12-11 17:00:00,915.28
2017-12-11 17:30:00,1006.96
2017-12-11 18:00:00,1088.92
2017-12-11 18:30:00,1204.02
2017-12-11 19:00:00,1227.52
2017-12-11 19:30:00,1269.71
2017-12-11 20:00:00,1298.19
2017-12-11 20:30:00,1416.2
2017-12-11 21:00:00,1487.77
2017-12-11 21:30:00,1489.73
2017-12-11 22:00:00,1460.67
2017-12-11 22:30:00,1516.39
2017-12-11 23:00:00,1541.38
2017-12-11 23:30:00,1376.85
2017-12-12 00:00:00,1194.06
2017-12-12 00:00:00,1194.06
2017-12-12 00:30:00,1020.43
2017-12-12 01:00:00,853.85
2017-12-12 01:30:00,671.7
2017-12-12 02:00:00,596.36
2017-12-12 02:30:00,517.98
2017-12-12 03:00:00,468.29
2017-12-12 03:30:00,450.76
2017-12-12 04:00:00,410.65
2017-12-12 04:30:00,447.86
2017-12-12 05:00:00,464.79
2017-12-12 05:30:00,488.44
2017-12-12 06:00:00,483.21
2017-12-12 06:30:00,489.51
2017-12-12 07:00:00,538.3
2017-12-12 07:30:00,604.2
2017-12-12 08:00:00,916.83
2017-12-12 08:30:00,943.49
2017-12-12 09:00:00,912.04
2017-12-12 09:30:00,823.44
2017-12-12 10:00:00,785.0
2017-12-12 10:30:00,785.0
2017-12-12 11:00:00,1031.91
2017-12-12 11:30:00,1082.08
2017-12-12 12:00:00,1115.58
2017-12-12 12:30:00,1064.9
2017-12-12 13:00:00,1005.77
2017-12-12 13:30:00,821.68
2017-12-12 14:00:00,734.26
2017-12-12 14:30:00,704.21
2017-12-12 15:00:00,678.74
2017-12-12 15:30:00,738.61
2017-12-12 16:00:00,813.47
2017-12-12 16:30:00,841.28
2017-12-12 17:00:00,931.4
2017-12-12 17:30:00,1044.69
2017-12-12 18:00:00,1169.84
2017-12-12 18:30:00,1187.01
2017-12-12 19:00:00,1242.82
2017-12-12 19:30:00,1332.58
2017-12-12 20:00:00,1371.34
2017-12-12 20:30:00,1438.94
2017-12-12 21:00:00,1499.43
2017-12-12 21:30:00,1536.41
2017-12-12 22:00:00,1535.55
2017-12-12 22:30:00,1594.74
2017-12-12 23:00:00,1515.67
2017-12-12 23:30:00,1464.06
2017-12-13 00:00:00,1281.1
2017-12-13 00:00:00,1281.1
2017-12-13 00:30:00,1106.08
2017-12-13 01:00:00,949.98
2017-12-13 01:30:00,788.26
2017-12-13 02:00:00,657.89
2017-12-13 02:30:00,556.52
2017-12-13 03:00:00,534.66
2017-12-13 03:30:00,481.2
2017-12-13 04:00:00,467.74
2017-12-13 04:30:00,497.25
2017-12-13 05:00:00,476.56
2017-12-13 05:30:00,518.7
2017-12-13 06:00:00,506.24
2017-12-13 06:30:00,535.38
2017-12-13 07:00:00,565.31
2017-12-13 07:30:00,641.13
2017-12-13 08:00:00,921.83
2017-12-13 08:30:00,1000.54
2017-12-13 09:00:00,1000.24
2017-12-13 09:30:00,878.9
2017-12-13 10:00:00,823.23
2017-12-13 10:30:00,811.2
2017-12-13 11:00:00,834.25
2017-12-13 11:30:00,851.99
2017-12-13 12:00:00,895.44
2017-12-13 12:30:00,919.84
2017-12-13 13:00:00,865.81
2017-12-13 13:30:00,782.16
2017-12-13 14:00:00,736.84
2017-12-13 14:30:00,811.61
2017-12-13 15:00:00,806.25
2017-12-13 15:30:00,893.26
2017-12-13 16:00:00,986.16
2017-12-13 16:30:00,945.12
2017-12-13 17:00:00,959.83
2017-12-13 17:30:00,1010.83
2017-12-13 18:00:00,1127.85
2017-12-13 18:30:00,1174.96
2017-12-13 19:00:00,1232.77
2017-12-13 19:30:00,1217.26
2017-12-13 20:00:00,1321.03
2017-12-13 20:30:00,1409.64
2017-12-13 21:00:00,1441.65
2017-12-13 21:30:00,1459.39
2017-12-13 22:00:00,1503.17
2017-12-13 22:30:00,1555.7
2017-12-13 23:00:00,1468.53
2017-12-13 23:30:00,1443.96
2017-12-14 00:00:00,1262.05
2017-12-14 00:00:00,1262.05
2017-12-14 00:30:00,1021.81
2017-12-14 01:00:00,844.58
2017-12-14 01:30:00,724.07
2017-12-14 02:00:00,612.01
2017-12-14 02:30:00,529.35
2017-12-14 03:00:00,487.86
2017-12-14 03:30:00,448.31
2017-12-14 04:00:00,431.45
2017-12-14 04:30:00,451.12
2017-12-14 05:00:00,450.57
2017-12-14 05:30:00,476.01
2017-12-14 06:00:00,520.34
2017-12-14 06:30:00,516.35
2017-12-14 07:00:00,513.4
2017-12-14 07:30:00,639.3
2017-12-14 08:00:00,962.72
2017-12-14 08:30:00,985.74
2017-12-14 09:00:00,901.7
2017-12-14 09:30:00,839.22
2017-12-14 10:00:00,769.49
2017-12-14 10:30:00,800.7
2017-12-14 11:00:00,829.11
2017-12-14 11:30:00,857.72
2017-12-14 12:00:00,870.88
2017-12-14 12:30:00,877.92
2017-12-14 13:00:00,808.32
2017-12-14 13:30:00,770.48
2017-12-14 14:00:00,694.51
2017-12-14 14:30:00,718.03
2017-12-14 15:00:00,715.44
2017-12-14 15:30:00,789.65
2017-12-14 16:00:00,920.73
2017-12-14 16:30:00,909.56
2017-12-14 17:00:00,911.75
2017-12-14 17:30:00,984.38
2017-12-14 18:00:00,1062.0
2017-12-14 18:30:00,1232.16
2017-12-14 19:00:00,1219.85
2017-12-14 19:30:00,1267.84
2017-12-14 20:00:00,1393.05
2017-12-14 20:30:00,1432.75
2017-12-14 21:00:00,1417.76
2017-12-14 21:30:00,1438.1
2017-12-14 22:00:00,1448.14
2017-12-14 22:30:00,1454.11
2017-12-14 23:00:00,1455.34
2017-12-14 23:30:00,1355.28
2017-12-15 00:00:00,1194.61
2017-12-15 00:00:00,1194.61
2017-12-15 00:30:00,1072.17
2017-12-15 01:00:00,853.48
2017-12-15 01:30:00,759.58
2017-12-15 02:00:00,612.52
2017-12-15 02:30:00,557.52
2017-12-15 03:00:00,489.24
2017-12-15 03:30:00,471.63
2017-12-15 04:00:00,450.54
2017-12-15 04:30:00,500.09
2017-12-15 05:00:00,509.12
2017-12-15 05:30:00,490.78
2017-12-15 06:00:00,535.98
2017-12-15 06:30:00,523.79
2017-12-15 07:00:00,477.44
2017-12-15 07:30:00,620.9
2017-12-15 08:00:00,857.51
2017-12-15 08:30:00,915.82
2017-12-15 09:00:00,984.0
2017-12-15 09:30:00,842.76
2017-12-15 10:00:00,856.26
2017-12-15 10:30:00,905.15
2017-12-15 11:00:00,851.51
2017-12-15 11:30:00,861.97
2017-12-15 12:00:00,846.06
2017-12-15 12:30:00,902.85
2017-12-15 13:00:00,841.15
2017-12-15 13:30:00,791.77
2017-12-15 14:00:00,714.75
2017-12-15 14:30:00,751.86
2017-12-15 15:00:00,765.32
2017-12-15 15:30:00,785.72
2017-12-15 16:00:00,866.19
2017-12-15 16:30:00,892.56
2017-12-15 17:00:00,897.79
2017-12-15 17:30:00,961.02
2017-12-15 18:00:00,1052.46
2017-12-15 18:30:00,1112.38
2017-12-15 19:00:00,1120.54
2017-12-15 19:30:00,1246.25
2017-12-15 20:00:00,1204.46
2017-12-15 20:30:00,1272.19
2017-12-15 21:00:00,1291.85
2017-12-15 21:30:00,1310.36
2017-12-15 22:00:00,1308.35
2017-12-15 22:30:00,1307.25
2017-12-15 23:00:00,1312.58
2017-12-15 23:30:00,1267.74
2017-12-16 00:00:00,1130.88
2017-12-16 00:00:00,1130.88
2017-12-16 00:30:00,1051.06
2017-12-16 01:00:00,934.31
2017-12-16 01:30:00,831.09
2017-12-16 02:00:00,699.14
2017-12-16 02:30:00,592.81
2017-12-16 03:00:00,555.45
2017-12-16 03:30:00,535.55
2017-12-16 04:00:00,516.02
2017-12-16 04:30:00,519.9
2017-12-16 05:00:00,527.42
2017-12-16 05:30:00,558.88
2017-12-16 06:00:00,541.27
2017-12-16 06:30:00,532.49
2017-12-16 07:00:00,513.41
2017-12-16 07:30:00,556.8
2017-12-16 08:00:00,724.33
2017-12-16 08:30:00,823.47
2017-12-16 09:00:00,875.06
2017-12-16 09:30:00,864.05
2017-12-16 10:00:00,888.3
2017-12-16 10:30:00,878.23
2017-12-16 11:00:00,913.61
2017-12-16 11:30:00,978.85
2017-12-16 12:00:00,1028.1
2017-12-16 12:30:00,1081.76
2017-12-16 13:00:00,1025.47
2017-12-16 13:30:00,1019.4
2017-12-16 14:00:00,1039.69
2017-12-16 14:30:00,932.46
2017-12-16 15:00:00,962.41
2017-12-16 15:30:00,972.89
2017-12-16 16:00:00,941.88
2017-12-16 16:30:00,1043.68
2017-12-16 17:00:00,978.36
2017-12-16 17:30:00,1096.34
2017-12-16 18:00:00,1152.8
2017-12-16 18:30:00,1227.19
2017-12-16 19:00:00,1187.56
2017-12-16 19:30:00,1215.83
2017-12-16 20:00:00,1264.68
2017-12-16 20:30:00,1311.92
2017-12-16 21:00:00,1284.71
2017-12-16 21:30:00,1302.47
2017-12-16 22:00:00,1347.04
2017-12-16 22:30:00,1358.71
2017-12-16 23:00:00,1325.77
2017-12-16 23:30:00,1350.74
2017-12-17 00:00:00,1277.47
2017-12-17 00:00:00,1277.47
2017-12-17 00:30:00,1150.78
2017-12-17 01:00:00,1018.99
2017-12-17 01:30:00,857.76
2017-12-17 02:00:00,762.13
2017-12-17 02:30:00,657.74
2017-12-17 03:00:00,645.89
2017-12-17 03:30:00,593.91
2017-12-17 04:00:00,552.8
2017-12-17 04:30:00,518.87
2017-12-17 05:00:00,531.5
2017-12-17 05:30:00,524.32
2017-12-17 06:00:00,556.87
2017-12-17 06:30:00,533.5
2017-12-17 07:00:00,520.61
2017-12-17 07:30:00,581.45
2017-12-17 08:00:00,675.98
2017-12-17 08:30:00,766.62
2017-12-17 09:00:00,904.2
2017-12-17 09:30:00,827.22
2017-12-17 10:00:00,861.04
2017-12-17 10:30:00,884.39
2017-12-17 11:00:00,904.69
2017-12-17 11:30:00,1009.49
2017-12-17 12:00:00,1061.79
2017-12-17 12:30:00,1087.45
2017-12-17 13:00:00,1094.19
2017-12-17 13:30:00,1094.26
2017-12-17 14:00:00,1046.15
2017-12-17 14:30:00,1026.08
2017-12-17 15:00:00,1010.46
2017-12-17 15:30:00,1009.76
2017-12-17 16:00:00,1089.33
2017-12-17 16:30:00,1129.7
2017-12-17 17:00:00,1170.75
2017-12-17 17:30:00,1282.77
2017-12-17 18:00:00,1364.17
2017-12-17 18:30:00,1409.34
2017-12-17 19:00:00,1417.94
2017-12-17 19:30:00,1377.44
2017-12-17 20:00:00,1422.62
2017-12-17 20:30:00,1565.68
2017-12-17 21:00:00,1569.62
2017-12-17 21:30:00,1672.57
2017-12-17 22:00:00,1646.55
2017-12-17 22:30:00,1645.26
2017-12-17 23:00:00,1587.92
2017-12-17 23:30:00,1470.11
2017-12-18 00:00:00,1328.8
2017-12-18 00:00:00,1328.8
2017-12-18 00:30:00,1141.71
2017-12-18 01:00:00,969.69
2017-12-18 01:30:00,851.39
2017-12-18 02:00:00,714.53
2017-12-18 02:30:00,581.84
2017-12-18 03:00:00,543.27
2017-12-18 03:30:00,509.37
2017-12-18 04:00:00,499.79
2017-12-18 04:30:00,504.04
2017-12-18 05:00:00,542.81
2017-12-18 05:30:00,547.3
2017-12-18 06:00:00,583.81
2017-12-18 06:30:00,597.0
2017-12-18 07:00:00,592.61
2017-12-18 07:30:00,684.66
2017-12-18 08:00:00,996.78
2017-12-18 08:30:00,1000.08
2017-12-18 09:00:00,1016.6
2017-12-18 09:30:00,953.11
2017-12-18 10:00:00,936.24
2017-12-18 10:30:00,900.13
2017-12-18 11:00:00,921.33
2017-12-18 11:30:00,952.15
2017-12-18 12:00:00,919.09
2017-12-18 12:30:00,967.54
2017-12-18 13:00:00,890.41
2017-12-18 13:30:00,801.95
2017-12-18 14:00:00,774.86
2017-12-18 14:30:00,793.72
2017-12-18 15:00:00,727.85
2017-12-18 15:30:00,836.79
2017-12-18 16:00:00,911.94
2017-12-18 16:30:00,918.33
2017-12-18 17:00:00,1039.46
2017-12-18 17:30:00,1114.85
2017-12-18 18:00:00,1208.12
2017-12-18 18:30:00,1298.54
2017-12-18 19:00:00,1387.93
2017-12-18 19:30:00,1396.75
2017-12-18 20:00:00,1441.92
2017-12-18 20:30:00,1536.02
2017-12-18 21:00:00,1580.13
2017-12-18 21:30:00,1559.1
2017-12-18 22:00:00,1556.29
2017-12-18 22:30:00,1593.63
2017-12-18 23:00:00,1601.42
2017-12-18 23:30:00,1506.83
2017-12-19 00:00:00,1304.53
2017-12-19 00:00:00,1304.53
2017-12-19 00:30:00,1115.77
2017-12-19 01:00:00,927.85
2017-12-19 01:30:00,817.57
2017-12-19 02:00:00,672.16
2017-12-19 02:30:00,583.93
2017-12-19 03:00:00,568.61
2017-12-19 03:30:00,521.63
2017-12-19 04:00:00,504.55
2017-12-19 04:30:00,475.42
2017-12-19 05:00:00,507.52
2017-12-19 05:30:00,507.53
2017-12-19 06:00:00,550.46
2017-12-19 06:30:00,558.32
2017-12-19 07:00:00,568.4
2017-12-19 07:30:00,647.56
2017-12-19 08:00:00,948.79
2017-12-19 08:30:00,1019.86
2017-12-19 09:00:00,948.2
2017-12-19 09:30:00,897.15
2017-12-19 10:00:00,845.98
2017-12-19 10:30:00,797.65
2017-12-19 11:00:00,885.91
2017-12-19 11:30:00,899.02
2017-12-19 12:00:00,909.05
2017-12-19 12:30:00,953.41
2017-12-19 13:00:00,863.36
2017-12-19 13:30:00,731.0
2017-12-19 14:00:00,738.65
2017-12-19 14:30:00,709.7
2017-12-19 15:00:00,728.83
2017-12-19 15:30:00,726.71
2017-12-19 16:00:00,925.62
2017-12-19 16:30:00,893.16
2017-12-19 17:00:00,938.3
2017-12-19 17:30:00,1042.38
2017-12-19 18:00:00,1143.53
2017-12-19 18:30:00,1269.72
2017-12-19 19:00:00,1258.66
2017-12-19 19:30:00,1406.48
2017-12-19 20:00:00,1465.78
2017-12-19 20:30:00,1488.73
2017-12-19 21:00:00,1595.31
2017-12-19 21:30:00,1565.21
2017-12-19 22:00:00,1537.99
2017-12-19 22:30:00,1552.7
2017-12-19 23:00:00,1558.92
2017-12-19 23:30:00,1531.36
2017-12-20 00:00:00,1352.84
2017-12-20 00:00:00,1352.84
2017-12-20 00:30:00,1106.63
2017-12-20 01:00:00,883.42
2017-12-20 01:30:00,793.86
2017-12-20 02:00:00,653.9
2017-12-20 02:30:00,580.44
2017-12-20 03:00:00,517.23
2017-12-20 03:30:00,497.23
2017-12-20 04:00:00,478.79
2017-12-20 04:30:00,498.17
2017-12-20 05:00:00,492.93
2017-12-20 05:30:00,517.95
2017-12-20 06:00:00,531.07
2017-12-20 06:30:00,548.11
2017-12-20 07:00:00,540.79
2017-12-20 07:30:00,728.91
2017-12-20 08:00:00,1021.31
2017-12-20 08:30:00,1079.08
2017-12-20 09:00:00,1014.76
2017-12-20 09:30:00,876.47
2017-12-20 10:00:00,992.89
2017-12-20 10:30:00,933.29
2017-12-20 11:00:00,979.67
2017-12-20 11:30:00,946.44
2017-12-20 12:00:00,1012.43
2017-12-20 12:30:00,1046.83
2017-12-20 13:00:00,1028.89
2017-12-20 13:30:00,946.02
2017-12-20 14:00:00,873.09
2017-12-20 14:30:00,853.38
2017-12-20 15:00:00,893.59
2017-12-20 15:30:00,933.31
2017-12-20 16:00:00,1037.61
2017-12-20 16:30:00,1059.61
2017-12-20 17:00:00,1141.28
2017-12-20 17:30:00,1222.66
2017-12-20 18:00:00,1287.89
2017-12-20 18:30:00,1358.32
2017-12-20 19:00:00,1484.18
2017-12-20 19:30:00,1523.81
2017-12-20 20:00:00,1634.01
2017-12-20 20:30:00,1684.73
2017-12-20 21:00:00,1701.65
2017-12-20 21:30:00,1751.71
2017-12-20 22:00:00,1781.56
2017-12-20 22:30:00,1895.88
2017-12-20 23:00:00,1909.8
2017-12-20 23:30:00,1792.89
2017-12-21 00:00:00,1606.57
2017-12-21 00:00:00,1606.57
2017-12-21 00:30:00,1366.73
2017-12-21 01:00:00,1180.51
2017-12-21 01:30:00,955.88
2017-12-21 02:00:00,775.41
2017-12-21 02:30:00,693.7
2017-12-21 03:00:00,595.2
2017-12-21 03:30:00,539.88
2017-12-21 04:00:00,535.87
2017-12-21 04:30:00,534.39
2017-12-21 05:00:00,555.97
2017-12-21 05:30:00,576.47
2017-12-21 06:00:00,601.57
2017-12-21 06:30:00,590.13
2017-12-21 07:00:00,629.14
2017-12-21 07:30:00,843.16
2017-12-21 08:00:00,1156.96
2017-12-21 08:30:00,1063.56
2017-12-21 09:00:00,1074.88
2017-12-21 09:30:00,946.71
2017-12-21 10:00:00,879.88
2017-12-21 10:30:00,923.61
2017-12-21 11:00:00,925.23
2017-12-21 11:30:00,899.26
2017-12-21 12:00:00,959.47
2017-12-21 12:30:00,957.41
2017-12-21 13:00:00,886.0
2017-12-21 13:30:00,812.66
2017-12-21 14:00:00,769.85
2017-12-21 14:30:00,799.22
2017-12-21 15:00:00,741.22
2017-12-21 15:30:00,769.63
2017-12-21 16:00:00,916.15
2017-12-21 16:30:00,963.79
2017-12-21 17:00:00,1101.83
2017-12-21 17:30:00,1167.16
2017-12-21 18:00:00,1236.78
2017-12-21 18:30:00,1366.08
2017-12-21 19:00:00,1421.83
2017-12-21 19:30:00,1547.24
2017-12-21 20:00:00,1633.56
2017-12-21 20:30:00,1733.02
2017-12-21 21:00:00,1765.86
2017-12-21 21:30:00,1794.06
2017-12-21 22:00:00,1768.53
2017-12-21 22:30:00,1751.29
2017-12-21 23:00:00,1786.74
2017-12-21 23:30:00,1705.49
2017-12-22 00:00:00,1504.32
2017-12-22 00:00:00,1504.32
2017-12-22 00:30:00,1258.69
2017-12-22 01:00:00,1087.57
2017-12-22 01:30:00,904.15
2017-12-22 02:00:00,782.63
2017-12-22 02:30:00,711.1
2017-12-22 03:00:00,617.07
2017-12-22 03:30:00,590.85
2017-12-22 04:00:00,583.74
2017-12-22 04:30:00,581.76
2017-12-22 05:00:00,543.07
2017-12-22 05:30:00,609.28
2017-12-22 06:00:00,616.0
2017-12-22 06:30:00,626.77
2017-12-22 07:00:00,637.7
2017-12-22 07:30:00,546.26
2017-12-22 08:00:00,878.14
2017-12-22 08:30:00,946.79
2017-12-22 09:00:00,981.76
2017-12-22 09:30:00,848.05
2017-12-22 10:00:00,817.05
2017-12-22 10:30:00,782.63
2017-12-22 11:00:00,761.46
2017-12-22 11:30:00,764.6
2017-12-22 12:00:00,818.02
2017-12-22 12:30:00,782.16
2017-12-22 13:00:00,764.83
2017-12-22 13:30:00,674.99
2017-12-22 14:00:00,683.28
2017-12-22 14:30:00,684.28
2017-12-22 15:00:00,673.61
2017-12-22 15:30:00,694.67
2017-12-22 16:00:00,850.99
2017-12-22 16:30:00,826.35
2017-12-22 17:00:00,870.51
2017-12-22 17:30:00,922.04
2017-12-22 18:00:00,1043.5
2017-12-22 18:30:00,970.01
2017-12-22 19:00:00,1088.55
2017-12-22 19:30:00,1092.85
2017-12-22 20:00:00,1138.69
2017-12-22 20:30:00,1167.01
2017-12-22 21:00:00,1166.43
2017-12-22 21:30:00,1176.62
2017-12-22 22:00:00,1244.33
2017-12-22 22:30:00,1279.29
2017-12-22 23:00:00,1209.41
2017-12-22 23:30:00,1194.18
2017-12-23 00:00:00,1091.68
2017-12-23 00:00:00,1091.68
2017-12-23 00:30:00,987.89
2017-12-23 01:00:00,852.88
2017-12-23 01:30:00,762.51
2017-12-23 02:00:00,641.1
2017-12-23 02:30:00,582.5
2017-12-23 03:00:00,532.89
2017-12-23 03:30:00,512.66
2017-12-23 04:00:00,455.78
2017-12-23 04:30:00,476.21
2017-12-23 05:00:00,469.0
2017-12-23 05:30:00,479.57
2017-12-23 06:00:00,479.27
2017-12-23 06:30:00,495.44
2017-12-23 07:00:00,462.67
2017-12-23 07:30:00,515.07
2017-12-23 08:00:00,595.75
2017-12-23 08:30:00,666.22
2017-12-23 09:00:00,805.47
2017-12-23 09:30:00,799.37
2017-12-23 10:00:00,808.4
2017-12-23 10:30:00,815.36
2017-12-23 11:00:00,808.76
2017-12-23 11:30:00,817.34
2017-12-23 12:00:00,839.92
2017-12-23 12:30:00,946.75
2017-12-23 13:00:00,852.06
2017-12-23 13:30:00,844.23
2017-12-23 14:00:00,804.32
2017-12-23 14:30:00,779.75
2017-12-23 15:00:00,785.58
2017-12-23 15:30:00,732.34
2017-12-23 16:00:00,845.67
2017-12-23 16:30:00,813.71
2017-12-23 17:00:00,815.35
2017-12-23 17:30:00,872.07
2017-12-23 18:00:00,926.74
2017-12-23 18:30:00,930.16
2017-12-23 19:00:00,950.3
2017-12-23 19:30:00,990.34
2017-12-23 20:00:00,1007.11
2017-12-23 20:30:00,1043.67
2017-12-23 21:00:00,1045.3
2017-12-23 21:30:00,1080.1
2017-12-23 22:00:00,1055.85
2017-12-23 22:30:00,1073.63
2017-12-23 23:00:00,1131.88
2017-12-23 23:30:00,1046.5
2017-12-24 00:00:00,940.3
2017-12-24 00:00:00,940.3
2017-12-24 00:30:00,854.55
2017-12-24 01:00:00,724.35
2017-12-24 01:30:00,666.11
2017-12-24 02:00:00,609.04
2017-12-24 02:30:00,515.42
2017-12-24 03:00:00,446.72
2017-12-24 03:30:00,475.33
2017-12-24 04:00:00,437.55
2017-12-24 04:30:00,417.08
2017-12-24 05:00:00,425.02
2017-12-24 05:30:00,436.8
2017-12-24 06:00:00,456.52
2017-12-24 06:30:00,439.46
2017-12-24 07:00:00,412.53
2017-12-24 07:30:00,528.77
2017-12-24 08:00:00,568.63
2017-12-24 08:30:00,649.08
2017-12-24 09:00:00,729.72
2017-12-24 09:30:00,716.39
2017-12-24 10:00:00,753.85
2017-12-24 10:30:00,753.09
2017-12-24 11:00:00,778.51
2017-12-24 11:30:00,797.42
2017-12-24 12:00:00,855.75
2017-12-24 12:30:00,877.61
2017-12-24 13:00:00,830.25
2017-12-24 13:30:00,812.72
2017-12-24 14:00:00,847.44
2017-12-24 14:30:00,831.8
2017-12-24 15:00:00,810.09
2017-12-24 15:30:00,925.97
2017-12-24 16:00:00,843.24
2017-12-24 16:30:00,859.27
2017-12-24 17:00:00,849.94
2017-12-24 17:30:00,933.07
2017-12-24 18:00:00,985.41
2017-12-24 18:30:00,1007.63
2017-12-24 19:00:00,992.12
2017-12-24 19:30:00,1007.75
2017-12-24 20:00:00,1065.1
2017-12-24 20:30:00,1074.35
2017-12-24 21:00:00,1048.85
2017-12-24 21:30:00,1071.51
2017-12-24 22:00:00,1081.27
2017-12-24 22:30:00,1054.94
2017-12-24 23:00:00,1131.54
2017-12-24 23:30:00,1078.87
2017-12-25 00:00:00,1001.31
2017-12-25 00:00:00,1001.31
2017-12-25 00:30:00,866.2
2017-12-25 01:00:00,785.83
2017-12-25 01:30:00,712.88
2017-12-25 02:00:00,594.15
2017-12-25 02:30:00,567.41
2017-12-25 03:00:00,520.27
2017-12-25 03:30:00,515.73
2017-12-25 04:00:00,468.16
2017-12-25 04:30:00,438.88
2017-12-25 05:00:00,451.83
2017-12-25 05:30:00,476.98
2017-12-25 06:00:00,481.46
2017-12-25 06:30:00,500.38
2017-12-25 07:00:00,509.44
2017-12-25 07:30:00,561.93
2017-12-25 08:00:00,641.0
2017-12-25 08:30:00,733.39
2017-12-25 09:00:00,804.06
2017-12-25 09:30:00,779.62
2017-12-25 10:00:00,794.52
2017-12-25 10:30:00,784.71
2017-12-25 11:00:00,
2017-12-25 11:30:00,770.32
2017-12-25 12:00:00,850.48
2017-12-25 12:30:00,897.58
2017-12-25 13:00:00,831.58
2017-12-25 13:30:00,776.78
2017-12-25 14:00:00,799.43
2017-12-25 14:30:00,745.47
2017-12-25 15:00:00,758.3
2017-12-25 15:30:00,785.89
2017-12-25 16:00:00,887.16
2017-12-25 16:30:00,890.41
2017-12-25 17:00:00,912.8
2017-12-25 17:30:00,919.62
2017-12-25 18:00:00,1040.17
2017-12-25 18:30:00,1055.18
2017-12-25 19:00:00,1070.0
2017-12-25 19:30:00,1139.09
2017-12-25 20:00:00,1137.43
2017-12-25 20:30:00,1177.0
2017-12-25 21:00:00,1205.2
2017-12-25 21:30:00,1268.11
2017-12-25 22:00:00,1325.29
2017-12-25 22:30:00,1328.63
2017-12-25 23:00:00,1273.86
2017-12-25 23:30:00,1261.78
2017-12-26 00:00:00,1167.56
2017-12-26 00:00:00,1167.56
2017-12-26 00:30:00,1027.68
2017-12-26 01:00:00,827.33
2017-12-26 01:30:00,719.28
2017-12-26 02:00:00,618.47
2017-12-26 02:30:00,541.23
2017-12-26 03:00:00,543.26
2017-12-26 03:30:00,501.63
2017-12-26 04:00:00,455.82
2017-12-26 04:30:00,452.58
2017-12-26 05:00:00,472.59
2017-12-26 05:30:00,449.71
2017-12-26 06:00:00,501.39
2017-12-26 06:30:00,485.56
2017-12-26 07:00:00,492.94
2017-12-26 07:30:00,610.4
2017-12-26 08:00:00,853.23
2017-12-26 08:30:00,937.19
2017-12-26 09:00:00,901.56
2017-12-26 09:30:00,860.64
2017-12-26 10:00:00,839.7
2017-12-26 10:30:00,796.12
2017-12-26 11:00:00,794.2
2017-12-26 11:30:00,785.15
2017-12-26 12:00:00,914.63
2017-12-26 12:30:00,884.67
2017-12-26 13:00:00,796.17
2017-12-26 13:30:00,770.43
2017-12-26 14:00:00,655.45
2017-12-26 14:30:00,635.0
2017-12-26 15:00:00,692.79
2017-12-26 15:30:00,744.82
2017-12-26 16:00:00,830.05
2017-12-26 16:30:00,820.03
2017-12-26 17:00:00,866.37
2017-12-26 17:30:00,981.91
2017-12-26 18:00:00,1063.22
2017-12-26 18:30:00,1123.07
2017-12-26 19:00:00,1148.99
2017-12-26 19:30:00,1162.82
2017-12-26 20:00:00,1259.11
2017-12-26 20:30:00,1257.4
2017-12-26 21:00:00,1257.52
2017-12-26 21:30:00,1332.78
2017-12-26 22:00:00,1349.28
2017-12-26 22:30:00,1309.9
2017-12-26 23:00:00,1324.73
2017-12-26 23:30:00,1261.67
2017-12-27 00:00:00,1131.48
2017-12-27 00:00:00,1131.48
2017-12-27 00:30:00,942.47
2017-12-27 01:00:00,854.74
2017-12-27 01:30:00,676.18
2017-12-27 02:00:00,579.06
2017-12-27 02:30:00,509.74
2017-12-27 03:00:00,491.13
2017-12-27 03:30:00,459.91
2017-12-27 04:00:00,468.88
2017-12-27 04:30:00,405.12
2017-12-27 05:00:00,415.33
2017-12-27 05:30:00,455.74
2017-12-27 06:00:00,480.49
2017-12-27 06:30:00,480.87
2017-12-27 07:00:00,513.06
2017-12-27 07:30:00,625.66
2017-12-27 08:00:00,836.51
2017-12-27 08:30:00,899.91
2017-12-27 09:00:00,914.79
2017-12-27 09:30:00,844.75
2017-12-27 10:00:00,826.62
2017-12-27 10:30:00,803.48
2017-12-27 11:00:00,706.2
2017-12-27 11:30:00,764.83
2017-12-27 12:00:00,832.87
2017-12-27 12:30:00,820.77
2017-12-27 13:00:00,783.54
2017-12-27 13:30:00,767.4
2017-12-27 14:00:00,682.28
2017-12-27 14:30:00,703.22
2017-12-27 15:00:00,686.82
2017-12-27 15:30:00,785.64
2017-12-27 16:00:00,820.42
2017-12-27 16:30:00,776.64
2017-12-27 17:00:00,879.6
2017-12-27 17:30:00,927.81
2017-12-27 18:00:00,998.32
2017-12-27 18:30:00,1122.56
2017-12-27 19:00:00,1095.84
2017-12-27 19:30:00,1119.24
2017-12-27 20:00:00,1163.62
2017-12-27 20:30:00,1209.68
2017-12-27 21:00:00,1268.69
2017-12-27 21:30:00,1295.6
2017-12-27 22:00:00,1304.57
2017-12-27 22:30:00,1339.67
2017-12-27 23:00:00,1306.7
2017-12-27 23:30:00,1268.0
2017-12-28 00:00:00,1142.4
2017-12-28 00:00:00,1142.4
2017-12-28 00:30:00,982.3
2017-12-28 01:00:00,805.92
2017-12-28 01:30:00,681.6
2017-12-28 02:00:00,596.65
2017-12-28 02:30:00,487.96
2017-12-28 03:00:00,481.38
2017-12-28 03:30:00,437.02
2017-12-28 04:00:00,437.18
2017-12-28 04:30:00,454.67
2017-12-28 05:00:00,423.9
2017-12-28 05:30:00,468.61
2017-12-28 06:00:00,468.05
2017-12-28 06:30:00,458.58
2017-12-28 07:00:00,497.71
2017-12-28 07:30:00,604.04
2017-12-28 08:00:00,799.84
2017-12-28 08:30:00,909.92
2017-12-28 09:00:00,957.04
2017-12-28 09:30:00,769.86
2017-12-28 10:00:00,848.76
2017-12-28 10:30:00,820.14
2017-12-28 11:00:00,746.84
2017-12-28 11:30:00,813.16
2017-12-28 12:00:00,825.32
2017-12-28 12:30:00,873.53
2017-12-28 13:00:00,772.48
2017-12-28 13:30:00,752.03
2017-12-28 14:00:00,745.17
2017-12-28 14:30:00,750.73
2017-12-28 15:00:00,741.78
2017-12-28 15:30:00,760.86
2017-12-28 16:00:00,931.35
2017-12-28 16:30:00,887.35
2017-12-28 17:00:00,928.5
2017-12-28 17:30:00,994.17
2017-12-28 18:00:00,1020.15
2017-12-28 18:30:00,1070.96
2017-12-28 19:00:00,1103.13
2017-12-28 19:30:00,1194.35
2017-12-28 20:00:00,1152.95
2017-12-28 20:30:00,1181.68
2017-12-28 21:00:00,1198.14
2017-12-28 21:30:00,1256.28
2017-12-28 22:00:00,1312.03
2017-12-28 22:30:00,1286.26
2017-12-28 23:00:00,1279.88
2017-12-28 23:30:00,1221.87
2017-12-29 00:00:00,1096.43
2017-12-29 00:00:00,1096.43
2017-12-29 00:30:00,885.53
2017-12-29 01:00:00,766.13
2017-12-29 01:30:00,706.1
2017-12-29 02:00:00,538.28
2017-12-29 02:30:00,518.9
2017-12-29 03:00:00,475.26
2017-12-29 03:30:00,446.79
2017-12-29 04:00:00,430.75
2017-12-29 04:30:00,425.99
2017-12-29 05:00:00,449.87
2017-12-29 05:30:00,466.16
2017-12-29 06:00:00,449.86
2017-12-29 06:30:00,461.17
2017-12-29 07:00:00,461.06
2017-12-29 07:30:00,542.78
2017-12-29 08:00:00,745.17
2017-12-29 08:30:00,841.89
2017-12-29 09:00:00,916.94
2017-12-29 09:30:00,839.09
2017-12-29 10:00:00,852.87
2017-12-29 10:30:00,802.84
2017-12-29 11:00:00,733.68
2017-12-29 11:30:00,765.75
2017-12-29 12:00:00,765.92
2017-12-29 12:30:00,794.36
2017-12-29 13:00:00,774.7
2017-12-29 13:30:00,681.36
2017-12-29 14:00:00,623.4
2017-12-29 14:30:00,645.21
2017-12-29 15:00:00,642.9
2017-12-29 15:30:00,691.63
2017-12-29 16:00:00,786.8
2017-12-29 16:30:00,741.39
2017-12-29 17:00:00,739.87
2017-12-29 17:30:00,850.59
2017-12-29 18:00:00,801.14
2017-12-29 18:30:00,893.28
2017-12-29 19:00:00,930.61
2017-12-29 19:30:00,962.87
2017-12-29 20:00:00,1010.28
2017-12-29 20:30:00,967.89
2017-12-29 21:00:00,1010.73
2017-12-29 21:30:00,1061.81
2017-12-29 22:00:00,1027.39
2017-12-29 22:30:00,1048.94
2017-12-29 23:00:00,1051.35
2017-12-29 23:30:00,1081.93
2017-12-30 00:00:00,1019.19
2017-12-30 00:00:00,1019.19
2017-12-30 00:30:00,858.8
2017-12-30 01:00:00,774.04
2017-12-30 01:30:00,679.8
2017-12-30 02:00:00,598.21
2017-12-30 02:30:00,524.41
2017-12-30 03:00:00,459.7
2017-12-30 03:30:00,450.37
2017-12-30 04:00:00,411.55
2017-12-30 04:30:00,406.53
2017-12-30 05:00:00,439.84
2017-12-30 05:30:00,474.82
2017-12-30 06:00:00,473.21
2017-12-30 06:30:00,472.55
2017-12-30 07:00:00,440.63
2017-12-30 07:30:00,476.07
2017-12-30 08:00:00,560.38
2017-12-30 08:30:00,605.24
2017-12-30 09:00:00,723.57
2017-12-30 09:30:00,734.03
2017-12-30 10:00:00,746.16
2017-12-30 10:30:00,793.83
2017-12-30 11:00:00,857.6
2017-12-30 11:30:00,864.44
2017-12-30 12:00:00,863.66
2017-12-30 12:30:00,919.15
2017-12-30 13:00:00,865.57
2017-12-30 13:30:00,853.88
2017-12-30 14:00:00,893.15
2017-12-30 14:30:00,881.65
2017-12-30 15:00:00,845.28
2017-12-30 15:30:00,863.79
2017-12-30 16:00:00,938.39
2017-12-30 16:30:00,854.67
2017-12-30 17:00:00,888.86
2017-12-30 17:30:00,889.03
2017-12-30 18:00:00,917.82
2017-12-30 18:30:00,898.88
2017-12-30 19:00:00,903.6
2017-12-30 19:30:00,933.66
2017-12-30 20:00:00,947.79
2017-12-30 20:30:00,1026.91
2017-12-30 21:00:00,964.49
2017-12-30 21:30:00,1011.05
2017-12-30 22:00:00,1030.03
2017-12-30 22:30:00,1004.2
2017-12-30 23:00:00,974.74
2017-12-30 23:30:00,922.35
2017-12-31 00:00:00,900.59
2017-12-31 00:00:00,900.59
2017-12-31 00:30:00,814.44
2017-12-31 01:00:00,706.0
2017-12-31 01:30:00,621.6
2017-12-31 02:00:00,518.37
2017-12-31 02:30:00,489.69
2017-12-31 03:00:00,459.45
2017-12-31 03:30:00,435.69
2017-12-31 04:00:00,400.99
2017-12-31 04:30:00,398.15
2017-12-31 05:00:00,391.16
2017-12-31 05:30:00,420.1
2017-12-31 06:00:00,436.72
2017-12-31 06:30:00,409.57
2017-12-31 07:00:00,417.54
2017-12-31 07:30:00,515.31
2017-12-31 08:00:00,544.16
2017-12-31 08:30:00,590.1
2017-12-31 09:00:00,673.94
2017-12-31 09:30:00,695.12
2017-12-31 10:00:00,761.02
2017-12-31 10:30:00,748.19
2017-12-31 11:00:00,770.9
2017-12-31 11:30:00,781.39
2017-12-31 12:00:00,824.26
2017-12-31 12:30:00,802.62
2017-12-31 13:00:00,778.17
2017-12-31 13:30:00,752.8
2017-12-31 14:00:00,779.2
2017-12-31 14:30:00,755.99
2017-12-31 15:00:00,715.87
2017-12-31 15:30:00,686.2
2017-12-31 16:00:00,737.42
2017-12-31 16:30:00,714.0
2017-12-31 17:00:00,762.68
2017-12-31 17:30:00,804.73
2017-12-31 18:00:00,828.92
2017-12-31 18:30:00,846.08
2017-12-31 19:00:00,813.92
2017-12-31 19:30:00,853.62
2017-12-31 20:00:00,887.73
2017-12-31 20:30:00,867.78
2017-12-31 21:00:00,844.92
2017-12-31 21:30:00,861.72
2017-12-31 22:00:00,872.58
2017-12-31 22:30:00,892.24
2017-12-31 23:00:00,925.0
2017-12-31 23:30:00,893.04
2018-01-01 00:00:00,840.76
