Time,Power (kW)
2017-01-01 00:00:00,214.68
2017-01-01 01:00:00,201.84
2017-01-01 02:00:00,194.4
2017-01-01 03:00:00,193.68
2017-01-01 04:00:00,197.52
2017-01-01 05:00:00,192.0
2017-01-01 06:00:00,238.8
2017-01-01 07:00:00,230.64
2017-01-01 08:00:00,309.24
2017-01-01 09:00:00,341.76
2017-01-01 10:00:00,336.24
2017-01-01 11:00:00,371.88
2017-01-01 12:00:00,318.96
2017-01-01 13:00:00,340.8
2017-01-01 14:00:00,339.36
2017-01-01 15:00:00,305.76
2017-01-01 16:00:00,294.36
2017-01-01 17:00:00,326.16
2017-01-01 18:00:00,345.0
2017-01-01 19:00:00,349.2
2017-01-01 20:00:00,285.0
2017-01-01 21:00:00,280.8
2017-01-01 22:00:00,208.44
2017-01-01 23:00:00,195.48
2017-01-02 00:00:00,196.68
2017-01-02 00:00:00,196.68
2017-01-02 01:00:00,190.08
2017-01-02 02:00:00,204.96
2017-01-02 03:00:00,201.96
2017-01-02 04:00:00,201.24
2017-01-02 05:00:00,196.68
2017-01-02 06:00:00,236.16
2017-01-02 07:00:00,209.4
2017-01-02 08:00:00,342.84
2017-01-02 09:00:00,411.0
2017-01-02 10:00:00,399.96
2017-01-02 11:00:00,452.28
2017-01-02 12:00:00,432.72
2017-01-02 13:00:00,441.48
2017-01-02 14:00:00,419.52
2017-01-02 15:00:00,394.44
2017-01-02 16:00:00,389.88
2017-01-02 17:00:00,325.32
2017-01-02 18:00:00,323.76
2017-01-02 19:00:00,335.52
2017-01-02 20:00:00,282.96
2017-01-02 21:00:00,241.44
2017-01-02 22:00:00,206.28
2017-01-02 23:00:00,195.72
2017-01-03 00:00:00,207.36
2017-01-03 00:00:00,207.36
2017-01-03 01:00:00,199.44
2017-01-03 02:00:00,196.56
2017-01-03 03:00:00,200.28
2017-01-03 04:00:00,187.32
2017-01-03 05:00:00,196.08
2017-01-03 06:00:00,237.0
2017-01-03 07:00:00,795.0
2017-01-03 08:00:00,1006.08
2017-01-03 09:00:00,1120.68
2017-01-03 10:00:00,1209.48
2017-01-03 11:00:00,1233.6
2017-01-03 12:00:00,1193.76
2017-01-03 13:00:00,1203.96
2017-01-03 14:00:00,1020.96
2017-01-03 15:00:00,1019.04
2017-01-03 16:00:00,998.4
2017-01-03 17:00:00,1043.88
2017-01-03 18:00:00,541.2
2017-01-03 19:00:00,368.16
2017-01-03 20:00:00,404.04
2017-01-03 21:00:00,282.84
2017-01-03 22:00:00,224.28
2017-01-03 23:00:00,213.96
2017-01-04 00:00:00,206.16
2017-01-04 00:00:00,206.16
2017-01-04 01:00:00,196.32
2017-01-04 02:00:00,200.64
2017-01-04 03:00:00,201.12
2017-01-04 04:00:00,190.32
2017-01-04 05:00:00,188.52
2017-01-04 06:00:00,228.96
2017-01-04 07:00:00,803.04
2017-01-04 08:00:00,985.56
2017-01-04 09:00:00,1103.52
2017-01-04 10:00:00,1189.08
2017-01-04 11:00:00,1168.08
2017-01-04 12:00:00,1234.32
2017-01-04 13:00:00,1037.28
2017-01-04 14:00:00,993.24
2017-01-04 15:00:00,1010.28
2017-01-04 16:00:00,981.24
2017-01-04 17:00:00,988.44
2017-01-04 18:00:00,562.2
2017-01-04 19:00:00,413.88
2017-01-04 20:00:00,328.32
2017-01-04 21:00:00,284.4
2017-01-04 22:00:00,227.4
2017-01-04 23:00:00,220.32
2017-01-05 00:00:00,213.12
2017-01-05 00:00:00,213.12
2017-01-05 01:00:00,210.24
2017-01-05 02:00:00,194.88
2017-01-05 03:00:00,191.4
2017-01-05 04:00:00,205.32
2017-01-05 05:00:00,204.24
2017-01-05 06:00:00,263.04
2017-01-05 07:00:00,819.0
2017-01-05 08:00:00,983.52
2017-01-05 09:00:00,1150.08
2017-01-05 10:00:00,1183.92
2017-01-05 11:00:00,1243.68
2017-01-05 12:00:00,1195.08
2017-01-05 13:00:00,1119.72
2017-01-05 14:00:00,1143.48
2017-01-05 15:00:00,1048.56
2017-01-05 16:00:00,1066.08
2017-01-05 17:00:00,972.96
2017-01-05 18:00:00,511.8
2017-01-05 19:00:00,398.4
2017-01-05 20:00:00,334.2
2017-01-05 21:00:00,271.56
2017-01-05 22:00:00,216.0
2017-01-05 23:00:00,197.88
2017-01-06 00:00:00,199.2
2017-01-06 00:00:00,199.2
2017-01-06 01:00:00,199.68
2017-01-06 02:00:00,193.56
2017-01-06 03:00:00,197.04
2017-01-06 04:00:00,181.92
2017-01-06 05:00:00,189.96
2017-01-06 06:00:00,232.08
2017-01-06 07:00:00,820.08
2017-01-06 08:00:00,1004.52
2017-01-06 09:00:00,1107.24
2017-01-06 10:00:00,1169.04
2017-01-06 11:00:00,1208.04
2017-01-06 12:00:00,1088.64
2017-01-06 13:00:00,1040.52
2017-01-06 14:00:00,1045.92
2017-01-06 15:00:00,983.52
2017-01-06 16:00:00,959.04
2017-01-06 17:00:00,930.96
2017-01-06 18:00:00,640.8
2017-01-06 19:00:00,392.52
2017-01-06 20:00:00,458.64
2017-01-06 21:00:00,305.7
2017-01-06 22:00:00,260.04
2017-01-06 23:00:00,222.24
2017-01-07 00:00:00,212.4
2017-01-07 00:00:00,212.4
2017-01-07 01:00:00,217.44
2017-01-07 02:00:00,206.64
2017-01-07 03:00:00,208.56
2017-01-07 04:00:00,201.96
2017-01-07 05:00:00,208.44
2017-01-07 06:00:00,246.96
2017-01-07 07:00:00,239.04
2017-01-07 08:00:00,375.72
2017-01-07 09:00:00,434.76
2017-01-07 10:00:00,512.28
2017-01-07 11:00:00,477.96
2017-01-07 12:00:00,461.52
2017-01-07 13:00:00,443.28
2017-01-07 14:00:00,509.64
2017-01-07 15:00:00,455.88
2017-01-07 16:00:00,371.16
2017-01-07 17:00:00,434.88
2017-01-07 18:00:00,384.0
2017-01-07 19:00:00,296.28
2017-01-07 20:00:00,325.56
2017-01-07 21:00:00,247.8
2017-01-07 22:00:00,198.6
2017-01-07 23:00:00,195.84
2017-01-08 00:00:00,189.36
2017-01-08 00:00:00,189.36
2017-01-08 01:00:00,193.56
2017-01-08 02:00:00,189.6
2017-01-08 03:00:00,187.2
2017-01-08 04:00:00,191.64
2017-01-08 05:00:00,187.68
2017-01-08 06:00:00,223.2
2017-01-08 07:00:00,213.0
2017-01-08 08:00:00,286.2
2017-01-08 09:00:00,329.88
2017-01-08 10:00:00,368.04
2017-01-08 11:00:00,378.84
2017-01-08 12:00:00,377.88
2017-01-08 13:00:00,391.92
2017-01-08 14:00:00,388.8
2017-01-08 15:00:00,361.2
2017-01-08 16:00:00,402.12
2017-01-08 17:00:00,376.2
2017-01-08 18:00:00,350.88
2017-01-08 19:00:00,325.68
2017-01-08 20:00:00,295.8
2017-01-08 21:00:00,224.28
2017-01-08 22:00:00,193.08
2017-01-08 23:00:00,182.76
2017-01-09 00:00:00,180.48
2017-01-09 00:00:00,180.48
2017-01-09 01:00:00,181.08
2017-01-09 02:00:00,183.36
2017-01-09 03:00:00,180.6
2017-01-09 04:00:00,178.92
2017-01-09 05:00:00,179.52
2017-01-09 06:00:00,220.2
2017-01-09 07:00:00,829.08
2017-01-09 08:00:00,1030.8
2017-01-09 09:00:00,1216.32
2017-01-09 10:00:00,1245.24
2017-01-09 11:00:00,1277.88
2017-01-09 12:00:00,1247.52
2017-01-09 13:00:00,1103.76
2017-01-09 14:00:00,1185.72
2017-01-09 15:00:00,1203.84
2017-01-09 16:00:00,1089.24
2017-01-09 17:00:00,1097.88
2017-01-09 18:00:00,601.08
2017-01-09 19:00:00,397.68
2017-01-09 20:00:00,419.16
2017-01-09 21:00:00,291.36
2017-01-09 22:00:00,232.44
2017-01-09 23:00:00,228.6
2017-01-10 00:00:00,187.08
2017-01-10 00:00:00,187.08
2017-01-10 01:00:00,198.36
2017-01-10 02:00:00,186.96
2017-01-10 03:00:00,190.8
2017-01-10 04:00:00,192.72
2017-01-10 05:00:00,194.16
2017-01-10 06:00:00,229.44
2017-01-10 07:00:00,845.88
2017-01-10 08:00:00,1014.96
2017-01-10 09:00:00,1235.88
2017-01-10 10:00:00,1211.76
2017-01-10 11:00:00,1262.52
2017-01-10 12:00:00,1198.44
2017-01-10 13:00:00,1181.04
2017-01-10 14:00:00,1089.12
2017-01-10 15:00:00,1014.96
2017-01-10 16:00:00,1049.64
2017-01-10 17:00:00,1054.32
2017-01-10 18:00:00,573.72
2017-01-10 19:00:00,375.24
2017-01-10 20:00:00,385.68
2017-01-10 21:00:00,343.68
2017-01-10 22:00:00,232.68
2017-01-10 23:00:00,202.2
2017-01-11 00:00:00,247.56
2017-01-11 00:00:00,247.56
2017-01-11 01:00:00,188.16
2017-01-11 02:00:00,190.32
2017-01-11 03:00:00,195.48
2017-01-11 04:00:00,187.44
2017-01-11 05:00:00,202.8
2017-01-11 06:00:00,223.44
2017-01-11 07:00:00,833.16
2017-01-11 08:00:00,1026.6
2017-01-11 09:00:00,1238.04
2017-01-11 10:00:00,1231.2
2017-01-11 11:00:00,1242.48
2017-01-11 12:00:00,1270.92
2017-01-11 13:00:00,1093.68
2017-01-11 14:00:00,1123.92
2017-01-11 15:00:00,1108.08
2017-01-11 16:00:00,1064.28
2017-01-11 17:00:00,1077.48
2017-01-11 18:00:00,638.28
2017-01-11 19:00:00,416.28
2017-01-11 20:00:00,399.6
2017-01-11 21:00:00,327.0
2017-01-11 22:00:00,227.52
2017-01-11 23:00:00,205.32
2017-01-12 00:00:00,222.84
2017-01-12 00:00:00,222.84
2017-01-12 01:00:00,198.36
2017-01-12 02:00:00,196.92
2017-01-12 03:00:00,192.6
2017-01-12 04:00:00,194.04
2017-01-12 05:00:00,192.48
2017-01-12 06:00:00,235.44
2017-01-12 07:00:00,801.84
2017-01-12 08:00:00,1056.0
2017-01-12 09:00:00,1166.76
2017-01-12 10:00:00,1246.56
2017-01-12 11:00:00,1320.84
2017-01-12 12:00:00,1224.12
2017-01-12 13:00:00,1197.96
2017-01-12 14:00:00,1137.0
2017-01-12 15:00:00,1124.4
2017-01-12 16:00:00,1128.36
2017-01-12 17:00:00,1033.8
2017-01-12 18:00:00,607.92
2017-01-12 19:00:00,384.72
2017-01-12 20:00:00,370.56
2017-01-12 21:00:00,320.64
2017-01-12 22:00:00,238.68
2017-01-12 23:00:00,219.84
2017-01-13 00:00:00,213.72
2017-01-13 00:00:00,213.72
2017-01-13 01:00:00,206.4
2017-01-13 02:00:00,196.92
2017-01-13 03:00:00,189.72
2017-01-13 04:00:00,195.6
2017-01-13 05:00:00,204.6
2017-01-13 06:00:00,222.6
2017-01-13 07:00:00,818.04
2017-01-13 08:00:00,1072.08
2017-01-13 09:00:00,1210.2
2017-01-13 10:00:00,1199.28
2017-01-13 11:00:00,1225.56
2017-01-13 12:00:00,1188.48
2017-01-13 13:00:00,1062.0
2017-01-13 14:00:00,1104.48
2017-01-13 15:00:00,1001.16
2017-01-13 16:00:00,953.52
2017-01-13 17:00:00,1052.16
2017-01-13 18:00:00,715.44
2017-01-13 19:00:00,525.72
2017-01-13 20:00:00,425.04
2017-01-13 21:00:00,341.88
2017-01-13 22:00:00,261.48
2017-01-13 23:00:00,242.28
2017-01-14 00:00:00,234.0
2017-01-14 00:00:00,234.0
2017-01-14 01:00:00,217.92
2017-01-14 02:00:00,214.92
2017-01-14 03:00:00,218.64
2017-01-14 04:00:00,213.72
2017-01-14 05:00:00,206.88
2017-01-14 06:00:00,248.04
2017-01-14 07:00:00,317.52
2017-01-14 08:00:00,461.64
2017-01-14 09:00:00,545.16
2017-01-14 10:00:00,576.0
2017-01-14 11:00:00,704.04
2017-01-14 12:00:00,704.76
2017-01-14 13:00:00,588.84
2017-01-14 14:00:00,569.52
2017-01-14 15:00:00,564.84
2017-01-14 16:00:00,580.56
2017-01-14 17:00:00,553.2
2017-01-14 18:00:00,636.6
2017-01-14 19:00:00,420.36
2017-01-14 20:00:00,418.32
2017-01-14 21:00:00,313.2
2017-01-14 22:00:00,258.48
2017-01-14 23:00:00,212.88
2017-01-15 00:00:00,204.36
2017-01-15 00:00:00,204.36
2017-01-15 01:00:00,234.0
2017-01-15 02:00:00,212.76
2017-01-15 03:00:00,208.68
2017-01-15 04:00:00,217.68
2017-01-15 05:00:00,210.24
2017-01-15 06:00:00,245.4
2017-01-15 07:00:00,234.72
2017-01-15 08:00:00,291.12
2017-01-15 09:00:00,320.64
2017-01-15 10:00:00,360.84
2017-01-15 11:00:00,431.04
2017-01-15 12:00:00,372.12
2017-01-15 13:00:00,389.64
2017-01-15 14:00:00,379.32
2017-01-15 15:00:00,396.48
2017-01-15 16:00:00,372.84
2017-01-15 17:00:00,417.36
2017-01-15 18:00:00,374.28
2017-01-15 19:00:00,372.72
2017-01-15 20:00:00,294.24
2017-01-15 21:00:00,318.6
2017-01-15 22:00:00,289.8
2017-01-15 23:00:00,235.8
2017-01-16 00:00:00,201.84
2017-01-16 00:00:00,201.84
2017-01-16 01:00:00,188.04
2017-01-16 02:00:00,190.92
2017-01-16 03:00:00,195.0
2017-01-16 04:00:00,199.32
2017-01-16 05:00:00,189.96
2017-01-16 06:00:00,227.88
2017-01-16 07:00:00,876.48
2017-01-16 08:00:00,1062.36
2017-01-16 09:00:00,1242.84
2017-01-16 10:00:00,1257.36
2017-01-16 11:00:00,1242.84
2017-01-16 12:00:00,1198.08
2017-01-16 13:00:00,1128.6
2017-01-16 14:00:00,1086.0
2017-01-16 15:00:00,1026.36
2017-01-16 16:00:00,1117.44
2017-01-16 17:00:00,1082.28
2017-01-16 18:00:00,662.64
2017-01-16 19:00:00,495.84
2017-01-16 20:00:00,407.04
2017-01-16 21:00:00,296.76
2017-01-16 22:00:00,227.76
2017-01-16 23:00:00,226.8
2017-01-17 00:00:00,214.68
2017-01-17 00:00:00,214.68
2017-01-17 01:00:00,200.76
2017-01-17 02:00:00,194.04
2017-01-17 03:00:00,199.2
2017-01-17 04:00:00,198.96
2017-01-17 05:00:00,195.24
2017-01-17 06:00:00,233.04
2017-01-17 07:00:00,850.2
2017-01-17 08:00:00,1029.36
2017-01-17 09:00:00,1171.08
2017-01-17 10:00:00,1159.92
2017-01-17 11:00:00,1275.48
2017-01-17 12:00:00,1180.68
2017-01-17 13:00:00,1185.96
2017-01-17 14:00:00,1181.16
2017-01-17 15:00:00,1083.96
2017-01-17 16:00:00,1097.88
2017-01-17 17:00:00,1077.96
2017-01-17 18:00:00,643.68
2017-01-17 19:00:00,435.48
2017-01-17 20:00:00,423.48
2017-01-17 21:00:00,305.04
2017-01-17 22:00:00,244.44
2017-01-17 23:00:00,223.2
2017-01-18 00:00:00,220.8
2017-01-18 00:00:00,220.8
2017-01-18 01:00:00,233.16
2017-01-18 02:00:00,213.36
2017-01-18 03:00:00,208.92
2017-01-18 04:00:00,215.4
2017-01-18 05:00:00,214.32
2017-01-18 06:00:00,246.84
2017-01-18 07:00:00,867.84
2017-01-18 08:00:00,1037.28
2017-01-18 09:00:00,1201.8
2017-01-18 10:00:00,1332.36
2017-01-18 11:00:00,1359.6
2017-01-18 12:00:00,1269.84
2017-01-18 13:00:00,1225.8
2017-01-18 14:00:00,1137.24
2017-01-18 15:00:00,1187.16
2017-01-18 16:00:00,1135.2
2017-01-18 17:00:00,1137.84
2017-01-18 18:00:00,616.8
2017-01-18 19:00:00,513.6
2017-01-18 20:00:00,390.6
2017-01-18 21:00:00,384.12
2017-01-18 22:00:00,247.92
2017-01-18 23:00:00,233.28
2017-01-19 00:00:00,228.24
2017-01-19 00:00:00,228.24
2017-01-19 01:00:00,217.8
2017-01-19 02:00:00,219.96
2017-01-19 03:00:00,212.04
2017-01-19 04:00:00,217.68
2017-01-19 05:00:00,222.12
2017-01-19 06:00:00,246.96
2017-01-19 07:00:00,783.36
2017-01-19 08:00:00,997.92
2017-01-19 09:00:00,1140.12
2017-01-19 10:00:00,1166.52
2017-01-19 11:00:00,1213.44
2017-01-19 12:00:00,1180.44
2017-01-19 13:00:00,1224.12
2017-01-19 14:00:00,1096.8
2017-01-19 15:00:00,1082.52
2017-01-19 16:00:00,1147.8
2017-01-19 17:00:00,1208.04
2017-01-19 18:00:00,573.72
2017-01-19 19:00:00,519.36
2017-01-19 20:00:00,375.96
2017-01-19 21:00:00,354.36
2017-01-19 22:00:00,306.24
2017-01-19 23:00:00,221.76
2017-01-20 00:00:00,221.16
2017-01-20 00:00:00,221.16
2017-01-20 01:00:00,204.96
2017-01-20 02:00:00,203.28
2017-01-20 03:00:00,209.16
2017-01-20 04:00:00,202.8
2017-01-20 05:00:00,206.4
2017-01-20 06:00:00,239.88
2017-01-20 07:00:00,862.32
2017-01-20 08:00:00,1080.12
2017-01-20 09:00:00,1350.12
2017-01-20 10:00:00,1204.2
2017-01-20 11:00:00,1269.84
2017-01-20 12:00:00,1209.84
2017-01-20 13:00:00,1074.36
2017-01-20 14:00:00,1056.96
2017-01-20 15:00:00,1039.44
2017-01-20 16:00:00,1098.36
2017-01-20 17:00:00,1092.12
2017-01-20 18:00:00,579.6
2017-01-20 19:00:00,424.68
2017-01-20 20:00:00,380.16
2017-01-20 21:00:00,346.5
2017-01-20 22:00:00,248.16
2017-01-20 23:00:00,217.92
2017-01-21 00:00:00,215.88
2017-01-21 00:00:00,215.88
2017-01-21 01:00:00,210.24
2017-01-21 02:00:00,198.12
2017-01-21 03:00:00,208.08
2017-01-21 04:00:00,207.6
2017-01-21 05:00:00,208.44
2017-01-21 06:00:00,228.36
2017-01-21 07:00:00,237.24
2017-01-21 08:00:00,393.6
2017-01-21 09:00:00,440.52
2017-01-21 10:00:00,539.64
2017-01-21 11:00:00,546.36
2017-01-21 12:00:00,550.32
2017-01-21 13:00:00,502.8
2017-01-21 14:00:00,469.32
2017-01-21 15:00:00,489.48
2017-01-21 16:00:00,488.64
2017-01-21 17:00:00,478.92
2017-01-21 18:00:00,464.52
2017-01-21 19:00:00,413.28
2017-01-21 20:00:00,336.96
2017-01-21 21:00:00,282.12
2017-01-21 22:00:00,226.32
2017-01-21 23:00:00,220.08
2017-01-22 00:00:00,208.68
2017-01-22 00:00:00,208.68
2017-01-22 01:00:00,197.88
2017-01-22 02:00:00,217.92
2017-01-22 03:00:00,204.36
2017-01-22 04:00:00,204.48
2017-01-22 05:00:00,209.64
2017-01-22 06:00:00,235.8
2017-01-22 07:00:00,786.72
2017-01-22 08:00:00,980.16
2017-01-22 09:00:00,1134.12
2017-01-22 10:00:00,1183.08
2017-01-22 11:00:00,1204.92
2017-01-22 12:00:00,1126.08
2017-01-22 13:00:00,1035.6
2017-01-22 14:00:00,999.48
2017-01-22 15:00:00,1013.16
2017-01-22 16:00:00,992.52
2017-01-22 17:00:00,1010.52
2017-01-22 18:00:00,479.88
2017-01-22 19:00:00,448.32
2017-01-22 20:00:00,358.32
2017-01-22 21:00:00,309.0
2017-01-22 22:00:00,217.92
2017-01-22 23:00:00,214.44
2017-01-23 00:00:00,202.08
2017-01-23 00:00:00,202.08
2017-01-23 01:00:00,194.04
2017-01-23 02:00:00,196.2
2017-01-23 03:00:00,204.12
2017-01-23 04:00:00,207.84
2017-01-23 05:00:00,191.52
2017-01-23 06:00:00,246.72
2017-01-23 07:00:00,782.16
2017-01-23 08:00:00,935.76
2017-01-23 09:00:00,1129.2
2017-01-23 10:00:00,1145.16
2017-01-23 11:00:00,1229.4
2017-01-23 12:00:00,1103.04
2017-01-23 13:00:00,1040.76
2017-01-23 14:00:00,963.6
2017-01-23 15:00:00,892.44
2017-01-23 16:00:00,926.28
2017-01-23 17:00:00,998.28
2017-01-23 18:00:00,501.0
2017-01-23 19:00:00,409.8
2017-01-23 20:00:00,367.68
2017-01-23 21:00:00,278.52
2017-01-23 22:00:00,220.68
2017-01-23 23:00:00,203.76
2017-01-24 00:00:00,209.04
2017-01-24 00:00:00,209.04
2017-01-24 01:00:00,192.12
2017-01-24 02:00:00,206.28
2017-01-24 03:00:00,204.96
2017-01-24 04:00:00,214.32
2017-01-24 05:00:00,216.0
2017-01-24 06:00:00,277.8
2017-01-24 07:00:00,831.0
2017-01-24 08:00:00,972.12
2017-01-24 09:00:00,997.2
2017-01-24 10:00:00,1077.48
2017-01-24 11:00:00,1136.76
2017-01-24 12:00:00,1121.04
2017-01-24 13:00:00,1002.0
2017-01-24 14:00:00,924.84
2017-01-24 15:00:00,964.68
2017-01-24 16:00:00,894.96
2017-01-24 17:00:00,940.68
2017-01-24 18:00:00,448.32
2017-01-24 19:00:00,363.24
2017-01-24 20:00:00,352.44
2017-01-24 21:00:00,252.84
2017-01-24 22:00:00,204.72
2017-01-24 23:00:00,182.88
2017-01-25 00:00:00,188.52
2017-01-25 00:00:00,188.52
2017-01-25 01:00:00,183.96
2017-01-25 02:00:00,181.56
2017-01-25 03:00:00,191.88
2017-01-25 04:00:00,182.64
2017-01-25 05:00:00,183.84
2017-01-25 06:00:00,230.16
2017-01-25 07:00:00,748.2
2017-01-25 08:00:00,904.32
2017-01-25 09:00:00,986.52
2017-01-25 10:00:00,1036.92
2017-01-25 11:00:00,963.72
2017-01-25 12:00:00,989.88
2017-01-25 13:00:00,881.4
2017-01-25 14:00:00,791.28
2017-01-25 15:00:00,779.4
2017-01-25 16:00:00,772.44
2017-01-25 17:00:00,803.04
2017-01-25 18:00:00,425.52
2017-01-25 19:00:00,340.2
2017-01-25 20:00:00,314.52
2017-01-25 21:00:00,227.64
2017-01-25 22:00:00,175.56
2017-01-25 23:00:00,183.96
2017-01-26 00:00:00,181.32
2017-01-26 00:00:00,181.32
2017-01-26 01:00:00,178.08
2017-01-26 02:00:00,171.0
2017-01-26 03:00:00,185.28
2017-01-26 04:00:00,179.04
2017-01-26 05:00:00,181.68
2017-01-26 06:00:00,221.4
2017-01-26 07:00:00,743.64
2017-01-26 08:00:00,864.12
2017-01-26 09:00:00,916.8
2017-01-26 10:00:00,875.16
2017-01-26 11:00:00,817.32
2017-01-26 12:00:00,753.72
2017-01-26 13:00:00,709.56
2017-01-26 14:00:00,689.04
2017-01-26 15:00:00,659.76
2017-01-26 16:00:00,627.36
2017-01-26 17:00:00,607.32
2017-01-26 18:00:00,261.96
2017-01-26 19:00:00,237.72
2017-01-26 20:00:00,223.32
2017-01-26 21:00:00,186.72
2017-01-26 22:00:00,162.0
2017-01-26 23:00:00,162.24
2017-01-27 00:00:00,159.24
2017-01-27 00:00:00,159.24
2017-01-27 01:00:00,162.72
2017-01-27 02:00:00,157.08
2017-01-27 03:00:00,158.64
2017-01-27 04:00:00,160.08
2017-01-27 05:00:00,156.6
2017-01-27 06:00:00,181.44
2017-01-27 07:00:00,191.76
2017-01-27 08:00:00,290.64
2017-01-27 09:00:00,288.6
2017-01-27 10:00:00,292.8
2017-01-27 11:00:00,287.52
2017-01-27 12:00:00,279.12
2017-01-27 13:00:00,276.6
2017-01-27 14:00:00,275.4
2017-01-27 15:00:00,274.56
2017-01-27 16:00:00,286.56
2017-01-27 17:00:00,196.8
2017-01-27 18:00:00,196.68
2017-01-27 19:00:00,196.2
2017-01-27 20:00:00,196.2
2017-01-27 21:00:00,183.72
2017-01-27 22:00:00,166.32
2017-01-27 23:00:00,163.68
2017-01-28 00:00:00,174.24
2017-01-28 00:00:00,174.24
2017-01-28 01:00:00,152.28
2017-01-28 02:00:00,175.8
2017-01-28 03:00:00,162.36
2017-01-28 04:00:00,174.96
2017-01-28 05:00:00,168.84
2017-01-28 06:00:00,181.8
2017-01-28 07:00:00,183.12
2017-01-28 08:00:00,183.36
2017-01-28 09:00:00,191.28
2017-01-28 10:00:00,189.36
2017-01-28 11:00:00,185.04
2017-01-28 12:00:00,187.44
2017-01-28 13:00:00,186.96
2017-01-28 14:00:00,179.04
2017-01-28 15:00:00,188.28
2017-01-28 16:00:00,195.96
2017-01-28 17:00:00,181.44
2017-01-28 18:00:00,199.56
2017-01-28 19:00:00,186.84
2017-01-28 20:00:00,186.84
2017-01-28 21:00:00,187.32
2017-01-28 22:00:00,156.36
2017-01-28 23:00:00,152.52
2017-01-29 00:00:00,151.8
2017-01-29 00:00:00,151.8
2017-01-29 01:00:00,153.48
2017-01-29 02:00:00,161.88
2017-01-29 03:00:00,161.04
2017-01-29 04:00:00,158.76
2017-01-29 05:00:00,158.04
2017-01-29 06:00:00,169.44
2017-01-29 07:00:00,171.12
2017-01-29 08:00:00,194.04
2017-01-29 09:00:00,191.16
2017-01-29 10:00:00,196.44
2017-01-29 11:00:00,187.92
2017-01-29 12:00:00,186.6
2017-01-29 13:00:00,182.52
2017-01-29 14:00:00,216.12
2017-01-29 15:00:00,186.0
2017-01-29 16:00:00,196.8
2017-01-29 17:00:00,186.36
2017-01-29 18:00:00,194.16
2017-01-29 19:00:00,193.68
2017-01-29 20:00:00,196.68
2017-01-29 21:00:00,195.48
2017-01-29 22:00:00,169.2
2017-01-29 23:00:00,169.2
2017-01-30 00:00:00,167.4
2017-01-30 00:00:00,167.4
2017-01-30 01:00:00,159.6
2017-01-30 02:00:00,159.24
2017-01-30 03:00:00,167.28
2017-01-30 04:00:00,166.68
2017-01-30 05:00:00,166.2
2017-01-30 06:00:00,180.84
2017-01-30 07:00:00,201.6
2017-01-30 08:00:00,286.44
2017-01-30 09:00:00,275.52
2017-01-30 10:00:00,352.68
2017-01-30 11:00:00,329.04
2017-01-30 12:00:00,288.48
2017-01-30 13:00:00,284.64
2017-01-30 14:00:00,292.44
2017-01-30 15:00:00,289.32
2017-01-30 16:00:00,293.88
2017-01-30 17:00:00,211.8
2017-01-30 18:00:00,228.96
2017-01-30 19:00:00,260.52
2017-01-30 20:00:00,214.44
2017-01-30 21:00:00,203.28
2017-01-30 22:00:00,169.2
2017-01-30 23:00:00,172.56
2017-01-31 00:00:00,172.8
2017-01-31 00:00:00,172.8
2017-01-31 01:00:00,168.84
2017-01-31 02:00:00,162.12
2017-01-31 03:00:00,159.84
2017-01-31 04:00:00,184.32
2017-01-31 05:00:00,170.16
2017-01-31 06:00:00,185.88
2017-01-31 07:00:00,188.88
2017-01-31 08:00:00,317.04
2017-01-31 09:00:00,311.28
2017-01-31 10:00:00,412.08
2017-01-31 11:00:00,339.0
2017-01-31 12:00:00,382.68
2017-01-31 13:00:00,354.6
2017-01-31 14:00:00,378.12
2017-01-31 15:00:00,336.36
2017-01-31 16:00:00,359.16
2017-01-31 17:00:00,242.52
2017-01-31 18:00:00,281.64
2017-01-31 19:00:00,249.36
2017-01-31 20:00:00,236.76
2017-01-31 21:00:00,245.16
2017-01-31 22:00:00,184.56
2017-01-31 23:00:00,177.36
2017-02-01 00:00:00,171.24
2017-02-01 00:00:00,171.24
2017-02-01 01:00:00,166.08
2017-02-01 02:00:00,179.88
2017-02-01 03:00:00,170.04
2017-02-01 04:00:00,163.56
2017-02-01 05:00:00,164.4
2017-02-01 06:00:00,188.16
2017-02-01 07:00:00,184.32
2017-02-01 08:00:00,297.24
2017-02-01 09:00:00,305.88
2017-02-01 10:00:00,323.16
2017-02-01 11:00:00,337.32
2017-02-01 12:00:00,369.48
2017-02-01 13:00:00,330.0
2017-02-01 14:00:00,368.76
2017-02-01 15:00:00,337.2
2017-02-01 16:00:00,371.4
2017-02-01 17:00:00,257.76
2017-02-01 18:00:00,272.16
2017-02-01 19:00:00,294.36
2017-02-01 20:00:00,227.4
2017-02-01 21:00:00,204.96
2017-02-01 22:00:00,170.88
2017-02-01 23:00:00,166.92
2017-02-02 00:00:00,177.72
2017-02-02 00:00:00,177.72
2017-02-02 01:00:00,164.88
2017-02-02 02:00:00,165.84
2017-02-02 03:00:00,164.64
2017-02-02 04:00:00,163.08
2017-02-02 05:00:00,162.6
2017-02-02 06:00:00,191.52
2017-02-02 07:00:00,225.36
2017-02-02 08:00:00,345.72
2017-02-02 09:00:00,366.48
2017-02-02 10:00:00,406.32
2017-02-02 11:00:00,348.72
2017-02-02 12:00:00,406.2
2017-02-02 13:00:00,395.04
2017-02-02 14:00:00,417.36
2017-02-02 15:00:00,372.0
2017-02-02 16:00:00,399.84
2017-02-02 17:00:00,269.16
2017-02-02 18:00:00,299.4
2017-02-02 19:00:00,267.84
2017-02-02 20:00:00,230.16
2017-02-02 21:00:00,248.28
2017-02-02 22:00:00,175.56
2017-02-02 23:00:00,167.4
2017-02-03 00:00:00,171.0
2017-02-03 00:00:00,171.0
2017-02-03 01:00:00,177.12
2017-02-03 02:00:00,181.32
2017-02-03 03:00:00,166.32
2017-02-03 04:00:00,165.24
2017-02-03 05:00:00,166.68
2017-02-03 06:00:00,205.8
2017-02-03 07:00:00,775.56
2017-02-03 08:00:00,924.0
2017-02-03 09:00:00,1114.68
2017-02-03 10:00:00,1170.12
2017-02-03 11:00:00,1164.48
2017-02-03 12:00:00,1154.52
2017-02-03 13:00:00,1074.0
2017-02-03 14:00:00,1089.0
2017-02-03 15:00:00,1026.96
2017-02-03 16:00:00,1018.32
2017-02-03 17:00:00,929.16
2017-02-03 18:00:00,442.32
2017-02-03 19:00:00,323.64
2017-02-03 20:00:00,366.24
2017-02-03 21:00:00,270.48
2017-02-03 22:00:00,208.32
2017-02-03 23:00:00,209.4
2017-02-04 00:00:00,194.16
2017-02-04 00:00:00,194.16
2017-02-04 01:00:00,197.64
2017-02-04 02:00:00,194.64
2017-02-04 03:00:00,191.76
2017-02-04 04:00:00,192.6
2017-02-04 05:00:00,195.0
2017-02-04 06:00:00,229.08
2017-02-04 07:00:00,813.6
2017-02-04 08:00:00,947.16
2017-02-04 09:00:00,1143.72
2017-02-04 10:00:00,1136.76
2017-02-04 11:00:00,1189.08
2017-02-04 12:00:00,1131.96
2017-02-04 13:00:00,1091.76
2017-02-04 14:00:00,1022.28
2017-02-04 15:00:00,1028.4
2017-02-04 16:00:00,997.32
2017-02-04 17:00:00,942.36
2017-02-04 18:00:00,531.24
2017-02-04 19:00:00,321.6
2017-02-04 20:00:00,312.96
2017-02-04 21:00:00,268.08
2017-02-04 22:00:00,204.0
2017-02-04 23:00:00,194.88
2017-02-05 00:00:00,193.92
2017-02-05 00:00:00,193.92
2017-02-05 01:00:00,194.64
2017-02-05 02:00:00,185.28
2017-02-05 03:00:00,186.0
2017-02-05 04:00:00,184.92
2017-02-05 05:00:00,192.96
2017-02-05 06:00:00,224.4
2017-02-05 07:00:00,216.96
2017-02-05 08:00:00,267.12
2017-02-05 09:00:00,298.32
2017-02-05 10:00:00,328.68
2017-02-05 11:00:00,349.8
2017-02-05 12:00:00,332.16
2017-02-05 13:00:00,352.56
2017-02-05 14:00:00,312.72
2017-02-05 15:00:00,298.32
2017-02-05 16:00:00,359.76
2017-02-05 17:00:00,344.04
2017-02-05 18:00:00,306.48
2017-02-05 19:00:00,306.36
2017-02-05 20:00:00,264.96
2017-02-05 21:00:00,237.36
2017-02-05 22:00:00,207.36
2017-02-05 23:00:00,187.8
2017-02-06 00:00:00,198.24
2017-02-06 00:00:00,198.24
2017-02-06 01:00:00,192.24
2017-02-06 02:00:00,188.64
2017-02-06 03:00:00,186.84
2017-02-06 04:00:00,193.32
2017-02-06 05:00:00,201.48
2017-02-06 06:00:00,230.4
2017-02-06 07:00:00,812.04
2017-02-06 08:00:00,971.16
2017-02-06 09:00:00,1101.12
2017-02-06 10:00:00,1133.28
2017-02-06 11:00:00,1202.88
2017-02-06 12:00:00,1157.04
2017-02-06 13:00:00,1077.96
2017-02-06 14:00:00,1091.04
2017-02-06 15:00:00,1036.68
2017-02-06 16:00:00,985.56
2017-02-06 17:00:00,938.52
2017-02-06 18:00:00,531.48
2017-02-06 19:00:00,364.56
2017-02-06 20:00:00,379.08
2017-02-06 21:00:00,251.28
2017-02-06 22:00:00,197.64
2017-02-06 23:00:00,193.08
2017-02-07 00:00:00,190.08
2017-02-07 00:00:00,190.08
2017-02-07 01:00:00,193.2
2017-02-07 02:00:00,186.96
2017-02-07 03:00:00,185.64
2017-02-07 04:00:00,186.72
2017-02-07 05:00:00,197.76
2017-02-07 06:00:00,222.36
2017-02-07 07:00:00,798.36
2017-02-07 08:00:00,948.84
2017-02-07 09:00:00,1158.96
2017-02-07 10:00:00,1198.44
2017-02-07 11:00:00,1201.44
2017-02-07 12:00:00,1151.76
2017-02-07 13:00:00,1083.24
2017-02-07 14:00:00,1067.04
2017-02-07 15:00:00,1026.72
2017-02-07 16:00:00,984.0
2017-02-07 17:00:00,937.68
2017-02-07 18:00:00,513.6
2017-02-07 19:00:00,370.92
2017-02-07 20:00:00,371.52
2017-02-07 21:00:00,275.88
2017-02-07 22:00:00,227.76
2017-02-07 23:00:00,219.0
2017-02-08 00:00:00,219.24
2017-02-08 00:00:00,219.24
2017-02-08 01:00:00,211.8
2017-02-08 02:00:00,198.24
2017-02-08 03:00:00,199.92
2017-02-08 04:00:00,206.52
2017-02-08 05:00:00,202.32
2017-02-08 06:00:00,224.16
2017-02-08 07:00:00,756.48
2017-02-08 08:00:00,934.92
2017-02-08 09:00:00,1131.12
2017-02-08 10:00:00,1160.4
2017-02-08 11:00:00,1264.68
2017-02-08 12:00:00,1282.08
2017-02-08 13:00:00,1136.04
2017-02-08 14:00:00,1158.84
2017-02-08 15:00:00,1102.56
2017-02-08 16:00:00,1087.56
2017-02-08 17:00:00,943.8
2017-02-08 18:00:00,585.12
2017-02-08 19:00:00,417.72
2017-02-08 20:00:00,390.48
2017-02-08 21:00:00,291.36
2017-02-08 22:00:00,223.92
2017-02-08 23:00:00,203.64
2017-02-09 00:00:00,208.56
2017-02-09 00:00:00,208.56
2017-02-09 01:00:00,209.4
2017-02-09 02:00:00,201.24
2017-02-09 03:00:00,207.6
2017-02-09 04:00:00,199.44
2017-02-09 05:00:00,190.08
2017-02-09 06:00:00,232.08
2017-02-09 07:00:00,781.68
2017-02-09 08:00:00,948.12
2017-02-09 09:00:00,1102.08
2017-02-09 10:00:00,1240.68
2017-02-09 11:00:00,1273.8
2017-02-09 12:00:00,1228.56
2017-02-09 13:00:00,1138.56
2017-02-09 14:00:00,1060.92
2017-02-09 15:00:00,1041.0
2017-02-09 16:00:00,1033.44
2017-02-09 17:00:00,1029.72
2017-02-09 18:00:00,574.08
2017-02-09 19:00:00,403.32
2017-02-09 20:00:00,348.6
2017-02-09 21:00:00,347.28
2017-02-09 22:00:00,216.36
2017-02-09 23:00:00,236.76
2017-02-10 00:00:00,236.28
2017-02-10 00:00:00,236.28
2017-02-10 01:00:00,186.48
2017-02-10 02:00:00,187.56
2017-02-10 03:00:00,190.44
2017-02-10 04:00:00,193.08
2017-02-10 05:00:00,188.16
2017-02-10 06:00:00,211.92
2017-02-10 07:00:00,801.6
2017-02-10 08:00:00,968.52
2017-02-10 09:00:00,1196.28
2017-02-10 10:00:00,1210.32
2017-02-10 11:00:00,1196.04
2017-02-10 12:00:00,1174.44
2017-02-10 13:00:00,1062.96
2017-02-10 14:00:00,1072.2
2017-02-10 15:00:00,1022.04
2017-02-10 16:00:00,976.08
2017-02-10 17:00:00,900.84
2017-02-10 18:00:00,501.72
2017-02-10 19:00:00,402.0
2017-02-10 20:00:00,313.92
2017-02-10 21:00:00,246.4
2017-02-10 22:00:00,219.36
2017-02-10 23:00:00,207.6
2017-02-11 00:00:00,210.84
2017-02-11 00:00:00,210.84
2017-02-11 01:00:00,189.6
2017-02-11 02:00:00,179.76
2017-02-11 03:00:00,190.8
2017-02-11 04:00:00,181.56
2017-02-11 05:00:00,185.16
2017-02-11 06:00:00,225.36
2017-02-11 07:00:00,237.96
2017-02-11 08:00:00,264.96
2017-02-11 09:00:00,309.48
2017-02-11 10:00:00,325.2
2017-02-11 11:00:00,370.56
2017-02-11 12:00:00,368.88
2017-02-11 13:00:00,354.6
2017-02-11 14:00:00,350.16
2017-02-11 15:00:00,356.4
2017-02-11 16:00:00,339.36
2017-02-11 17:00:00,334.8
2017-02-11 18:00:00,331.08
2017-02-11 19:00:00,276.0
2017-02-11 20:00:00,261.84
2017-02-11 21:00:00,254.04
2017-02-11 22:00:00,218.76
2017-02-11 23:00:00,200.76
2017-02-12 00:00:00,210.0
2017-02-12 00:00:00,210.0
2017-02-12 01:00:00,221.4
2017-02-12 02:00:00,207.72
2017-02-12 03:00:00,193.44
2017-02-12 04:00:00,205.92
2017-02-12 05:00:00,208.44
2017-02-12 06:00:00,228.36
2017-02-12 07:00:00,223.32
2017-02-12 08:00:00,276.24
2017-02-12 09:00:00,271.68
2017-02-12 10:00:00,287.52
2017-02-12 11:00:00,369.0
2017-02-12 12:00:00,352.08
2017-02-12 13:00:00,284.28
2017-02-12 14:00:00,328.2
2017-02-12 15:00:00,314.4
2017-02-12 16:00:00,319.08
2017-02-12 17:00:00,329.16
2017-02-12 18:00:00,304.68
2017-02-12 19:00:00,356.88
2017-02-12 20:00:00,358.8
2017-02-12 21:00:00,250.44
2017-02-12 22:00:00,232.68
2017-02-12 23:00:00,219.84
2017-02-13 00:00:00,202.8
2017-02-13 00:00:00,202.8
2017-02-13 01:00:00,207.6
2017-02-13 02:00:00,208.08
2017-02-13 03:00:00,205.92
2017-02-13 04:00:00,193.08
2017-02-13 05:00:00,190.08
2017-02-13 06:00:00,229.44
2017-02-13 07:00:00,803.16
2017-02-13 08:00:00,969.36
2017-02-13 09:00:00,1138.8
2017-02-13 10:00:00,1181.28
2017-02-13 11:00:00,1217.52
2017-02-13 12:00:00,1154.04
2017-02-13 13:00:00,1044.48
2017-02-13 14:00:00,1065.36
2017-02-13 15:00:00,1003.8
2017-02-13 16:00:00,923.4
2017-02-13 17:00:00,885.24
2017-02-13 18:00:00,579.36
2017-02-13 19:00:00,415.92
2017-02-13 20:00:00,357.0
2017-02-13 21:00:00,275.16
2017-02-13 22:00:00,227.04
2017-02-13 23:00:00,223.8
2017-02-14 00:00:00,219.96
2017-02-14 00:00:00,219.96
2017-02-14 01:00:00,211.68
2017-02-14 02:00:00,214.44
2017-02-14 03:00:00,212.76
2017-02-14 04:00:00,217.68
2017-02-14 05:00:00,227.52
2017-02-14 06:00:00,247.08
2017-02-14 07:00:00,784.2
2017-02-14 08:00:00,1005.36
2017-02-14 09:00:00,1032.84
2017-02-14 10:00:00,1109.4
2017-02-14 11:00:00,1206.96
2017-02-14 12:00:00,1107.48
2017-02-14 13:00:00,952.92
2017-02-14 14:00:00,880.2
2017-02-14 15:00:00,938.4
2017-02-14 16:00:00,898.68
2017-02-14 17:00:00,869.52
2017-02-14 18:00:00,530.64
2017-02-14 19:00:00,380.64
2017-02-14 20:00:00,193.8
2017-02-14 21:00:00,283.56
2017-02-14 22:00:00,215.64
2017-02-14 23:00:00,210.24
2017-02-15 00:00:00,196.8
2017-02-15 00:00:00,196.8
2017-02-15 01:00:00,194.88
2017-02-15 02:00:00,192.96
2017-02-15 03:00:00,192.96
2017-02-15 04:00:00,195.72
2017-02-15 05:00:00,203.88
2017-02-15 06:00:00,231.24
2017-02-15 07:00:00,729.6
2017-02-15 08:00:00,887.88
2017-02-15 09:00:00,1017.0
2017-02-15 10:00:00,1052.16
2017-02-15 11:00:00,1066.2
2017-02-15 12:00:00,1080.6
2017-02-15 13:00:00,1025.64
2017-02-15 14:00:00,965.76
2017-02-15 15:00:00,920.76
2017-02-15 16:00:00,919.56
2017-02-15 17:00:00,857.16
2017-02-15 18:00:00,503.04
2017-02-15 19:00:00,380.76
2017-02-15 20:00:00,340.92
2017-02-15 21:00:00,265.8
2017-02-15 22:00:00,216.48
2017-02-15 23:00:00,206.28
2017-02-16 00:00:00,203.16
2017-02-16 00:00:00,203.16
2017-02-16 01:00:00,196.8
2017-02-16 02:00:00,198.0
2017-02-16 03:00:00,204.14
2017-02-16 04:00:00,216.24
2017-02-16 05:00:00,204.72
2017-02-16 06:00:00,234.12
2017-02-16 07:00:00,726.6
2017-02-16 08:00:00,922.08
2017-02-16 09:00:00,1108.56
2017-02-16 10:00:00,1116.72
2017-02-16 11:00:00,1144.68
2017-02-16 12:00:00,1123.32
2017-02-16 13:00:00,1054.8
2017-02-16 14:00:00,945.72
2017-02-16 15:00:00,990.0
2017-02-16 16:00:00,938.64
2017-02-16 17:00:00,805.68
2017-02-16 18:00:00,588.48
2017-02-16 19:00:00,400.8
2017-02-16 20:00:00,364.56
2017-02-16 21:00:00,307.68
2017-02-16 22:00:00,244.08
2017-02-16 23:00:00,218.28
2017-02-17 00:00:00,222.24
2017-02-17 00:00:00,222.24
2017-02-17 01:00:00,214.68
2017-02-17 02:00:00,214.32
2017-02-17 03:00:00,225.0
2017-02-17 04:00:00,215.28
2017-02-17 05:00:00,209.76
2017-02-17 06:00:00,247.8
2017-02-17 07:00:00,709.92
2017-02-17 08:00:00,941.52
2017-02-17 09:00:00,1077.48
2017-02-17 10:00:00,1147.08
2017-02-17 11:00:00,1192.2
2017-02-17 12:00:00,1239.96
2017-02-17 13:00:00,1121.28
2017-02-17 14:00:00,1081.08
2017-02-17 15:00:00,1049.4
2017-02-17 16:00:00,1023.6
2017-02-17 17:00:00,903.36
2017-02-17 18:00:00,475.44
2017-02-17 19:00:00,392.52
2017-02-17 20:00:00,380.88
2017-02-17 21:00:00,259.8
2017-02-17 22:00:00,205.68
2017-02-17 23:00:00,192.0
2017-02-18 00:00:00,201.24
2017-02-18 00:00:00,201.24
2017-02-18 01:00:00,192.0
2017-02-18 02:00:00,201.24
2017-02-18 03:00:00,195.96
2017-02-18 04:00:00,183.24
2017-02-18 05:00:00,189.72
2017-02-18 06:00:00,225.72
2017-02-18 07:00:00,220.8
2017-02-18 08:00:00,351.6
2017-02-18 09:00:00,369.12
2017-02-18 10:00:00,442.92
2017-02-18 11:00:00,442.56
2017-02-18 12:00:00,418.68
2017-02-18 13:00:00,391.32
2017-02-18 14:00:00,363.72
2017-02-18 15:00:00,353.88
2017-02-18 16:00:00,306.6
2017-02-18 17:00:00,346.44
2017-02-18 18:00:00,394.08
2017-02-18 19:00:00,304.32
2017-02-18 20:00:00,320.52
2017-02-18 21:00:00,253.68
2017-02-18 22:00:00,191.64
2017-02-18 23:00:00,199.08
2017-02-19 00:00:00,192.84
2017-02-19 00:00:00,192.84
2017-02-19 01:00:00,192.0
2017-02-19 02:00:00,183.72
2017-02-19 03:00:00,181.56
2017-02-19 04:00:00,188.88
2017-02-19 05:00:00,188.4
2017-02-19 06:00:00,206.76
2017-02-19 07:00:00,219.36
2017-02-19 08:00:00,276.72
2017-02-19 09:00:00,261.84
2017-02-19 10:00:00,334.44
2017-02-19 11:00:00,323.16
2017-02-19 12:00:00,299.52
2017-02-19 13:00:00,280.92
2017-02-19 14:00:00,297.96
2017-02-19 15:00:00,263.4
2017-02-19 16:00:00,271.08
2017-02-19 17:00:00,295.44
2017-02-19 18:00:00,290.52
2017-02-19 19:00:00,282.48
2017-02-19 20:00:00,310.56
2017-02-19 21:00:00,239.4
2017-02-19 22:00:00,190.56
2017-02-19 23:00:00,183.72
2017-02-20 00:00:00,176.28
2017-02-20 00:00:00,176.28
2017-02-20 01:00:00,173.34
2017-02-20 02:00:00,180.96
2017-02-20 03:00:00,176.52
2017-02-20 04:00:00,177.12
2017-02-20 05:00:00,169.92
2017-02-20 06:00:00,203.04
2017-02-20 07:00:00,677.04
2017-02-20 08:00:00,971.88
2017-02-20 09:00:00,1106.76
2017-02-20 10:00:00,1087.2
2017-02-20 11:00:00,1182.72
2017-02-20 12:00:00,1119.0
2017-02-20 13:00:00,1045.8
2017-02-20 14:00:00,1261.68
2017-02-20 15:00:00,1030.2
2017-02-20 16:00:00,1032.12
2017-02-20 17:00:00,1008.96
2017-02-20 18:00:00,563.28
2017-02-20 19:00:00,440.16
2017-02-20 20:00:00,387.72
2017-02-20 21:00:00,279.24
2017-02-20 22:00:00,219.12
2017-02-20 23:00:00,209.28
2017-02-21 00:00:00,194.52
2017-02-21 00:00:00,194.52
2017-02-21 01:00:00,200.04
2017-02-21 02:00:00,208.56
2017-02-21 03:00:00,185.64
2017-02-21 04:00:00,194.16
2017-02-21 05:00:00,191.76
2017-02-21 06:00:00,214.56
2017-02-21 07:00:00,813.84
2017-02-21 08:00:00,1030.08
2017-02-21 09:00:00,1283.76
2017-02-21 10:00:00,1173.84
2017-02-21 11:00:00,1236.84
2017-02-21 12:00:00,1220.04
2017-02-21 13:00:00,1138.44
2017-02-21 14:00:00,1109.76
2017-02-21 15:00:00,1057.44
2017-02-21 16:00:00,1072.2
2017-02-21 17:00:00,997.32
2017-02-21 18:00:00,608.52
2017-02-21 19:00:00,482.88
2017-02-21 20:00:00,371.04
2017-02-21 21:00:00,343.92
2017-02-21 22:00:00,245.64
2017-02-21 23:00:00,207.24
2017-02-22 00:00:00,202.44
2017-02-22 00:00:00,202.44
2017-02-22 01:00:00,200.4
2017-02-22 02:00:00,202.32
2017-02-22 03:00:00,195.0
2017-02-22 04:00:00,194.4
2017-02-22 05:00:00,189.84
2017-02-22 06:00:00,240.36
2017-02-22 07:00:00,768.0
2017-02-22 08:00:00,1022.4
2017-02-22 09:00:00,1117.32
2017-02-22 10:00:00,1288.56
2017-02-22 11:00:00,1306.2
2017-02-22 12:00:00,1273.32
2017-02-22 13:00:00,1197.0
2017-02-22 14:00:00,1163.4
2017-02-22 15:00:00,1153.8
2017-02-22 16:00:00,1163.88
2017-02-22 17:00:00,1053.6
2017-02-22 18:00:00,627.48
2017-02-22 19:00:00,444.0
2017-02-22 20:00:00,398.64
2017-02-22 21:00:00,310.44
2017-02-22 22:00:00,253.08
2017-02-22 23:00:00,206.64
2017-02-23 00:00:00,221.52
2017-02-23 00:00:00,221.52
2017-02-23 01:00:00,206.28
2017-02-23 02:00:00,203.88
2017-02-23 03:00:00,204.6
2017-02-23 04:00:00,195.48
2017-02-23 05:00:00,195.24
2017-02-23 06:00:00,237.12
2017-02-23 07:00:00,786.48
2017-02-23 08:00:00,1055.28
2017-02-23 09:00:00,1213.56
2017-02-23 10:00:00,1230.24
2017-02-23 11:00:00,1239.96
2017-02-23 12:00:00,1199.16
2017-02-23 13:00:00,1084.04
2017-02-23 14:00:00,1116.48
2017-02-23 15:00:00,1137.96
2017-02-23 16:00:00,1109.28
2017-02-23 17:00:00,971.88
2017-02-23 18:00:00,563.76
2017-02-23 19:00:00,397.32
2017-02-23 20:00:00,364.56
2017-02-23 21:00:00,293.16
2017-02-23 22:00:00,231.36
2017-02-23 23:00:00,193.68
2017-02-24 00:00:00,197.16
2017-02-24 00:00:00,197.16
2017-02-24 01:00:00,207.36
2017-02-24 02:00:00,202.56
2017-02-24 03:00:00,192.24
2017-02-24 04:00:00,204.84
2017-02-24 05:00:00,195.12
2017-02-24 06:00:00,226.08
2017-02-24 07:00:00,760.44
2017-02-24 08:00:00,1018.68
2017-02-24 09:00:00,1257.0
2017-02-24 10:00:00,1200.0
2017-02-24 11:00:00,1197.96
2017-02-24 12:00:00,1137.96
2017-02-24 13:00:00,1001.88
2017-02-24 14:00:00,1030.68
2017-02-24 15:00:00,995.88
2017-02-24 16:00:00,983.64
2017-02-24 17:00:00,882.6
2017-02-24 18:00:00,509.4
2017-02-24 19:00:00,377.76
2017-02-24 20:00:00,323.88
2017-02-24 21:00:00,297.0
2017-02-24 22:00:00,238.68
2017-02-24 23:00:00,230.52
2017-02-25 00:00:00,232.56
2017-02-25 00:00:00,232.56
2017-02-25 01:00:00,230.04
2017-02-25 02:00:00,224.28
2017-02-25 03:00:00,225.0
2017-02-25 04:00:00,221.64
2017-02-25 05:00:00,209.28
2017-02-25 06:00:00,264.6
2017-02-25 07:00:00,240.38
2017-02-25 08:00:00,334.68
2017-02-25 09:00:00,406.8
2017-02-25 10:00:00,437.04
2017-02-25 11:00:00,435.12
2017-02-25 12:00:00,424.56
2017-02-25 13:00:00,419.76
2017-02-25 14:00:00,414.84
2017-02-25 15:00:00,413.4
2017-02-25 16:00:00,335.64
2017-02-25 17:00:00,358.08
2017-02-25 18:00:00,374.04
2017-02-25 19:00:00,356.64
2017-02-25 20:00:00,327.6
2017-02-25 21:00:00,288.84
2017-02-25 22:00:00,202.56
2017-02-25 23:00:00,184.56
2017-02-26 00:00:00,193.8
2017-02-26 00:00:00,193.8
2017-02-26 01:00:00,186.72
2017-02-26 02:00:00,182.52
2017-02-26 03:00:00,181.68
2017-02-26 04:00:00,192.0
2017-02-26 05:00:00,193.68
2017-02-26 06:00:00,227.4
2017-02-26 07:00:00,215.76
2017-02-26 08:00:00,245.28
2017-02-26 09:00:00,287.52
2017-02-26 10:00:00,331.92
2017-02-26 11:00:00,338.28
2017-02-26 12:00:00,428.64
2017-02-26 13:00:00,407.04
2017-02-26 14:00:00,359.4
2017-02-26 15:00:00,393.48
2017-02-26 16:00:00,341.4
2017-02-26 17:00:00,405.84
2017-02-26 18:00:00,331.92
2017-02-26 19:00:00,321.12
2017-02-26 20:00:00,288.84
2017-02-26 21:00:00,239.64
2017-02-26 22:00:00,202.44
2017-02-26 23:00:00,207.24
2017-02-27 00:00:00,204.36
2017-02-27 00:00:00,204.36
2017-02-27 01:00:00,196.92
2017-02-27 02:00:00,208.44
2017-02-27 03:00:00,197.28
2017-02-27 04:00:00,193.8
2017-02-27 05:00:00,191.16
2017-02-27 06:00:00,233.04
2017-02-27 07:00:00,783.12
2017-02-27 08:00:00,988.56
2017-02-27 09:00:00,1207.8
2017-02-27 10:00:00,1178.4
2017-02-27 11:00:00,1184.04
2017-02-27 12:00:00,1123.68
2017-02-27 13:00:00,992.28
2017-02-27 14:00:00,965.52
2017-02-27 15:00:00,991.92
2017-02-27 16:00:00,983.64
2017-02-27 17:00:00,862.68
2017-02-27 18:00:00,525.96
2017-02-27 19:00:00,430.92
2017-02-27 20:00:00,379.2
2017-02-27 21:00:00,288.0
2017-02-27 22:00:00,220.32
2017-02-27 23:00:00,205.44
2017-02-28 00:00:00,216.96
2017-02-28 00:00:00,216.96
2017-02-28 01:00:00,209.04
2017-02-28 02:00:00,208.92
2017-02-28 03:00:00,208.68
2017-02-28 04:00:00,202.44
2017-02-28 05:00:00,205.56
2017-02-28 06:00:00,234.0
2017-02-28 07:00:00,785.76
2017-02-28 08:00:00,1007.88
2017-02-28 09:00:00,1152.36
2017-02-28 10:00:00,1219.32
2017-02-28 11:00:00,1132.8
2017-02-28 12:00:00,1167.72
2017-02-28 13:00:00,1034.04
2017-02-28 14:00:00,1034.16
2017-02-28 15:00:00,952.08
2017-02-28 16:00:00,947.76
2017-02-28 17:00:00,901.32
2017-02-28 18:00:00,572.64
2017-02-28 19:00:00,382.32
2017-02-28 20:00:00,383.76
2017-02-28 21:00:00,298.08
2017-02-28 22:00:00,216.36
2017-02-28 23:00:00,219.36
2017-03-01 00:00:00,215.64
2017-03-01 00:00:00,215.64
2017-03-01 01:00:00,192.84
2017-03-01 02:00:00,194.52
2017-03-01 03:00:00,185.52
2017-03-01 04:00:00,197.64
2017-03-01 05:00:00,193.2
2017-03-01 06:00:00,228.84
2017-03-01 07:00:00,734.28
2017-03-01 08:00:00,971.28
2017-03-01 09:00:00,1065.48
2017-03-01 10:00:00,1200.12
2017-03-01 11:00:00,1099.8
2017-03-01 12:00:00,1100.52
2017-03-01 13:00:00,1005.24
2017-03-01 14:00:00,944.76
2017-03-01 15:00:00,923.16
2017-03-01 16:00:00,866.88
2017-03-01 17:00:00,847.32
2017-03-01 18:00:00,542.16
2017-03-01 19:00:00,389.28
2017-03-01 20:00:00,361.56
2017-03-01 21:00:00,316.08
2017-03-01 22:00:00,222.72
2017-03-01 23:00:00,197.28
2017-03-02 00:00:00,202.8
2017-03-02 00:00:00,202.8
2017-03-02 01:00:00,200.4
2017-03-02 02:00:00,194.16
2017-03-02 03:00:00,199.32
2017-03-02 04:00:00,200.4
2017-03-02 05:00:00,197.76
2017-03-02 06:00:00,234.96
2017-03-02 07:00:00,769.2
2017-03-02 08:00:00,997.8
2017-03-02 09:00:00,1136.52
2017-03-02 10:00:00,1100.16
2017-03-02 11:00:00,1169.52
2017-03-02 12:00:00,1111.92
2017-03-02 13:00:00,997.8
2017-03-02 14:00:00,1023.0
2017-03-02 15:00:00,927.48
2017-03-02 16:00:00,916.32
2017-03-02 17:00:00,821.28
2017-03-02 18:00:00,510.6
2017-03-02 19:00:00,412.2
2017-03-02 20:00:00,368.52
2017-03-02 21:00:00,312.12
2017-03-02 22:00:00,233.16
2017-03-02 23:00:00,206.16
2017-03-03 00:00:00,208.92
2017-03-03 00:00:00,208.92
2017-03-03 01:00:00,199.08
2017-03-03 02:00:00,194.28
2017-03-03 03:00:00,201.24
2017-03-03 04:00:00,195.96
2017-03-03 05:00:00,199.32
2017-03-03 06:00:00,228.72
2017-03-03 07:00:00,744.72
2017-03-03 08:00:00,945.0
2017-03-03 09:00:00,1167.0
2017-03-03 10:00:00,1070.76
2017-03-03 11:00:00,1153.56
2017-03-03 12:00:00,1113.78
2017-03-03 13:00:00,929.4
2017-03-03 14:00:00,974.28
2017-03-03 15:00:00,938.88
2017-03-03 16:00:00,880.44
2017-03-03 17:00:00,841.8
2017-03-03 18:00:00,486.48
2017-03-03 19:00:00,418.44
2017-03-03 20:00:00,339.48
2017-03-03 21:00:00,300.12
2017-03-03 22:00:00,228.84
2017-03-03 23:00:00,212.04
2017-03-04 00:00:00,204.0
2017-03-04 00:00:00,204.0
2017-03-04 01:00:00,213.24
2017-03-04 02:00:00,197.52
2017-03-04 03:00:00,202.56
2017-03-04 04:00:00,198.72
2017-03-04 05:00:00,196.8
2017-03-04 06:00:00,221.76
2017-03-04 07:00:00,231.84
2017-03-04 08:00:00,353.76
2017-03-04 09:00:00,356.52
2017-03-04 10:00:00,393.0
2017-03-04 11:00:00,404.04
2017-03-04 12:00:00,368.52
2017-03-04 13:00:00,433.32
2017-03-04 14:00:00,363.24
2017-03-04 15:00:00,386.52
2017-03-04 16:00:00,299.88
2017-03-04 17:00:00,316.2
2017-03-04 18:00:00,307.92
2017-03-04 19:00:00,322.08
2017-03-04 20:00:00,261.36
2017-03-04 21:00:00,236.04
2017-03-04 22:00:00,199.44
2017-03-04 23:00:00,197.76
2017-03-05 00:00:00,183.96
2017-03-05 00:00:00,183.96
2017-03-05 01:00:00,190.32
2017-03-05 02:00:00,194.76
2017-03-05 03:00:00,178.8
2017-03-05 04:00:00,186.48
2017-03-05 05:00:00,184.68
2017-03-05 06:00:00,227.76
2017-03-05 07:00:00,208.56
2017-03-05 08:00:00,234.36
2017-03-05 09:00:00,238.32
2017-03-05 10:00:00,306.84
2017-03-05 11:00:00,313.92
2017-03-05 12:00:00,309.48
2017-03-05 13:00:00,287.28
2017-03-05 14:00:00,288.0
2017-03-05 15:00:00,269.04
2017-03-05 16:00:00,290.52
2017-03-05 17:00:00,285.6
2017-03-05 18:00:00,273.24
2017-03-05 19:00:00,273.36
2017-03-05 20:00:00,257.64
2017-03-05 21:00:00,227.64
2017-03-05 22:00:00,204.84
2017-03-05 23:00:00,187.08
2017-03-06 00:00:00,183.24
2017-03-06 00:00:00,183.24
2017-03-06 01:00:00,179.28
2017-03-06 02:00:00,177.0
2017-03-06 03:00:00,178.2
2017-03-06 04:00:00,181.56
2017-03-06 05:00:00,179.04
2017-03-06 06:00:00,212.76
2017-03-06 07:00:00,779.04
2017-03-06 08:00:00,1076.28
2017-03-06 09:00:00,1195.32
2017-03-06 10:00:00,1119.24
2017-03-06 11:00:00,1113.72
2017-03-06 12:00:00,1145.46
2017-03-06 13:00:00,985.68
2017-03-06 14:00:00,976.2
2017-03-06 15:00:00,984.72
2017-03-06 16:00:00,967.8
2017-03-06 17:00:00,890.64
2017-03-06 18:00:00,584.88
2017-03-06 19:00:00,436.2
2017-03-06 20:00:00,385.68
2017-03-06 21:00:00,316.92
2017-03-06 22:00:00,255.36
2017-03-06 23:00:00,226.56
2017-03-07 00:00:00,229.2
2017-03-07 00:00:00,229.2
2017-03-07 01:00:00,221.16
2017-03-07 02:00:00,225.96
2017-03-07 03:00:00,215.76
2017-03-07 04:00:00,211.2
2017-03-07 05:00:00,208.08
2017-03-07 06:00:00,252.72
2017-03-07 07:00:00,784.68
2017-03-07 08:00:00,1023.96
2017-03-07 09:00:00,1144.92
2017-03-07 10:00:00,1055.76
2017-03-07 11:00:00,1151.76
2017-03-07 12:00:00,1050.36
2017-03-07 13:00:00,971.88
2017-03-07 14:00:00,957.72
2017-03-07 15:00:00,926.88
2017-03-07 16:00:00,884.04
2017-03-07 17:00:00,899.88
2017-03-07 18:00:00,568.2
2017-03-07 19:00:00,519.0
2017-03-07 20:00:00,421.44
2017-03-07 21:00:00,348.0
2017-03-07 22:00:00,262.2
2017-03-07 23:00:00,248.28
2017-03-08 00:00:00,234.72
2017-03-08 00:00:00,234.72
2017-03-08 01:00:00,223.2
2017-03-08 02:00:00,222.24
2017-03-08 03:00:00,222.6
2017-03-08 04:00:00,225.72
2017-03-08 05:00:00,219.6
2017-03-08 06:00:00,261.96
2017-03-08 07:00:00,757.68
2017-03-08 08:00:00,962.52
2017-03-08 09:00:00,1195.92
2017-03-08 10:00:00,1160.4
2017-03-08 11:00:00,1089.72
2017-03-08 12:00:00,1017.72
2017-03-08 13:00:00,1026.72
2017-03-08 14:00:00,932.16
2017-03-08 15:00:00,958.92
2017-03-08 16:00:00,948.72
2017-03-08 17:00:00,837.52
2017-03-08 18:00:00,595.8
2017-03-08 19:00:00,395.16
2017-03-08 20:00:00,334.44
2017-03-08 21:00:00,260.64
2017-03-08 22:00:00,240.72
2017-03-08 23:00:00,207.36
2017-03-09 00:00:00,203.16
2017-03-09 00:00:00,203.16
2017-03-09 01:00:00,203.76
2017-03-09 02:00:00,196.68
2017-03-09 03:00:00,201.36
2017-03-09 04:00:00,204.0
2017-03-09 05:00:00,195.72
2017-03-09 06:00:00,218.4
2017-03-09 07:00:00,676.32
2017-03-09 08:00:00,981.6
2017-03-09 09:00:00,1086.96
2017-03-09 10:00:00,1010.4
2017-03-09 11:00:00,1128.96
2017-03-09 12:00:00,1053.6
2017-03-09 13:00:00,905.04
2017-03-09 14:00:00,951.96
2017-03-09 15:00:00,943.56
2017-03-09 16:00:00,892.8
2017-03-09 17:00:00,810.36
2017-03-09 18:00:00,584.28
2017-03-09 19:00:00,465.36
2017-03-09 20:00:00,342.96
2017-03-09 21:00:00,312.96
2017-03-09 22:00:00,225.6
2017-03-09 23:00:00,196.44
2017-03-10 00:00:00,192.96
2017-03-10 00:00:00,192.96
2017-03-10 01:00:00,188.04
2017-03-10 02:00:00,195.0
2017-03-10 03:00:00,187.68
2017-03-10 04:00:00,185.16
2017-03-10 05:00:00,184.08
2017-03-10 06:00:00,215.88
2017-03-10 07:00:00,700.2
2017-03-10 08:00:00,959.4
2017-03-10 09:00:00,1118.28
2017-03-10 10:00:00,1072.68
2017-03-10 11:00:00,1053.48
2017-03-10 12:00:00,1107.96
2017-03-10 13:00:00,918.72
2017-03-10 14:00:00,933.0
2017-03-10 15:00:00,922.2
2017-03-10 16:00:00,865.68
2017-03-10 17:00:00,775.92
2017-03-10 18:00:00,562.2
2017-03-10 19:00:00,383.28
2017-03-10 20:00:00,320.88
2017-03-10 21:00:00,290.04
2017-03-10 22:00:00,201.0
2017-03-10 23:00:00,199.8
2017-03-11 00:00:00,184.2
2017-03-11 00:00:00,184.2
2017-03-11 01:00:00,185.52
2017-03-11 02:00:00,182.04
2017-03-11 03:00:00,188.4
2017-03-11 04:00:00,194.4
2017-03-11 05:00:00,188.4
2017-03-11 06:00:00,225.84
2017-03-11 07:00:00,223.8
2017-03-11 08:00:00,382.2
2017-03-11 09:00:00,397.92
2017-03-11 10:00:00,439.32
2017-03-11 11:00:00,423.48
2017-03-11 12:00:00,439.68
2017-03-11 13:00:00,383.88
2017-03-11 14:00:00,422.16
2017-03-11 15:00:00,389.88
2017-03-11 16:00:00,348.0
2017-03-11 17:00:00,342.12
2017-03-11 18:00:00,303.84
2017-03-11 19:00:00,323.08
2017-03-11 20:00:00,259.32
2017-03-11 21:00:00,231.72
2017-03-11 22:00:00,189.6
2017-03-11 23:00:00,187.56
2017-03-12 00:00:00,188.4
2017-03-12 00:00:00,188.4
2017-03-12 01:00:00,189.48
2017-03-12 02:00:00,175.08
2017-03-12 03:00:00,183.0
2017-03-12 04:00:00,178.8
2017-03-12 05:00:00,182.88
2017-03-12 06:00:00,205.56
2017-03-12 07:00:00,205.32
2017-03-12 08:00:00,259.8
2017-03-12 09:00:00,263.76
2017-03-12 10:00:00,301.56
2017-03-12 11:00:00,308.64
2017-03-12 12:00:00,300.48
2017-03-12 13:00:00,344.64
2017-03-12 14:00:00,298.2
2017-03-12 15:00:00,297.0
2017-03-12 16:00:00,286.68
2017-03-12 17:00:00,333.6
2017-03-12 18:00:00,331.2
2017-03-12 19:00:00,282.48
2017-03-12 20:00:00,266.28
2017-03-12 21:00:00,260.52
2017-03-12 22:00:00,208.68
2017-03-12 23:00:00,198.36
2017-03-13 00:00:00,196.8
2017-03-13 00:00:00,196.8
2017-03-13 01:00:00,185.88
2017-03-13 02:00:00,182.28
2017-03-13 03:00:00,181.32
2017-03-13 04:00:00,179.4
2017-03-13 05:00:00,180.0
2017-03-13 06:00:00,225.12
2017-03-13 07:00:00,735.0
2017-03-13 08:00:00,942.48
2017-03-13 09:00:00,1123.68
2017-03-13 10:00:00,1203.48
2017-03-13 11:00:00,1150.8
2017-03-13 12:00:00,1264.08
2017-03-13 13:00:00,1088.76
2017-03-13 14:00:00,1115.88
2017-03-13 15:00:00,1074.24
2017-03-13 16:00:00,1109.04
2017-03-13 17:00:00,928.08
2017-03-13 18:00:00,533.28
2017-03-13 19:00:00,428.64
2017-03-13 20:00:00,379.08
2017-03-13 21:00:00,287.88
2017-03-13 22:00:00,231.72
2017-03-13 23:00:00,224.04
2017-03-14 00:00:00,219.6
2017-03-14 00:00:00,219.6
2017-03-14 01:00:00,222.72
2017-03-14 02:00:00,209.28
2017-03-14 03:00:00,205.68
2017-03-14 04:00:00,201.96
2017-03-14 05:00:00,200.28
2017-03-14 06:00:00,243.24
2017-03-14 07:00:00,792.48
2017-03-14 08:00:00,977.76
2017-03-14 09:00:00,1148.88
2017-03-14 10:00:00,1128.48
2017-03-14 11:00:00,1156.32
2017-03-14 12:00:00,1152.24
2017-03-14 13:00:00,1000.68
2017-03-14 14:00:00,1040.52
2017-03-14 15:00:00,987.12
2017-03-14 16:00:00,974.88
2017-03-14 17:00:00,797.64
2017-03-14 18:00:00,562.68
2017-03-14 19:00:00,438.48
2017-03-14 20:00:00,332.88
2017-03-14 21:00:00,327.84
2017-03-14 22:00:00,204.24
2017-03-14 23:00:00,195.12
2017-03-15 00:00:00,194.76
2017-03-15 00:00:00,194.76
2017-03-15 01:00:00,207.6
2017-03-15 02:00:00,198.0
2017-03-15 03:00:00,189.72
2017-03-15 04:00:00,191.64
2017-03-15 05:00:00,189.48
2017-03-15 06:00:00,237.48
2017-03-15 07:00:00,760.8
2017-03-15 08:00:00,969.96
2017-03-15 09:00:00,1102.56
2017-03-15 10:00:00,1072.32
2017-03-15 11:00:00,1102.92
2017-03-15 12:00:00,1119.6
2017-03-15 13:00:00,1036.44
2017-03-15 14:00:00,995.52
2017-03-15 15:00:00,977.52
2017-03-15 16:00:00,949.44
2017-03-15 17:00:00,834.48
2017-03-15 18:00:00,585.24
2017-03-15 19:00:00,474.48
2017-03-15 20:00:00,429.84
2017-03-15 21:00:00,349.2
2017-03-15 22:00:00,237.72
2017-03-15 23:00:00,226.2
2017-03-16 00:00:00,219.0
2017-03-16 00:00:00,219.0
2017-03-16 01:00:00,247.68
2017-03-16 02:00:00,217.68
2017-03-16 03:00:00,219.12
2017-03-16 04:00:00,204.12
2017-03-16 05:00:00,207.0
2017-03-16 06:00:00,234.36
2017-03-16 07:00:00,741.54
2017-03-16 08:00:00,973.8
2017-03-16 09:00:00,1148.28
2017-03-16 10:00:00,1117.68
2017-03-16 11:00:00,1167.0
2017-03-16 12:00:00,1095.12
2017-03-16 13:00:00,1011.0
2017-03-16 14:00:00,1024.8
2017-03-16 15:00:00,1003.68
2017-03-16 16:00:00,931.8
2017-03-16 17:00:00,866.4
2017-03-16 18:00:00,518.4
2017-03-16 19:00:00,395.28
2017-03-16 20:00:00,362.52
2017-03-16 21:00:00,323.4
2017-03-16 22:00:00,227.04
2017-03-16 23:00:00,199.08
2017-03-17 00:00:00,189.36
2017-03-17 00:00:00,189.36
2017-03-17 01:00:00,174.6
2017-03-17 02:00:00,180.36
2017-03-17 03:00:00,193.08
2017-03-17 04:00:00,181.68
2017-03-17 05:00:00,180.48
2017-03-17 06:00:00,221.88
2017-03-17 07:00:00,727.08
2017-03-17 08:00:00,951.84
2017-03-17 09:00:00,1185.36
2017-03-17 10:00:00,1128.36
2017-03-17 11:00:00,1153.44
2017-03-17 12:00:00,1144.8
2017-03-17 13:00:00,1015.68
2017-03-17 14:00:00,1090.08
2017-03-17 15:00:00,999.12
2017-03-17 16:00:00,977.88
2017-03-17 17:00:00,894.12
2017-03-17 18:00:00,650.52
2017-03-17 19:00:00,435.6
2017-03-17 20:00:00,342.72
2017-03-17 21:00:00,280.56
2017-03-17 22:00:00,217.08
2017-03-17 23:00:00,197.76
2017-03-18 00:00:00,180.24
2017-03-18 00:00:00,180.24
2017-03-18 01:00:00,184.08
2017-03-18 02:00:00,177.96
2017-03-18 03:00:00,179.64
2017-03-18 04:00:00,180.6
2017-03-18 05:00:00,184.32
2017-03-18 06:00:00,226.92
2017-03-18 07:00:00,221.28
2017-03-18 08:00:00,343.32
2017-03-18 09:00:00,345.12
2017-03-18 10:00:00,368.64
2017-03-18 11:00:00,418.44
2017-03-18 12:00:00,419.88
2017-03-18 13:00:00,429.84
2017-03-18 14:00:00,383.64
2017-03-18 15:00:00,442.8
2017-03-18 16:00:00,393.36
2017-03-18 17:00:00,308.16
2017-03-18 18:00:00,308.52
2017-03-18 19:00:00,310.8
2017-03-18 20:00:00,333.12
2017-03-18 21:00:00,232.56
2017-03-18 22:00:00,183.24
2017-03-18 23:00:00,172.44
2017-03-19 00:00:00,178.2
2017-03-19 00:00:00,178.2
2017-03-19 01:00:00,176.88
2017-03-19 02:00:00,171.12
2017-03-19 03:00:00,175.32
2017-03-19 04:00:00,166.44
2017-03-19 05:00:00,172.92
2017-03-19 06:00:00,198.48
2017-03-19 07:00:00,195.0
2017-03-19 08:00:00,271.08
2017-03-19 09:00:00,248.76
2017-03-19 10:00:00,362.64
2017-03-19 11:00:00,343.92
2017-03-19 12:00:00,325.44
2017-03-19 13:00:00,348.36
2017-03-19 14:00:00,322.44
2017-03-19 15:00:00,331.44
2017-03-19 16:00:00,324.84
2017-03-19 17:00:00,326.16
2017-03-19 18:00:00,343.32
2017-03-19 19:00:00,280.08
2017-03-19 20:00:00,289.92
2017-03-19 21:00:00,245.28
2017-03-19 22:00:00,201.96
2017-03-19 23:00:00,190.08
2017-03-20 00:00:00,186.48
2017-03-20 00:00:00,186.48
2017-03-20 01:00:00,175.56
2017-03-20 02:00:00,185.64
2017-03-20 03:00:00,180.0
2017-03-20 04:00:00,182.64
2017-03-20 05:00:00,184.2
2017-03-20 06:00:00,213.84
2017-03-20 07:00:00,770.64
2017-03-20 08:00:00,976.44
2017-03-20 09:00:00,1158.96
2017-03-20 10:00:00,1158.0
2017-03-20 11:00:00,1219.44
2017-03-20 12:00:00,1236.24
2017-03-20 13:00:00,1136.64
2017-03-20 14:00:00,1093.92
2017-03-20 15:00:00,1088.88
2017-03-20 16:00:00,1124.04
2017-03-20 17:00:00,985.56
2017-03-20 18:00:00,581.4
2017-03-20 19:00:00,501.84
2017-03-20 20:00:00,505.08
2017-03-20 21:00:00,370.2
2017-03-20 22:00:00,265.68
2017-03-20 23:00:00,231.36
2017-03-21 00:00:00,214.8
2017-03-21 00:00:00,214.8
2017-03-21 01:00:00,201.96
2017-03-21 02:00:00,217.92
2017-03-21 03:00:00,201.36
2017-03-21 04:00:00,203.76
2017-03-21 05:00:00,197.94
2017-03-21 06:00:00,227.52
2017-03-21 07:00:00,752.4
2017-03-21 08:00:00,993.72
2017-03-21 09:00:00,1105.8
2017-03-21 10:00:00,1092.48
2017-03-21 11:00:00,1060.92
2017-03-21 12:00:00,1162.2
2017-03-21 13:00:00,1010.28
2017-03-21 14:00:00,940.56
2017-03-21 15:00:00,944.64
2017-03-21 16:00:00,868.32
2017-03-21 17:00:00,869.64
2017-03-21 18:00:00,506.4
2017-03-21 19:00:00,419.52
2017-03-21 20:00:00,373.2
2017-03-21 21:00:00,339.68
2017-03-21 22:00:00,269.52
2017-03-21 23:00:00,223.56
2017-03-22 00:00:00,199.2
2017-03-22 00:00:00,199.2
2017-03-22 01:00:00,198.24
2017-03-22 02:00:00,194.4
2017-03-22 03:00:00,197.16
2017-03-22 04:00:00,202.56
2017-03-22 05:00:00,192.96
2017-03-22 06:00:00,235.8
2017-03-22 07:00:00,762.36
2017-03-22 08:00:00,987.72
2017-03-22 09:00:00,1127.76
2017-03-22 10:00:00,1186.2
2017-03-22 11:00:00,1174.92
2017-03-22 12:00:00,1173.84
2017-03-22 13:00:00,1085.88
2017-03-22 14:00:00,1062.48
2017-03-22 15:00:00,1049.76
2017-03-22 16:00:00,1006.32
2017-03-22 17:00:00,916.08
2017-03-22 18:00:00,532.56
2017-03-22 19:00:00,452.16
2017-03-22 20:00:00,397.32
2017-03-22 21:00:00,341.04
2017-03-22 22:00:00,235.92
2017-03-22 23:00:00,220.2
2017-03-23 00:00:00,203.76
2017-03-23 00:00:00,203.76
2017-03-23 01:00:00,246.96
2017-03-23 02:00:00,202.44
2017-03-23 03:00:00,206.76
2017-03-23 04:00:00,190.68
2017-03-23 05:00:00,196.44
2017-03-23 06:00:00,227.4
2017-03-23 07:00:00,765.24
2017-03-23 08:00:00,955.56
2017-03-23 09:00:00,1181.04
2017-03-23 10:00:00,1183.68
2017-03-23 11:00:00,1239.0
2017-03-23 12:00:00,1216.2
2017-03-23 13:00:00,1116.84
2017-03-23 14:00:00,1060.56
2017-03-23 15:00:00,1100.52
2017-03-23 16:00:00,1075.08
2017-03-23 17:00:00,983.64
2017-03-23 18:00:00,600.24
2017-03-23 19:00:00,551.28
2017-03-23 20:00:00,443.04
2017-03-23 21:00:00,366.72
2017-03-23 22:00:00,297.48
2017-03-23 23:00:00,240.3
2017-03-24 00:00:00,251.76
2017-03-24 00:00:00,251.76
2017-03-24 01:00:00,216.12
2017-03-24 02:00:00,215.28
2017-03-24 03:00:00,208.08
2017-03-24 04:00:00,206.52
2017-03-24 05:00:00,209.4
2017-03-24 06:00:00,251.28
2017-03-24 07:00:00,753.12
2017-03-24 08:00:00,1065.48
2017-03-24 09:00:00,1106.28
2017-03-24 10:00:00,1225.2
2017-03-24 11:00:00,1187.88
2017-03-24 12:00:00,1146.12
2017-03-24 13:00:00,1010.52
2017-03-24 14:00:00,1113.84
2017-03-24 15:00:00,1042.92
2017-03-24 16:00:00,983.64
2017-03-24 17:00:00,1013.16
2017-03-24 18:00:00,639.72
2017-03-24 19:00:00,483.6
2017-03-24 20:00:00,387.12
2017-03-24 21:00:00,307.68
2017-03-24 22:00:00,210.36
2017-03-24 23:00:00,179.64
2017-03-25 00:00:00,182.16
2017-03-25 00:00:00,182.16
2017-03-25 01:00:00,187.8
2017-03-25 02:00:00,179.76
2017-03-25 03:00:00,176.88
2017-03-25 04:00:00,190.56
2017-03-25 05:00:00,177.48
2017-03-25 06:00:00,230.28
2017-03-25 07:00:00,239.4
2017-03-25 08:00:00,426.6
2017-03-25 09:00:00,520.2
2017-03-25 10:00:00,595.92
2017-03-25 11:00:00,662.76
2017-03-25 12:00:00,635.52
2017-03-25 13:00:00,623.76
2017-03-25 14:00:00,507.24
2017-03-25 15:00:00,463.56
2017-03-25 16:00:00,416.52
2017-03-25 17:00:00,363.72
2017-03-25 18:00:00,406.92
2017-03-25 19:00:00,336.48
2017-03-25 20:00:00,282.0
2017-03-25 21:00:00,314.64
2017-03-25 22:00:00,208.8
2017-03-25 23:00:00,206.88
2017-03-26 00:00:00,186.8
2017-03-26 00:00:00,186.8
2017-03-26 01:00:00,186.36
2017-03-26 02:00:00,194.76
2017-03-26 03:00:00,183.48
2017-03-26 04:00:00,189.6
2017-03-26 05:00:00,192.6
2017-03-26 06:00:00,210.6
2017-03-26 07:00:00,196.68
2017-03-26 08:00:00,251.4
2017-03-26 09:00:00,311.88
2017-03-26 10:00:00,337.08
2017-03-26 11:00:00,322.68
2017-03-26 12:00:00,345.96
2017-03-26 13:00:00,320.88
2017-03-26 14:00:00,284.4
2017-03-26 15:00:00,272.88
2017-03-26 16:00:00,253.2
2017-03-26 17:00:00,287.52
2017-03-26 18:00:00,348.84
2017-03-26 19:00:00,302.16
2017-03-26 20:00:00,319.44
2017-03-26 21:00:00,274.2
2017-03-26 22:00:00,216.12
2017-03-26 23:00:00,188.16
2017-03-27 00:00:00,201.0
2017-03-27 00:00:00,201.0
2017-03-27 01:00:00,197.4
2017-03-27 02:00:00,189.96
2017-03-27 03:00:00,185.52
2017-03-27 04:00:00,190.2
2017-03-27 05:00:00,186.12
2017-03-27 06:00:00,229.56
2017-03-27 07:00:00,778.92
2017-03-27 08:00:00,939.6
2017-03-27 09:00:00,1158.48
2017-03-27 10:00:00,1078.32
2017-03-27 11:00:00,1028.76
2017-03-27 12:00:00,1091.88
2017-03-27 13:00:00,945.36
2017-03-27 14:00:00,941.88
2017-03-27 15:00:00,908.52
2017-03-27 16:00:00,922.68
2017-03-27 17:00:00,794.52
2017-03-27 18:00:00,481.68
2017-03-27 19:00:00,413.4
2017-03-27 20:00:00,333.12
2017-03-27 21:00:00,296.04
2017-03-27 22:00:00,237.36
2017-03-27 23:00:00,203.88
2017-03-28 00:00:00,208.08
2017-03-28 00:00:00,208.08
2017-03-28 01:00:00,194.16
2017-03-28 02:00:00,198.84
2017-03-28 03:00:00,202.68
2017-03-28 04:00:00,204.0
2017-03-28 05:00:00,184.32
2017-03-28 06:00:00,220.92
2017-03-28 07:00:00,734.64
2017-03-28 08:00:00,966.24
2017-03-28 09:00:00,993.84
2017-03-28 10:00:00,1116.6
2017-03-28 11:00:00,1136.64
2017-03-28 12:00:00,1101.12
2017-03-28 13:00:00,968.64
2017-03-28 14:00:00,992.4
2017-03-28 15:00:00,950.52
2017-03-28 16:00:00,890.88
2017-03-28 17:00:00,868.92
2017-03-28 18:00:00,549.12
2017-03-28 19:00:00,424.2
2017-03-28 20:00:00,349.44
2017-03-28 21:00:00,335.4
2017-03-28 22:00:00,291.12
2017-03-28 23:00:00,279.24
2017-03-29 00:00:00,217.8
2017-03-29 00:00:00,217.8
2017-03-29 01:00:00,225.96
2017-03-29 02:00:00,208.68
2017-03-29 03:00:00,210.96
2017-03-29 04:00:00,218.76
2017-03-29 05:00:00,217.32
2017-03-29 06:00:00,247.8
2017-03-29 07:00:00,702.96
2017-03-29 08:00:00,955.68
2017-03-29 09:00:00,1176.24
2017-03-29 10:00:00,1063.8
2017-03-29 11:00:00,1171.44
2017-03-29 12:00:00,1134.84
2017-03-29 13:00:00,973.08
2017-03-29 14:00:00,994.68
2017-03-29 15:00:00,989.04
2017-03-29 16:00:00,885.24
2017-03-29 17:00:00,838.56
2017-03-29 18:00:00,504.12
2017-03-29 19:00:00,412.92
2017-03-29 20:00:00,392.64
2017-03-29 21:00:00,330.96
2017-03-29 22:00:00,245.88
2017-03-29 23:00:00,227.52
2017-03-30 00:00:00,221.64
2017-03-30 00:00:00,221.64
2017-03-30 01:00:00,207.24
2017-03-30 02:00:00,220.32
2017-03-30 03:00:00,217.92
2017-03-30 04:00:00,214.08
2017-03-30 05:00:00,211.8
2017-03-30 06:00:00,255.36
2017-03-30 07:00:00,685.08
2017-03-30 08:00:00,928.32
2017-03-30 09:00:00,1032.96
2017-03-30 10:00:00,1207.68
2017-03-30 11:00:00,1102.44
2017-03-30 12:00:00,1119.36
2017-03-30 13:00:00,958.8
2017-03-30 14:00:00,980.28
2017-03-30 15:00:00,1020.12
2017-03-30 16:00:00,518.28
2017-03-30 17:00:00,501.9
2017-03-30 18:00:00,341.4
2017-03-30 19:00:00,285.24
2017-03-30 20:00:00,269.76
2017-03-30 21:00:00,210.48
2017-03-30 22:00:00,159.0
2017-03-30 23:00:00,142.8
2017-03-31 00:00:00,135.36
2017-03-31 00:00:00,135.36
2017-03-31 01:00:00,127.32
2017-03-31 02:00:00,131.28
2017-03-31 03:00:00,131.4
2017-03-31 04:00:00,126.84
2017-03-31 05:00:00,124.2
2017-03-31 06:00:00,142.32
2017-03-31 07:00:00,352.32
2017-03-31 08:00:00,424.8
2017-03-31 09:00:00,507.24
2017-03-31 10:00:00,512.4
2017-03-31 11:00:00,500.16
2017-03-31 12:00:00,489.24
2017-03-31 13:00:00,465.12
2017-03-31 14:00:00,496.68
2017-03-31 15:00:00,492.0
2017-03-31 16:00:00,445.56
2017-03-31 17:00:00,455.4
2017-03-31 18:00:00,300.6
2017-03-31 19:00:00,259.32
2017-03-31 20:00:00,243.77
2017-03-31 21:00:00,276.48
2017-03-31 22:00:00,171.72
2017-03-31 23:00:00,144.24
2017-04-01 00:00:00,145.44
2017-04-01 00:00:00,145.44
2017-04-01 01:00:00,167.4
2017-04-01 02:00:00,112.92
2017-04-01 03:00:00,121.44
2017-04-01 04:00:00,122.28
2017-04-01 05:00:00,121.08
2017-04-01 06:00:00,136.92
2017-04-01 07:00:00,341.88
2017-04-01 08:00:00,400.32
2017-04-01 09:00:00,490.68
2017-04-01 10:00:00,526.44
2017-04-01 11:00:00,495.24
2017-04-01 12:00:00,456.84
2017-04-01 13:00:00,463.2
2017-04-01 14:00:00,438.72
2017-04-01 15:00:00,454.92
2017-04-01 16:00:00,411.24
2017-04-01 17:00:00,508.2
2017-04-01 18:00:00,352.8
2017-04-01 19:00:00,265.8
2017-04-01 20:00:00,215.64
2017-04-01 21:00:00,183.0
2017-04-01 22:00:00,216.72
2017-04-01 23:00:00,128.28
2017-04-02 00:00:00,127.08
2017-04-02 00:00:00,127.08
2017-04-02 01:00:00,121.32
2017-04-02 02:00:00,125.76
2017-04-02 03:00:00,119.64
2017-04-02 04:00:00,121.32
2017-04-02 05:00:00,117.84
2017-04-02 06:00:00,139.44
2017-04-02 07:00:00,123.36
2017-04-02 08:00:00,144.6
2017-04-02 09:00:00,156.0
2017-04-02 10:00:00,188.4
2017-04-02 11:00:00,198.48
2017-04-02 12:00:00,200.16
2017-04-02 13:00:00,177.48
2017-04-02 14:00:00,171.12
2017-04-02 15:00:00,168.36
2017-04-02 16:00:00,160.68
2017-04-02 17:00:00,187.32
2017-04-02 18:00:00,163.56
2017-04-02 19:00:00,176.28
2017-04-02 20:00:00,169.2
2017-04-02 21:00:00,165.6
2017-04-02 22:00:00,128.88
2017-04-02 23:00:00,127.32
2017-04-03 00:00:00,129.48
2017-04-03 00:00:00,129.48
2017-04-03 01:00:00,124.92
2017-04-03 02:00:00,120.84
2017-04-03 03:00:00,123.24
2017-04-03 04:00:00,127.8
2017-04-03 05:00:00,123.0
2017-04-03 06:00:00,136.68
2017-04-03 07:00:00,129.12
2017-04-03 08:00:00,174.36
2017-04-03 09:00:00,199.08
2017-04-03 10:00:00,226.32
2017-04-03 11:00:00,264.72
2017-04-03 12:00:00,223.56
2017-04-03 13:00:00,223.32
2017-04-03 14:00:00,205.44
2017-04-03 15:00:00,202.8
2017-04-03 16:00:00,188.04
2017-04-03 17:00:00,167.4
2017-04-03 18:00:00,173.64
2017-04-03 19:00:00,176.88
2017-04-03 20:00:00,159.96
2017-04-03 21:00:00,150.72
2017-04-03 22:00:00,136.8
2017-04-03 23:00:00,120.0
2017-04-04 00:00:00,134.4
2017-04-04 00:00:00,134.4
2017-04-04 01:00:00,140.52
2017-04-04 02:00:00,127.44
2017-04-04 03:00:00,129.12
2017-04-04 04:00:00,131.04
2017-04-04 05:00:00,130.68
2017-04-04 06:00:00,139.92
2017-04-04 07:00:00,130.68
2017-04-04 08:00:00,198.36
2017-04-04 09:00:00,191.64
2017-04-04 10:00:00,218.64
2017-04-04 11:00:00,202.44
2017-04-04 12:00:00,216.48
2017-04-04 13:00:00,225.0
2017-04-04 14:00:00,190.8
2017-04-04 15:00:00,199.08
2017-04-04 16:00:00,200.28
2017-04-04 17:00:00,186.24
2017-04-04 18:00:00,177.96
2017-04-04 19:00:00,159.12
2017-04-04 20:00:00,161.4
2017-04-04 21:00:00,154.8
2017-04-04 22:00:00,130.08
2017-04-04 23:00:00,132.96
2017-04-05 00:00:00,129.6
2017-04-05 00:00:00,129.6
2017-04-05 01:00:00,123.24
2017-04-05 02:00:00,135.96
2017-04-05 03:00:00,123.84
2017-04-05 04:00:00,121.08
2017-04-05 05:00:00,117.72
2017-04-05 06:00:00,127.56
2017-04-05 07:00:00,330.0
2017-04-05 08:00:00,416.28
2017-04-05 09:00:00,478.56
2017-04-05 10:00:00,480.48
2017-04-05 11:00:00,493.92
2017-04-05 12:00:00,503.88
2017-04-05 13:00:00,411.12
2017-04-05 14:00:00,407.88
2017-04-05 15:00:00,411.12
2017-04-05 16:00:00,462.36
2017-04-05 17:00:00,451.68
2017-04-05 18:00:00,315.96
2017-04-05 19:00:00,235.68
2017-04-05 20:00:00,199.92
2017-04-05 21:00:00,172.44
2017-04-05 22:00:00,150.6
2017-04-05 23:00:00,137.4
2017-04-06 00:00:00,145.08
2017-04-06 00:00:00,145.08
2017-04-06 01:00:00,136.56
2017-04-06 02:00:00,138.6
2017-04-06 03:00:00,127.68
2017-04-06 04:00:00,122.28
2017-04-06 05:00:00,130.68
2017-04-06 06:00:00,138.24
2017-04-06 07:00:00,295.44
2017-04-06 08:00:00,365.16
2017-04-06 09:00:00,472.44
2017-04-06 10:00:00,488.76
2017-04-06 11:00:00,492.72
2017-04-06 12:00:00,512.88
2017-04-06 13:00:00,452.04
2017-04-06 14:00:00,487.92
2017-04-06 15:00:00,504.48
2017-04-06 16:00:00,472.32
2017-04-06 17:00:00,482.16
2017-04-06 18:00:00,308.04
2017-04-06 19:00:00,256.44
2017-04-06 20:00:00,227.04
2017-04-06 21:00:00,186.0
2017-04-06 22:00:00,154.92
2017-04-06 23:00:00,134.52
2017-04-07 00:00:00,123.84
2017-04-07 00:00:00,123.84
2017-04-07 01:00:00,126.12
2017-04-07 02:00:00,129.24
2017-04-07 03:00:00,126.6
2017-04-07 04:00:00,124.68
2017-04-07 05:00:00,122.16
2017-04-07 06:00:00,150.12
2017-04-07 07:00:00,328.68
2017-04-07 08:00:00,387.24
2017-04-07 09:00:00,465.96
2017-04-07 10:00:00,491.4
2017-04-07 11:00:00,499.44
2017-04-07 12:00:00,527.4
2017-04-07 13:00:00,505.32
2017-04-07 14:00:00,449.28
2017-04-07 15:00:00,460.68
2017-04-07 16:00:00,437.76
2017-04-07 17:00:00,506.4
2017-04-07 18:00:00,263.76
2017-04-07 19:00:00,221.28
2017-04-07 20:00:00,196.08
2017-04-07 21:00:00,166.08
2017-04-07 22:00:00,143.52
2017-04-07 23:00:00,122.52
2017-04-08 00:00:00,126.0
2017-04-08 00:00:00,126.0
2017-04-08 01:00:00,126.12
2017-04-08 02:00:00,120.12
2017-04-08 03:00:00,114.24
2017-04-08 04:00:00,120.36
2017-04-08 05:00:00,123.96
2017-04-08 06:00:00,133.68
2017-04-08 07:00:00,125.52
2017-04-08 08:00:00,158.88
2017-04-08 09:00:00,200.88
2017-04-08 10:00:00,253.56
2017-04-08 11:00:00,243.72
2017-04-08 12:00:00,239.28
2017-04-08 13:00:00,222.24
2017-04-08 14:00:00,205.2
2017-04-08 15:00:00,201.84
2017-04-08 16:00:00,235.68
2017-04-08 17:00:00,205.32
2017-04-08 18:00:00,248.64
2017-04-08 19:00:00,227.76
2017-04-08 20:00:00,175.8
2017-04-08 21:00:00,167.88
2017-04-08 22:00:00,135.36
2017-04-08 23:00:00,128.76
2017-04-09 00:00:00,127.68
2017-04-09 00:00:00,127.68
2017-04-09 01:00:00,119.76
2017-04-09 02:00:00,126.0
2017-04-09 03:00:00,129.24
2017-04-09 04:00:00,124.44
2017-04-09 05:00:00,122.16
2017-04-09 06:00:00,137.16
2017-04-09 07:00:00,135.48
2017-04-09 08:00:00,145.2
2017-04-09 09:00:00,159.6
2017-04-09 10:00:00,192.0
2017-04-09 11:00:00,249.0
2017-04-09 12:00:00,197.16
2017-04-09 13:00:00,241.32
2017-04-09 14:00:00,226.32
2017-04-09 15:00:00,194.52
2017-04-09 16:00:00,199.92
2017-04-09 17:00:00,244.92
2017-04-09 18:00:00,245.4
2017-04-09 19:00:00,213.12
2017-04-09 20:00:00,174.0
2017-04-09 21:00:00,164.04
2017-04-09 22:00:00,158.88
2017-04-09 23:00:00,123.0
2017-04-10 00:00:00,125.88
2017-04-09 00:00:00,127.68
2017-04-09 01:00:00,119.76
2017-04-09 02:00:00,126.0
2017-04-09 03:00:00,129.24
2017-04-09 04:00:00,124.44
2017-04-09 05:00:00,122.16
2017-04-09 06:00:00,137.16
2017-04-09 07:00:00,135.48
2017-04-09 08:00:00,145.2
2017-04-09 09:00:00,159.6
2017-04-09 10:00:00,192.0
2017-04-09 11:00:00,249.0
2017-04-09 12:00:00,197.16
2017-04-09 13:00:00,241.32
2017-04-09 14:00:00,226.32
2017-04-09 15:00:00,194.52
2017-04-09 16:00:00,199.92
2017-04-09 17:00:00,244.92
2017-04-09 18:00:00,245.4
2017-04-09 19:00:00,213.12
2017-04-09 20:00:00,174.0
2017-04-09 21:00:00,164.04
2017-04-09 22:00:00,158.88
2017-04-09 23:00:00,123.0
2017-04-10 00:00:00,125.88
2017-04-10 00:00:00,125.88
2017-04-10 01:00:00,121.56
2017-04-10 02:00:00,121.68
2017-04-10 03:00:00,118.32
2017-04-10 04:00:00,116.4
2017-04-10 05:00:00,122.4
2017-04-10 06:00:00,134.76
2017-04-10 07:00:00,294.84
2017-04-10 08:00:00,396.48
2017-04-10 09:00:00,565.68
2017-04-10 10:00:00,524.04
2017-04-10 11:00:00,539.28
2017-04-10 12:00:00,516.0
2017-04-10 13:00:00,503.28
2017-04-10 14:00:00,525.36
2017-04-10 15:00:00,495.24
2017-04-10 16:00:00,459.72
2017-04-10 17:00:00,467.52
2017-04-10 18:00:00,357.0
2017-04-10 19:00:00,279.0
2017-04-10 20:00:00,207.0
2017-04-10 21:00:00,181.2
2017-04-10 22:00:00,137.76
2017-04-10 23:00:00,132.48
2017-04-11 00:00:00,128.64
2017-04-12 00:00:00,205.92
2017-04-12 01:00:00,195.84
2017-04-12 02:00:00,196.44
2017-04-12 03:00:00,192.6
2017-04-12 04:00:00,195.72
2017-04-12 05:00:00,201.36
2017-04-12 06:00:00,238.32
2017-04-12 07:00:00,595.44
2017-04-12 08:00:00,815.88
2017-04-12 09:00:00,984.0
2017-04-12 10:00:00,1023.84
2017-04-12 11:00:00,1034.52
2017-04-12 12:00:00,1080.96
2017-04-12 13:00:00,951.72
2017-04-12 14:00:00,958.44
2017-04-12 15:00:00,1032.84
2017-04-12 16:00:00,1016.4
2017-04-12 17:00:00,842.28
2017-04-12 18:00:00,522.0
2017-04-12 19:00:00,374.64
2017-04-12 20:00:00,374.52
2017-04-12 21:00:00,295.68
2017-04-12 22:00:00,232.2
2017-04-12 23:00:00,201.24
2017-04-13 00:00:00,200.76
2017-04-13 00:00:00,200.76
2017-04-13 01:00:00,192.0
2017-04-13 02:00:00,196.44
2017-04-13 03:00:00,191.28
2017-04-13 04:00:00,188.64
2017-04-13 05:00:00,186.0
2017-04-13 06:00:00,221.76
2017-04-13 07:00:00,601.92
2017-04-13 08:00:00,871.8
2017-04-13 09:00:00,1037.28
2017-04-13 10:00:00,1135.32
2017-04-13 11:00:00,1084.2
2017-04-13 12:00:00,1116.84
2017-04-13 13:00:00,1000.32
2017-04-13 14:00:00,1038.84
2017-04-13 15:00:00,1042.8
2017-04-13 16:00:00,986.88
2017-04-13 17:00:00,889.68
2017-04-13 18:00:00,527.28
2017-04-13 19:00:00,374.64
2017-04-13 20:00:00,341.64
2017-04-13 21:00:00,296.52
2017-04-13 22:00:00,245.16
2017-04-13 23:00:00,217.32
2017-04-14 00:00:00,231.12
2017-04-14 00:00:00,231.12
2017-04-14 01:00:00,214.92
2017-04-14 02:00:00,237.36
2017-04-14 03:00:00,204.36
2017-04-14 04:00:00,209.88
2017-04-14 05:00:00,211.68
2017-04-14 06:00:00,248.28
2017-04-14 07:00:00,619.68
2017-04-14 08:00:00,881.52
2017-04-14 09:00:00,1038.72
2017-04-14 10:00:00,1105.32
2017-04-14 11:00:00,1050.36
2017-04-14 12:00:00,1113.12
2017-04-14 13:00:00,1024.56
2017-04-14 14:00:00,968.82
2017-04-14 15:00:00,926.04
2017-04-14 16:00:00,974.64
2017-04-14 17:00:00,865.68
2017-04-14 18:00:00,523.8
2017-04-14 19:00:00,403.8
2017-04-14 20:00:00,343.8
2017-04-14 21:00:00,304.6
2017-04-14 22:00:00,247.56
2017-04-14 23:00:00,226.8
2017-04-15 00:00:00,223.68
2017-04-15 00:00:00,223.68
2017-04-15 01:00:00,212.28
2017-04-15 02:00:00,214.32
2017-04-15 03:00:00,214.56
2017-04-15 04:00:00,211.08
2017-04-15 05:00:00,216.24
2017-04-15 06:00:00,252.36
2017-04-15 07:00:00,249.36
2017-04-15 08:00:00,286.2
2017-04-15 09:00:00,309.36
2017-04-15 10:00:00,331.2
2017-04-15 11:00:00,330.6
2017-04-15 12:00:00,314.76
2017-04-15 13:00:00,305.52
2017-04-15 14:00:00,302.4
2017-04-15 15:00:00,310.56
2017-04-15 16:00:00,328.08
2017-04-15 17:00:00,302.16
2017-04-15 18:00:00,320.16
2017-04-15 19:00:00,310.68
2017-04-15 20:00:00,284.4
2017-04-15 21:00:00,266.64
2017-04-15 22:00:00,220.08
2017-04-15 23:00:00,231.96
2017-04-16 00:00:00,221.76
2017-04-16 00:00:00,221.76
2017-04-16 01:00:00,217.34
2017-04-16 02:00:00,215.04
2017-04-16 03:00:00,208.44
2017-04-16 04:00:00,208.56
2017-04-16 05:00:00,220.32
2017-04-16 06:00:00,254.4
2017-04-16 07:00:00,222.0
2017-04-16 08:00:00,274.68
2017-04-16 09:00:00,284.4
2017-04-16 10:00:00,311.04
2017-04-16 11:00:00,300.12
2017-04-16 12:00:00,305.28
2017-04-16 13:00:00,285.36
2017-04-16 14:00:00,293.52
2017-04-16 15:00:00,282.96
2017-04-16 16:00:00,283.92
2017-04-16 17:00:00,301.92
2017-04-16 18:00:00,316.56
2017-04-16 19:00:00,311.28
2017-04-16 20:00:00,294.24
2017-04-16 21:00:00,271.32
2017-04-16 22:00:00,228.96
2017-04-16 23:00:00,220.44
2017-04-17 00:00:00,208.2
2017-04-17 00:00:00,208.2
2017-04-17 01:00:00,218.64
2017-04-17 02:00:00,203.88
2017-04-17 03:00:00,203.4
2017-04-17 04:00:00,214.92
2017-04-17 05:00:00,216.36
2017-04-17 06:00:00,240.36
2017-04-17 07:00:00,618.12
2017-04-17 08:00:00,833.52
2017-04-17 09:00:00,993.84
2017-04-17 10:00:00,1083.12
2017-04-17 11:00:00,1102.08
2017-04-17 12:00:00,1206.96
2017-04-17 13:00:00,1041.6
2017-04-17 14:00:00,1054.56
2017-04-17 15:00:00,990.24
2017-04-17 16:00:00,981.0
2017-04-17 17:00:00,878.64
2017-04-17 18:00:00,508.8
2017-04-17 19:00:00,388.08
2017-04-17 20:00:00,356.76
2017-04-17 21:00:00,304.44
2017-04-17 22:00:00,250.92
2017-04-17 23:00:00,234.96
2017-04-18 00:00:00,215.76
2017-04-18 00:00:00,215.76
2017-04-18 01:00:00,218.04
2017-04-18 02:00:00,224.88
2017-04-18 03:00:00,231.36
2017-04-18 04:00:00,212.64
2017-04-18 05:00:00,219.48
2017-04-18 06:00:00,250.68
2017-04-18 07:00:00,668.76
2017-04-18 08:00:00,872.28
2017-04-18 09:00:00,1064.88
2017-04-18 10:00:00,994.08
2017-04-18 11:00:00,1073.76
2017-04-18 12:00:00,1097.88
2017-04-18 13:00:00,1073.4
2017-04-18 14:00:00,1077.24
2017-04-18 15:00:00,1048.08
2017-04-18 16:00:00,1095.24
2017-04-18 17:00:00,988.92
2017-04-18 18:00:00,469.8
2017-04-18 19:00:00,380.76
2017-04-18 20:00:00,335.16
2017-04-18 21:00:00,278.64
2017-04-18 22:00:00,253.44
2017-04-18 23:00:00,220.92
2017-04-19 00:00:00,201.0
2017-04-19 00:00:00,201.0
2017-04-19 01:00:00,204.48
2017-04-19 02:00:00,207.0
2017-04-19 03:00:00,207.6
2017-04-19 04:00:00,208.44
2017-04-19 05:00:00,201.72
2017-04-19 06:00:00,236.52
2017-04-19 07:00:00,632.4
2017-04-19 08:00:00,876.12
2017-04-19 09:00:00,949.68
2017-04-19 10:00:00,1008.72
2017-04-19 11:00:00,1073.76
2017-04-19 12:00:00,1027.08
2017-04-19 13:00:00,968.4
2017-04-19 14:00:00,984.84
2017-04-19 15:00:00,990.12
2017-04-19 16:00:00,923.16
2017-04-19 17:00:00,897.6
2017-04-19 18:00:00,459.84
2017-04-19 19:00:00,408.36
2017-04-19 20:00:00,322.8
2017-04-19 21:00:00,277.44
2017-04-19 22:00:00,222.96
2017-04-19 23:00:00,216.0
2017-04-20 00:00:00,206.04
2017-04-20 00:00:00,206.04
2017-04-20 01:00:00,194.04
2017-04-20 02:00:00,195.96
2017-04-20 03:00:00,204.96
2017-04-20 04:00:00,205.44
2017-04-20 05:00:00,197.4
2017-04-20 06:00:00,242.88
2017-04-20 07:00:00,624.0
2017-04-20 08:00:00,853.68
2017-04-20 09:00:00,1087.68
2017-04-20 10:00:00,1056.0
2017-04-20 11:00:00,1120.68
2017-04-20 12:00:00,1131.72
2017-04-20 13:00:00,1038.36
2017-04-20 14:00:00,1021.52
2017-04-20 15:00:00,960.0
2017-04-20 16:00:00,956.64
2017-04-20 17:00:00,859.32
2017-04-20 18:00:00,529.08
2017-04-20 19:00:00,406.32
2017-04-20 20:00:00,339.96
2017-04-20 21:00:00,302.76
2017-04-20 22:00:00,225.36
2017-04-20 23:00:00,225.48
2017-04-21 00:00:00,224.52
2017-04-21 00:00:00,224.52
2017-04-21 01:00:00,224.52
2017-04-21 02:00:00,228.0
2017-04-21 03:00:00,220.68
2017-04-21 04:00:00,211.56
2017-04-21 05:00:00,216.12
2017-04-21 06:00:00,244.92
2017-04-21 07:00:00,581.04
2017-04-21 08:00:00,798.36
2017-04-21 09:00:00,992.52
2017-04-21 10:00:00,996.96
2017-04-21 11:00:00,1045.56
2017-04-21 12:00:00,1019.76
2017-04-21 13:00:00,974.04
2017-04-21 14:00:00,878.04
2017-04-21 15:00:00,897.24
2017-04-21 16:00:00,827.16
2017-04-21 17:00:00,752.64
2017-04-21 18:00:00,509.52
2017-04-21 19:00:00,396.12
2017-04-21 20:00:00,323.64
2017-04-21 21:00:00,285.96
2017-04-21 22:00:00,237.6
2017-04-21 23:00:00,220.8
2017-04-22 00:00:00,222.12
2017-04-22 00:00:00,222.12
2017-04-22 01:00:00,220.44
2017-04-22 02:00:00,211.8
2017-04-22 03:00:00,211.8
2017-04-22 04:00:00,207.24
2017-04-22 05:00:00,211.32
2017-04-22 06:00:00,237.72
2017-04-22 07:00:00,252.96
2017-04-22 08:00:00,287.64
2017-04-22 09:00:00,315.9
2017-04-22 10:00:00,357.0
2017-04-22 11:00:00,343.68
2017-04-22 12:00:00,353.4
2017-04-22 13:00:00,322.56
2017-04-22 14:00:00,324.0
2017-04-22 15:00:00,329.4
2017-04-22 16:00:00,316.68
2017-04-22 17:00:00,323.76
2017-04-22 18:00:00,322.2
2017-04-22 19:00:00,292.32
2017-04-22 20:00:00,288.48
2017-04-22 21:00:00,264.72
2017-04-22 22:00:00,226.2
2017-04-22 23:00:00,218.04
2017-04-23 00:00:00,214.32
2017-04-23 00:00:00,214.32
2017-04-23 01:00:00,223.8
2017-04-23 02:00:00,212.28
2017-04-23 03:00:00,213.96
2017-04-23 04:00:00,213.36
2017-04-23 05:00:00,210.84
2017-04-23 06:00:00,248.28
2017-04-23 07:00:00,227.52
2017-04-23 08:00:00,272.4
2017-04-23 09:00:00,272.28
2017-04-23 10:00:00,315.84
2017-04-23 11:00:00,338.76
2017-04-23 12:00:00,295.92
2017-04-23 13:00:00,280.92
2017-04-23 14:00:00,294.96
2017-04-23 15:00:00,292.8
2017-04-23 16:00:00,312.48
2017-04-23 17:00:00,302.28
2017-04-23 18:00:00,285.0
2017-04-23 19:00:00,280.32
2017-04-23 20:00:00,285.84
2017-04-23 21:00:00,271.68
2017-04-23 22:00:00,218.16
2017-04-23 23:00:00,206.4
2017-04-24 00:00:00,211.2
2017-04-24 00:00:00,211.2
2017-04-24 01:00:00,210.48
2017-04-24 02:00:00,213.72
2017-04-24 03:00:00,203.04
2017-04-24 04:00:00,207.84
2017-04-24 05:00:00,211.08
2017-04-24 06:00:00,232.2
2017-04-24 07:00:00,491.88
2017-04-24 08:00:00,740.76
2017-04-24 09:00:00,954.36
2017-04-24 10:00:00,944.04
2017-04-24 11:00:00,966.48
2017-04-24 12:00:00,1003.08
2017-04-24 13:00:00,932.76
2017-04-24 14:00:00,926.76
2017-04-24 15:00:00,970.8
2017-04-24 16:00:00,877.68
2017-04-24 17:00:00,785.28
2017-04-24 18:00:00,507.96
2017-04-24 19:00:00,405.6
2017-04-24 20:00:00,320.88
2017-04-24 21:00:00,275.04
2017-04-24 22:00:00,223.08
2017-04-24 23:00:00,209.76
2017-04-25 00:00:00,194.52
2017-04-25 00:00:00,194.52
2017-04-25 01:00:00,198.96
2017-04-25 02:00:00,193.2
2017-04-25 03:00:00,197.28
2017-04-25 04:00:00,195.36
2017-04-25 05:00:00,187.4
2017-04-25 06:00:00,219.72
2017-04-25 07:00:00,492.96
2017-04-25 08:00:00,724.92
2017-04-25 09:00:00,918.84
2017-04-25 10:00:00,1032.12
2017-04-25 11:00:00,973.68
2017-04-25 12:00:00,996.36
2017-04-25 13:00:00,920.4
2017-04-25 14:00:00,898.92
2017-04-25 15:00:00,896.52
2017-04-25 16:00:00,909.96
2017-04-25 17:00:00,724.68
2017-04-25 18:00:00,529.32
2017-04-25 19:00:00,379.56
2017-04-25 20:00:00,320.4
2017-04-25 21:00:00,287.04
2017-04-25 22:00:00,225.0
2017-04-25 23:00:00,212.52
2017-04-26 00:00:00,200.88
2017-04-26 00:00:00,200.88
2017-04-26 01:00:00,192.48
2017-04-26 02:00:00,191.04
2017-04-26 03:00:00,190.2
2017-04-26 04:00:00,204.0
2017-04-26 05:00:00,191.4
2017-04-26 06:00:00,212.64
2017-04-26 07:00:00,506.52
2017-04-26 08:00:00,712.08
2017-04-26 09:00:00,854.64
2017-04-26 10:00:00,902.52
2017-04-26 11:00:00,971.76
2017-04-26 12:00:00,968.16
2017-04-26 13:00:00,930.96
2017-04-26 14:00:00,946.8
2017-04-26 15:00:00,919.2
2017-04-26 16:00:00,880.32
2017-04-26 17:00:00,837.96
2017-04-26 18:00:00,493.92
2017-04-26 19:00:00,346.8
2017-04-26 20:00:00,320.76
2017-04-26 21:00:00,279.84
2017-04-26 22:00:00,219.48
2017-04-26 23:00:00,180.24
2017-04-27 00:00:00,194.64
2017-04-27 00:00:00,194.64
2017-04-27 01:00:00,188.52
2017-04-27 02:00:00,191.64
2017-04-27 03:00:00,190.68
2017-04-27 04:00:00,197.76
2017-04-27 05:00:00,182.04
2017-04-27 06:00:00,212.04
2017-04-27 07:00:00,464.4
2017-04-27 08:00:00,675.84
2017-04-27 09:00:00,888.48
2017-04-27 10:00:00,962.52
2017-04-27 11:00:00,961.08
2017-04-27 12:00:00,922.68
2017-04-27 13:00:00,841.2
2017-04-27 14:00:00,899.4
2017-04-27 15:00:00,907.8
2017-04-27 16:00:00,860.52
2017-04-27 17:00:00,751.92
2017-04-27 18:00:00,506.64
2017-04-27 19:00:00,371.76
2017-04-27 20:00:00,363.12
2017-04-27 21:00:00,282.36
2017-04-27 22:00:00,242.76
2017-04-27 23:00:00,209.16
2017-04-28 00:00:00,203.4
2017-04-28 00:00:00,203.4
2017-04-28 01:00:00,198.24
2017-04-28 02:00:00,193.32
2017-04-28 03:00:00,195.72
2017-04-28 04:00:00,193.44
2017-04-28 05:00:00,187.32
2017-04-28 06:00:00,219.84
2017-04-28 07:00:00,463.2
2017-04-28 08:00:00,702.72
2017-04-28 09:00:00,855.48
2017-04-28 10:00:00,884.76
2017-04-28 11:00:00,918.96
2017-04-28 12:00:00,882.72
2017-04-28 13:00:00,819.72
2017-04-28 14:00:00,927.12
2017-04-28 15:00:00,844.44
2017-04-28 16:00:00,792.24
2017-04-28 17:00:00,709.44
2017-04-28 18:00:00,470.16
2017-04-28 19:00:00,353.4
2017-04-28 20:00:00,305.04
2017-04-28 21:00:00,270.15
2017-04-28 22:00:00,223.32
2017-04-28 23:00:00,199.92
2017-04-29 00:00:00,206.16
2017-04-29 00:00:00,206.16
2017-04-29 01:00:00,180.6
2017-04-29 02:00:00,186.0
2017-04-29 03:00:00,177.24
2017-04-29 04:00:00,180.36
2017-04-29 05:00:00,188.76
2017-04-29 06:00:00,217.2
2017-04-29 07:00:00,216.84
2017-04-29 08:00:00,256.44
2017-04-29 09:00:00,285.24
2017-04-29 10:00:00,298.2
2017-04-29 11:00:00,303.96
2017-04-29 12:00:00,319.56
2017-04-29 13:00:00,284.16
2017-04-29 14:00:00,280.44
2017-04-29 15:00:00,258.72
2017-04-29 16:00:00,275.04
2017-04-29 17:00:00,291.12
2017-04-29 18:00:00,287.52
2017-04-29 19:00:00,282.24
2017-04-29 20:00:00,288.36
2017-04-29 21:00:00,256.44
2017-04-29 22:00:00,217.2
2017-04-29 23:00:00,200.64
2017-04-30 00:00:00,195.0
2017-04-30 00:00:00,195.0
2017-04-30 01:00:00,200.46
2017-04-30 02:00:00,196.92
2017-04-30 03:00:00,188.4
2017-04-30 04:00:00,183.6
2017-04-30 05:00:00,189.96
2017-04-30 06:00:00,212.16
2017-04-30 07:00:00,213.24
2017-04-30 08:00:00,231.84
2017-04-30 09:00:00,243.12
2017-04-30 10:00:00,283.68
2017-04-30 11:00:00,270.24
2017-04-30 12:00:00,276.12
2017-04-30 13:00:00,274.2
2017-04-30 14:00:00,256.68
2017-04-30 15:00:00,264.84
2017-04-30 16:00:00,260.88
2017-04-30 17:00:00,269.64
2017-04-30 18:00:00,277.08
2017-04-30 19:00:00,250.92
2017-04-30 20:00:00,249.36
2017-04-30 21:00:00,247.8
2017-04-30 22:00:00,196.68
2017-04-30 23:00:00,188.4
2017-05-01 00:00:00,189.12
2017-05-01 00:00:00,189.12
2017-05-01 01:00:00,184.32
2017-05-01 02:00:00,196.2
2017-05-01 03:00:00,183.48
2017-05-01 04:00:00,195.36
2017-05-01 05:00:00,186.36
2017-05-01 06:00:00,227.76
2017-05-01 07:00:00,207.72
2017-05-01 08:00:00,311.16
2017-05-01 09:00:00,317.04
2017-05-01 10:00:00,390.84
2017-05-01 11:00:00,367.2
2017-05-01 12:00:00,356.16
2017-05-01 13:00:00,339.6
2017-05-01 14:00:00,340.08
2017-05-01 15:00:00,334.44
2017-05-01 16:00:00,346.44
2017-05-01 17:00:00,268.44
2017-05-01 18:00:00,280.92
2017-05-01 19:00:00,285.0
2017-05-01 20:00:00,258.24
2017-05-01 21:00:00,253.08
2017-05-01 22:00:00,208.8
2017-05-01 23:00:00,199.8
2017-05-02 00:00:00,201.48
2017-05-02 00:00:00,201.48
2017-05-02 01:00:00,192.24
2017-05-02 02:00:00,195.6
2017-05-02 03:00:00,187.08
2017-05-02 04:00:00,186.48
2017-05-02 05:00:00,191.16
2017-05-02 06:00:00,204.6
2017-05-02 07:00:00,573.36
2017-05-02 08:00:00,870.36
2017-05-02 09:00:00,1022.64
2017-05-02 10:00:00,955.92
2017-05-02 11:00:00,974.4
2017-05-02 12:00:00,1043.88
2017-05-02 13:00:00,1025.16
2017-05-02 14:00:00,899.28
2017-05-02 15:00:00,875.4
2017-05-02 16:00:00,858.6
2017-05-02 17:00:00,823.44
2017-05-02 18:00:00,470.76
2017-05-02 19:00:00,397.56
2017-05-02 20:00:00,365.28
2017-05-02 21:00:00,291.12
2017-05-02 22:00:00,231.24
2017-05-02 23:00:00,197.4
2017-05-03 00:00:00,205.56
2017-05-03 00:00:00,205.56
2017-05-03 01:00:00,190.2
2017-05-03 02:00:00,195.72
2017-05-03 03:00:00,200.4
2017-05-03 04:00:00,188.16
2017-05-03 05:00:00,195.96
2017-05-03 06:00:00,229.08
2017-05-03 07:00:00,528.12
2017-05-03 08:00:00,755.28
2017-05-03 09:00:00,967.32
2017-05-03 10:00:00,970.8
2017-05-03 11:00:00,1050.96
2017-05-03 12:00:00,1077.36
2017-05-03 13:00:00,880.2
2017-05-03 14:00:00,932.52
2017-05-03 15:00:00,901.56
2017-05-03 16:00:00,864.12
2017-05-03 17:00:00,759.6
2017-05-03 18:00:00,485.52
2017-05-03 19:00:00,372.96
2017-05-03 20:00:00,319.44
2017-05-03 21:00:00,277.32
2017-05-03 22:00:00,214.32
2017-05-03 23:00:00,210.24
2017-05-04 00:00:00,198.6
2017-05-04 00:00:00,198.6
2017-05-04 01:00:00,211.56
2017-05-04 02:00:00,185.76
2017-05-04 03:00:00,188.16
2017-05-04 04:00:00,186.36
2017-05-04 05:00:00,199.08
2017-05-04 06:00:00,227.28
2017-05-04 07:00:00,512.64
2017-05-04 08:00:00,736.08
2017-05-04 09:00:00,910.0
2017-05-04 10:00:00,969.24
2017-05-04 11:00:00,969.0
2017-05-04 12:00:00,976.32
2017-05-04 13:00:00,863.4
2017-05-04 14:00:00,897.6
2017-05-04 15:00:00,920.28
2017-05-04 16:00:00,849.84
2017-05-04 17:00:00,764.28
2017-05-04 18:00:00,483.12
2017-05-04 19:00:00,355.92
2017-05-04 20:00:00,334.44
2017-05-04 21:00:00,284.64
2017-05-04 22:00:00,233.28
2017-05-04 23:00:00,202.32
2017-05-05 00:00:00,202.2
2017-05-05 00:00:00,202.2
2017-05-05 01:00:00,201.0
2017-05-05 02:00:00,191.16
2017-05-05 03:00:00,190.44
2017-05-05 04:00:00,194.52
2017-05-05 05:00:00,187.68
2017-05-05 06:00:00,218.52
2017-05-05 07:00:00,525.12
2017-05-05 08:00:00,737.28
2017-05-05 09:00:00,915.36
2017-05-05 10:00:00,963.36
2017-05-05 11:00:00,980.88
2017-05-05 12:00:00,1027.8
2017-05-05 13:00:00,873.96
2017-05-05 14:00:00,852.72
2017-05-05 15:00:00,883.08
2017-05-05 16:00:00,803.16
2017-05-05 17:00:00,763.56
2017-05-05 18:00:00,499.8
2017-05-05 19:00:00,335.64
2017-05-05 20:00:00,313.44
2017-05-05 21:00:00,268.92
2017-05-05 22:00:00,206.28
2017-05-05 23:00:00,203.76
2017-05-06 00:00:00,192.96
2017-05-06 00:00:00,192.96
2017-05-06 01:00:00,190.92
2017-05-06 02:00:00,198.0
2017-05-06 03:00:00,195.6
2017-05-06 04:00:00,180.96
2017-05-06 05:00:00,188.64
2017-05-06 06:00:00,218.52
2017-05-06 07:00:00,230.64
2017-05-06 08:00:00,286.68
2017-05-06 09:00:00,367.44
2017-05-06 10:00:00,323.88
2017-05-06 11:00:00,317.64
2017-05-06 12:00:00,330.84
2017-05-06 13:00:00,310.08
2017-05-06 14:00:00,305.4
2017-05-06 15:00:00,308.88
2017-05-06 16:00:00,308.04
2017-05-06 17:00:00,316.44
2017-05-06 18:00:00,311.4
2017-05-06 19:00:00,292.44
2017-05-06 20:00:00,279.0
2017-05-06 21:00:00,249.0
2017-05-06 22:00:00,222.24
2017-05-06 23:00:00,206.88
2017-05-07 00:00:00,215.04
2017-05-07 00:00:00,215.04
2017-05-07 01:00:00,195.96
2017-05-07 02:00:00,189.24
2017-05-07 03:00:00,203.52
2017-05-07 04:00:00,193.92
2017-05-07 05:00:00,191.16
2017-05-07 06:00:00,225.6
2017-05-07 07:00:00,205.56
2017-05-07 08:00:00,238.92
2017-05-07 09:00:00,246.24
2017-05-07 10:00:00,301.2
2017-05-07 11:00:00,268.32
2017-05-07 12:00:00,300.6
2017-05-07 13:00:00,307.2
2017-05-07 14:00:00,269.28
2017-05-07 15:00:00,266.4
2017-05-07 16:00:00,266.64
2017-05-07 17:00:00,303.96
2017-05-07 18:00:00,297.72
2017-05-07 19:00:00,265.68
2017-05-07 20:00:00,262.68
2017-05-07 21:00:00,257.88
2017-05-07 22:00:00,204.36
2017-05-07 23:00:00,199.08
2017-05-08 00:00:00,199.56
2017-05-08 00:00:00,199.56
2017-05-08 01:00:00,204.12
2017-05-08 02:00:00,210.84
2017-05-08 03:00:00,195.48
2017-05-08 04:00:00,204.6
2017-05-08 05:00:00,201.6
2017-05-08 06:00:00,231.24
2017-05-08 07:00:00,503.88
2017-05-08 08:00:00,714.72
2017-05-08 09:00:00,895.44
2017-05-08 10:00:00,929.4
2017-05-08 11:00:00,987.96
2017-05-08 12:00:00,1044.96
2017-05-08 13:00:00,946.32
2017-05-08 14:00:00,973.92
2017-05-08 15:00:00,942.96
2017-05-08 16:00:00,871.32
2017-05-08 17:00:00,834.96
2017-05-08 18:00:00,539.28
2017-05-08 19:00:00,488.52
2017-05-08 20:00:00,408.36
2017-05-08 21:00:00,292.44
2017-05-08 22:00:00,246.48
2017-05-08 23:00:00,211.8
2017-05-09 00:00:00,212.88
2017-05-09 00:00:00,212.88
2017-05-09 01:00:00,205.68
2017-05-09 02:00:00,206.16
2017-05-09 03:00:00,202.68
2017-05-09 04:00:00,199.32
2017-05-09 05:00:00,210.24
2017-05-09 06:00:00,234.12
2017-05-09 07:00:00,492.72
2017-05-09 08:00:00,692.28
2017-05-09 09:00:00,850.92
2017-05-09 10:00:00,896.04
2017-05-09 11:00:00,938.76
2017-05-09 12:00:00,914.4
2017-05-09 13:00:00,852.84
2017-05-09 14:00:00,886.56
2017-05-09 15:00:00,800.52
2017-05-09 16:00:00,791.88
2017-05-09 17:00:00,753.36
2017-05-09 18:00:00,486.72
2017-05-09 19:00:00,383.16
2017-05-09 20:00:00,347.04
2017-05-09 21:00:00,293.76
2017-05-09 22:00:00,254.52
2017-05-09 23:00:00,214.68
2017-05-10 00:00:00,199.92
2017-05-10 00:00:00,199.92
2017-05-10 01:00:00,217.92
2017-05-10 02:00:00,207.36
2017-05-10 03:00:00,203.64
2017-05-10 04:00:00,205.2
2017-05-10 05:00:00,197.88
2017-05-10 06:00:00,243.96
2017-05-10 07:00:00,504.6
2017-05-10 08:00:00,736.32
2017-05-10 09:00:00,874.08
2017-05-10 10:00:00,967.56
2017-05-10 11:00:00,1033.32
2017-05-10 12:00:00,996.48
2017-05-10 13:00:00,954.84
2017-05-10 14:00:00,900.72
2017-05-10 15:00:00,904.8
2017-05-10 16:00:00,905.88
2017-05-10 17:00:00,832.44
2017-05-10 18:00:00,467.16
2017-05-10 19:00:00,401.28
2017-05-10 20:00:00,339.48
2017-05-10 21:00:00,296.64
2017-05-10 22:00:00,252.36
2017-05-10 23:00:00,211.8
2017-05-11 00:00:00,204.36
2017-05-11 00:00:00,204.36
2017-05-11 01:00:00,198.6
2017-05-11 02:00:00,206.88
2017-05-11 03:00:00,194.28
2017-05-11 04:00:00,187.92
2017-05-11 05:00:00,207.12
2017-05-11 06:00:00,238.92
2017-05-11 07:00:00,596.76
2017-05-11 08:00:00,798.24
2017-05-11 09:00:00,937.56
2017-05-11 10:00:00,1050.24
2017-05-11 11:00:00,998.28
2017-05-11 12:00:00,1000.8
2017-05-11 13:00:00,948.6
2017-05-11 14:00:00,971.04
2017-05-11 15:00:00,946.56
2017-05-11 16:00:00,918.0
2017-05-11 17:00:00,835.8
2017-05-11 18:00:00,489.6
2017-05-11 19:00:00,445.68
2017-05-11 20:00:00,340.44
2017-05-11 21:00:00,309.48
2017-05-11 22:00:00,289.8
2017-05-11 23:00:00,223.68
2017-05-12 00:00:00,224.76
2017-05-12 00:00:00,224.76
2017-05-12 01:00:00,207.24
2017-05-12 02:00:00,219.96
2017-05-12 03:00:00,217.2
2017-05-12 04:00:00,204.72
2017-05-12 05:00:00,208.8
2017-05-12 06:00:00,241.44
2017-05-12 07:00:00,608.52
2017-05-12 08:00:00,772.08
2017-05-12 09:00:00,989.64
2017-05-12 10:00:00,997.08
2017-05-12 11:00:00,1019.64
2017-05-12 12:00:00,930.0
2017-05-12 13:00:00,890.28
2017-05-12 14:00:00,864.96
2017-05-12 15:00:00,876.14
2017-05-12 16:00:00,806.52
2017-05-12 17:00:00,732.24
2017-05-12 18:00:00,486.84
2017-05-12 19:00:00,432.96
2017-05-12 20:00:00,359.28
2017-05-12 21:00:00,289.56
2017-05-12 22:00:00,276.24
2017-05-12 23:00:00,238.32
2017-05-13 00:00:00,233.76
2017-05-13 00:00:00,233.76
2017-05-13 01:00:00,215.16
2017-05-13 02:00:00,207.0
2017-05-13 03:00:00,215.16
2017-05-13 04:00:00,202.76
2017-05-13 05:00:00,209.52
2017-05-13 06:00:00,264.6
2017-05-13 07:00:00,267.96
2017-05-13 08:00:00,291.72
2017-05-13 09:00:00,313.32
2017-05-13 10:00:00,330.36
2017-05-13 11:00:00,365.16
2017-05-13 12:00:00,311.16
2017-05-13 13:00:00,290.52
2017-05-13 14:00:00,305.52
2017-05-13 15:00:00,298.2
2017-05-13 16:00:00,296.04
2017-05-13 17:00:00,408.12
2017-05-13 18:00:00,330.84
2017-05-13 19:00:00,326.16
2017-05-13 20:00:00,291.72
2017-05-13 21:00:00,271.08
2017-05-13 22:00:00,221.76
2017-05-13 23:00:00,213.48
2017-05-14 00:00:00,222.6
2017-05-14 00:00:00,222.6
2017-05-14 01:00:00,215.64
2017-05-14 02:00:00,214.32
2017-05-14 03:00:00,209.28
2017-05-14 04:00:00,210.36
2017-05-14 05:00:00,216.48
2017-05-14 06:00:00,240.0
2017-05-14 07:00:00,244.44
2017-05-14 08:00:00,269.88
2017-05-14 09:00:00,250.68
2017-05-14 10:00:00,385.8
2017-05-14 11:00:00,391.92
2017-05-14 12:00:00,412.56
2017-05-14 13:00:00,458.88
2017-05-14 14:00:00,435.84
2017-05-14 15:00:00,402.6
2017-05-14 16:00:00,447.0
2017-05-14 17:00:00,398.52
2017-05-14 18:00:00,389.52
2017-05-14 19:00:00,388.44
2017-05-14 20:00:00,405.12
2017-05-14 21:00:00,348.6
2017-05-14 22:00:00,258.12
2017-05-14 23:00:00,255.96
2017-05-15 00:00:00,261.36
2017-05-15 00:00:00,261.36
2017-05-15 01:00:00,257.28
2017-05-15 02:00:00,248.88
2017-05-15 03:00:00,243.48
2017-05-15 04:00:00,254.04
2017-05-15 05:00:00,252.84
2017-05-15 06:00:00,293.04
2017-05-15 07:00:00,590.4
2017-05-15 08:00:00,796.56
2017-05-15 09:00:00,972.48
2017-05-15 10:00:00,969.6
2017-05-15 11:00:00,1051.2
2017-05-15 12:00:00,969.12
2017-05-15 13:00:00,949.08
2017-05-15 14:00:00,1005.48
2017-05-15 15:00:00,924.72
2017-05-15 16:00:00,969.24
2017-05-15 17:00:00,784.8
2017-05-15 18:00:00,511.08
2017-05-15 19:00:00,439.32
2017-05-15 20:00:00,417.6
2017-05-15 21:00:00,343.92
2017-05-15 22:00:00,285.0
2017-05-15 23:00:00,272.4
2017-05-16 00:00:00,280.32
2017-05-16 00:00:00,280.32
2017-05-16 01:00:00,253.92
2017-05-16 02:00:00,255.4
2017-05-16 03:00:00,261.84
2017-05-16 04:00:00,258.6
2017-05-16 05:00:00,258.72
2017-05-16 06:00:00,295.8
2017-05-16 07:00:00,581.64
2017-05-16 08:00:00,748.92
2017-05-16 09:00:00,850.08
2017-05-16 10:00:00,996.36
2017-05-16 11:00:00,965.88
2017-05-16 12:00:00,988.68
2017-05-16 13:00:00,921.48
2017-05-16 14:00:00,971.76
2017-05-16 15:00:00,907.68
2017-05-16 16:00:00,892.92
2017-05-16 17:00:00,815.04
2017-05-16 18:00:00,489.12
2017-05-16 19:00:00,443.4
2017-05-16 20:00:00,369.0
2017-05-16 21:00:00,299.64
2017-05-16 22:00:00,233.64
2017-05-16 23:00:00,207.24
2017-05-17 00:00:00,197.52
2017-05-17 00:00:00,197.52
2017-05-17 01:00:00,202.32
2017-05-17 02:00:00,203.88
2017-05-17 03:00:00,196.44
2017-05-17 04:00:00,190.92
2017-05-17 05:00:00,194.76
2017-05-17 06:00:00,228.24
2017-05-17 07:00:00,611.52
2017-05-17 08:00:00,807.36
2017-05-17 09:00:00,923.16
2017-05-17 10:00:00,955.8
2017-05-17 11:00:00,1005.48
2017-05-17 12:00:00,965.16
2017-05-17 13:00:00,923.28
2017-05-17 14:00:00,966.0
2017-05-17 15:00:00,919.44
2017-05-17 16:00:00,926.64
2017-05-17 17:00:00,771.84
2017-05-17 18:00:00,548.64
2017-05-17 19:00:00,388.56
2017-05-17 20:00:00,336.6
2017-05-17 21:00:00,272.4
2017-05-17 22:00:00,248.52
2017-05-17 23:00:00,197.76
2017-05-18 00:00:00,211.08
2017-05-18 00:00:00,211.08
2017-05-18 01:00:00,207.12
2017-05-18 02:00:00,201.84
2017-05-18 03:00:00,193.8
2017-05-18 04:00:00,190.68
2017-05-18 05:00:00,196.8
2017-05-18 06:00:00,227.52
2017-05-18 07:00:00,588.24
2017-05-18 08:00:00,813.0
2017-05-18 09:00:00,892.44
2017-05-18 10:00:00,968.28
2017-05-18 11:00:00,981.12
2017-05-18 12:00:00,966.84
2017-05-18 13:00:00,938.52
2017-05-18 14:00:00,981.96
2017-05-18 15:00:00,916.2
2017-05-18 16:00:00,982.56
2017-05-18 17:00:00,917.76
2017-05-18 18:00:00,617.52
2017-05-18 19:00:00,512.4
2017-05-18 20:00:00,432.6
2017-05-18 21:00:00,387.0
2017-05-18 22:00:00,223.32
2017-05-18 23:00:00,218.4
2017-05-19 00:00:00,205.44
2017-05-19 00:00:00,205.44
2017-05-19 01:00:00,214.44
2017-05-19 02:00:00,197.16
2017-05-19 03:00:00,194.64
2017-05-19 04:00:00,196.08
2017-05-19 05:00:00,193.32
2017-05-19 06:00:00,233.16
2017-05-19 07:00:00,569.04
2017-05-19 08:00:00,770.04
2017-05-19 09:00:00,912.24
2017-05-19 10:00:00,989.76
2017-05-19 11:00:00,1019.16
2017-05-19 12:00:00,996.12
2017-05-19 13:00:00,892.8
2017-05-19 14:00:00,972.84
2017-05-19 15:00:00,857.64
2017-05-19 16:00:00,885.48
2017-05-19 17:00:00,761.88
2017-05-19 18:00:00,545.16
2017-05-19 19:00:00,376.8
2017-05-19 20:00:00,317.04
2017-05-19 21:00:00,278.52
2017-05-19 22:00:00,223.92
2017-05-19 23:00:00,203.04
2017-05-20 00:00:00,205.92
2017-05-20 00:00:00,205.92
2017-05-20 01:00:00,195.12
2017-05-20 02:00:00,201.72
2017-05-20 03:00:00,200.64
2017-05-20 04:00:00,197.76
2017-05-20 05:00:00,233.76
2017-05-20 06:00:00,263.16
2017-05-20 07:00:00,260.52
2017-05-20 08:00:00,307.92
2017-05-20 09:00:00,346.2
2017-05-20 10:00:00,440.72
2017-05-20 11:00:00,418.8
2017-05-20 12:00:00,401.64
2017-05-20 13:00:00,395.88
2017-05-20 14:00:00,362.88
2017-05-20 15:00:00,345.96
2017-05-20 16:00:00,391.92
2017-05-20 17:00:00,341.16
2017-05-20 18:00:00,411.36
2017-05-20 19:00:00,330.72
2017-05-20 20:00:00,354.48
2017-05-20 21:00:00,278.04
2017-05-20 22:00:00,249.36
2017-05-20 23:00:00,216.36
2017-05-21 00:00:00,234.96
2017-05-21 00:00:00,234.96
2017-05-21 01:00:00,222.12
2017-05-21 02:00:00,219.24
2017-05-21 03:00:00,230.16
2017-05-21 04:00:00,227.76
2017-05-21 05:00:00,223.2
2017-05-21 06:00:00,256.32
2017-05-21 07:00:00,244.56
2017-05-21 08:00:00,284.16
2017-05-21 09:00:00,300.72
2017-05-21 10:00:00,375.36
2017-05-21 11:00:00,340.8
2017-05-21 12:00:00,351.6
2017-05-21 13:00:00,344.04
2017-05-21 14:00:00,376.56
2017-05-21 15:00:00,345.96
2017-05-21 16:00:00,400.56
2017-05-21 17:00:00,355.68
2017-05-21 18:00:00,353.76
2017-05-21 19:00:00,382.44
2017-05-21 20:00:00,362.16
2017-05-21 21:00:00,315.72
2017-05-21 22:00:00,
2017-05-21 23:00:00,
2017-05-22 00:00:00,
2017-05-22 00:00:00,
2017-05-22 01:00:00,
2017-05-22 02:00:00,
2017-05-22 03:00:00,
2017-05-22 04:00:00,
2017-05-22 05:00:00,
2017-05-22 06:00:00,
2017-05-22 07:00:00,
2017-05-22 08:00:00,837.24
2017-05-22 09:00:00,1117.2
2017-05-22 10:00:00,1014.48
2017-05-22 11:00:00,1083.6
2017-05-22 12:00:00,1073.04
2017-05-22 13:00:00,1011.12
2017-05-22 14:00:00,987.84
2017-05-22 15:00:00,958.44
2017-05-22 16:00:00,921.96
2017-05-22 17:00:00,1042.68
2017-05-22 18:00:00,666.36
2017-05-22 19:00:00,445.44
2017-05-22 20:00:00,458.28
2017-05-22 21:00:00,404.28
2017-05-22 22:00:00,0.0
2017-05-22 23:00:00,
2017-05-23 00:00:00,
2017-05-23 00:00:00,
2017-05-23 01:00:00,
2017-05-23 02:00:00,
2017-05-23 03:00:00,
2017-05-23 04:00:00,
2017-05-23 05:00:00,
2017-05-23 06:00:00,
2017-05-23 07:00:00,
2017-05-23 08:00:00,
2017-05-23 09:00:00,
2017-05-23 10:00:00,
2017-05-23 11:00:00,
2017-05-23 12:00:00,
2017-05-23 13:00:00,
2017-05-23 14:00:00,
2017-05-23 15:00:00,
2017-05-23 16:00:00,
2017-05-23 17:00:00,
2017-05-23 18:00:00,
2017-05-23 19:00:00,
2017-05-23 20:00:00,
2017-05-23 21:00:00,
2017-05-23 22:00:00,
2017-05-23 23:00:00,
2017-05-24 00:00:00,
2017-05-24 00:00:00,
2017-05-24 01:00:00,
2017-05-24 02:00:00,
2017-05-24 03:00:00,
2017-05-24 04:00:00,
2017-05-24 05:00:00,
2017-05-24 06:00:00,
2017-05-24 07:00:00,
2017-05-24 08:00:00,
2017-05-24 09:00:00,
2017-05-24 10:00:00,
2017-05-24 11:00:00,
2017-05-24 12:00:00,
2017-05-24 13:00:00,
2017-05-24 14:00:00,
2017-05-24 15:00:00,
2017-05-24 16:00:00,
2017-05-24 17:00:00,771.12
2017-05-24 18:00:00,493.68
2017-05-24 19:00:00,346.32
2017-05-24 20:00:00,330.48
2017-05-24 21:00:00,290.4
2017-05-24 22:00:00,214.92
2017-05-24 23:00:00,211.44
2017-05-25 00:00:00,207.72
2017-05-25 00:00:00,207.72
2017-05-25 01:00:00,210.48
2017-05-25 02:00:00,204.48
2017-05-25 03:00:00,202.56
2017-05-25 04:00:00,202.2
2017-05-25 05:00:00,212.16
2017-05-25 06:00:00,231.6
2017-05-25 07:00:00,586.08
2017-05-25 08:00:00,800.88
2017-05-25 09:00:00,879.72
2017-05-25 10:00:00,895.32
2017-05-25 11:00:00,935.42
2017-05-25 12:00:00,995.88
2017-05-25 13:00:00,881.4
2017-05-25 14:00:00,902.52
2017-05-25 15:00:00,855.36
2017-05-25 16:00:00,853.92
2017-05-25 17:00:00,783.12
2017-05-25 18:00:00,515.76
2017-05-25 19:00:00,367.08
2017-05-25 20:00:00,376.8
2017-05-25 21:00:00,296.64
2017-05-25 22:00:00,235.44
2017-05-25 23:00:00,216.36
2017-05-26 00:00:00,212.76
2017-05-26 00:00:00,212.76
2017-05-26 01:00:00,205.32
2017-05-26 02:00:00,210.96
2017-05-26 03:00:00,199.08
2017-05-26 04:00:00,208.56
2017-05-26 05:00:00,198.84
2017-05-26 06:00:00,229.68
2017-05-26 07:00:00,624.24
2017-05-26 08:00:00,823.68
2017-05-26 09:00:00,956.52
2017-05-26 10:00:00,950.04
2017-05-26 11:00:00,969.36
2017-05-26 12:00:00,1038.72
2017-05-26 13:00:00,894.0
2017-05-26 14:00:00,907.44
2017-05-26 15:00:00,848.88
2017-05-26 16:00:00,861.36
2017-05-26 17:00:00,871.8
2017-05-26 18:00:00,559.32
2017-05-26 19:00:00,427.44
2017-05-26 20:00:00,403.56
2017-05-26 21:00:00,297.6
2017-05-26 22:00:00,245.64
2017-05-26 23:00:00,243.0
2017-05-27 00:00:00,256.8
2017-05-27 00:00:00,256.8
2017-05-27 01:00:00,233.88
2017-05-27 02:00:00,220.08
2017-05-27 03:00:00,234.24
2017-05-27 04:00:00,220.68
2017-05-27 05:00:00,226.44
2017-05-27 06:00:00,252.84
2017-05-27 07:00:00,602.64
2017-05-27 08:00:00,824.28
2017-05-27 09:00:00,909.12
2017-05-27 10:00:00,982.56
2017-05-27 11:00:00,1032.6
2017-05-27 12:00:00,1080.6
2017-05-27 13:00:00,864.24
2017-05-27 14:00:00,857.64
2017-05-27 15:00:00,944.76
2017-05-27 16:00:00,860.88
2017-05-27 17:00:00,812.28
2017-05-27 18:00:00,505.56
2017-05-27 19:00:00,374.28
2017-05-27 20:00:00,325.8
2017-05-27 21:00:00,287.4
2017-05-27 22:00:00,201.84
2017-05-27 23:00:00,190.2
2017-05-28 00:00:00,193.56
2017-05-28 00:00:00,193.56
2017-05-28 01:00:00,192.12
2017-05-28 02:00:00,194.64
2017-05-28 03:00:00,183.24
2017-05-28 04:00:00,182.76
2017-05-28 05:00:00,193.08
2017-05-28 06:00:00,203.04
2017-05-28 07:00:00,211.2
2017-05-28 08:00:00,253.44
2017-05-28 09:00:00,255.6
2017-05-28 10:00:00,312.0
2017-05-28 11:00:00,304.32
2017-05-28 12:00:00,283.8
2017-05-28 13:00:00,320.28
2017-05-28 14:00:00,272.76
2017-05-28 15:00:00,303.24
2017-05-28 16:00:00,278.16
2017-05-28 17:00:00,285.24
2017-05-28 18:00:00,275.52
2017-05-28 19:00:00,274.92
2017-05-28 20:00:00,267.48
2017-05-28 21:00:00,233.76
2017-05-28 22:00:00,202.2
2017-05-28 23:00:00,204.96
2017-05-29 00:00:00,203.28
2017-05-29 00:00:00,203.28
2017-05-29 01:00:00,194.28
2017-05-29 02:00:00,202.8
2017-05-29 03:00:00,188.16
2017-05-29 04:00:00,189.72
2017-05-29 05:00:00,194.28
2017-05-29 06:00:00,214.2
2017-05-29 07:00:00,217.92
2017-05-29 08:00:00,318.6
2017-05-29 09:00:00,367.32
2017-05-29 10:00:00,366.72
2017-05-29 11:00:00,356.64
2017-05-29 12:00:00,394.08
2017-05-29 13:00:00,399.6
2017-05-29 14:00:00,351.24
2017-05-29 15:00:00,336.28
2017-05-29 16:00:00,356.76
2017-05-29 17:00:00,312.36
2017-05-29 18:00:00,313.44
2017-05-29 19:00:00,312.96
2017-05-29 20:00:00,271.92
2017-05-29 21:00:00,279.36
2017-05-29 22:00:00,211.56
2017-05-29 23:00:00,205.8
2017-05-30 00:00:00,200.88
2017-05-30 00:00:00,200.88
2017-05-30 01:00:00,196.08
2017-05-30 02:00:00,218.4
2017-05-30 03:00:00,213.48
2017-05-30 04:00:00,198.84
2017-05-30 05:00:00,193.44
2017-05-30 06:00:00,236.16
2017-05-30 07:00:00,218.76
2017-05-30 08:00:00,334.92
2017-05-30 09:00:00,335.64
2017-05-30 10:00:00,426.84
2017-05-30 11:00:00,422.52
2017-05-30 12:00:00,407.04
2017-05-30 13:00:00,424.2
2017-05-30 14:00:00,357.12
2017-05-30 15:00:00,352.56
2017-05-30 16:00:00,363.84
2017-05-30 17:00:00,296.04
2017-05-30 18:00:00,319.44
2017-05-30 19:00:00,327.6
2017-05-30 20:00:00,315.0
2017-05-30 21:00:00,279.6
2017-05-30 22:00:00,220.56
2017-05-30 23:00:00,191.76
2017-05-31 00:00:00,208.32
2017-05-31 00:00:00,208.32
2017-05-31 01:00:00,191.88
2017-05-31 02:00:00,196.08
2017-05-31 03:00:00,196.56
2017-05-31 04:00:00,194.16
2017-05-31 05:00:00,209.64
2017-05-31 06:00:00,225.84
2017-05-31 07:00:00,707.76
2017-05-31 08:00:00,930.36
2017-05-31 09:00:00,1090.08
2017-05-31 10:00:00,1078.32
2017-05-31 11:00:00,1103.4
2017-05-31 12:00:00,1174.92
2017-05-31 13:00:00,1108.2
2017-05-31 14:00:00,1050.48
2017-05-31 15:00:00,1063.2
2017-05-31 16:00:00,1123.68
2017-05-31 17:00:00,1008.96
2017-05-31 18:00:00,592.2
2017-05-31 19:00:00,383.28
2017-05-31 20:00:00,339.0
2017-05-31 21:00:00,291.6
2017-05-31 22:00:00,232.2
2017-05-31 23:00:00,216.6
2017-06-01 00:00:00,203.04
2017-06-01 00:00:00,203.04
2017-06-01 01:00:00,215.88
2017-06-01 02:00:00,209.4
2017-06-01 03:00:00,223.68
2017-06-01 04:00:00,204.24
2017-06-01 05:00:00,212.88
2017-06-01 06:00:00,249.12
2017-06-01 07:00:00,825.84
2017-06-01 08:00:00,940.92
2017-06-01 09:00:00,1064.52
2017-06-01 10:00:00,1095.6
2017-06-01 11:00:00,1124.4
2017-06-01 12:00:00,1175.4
2017-06-01 13:00:00,1185.0
2017-06-01 14:00:00,1191.12
2017-06-01 15:00:00,1221.84
2017-06-01 16:00:00,1066.92
2017-06-01 17:00:00,1028.12
2017-06-01 18:00:00,579.12
2017-06-01 19:00:00,498.48
2017-06-01 20:00:00,404.52
2017-06-01 21:00:00,370.32
2017-06-01 22:00:00,260.52
2017-06-01 23:00:00,226.68
2017-06-02 00:00:00,220.32
2017-06-02 00:00:00,220.32
2017-06-02 01:00:00,233.16
2017-06-02 02:00:00,221.4
2017-06-02 03:00:00,211.56
2017-06-02 04:00:00,231.36
2017-06-02 05:00:00,230.76
2017-06-02 06:00:00,246.36
2017-06-02 07:00:00,803.4
2017-06-02 08:00:00,897.12
2017-06-02 09:00:00,1037.88
2017-06-02 10:00:00,1141.32
2017-06-02 11:00:00,1186.92
2017-06-02 12:00:00,1159.2
2017-06-02 13:00:00,1032.96
2017-06-02 14:00:00,1052.52
2017-06-02 15:00:00,996.36
2017-06-02 16:00:00,1049.64
2017-06-02 17:00:00,895.56
2017-06-02 18:00:00,584.28
2017-06-02 19:00:00,442.68
2017-06-02 20:00:00,407.4
2017-06-02 21:00:00,308.24
2017-06-02 22:00:00,250.8
2017-06-02 23:00:00,233.04
2017-06-03 00:00:00,260.84
2017-06-03 00:00:00,260.84
2017-06-03 01:00:00,232.92
2017-06-03 02:00:00,229.32
2017-06-03 03:00:00,223.56
2017-06-03 04:00:00,227.52
2017-06-03 05:00:00,220.56
2017-06-03 06:00:00,251.88
2017-06-03 07:00:00,266.28
2017-06-03 08:00:00,336.12
2017-06-03 09:00:00,374.88
2017-06-03 10:00:00,405.96
2017-06-03 11:00:00,446.64
2017-06-03 12:00:00,446.64
2017-06-03 13:00:00,436.44
2017-06-03 14:00:00,410.16
2017-06-03 15:00:00,423.48
2017-06-03 16:00:00,380.88
2017-06-03 17:00:00,415.44
2017-06-03 18:00:00,438.96
2017-06-03 19:00:00,393.0
2017-06-03 20:00:00,302.88
2017-06-03 21:00:00,289.68
2017-06-03 22:00:00,236.28
2017-06-03 23:00:00,239.28
2017-06-04 00:00:00,246.0
2017-06-04 00:00:00,246.0
2017-06-04 01:00:00,220.8
2017-06-04 02:00:00,214.8
2017-06-04 03:00:00,241.08
2017-06-04 04:00:00,228.12
2017-06-04 05:00:00,232.2
2017-06-04 06:00:00,245.28
2017-06-04 07:00:00,237.0
2017-06-04 08:00:00,281.16
2017-06-04 09:00:00,305.88
2017-06-04 10:00:00,365.76
2017-06-04 11:00:00,357.72
2017-06-04 12:00:00,337.68
2017-06-04 13:00:00,369.12
2017-06-04 14:00:00,320.64
2017-06-04 15:00:00,317.04
2017-06-04 16:00:00,354.24
2017-06-04 17:00:00,314.4
2017-06-04 18:00:00,363.12
2017-06-04 19:00:00,305.04
2017-06-04 20:00:00,324.84
2017-06-04 21:00:00,289.8
2017-06-04 22:00:00,237.0
2017-06-04 23:00:00,227.04
2017-06-05 00:00:00,243.12
2017-06-05 00:00:00,243.12
2017-06-05 01:00:00,226.32
2017-06-05 02:00:00,231.0
2017-06-05 03:00:00,230.64
2017-06-05 04:00:00,232.8
2017-06-05 05:00:00,232.68
2017-06-05 06:00:00,252.84
2017-06-05 07:00:00,774.48
2017-06-05 08:00:00,889.68
2017-06-05 09:00:00,1020.84
2017-06-05 10:00:00,1021.8
2017-06-05 11:00:00,1024.08
2017-06-05 12:00:00,977.04
2017-06-05 13:00:00,855.12
2017-06-05 14:00:00,948.12
2017-06-05 15:00:00,885.48
2017-06-05 16:00:00,856.8
2017-06-05 17:00:00,760.56
2017-06-05 18:00:00,537.6
2017-06-05 19:00:00,350.76
2017-06-05 20:00:00,318.96
2017-06-05 21:00:00,287.76
2017-06-05 22:00:00,220.08
2017-06-05 23:00:00,209.28
2017-06-06 00:00:00,208.68
2017-06-06 00:00:00,208.68
2017-06-06 01:00:00,209.52
2017-06-06 02:00:00,221.28
2017-06-06 03:00:00,213.48
2017-06-06 04:00:00,195.12
2017-06-06 05:00:00,202.68
2017-06-06 06:00:00,247.44
2017-06-06 07:00:00,692.16
2017-06-06 08:00:00,780.48
2017-06-06 09:00:00,992.76
2017-06-06 10:00:00,999.0
2017-06-06 11:00:00,1033.2
2017-06-06 12:00:00,1046.4
2017-06-06 13:00:00,980.28
2017-06-06 14:00:00,919.08
2017-06-06 15:00:00,923.04
2017-06-06 16:00:00,912.0
2017-06-06 17:00:00,822.36
2017-06-06 18:00:00,609.6
2017-06-06 19:00:00,505.44
2017-06-06 20:00:00,487.68
2017-06-06 21:00:00,376.08
2017-06-06 22:00:00,292.8
2017-06-06 23:00:00,261.12
2017-06-07 00:00:00,266.04
2017-06-07 00:00:00,266.04
2017-06-07 01:00:00,240.0
2017-06-07 02:00:00,246.24
2017-06-07 03:00:00,247.56
2017-06-07 04:00:00,231.24
2017-06-07 05:00:00,237.84
2017-06-07 06:00:00,289.56
2017-06-07 07:00:00,599.28
2017-06-07 08:00:00,781.92
2017-06-07 09:00:00,931.32
2017-06-07 10:00:00,882.12
2017-06-07 11:00:00,1013.28
2017-06-07 12:00:00,939.6
2017-06-07 13:00:00,868.92
2017-06-07 14:00:00,910.8
2017-06-07 15:00:00,898.32
2017-06-07 16:00:00,853.32
2017-06-07 17:00:00,761.16
2017-06-07 18:00:00,580.56
2017-06-07 19:00:00,364.08
2017-06-07 20:00:00,322.92
2017-06-07 21:00:00,293.4
2017-06-07 22:00:00,234.96
2017-06-07 23:00:00,216.12
2017-06-08 00:00:00,233.16
2017-06-08 00:00:00,233.16
2017-06-08 01:00:00,211.56
2017-06-08 02:00:00,209.16
2017-06-08 03:00:00,199.08
2017-06-08 04:00:00,211.08
2017-06-08 05:00:00,209.52
2017-06-08 06:00:00,269.16
2017-06-08 07:00:00,635.76
2017-06-08 08:00:00,803.76
2017-06-08 09:00:00,969.36
2017-06-08 10:00:00,964.8
2017-06-08 11:00:00,957.6
2017-06-08 12:00:00,1015.44
2017-06-08 13:00:00,866.16
2017-06-08 14:00:00,933.6
2017-06-08 15:00:00,910.32
2017-06-08 16:00:00,895.8
2017-06-08 17:00:00,838.92
2017-06-08 18:00:00,520.68
2017-06-08 19:00:00,415.68
2017-06-08 20:00:00,406.92
2017-06-08 21:00:00,316.08
2017-06-08 22:00:00,246.6
2017-06-08 23:00:00,244.68
2017-06-09 00:00:00,239.04
2017-06-09 00:00:00,239.04
2017-06-09 01:00:00,228.36
2017-06-09 02:00:00,229.44
2017-06-09 03:00:00,232.08
2017-06-09 04:00:00,228.84
2017-06-09 05:00:00,227.4
2017-06-09 06:00:00,276.24
2017-06-09 07:00:00,675.96
2017-06-09 08:00:00,775.2
2017-06-09 09:00:00,964.32
2017-06-09 10:00:00,929.76
2017-06-09 11:00:00,1023.12
2017-06-09 12:00:00,986.16
2017-06-09 13:00:00,1003.44
2017-06-09 14:00:00,1021.2
2017-06-09 15:00:00,961.92
2017-06-09 16:00:00,948.6
2017-06-09 17:00:00,847.44
2017-06-09 18:00:00,502.2
2017-06-09 19:00:00,411.36
2017-06-09 20:00:00,401.28
2017-06-09 21:00:00,354.38
2017-06-09 22:00:00,241.92
2017-06-09 23:00:00,221.64
2017-06-10 00:00:00,213.84
2017-06-10 00:00:00,213.84
2017-06-10 01:00:00,213.0
2017-06-10 02:00:00,209.76
2017-06-10 03:00:00,213.0
2017-06-10 04:00:00,210.24
2017-06-10 05:00:00,209.64
2017-06-10 06:00:00,316.44
2017-06-10 07:00:00,302.28
2017-06-10 08:00:00,445.32
2017-06-10 09:00:00,475.44
2017-06-10 10:00:00,547.08
2017-06-10 11:00:00,482.88
2017-06-10 12:00:00,468.72
2017-06-10 13:00:00,441.96
2017-06-10 14:00:00,408.72
2017-06-10 15:00:00,420.72
2017-06-10 16:00:00,370.2
2017-06-10 17:00:00,321.84
2017-06-10 18:00:00,354.48
2017-06-10 19:00:00,335.52
2017-06-10 20:00:00,327.0
2017-06-10 21:00:00,312.84
2017-06-10 22:00:00,228.48
2017-06-10 23:00:00,226.8
2017-06-11 00:00:00,243.84
2017-06-11 00:00:00,243.84
2017-06-11 01:00:00,226.08
2017-06-11 02:00:00,240.81
2017-06-11 03:00:00,218.64
2017-06-11 04:00:00,227.28
2017-06-11 05:00:00,216.0
2017-06-11 06:00:00,256.2
2017-06-11 07:00:00,260.52
2017-06-11 08:00:00,289.32
2017-06-11 09:00:00,306.72
2017-06-11 10:00:00,344.16
2017-06-11 11:00:00,339.24
2017-06-11 12:00:00,330.6
2017-06-11 13:00:00,368.64
2017-06-11 14:00:00,364.8
2017-06-11 15:00:00,311.4
2017-06-11 16:00:00,319.44
2017-06-11 17:00:00,318.84
2017-06-11 18:00:00,343.32
2017-06-11 19:00:00,316.32
2017-06-11 20:00:00,312.96
2017-06-11 21:00:00,260.04
2017-06-11 22:00:00,212.52
2017-06-11 23:00:00,215.16
2017-06-12 00:00:00,234.72
2017-06-12 00:00:00,234.72
2017-06-12 01:00:00,207.24
2017-06-12 02:00:00,211.44
2017-06-12 03:00:00,206.04
2017-06-12 04:00:00,206.52
2017-06-12 05:00:00,212.52
2017-06-12 06:00:00,239.28
2017-06-12 07:00:00,726.12
2017-06-12 08:00:00,772.08
2017-06-12 09:00:00,947.04
2017-06-12 10:00:00,951.72
2017-06-12 11:00:00,981.84
2017-06-12 12:00:00,1014.72
2017-06-12 13:00:00,894.48
2017-06-12 14:00:00,923.76
2017-06-12 15:00:00,877.68
2017-06-12 16:00:00,871.44
2017-06-12 17:00:00,835.08
2017-06-12 18:00:00,477.12
2017-06-12 19:00:00,441.12
2017-06-12 20:00:00,349.56
2017-06-12 21:00:00,295.8
2017-06-12 22:00:00,256.32
2017-06-12 23:00:00,259.2
2017-06-13 00:00:00,237.96
2017-06-13 00:00:00,237.96
2017-06-13 01:00:00,244.8
2017-06-13 02:00:00,246.96
2017-06-13 03:00:00,231.24
2017-06-13 04:00:00,231.24
2017-06-13 05:00:00,245.28
2017-06-13 06:00:00,254.88
2017-06-13 07:00:00,671.4
2017-06-13 08:00:00,843.0
2017-06-13 09:00:00,962.28
2017-06-13 10:00:00,931.08
2017-06-13 11:00:00,943.08
2017-06-13 12:00:00,968.88
2017-06-13 13:00:00,900.12
2017-06-13 14:00:00,898.8
2017-06-13 15:00:00,918.12
2017-06-13 16:00:00,880.68
2017-06-13 17:00:00,817.8
2017-06-13 18:00:00,614.16
2017-06-13 19:00:00,454.68
2017-06-13 20:00:00,381.24
2017-06-13 21:00:00,300.12
2017-06-13 22:00:00,252.36
2017-06-13 23:00:00,211.32
2017-06-14 00:00:00,215.4
2017-06-14 00:00:00,215.4
2017-06-14 01:00:00,215.52
2017-06-14 02:00:00,224.88
2017-06-14 03:00:00,210.24
2017-06-14 04:00:00,207.84
2017-06-14 05:00:00,203.64
2017-06-14 06:00:00,251.04
2017-06-14 07:00:00,568.68
2017-06-14 08:00:00,733.8
2017-06-14 09:00:00,869.52
2017-06-14 10:00:00,941.64
2017-06-14 11:00:00,945.0
2017-06-14 12:00:00,884.76
2017-06-14 13:00:00,874.32
2017-06-14 14:00:00,910.92
2017-06-14 15:00:00,939.0
2017-06-14 16:00:00,869.16
2017-06-14 17:00:00,787.92
2017-06-14 18:00:00,537.0
2017-06-14 19:00:00,420.0
2017-06-14 20:00:00,359.88
2017-06-14 21:00:00,303.72
2017-06-14 22:00:00,256.2
2017-06-14 23:00:00,233.76
2017-06-15 00:00:00,246.96
2017-06-15 00:00:00,246.96
2017-06-15 01:00:00,238.44
2017-06-15 02:00:00,226.44
2017-06-15 03:00:00,236.88
2017-06-15 04:00:00,226.32
2017-06-15 05:00:00,226.68
2017-06-15 06:00:00,257.52
2017-06-15 07:00:00,616.44
2017-06-15 08:00:00,678.36
2017-06-15 09:00:00,880.68
2017-06-15 10:00:00,894.96
2017-06-15 11:00:00,864.36
2017-06-15 12:00:00,895.8
2017-06-15 13:00:00,906.72
2017-06-15 14:00:00,887.28
2017-06-15 15:00:00,866.64
2017-06-15 16:00:00,845.88
2017-06-15 17:00:00,754.32
2017-06-15 18:00:00,528.66
2017-06-15 19:00:00,392.4
2017-06-15 20:00:00,347.76
2017-06-15 21:00:00,308.88
2017-06-15 22:00:00,278.16
2017-06-15 23:00:00,237.48
2017-06-16 00:00:00,233.76
2017-06-16 00:00:00,233.76
2017-06-16 01:00:00,233.4
2017-06-16 02:00:00,233.88
2017-06-16 03:00:00,247.08
2017-06-16 04:00:00,219.96
2017-06-16 05:00:00,235.8
2017-06-16 06:00:00,244.44
2017-06-16 07:00:00,562.56
2017-06-16 08:00:00,758.64
2017-06-16 09:00:00,922.2
2017-06-16 10:00:00,944.88
2017-06-16 11:00:00,1073.52
2017-06-16 12:00:00,1019.04
2017-06-16 13:00:00,931.68
2017-06-16 14:00:00,997.08
2017-06-16 15:00:00,845.76
2017-06-16 16:00:00,891.36
2017-06-16 17:00:00,798.6
2017-06-16 18:00:00,610.56
2017-06-16 19:00:00,468.0
2017-06-16 20:00:00,349.92
2017-06-16 21:00:00,336.72
2017-06-16 22:00:00,261.96
2017-06-16 23:00:00,231.6
2017-06-17 00:00:00,223.2
2017-06-17 00:00:00,223.2
2017-06-17 01:00:00,233.64
2017-06-17 02:00:00,226.68
2017-06-17 03:00:00,249.84
2017-06-17 04:00:00,232.8
2017-06-17 05:00:00,241.32
2017-06-17 06:00:00,272.28
2017-06-17 07:00:00,266.76
2017-06-17 08:00:00,365.4
2017-06-17 09:00:00,395.16
2017-06-17 10:00:00,453.72
2017-06-17 11:00:00,433.2
2017-06-17 12:00:00,451.56
2017-06-17 13:00:00,483.0
2017-06-17 14:00:00,429.36
2017-06-17 15:00:00,428.76
2017-06-17 16:00:00,399.96
2017-06-17 17:00:00,374.64
2017-06-17 18:00:00,422.76
2017-06-17 19:00:00,394.2
2017-06-17 20:00:00,338.88
2017-06-17 21:00:00,305.52
2017-06-17 22:00:00,248.76
2017-06-17 23:00:00,249.12
2017-06-18 00:00:00,229.8
2017-06-18 00:00:00,229.8
2017-06-18 01:00:00,226.32
2017-06-18 02:00:00,227.88
2017-06-18 03:00:00,218.88
2017-06-18 04:00:00,230.4
2017-06-18 05:00:00,219.24
2017-06-18 06:00:00,267.36
2017-06-18 07:00:00,238.8
2017-06-18 08:00:00,300.12
2017-06-18 09:00:00,295.2
2017-06-18 10:00:00,331.8
2017-06-18 11:00:00,378.12
2017-06-18 12:00:00,361.32
2017-06-18 13:00:00,370.68
2017-06-18 14:00:00,348.96
2017-06-18 15:00:00,374.52
2017-06-18 16:00:00,350.64
2017-06-18 17:00:00,361.68
2017-06-18 18:00:00,381.84
2017-06-18 19:00:00,362.04
2017-06-18 20:00:00,314.04
2017-06-18 21:00:00,292.68
2017-06-18 22:00:00,261.12
2017-06-18 23:00:00,232.56
2017-06-19 00:00:00,237.12
2017-06-19 00:00:00,237.12
2017-06-19 01:00:00,242.64
2017-06-19 02:00:00,236.52
2017-06-19 03:00:00,243.84
2017-06-19 04:00:00,242.76
2017-06-19 05:00:00,229.08
2017-06-19 06:00:00,278.52
2017-06-19 07:00:00,667.8
2017-06-19 08:00:00,810.0
2017-06-19 09:00:00,953.88
2017-06-19 10:00:00,1021.68
2017-06-19 11:00:00,1053.6
2017-06-19 12:00:00,1048.56
2017-06-19 13:00:00,994.56
2017-06-19 14:00:00,991.56
2017-06-19 15:00:00,944.04
2017-06-19 16:00:00,955.44
2017-06-19 17:00:00,880.2
2017-06-19 18:00:00,572.28
2017-06-19 19:00:00,431.04
2017-06-19 20:00:00,362.16
2017-06-19 21:00:00,337.2
2017-06-19 22:00:00,254.64
2017-06-19 23:00:00,215.64
2017-06-20 00:00:00,217.08
2017-06-20 00:00:00,217.08
2017-06-20 01:00:00,220.2
2017-06-20 02:00:00,206.52
2017-06-20 03:00:00,214.68
2017-06-20 04:00:00,218.28
2017-06-20 05:00:00,220.08
2017-06-20 06:00:00,257.28
2017-06-20 07:00:00,656.28
2017-06-20 08:00:00,799.44
2017-06-20 09:00:00,1048.32
2017-06-20 10:00:00,991.32
2017-06-20 11:00:00,1083.36
2017-06-20 12:00:00,1024.08
2017-06-20 13:00:00,999.48
2017-06-20 14:00:00,1038.48
2017-06-20 15:00:00,1000.2
2017-06-20 16:00:00,964.2
2017-06-20 17:00:00,814.44
2017-06-20 18:00:00,536.88
2017-06-20 19:00:00,420.72
2017-06-20 20:00:00,366.6
2017-06-20 21:00:00,339.72
2017-06-20 22:00:00,255.72
2017-06-20 23:00:00,226.56
2017-06-21 00:00:00,210.72
2017-06-21 00:00:00,210.72
2017-06-21 01:00:00,210.6
2017-06-21 02:00:00,215.28
2017-06-21 03:00:00,221.04
2017-06-21 04:00:00,201.96
2017-06-21 05:00:00,214.92
2017-06-21 06:00:00,239.52
2017-06-21 07:00:00,674.64
2017-06-21 08:00:00,791.76
2017-06-21 09:00:00,898.32
2017-06-21 10:00:00,983.76
2017-06-21 11:00:00,968.28
2017-06-21 12:00:00,1015.32
2017-06-21 13:00:00,975.12
2017-06-21 14:00:00,988.92
2017-06-21 15:00:00,910.8
2017-06-21 16:00:00,964.32
2017-06-21 17:00:00,790.92
2017-06-21 18:00:00,560.64
2017-06-21 19:00:00,426.84
2017-06-21 20:00:00,391.92
2017-06-21 21:00:00,354.36
2017-06-21 22:00:00,253.56
2017-06-21 23:00:00,230.64
2017-06-22 00:00:00,233.28
2017-06-22 00:00:00,233.28
2017-06-22 01:00:00,235.08
2017-06-22 02:00:00,226.2
2017-06-22 03:00:00,231.0
2017-06-22 04:00:00,219.66
2017-06-22 05:00:00,214.84
2017-06-22 06:00:00,244.8
2017-06-22 07:00:00,659.64
2017-06-22 08:00:00,802.8
2017-06-22 09:00:00,948.48
2017-06-22 10:00:00,995.04
2017-06-22 11:00:00,1047.0
2017-06-22 12:00:00,1102.08
2017-06-22 13:00:00,974.4
2017-06-22 14:00:00,997.8
2017-06-22 15:00:00,959.04
2017-06-22 16:00:00,906.84
2017-06-22 17:00:00,818.88
2017-06-22 18:00:00,547.56
2017-06-22 19:00:00,429.84
2017-06-22 20:00:00,367.8
2017-06-22 21:00:00,303.96
2017-06-22 22:00:00,258.84
2017-06-22 23:00:00,225.96
2017-06-23 00:00:00,235.68
2017-06-23 00:00:00,235.68
2017-06-23 01:00:00,231.24
2017-06-23 02:00:00,225.72
2017-06-23 03:00:00,212.16
2017-06-23 04:00:00,216.6
2017-06-23 05:00:00,224.4
2017-06-23 06:00:00,268.68
2017-06-23 07:00:00,603.6
2017-06-23 08:00:00,802.92
2017-06-23 09:00:00,978.6
2017-06-23 10:00:00,964.32
2017-06-23 11:00:00,1066.8
2017-06-23 12:00:00,1030.08
2017-06-23 13:00:00,905.52
2017-06-23 14:00:00,1013.88
2017-06-23 15:00:00,926.28
2017-06-23 16:00:00,907.56
2017-06-23 17:00:00,892.44
2017-06-23 18:00:00,479.76
2017-06-23 19:00:00,415.68
2017-06-23 20:00:00,399.48
2017-06-23 21:00:00,307.6
2017-06-23 22:00:00,249.72
2017-06-23 23:00:00,234.96
2017-06-24 00:00:00,237.96
2017-06-24 00:00:00,237.96
2017-06-24 01:00:00,234.12
2017-06-24 02:00:00,233.88
2017-06-24 03:00:00,235.56
2017-06-24 04:00:00,234.72
2017-06-24 05:00:00,228.6
2017-06-24 06:00:00,264.48
2017-06-24 07:00:00,264.12
2017-06-24 08:00:00,366.24
2017-06-24 09:00:00,419.64
2017-06-24 10:00:00,463.44
2017-06-24 11:00:00,455.52
2017-06-24 12:00:00,442.8
2017-06-24 13:00:00,490.92
2017-06-24 14:00:00,410.52
2017-06-24 15:00:00,410.28
2017-06-24 16:00:00,378.96
2017-06-24 17:00:00,371.76
2017-06-24 18:00:00,358.2
2017-06-24 19:00:00,334.32
2017-06-24 20:00:00,333.36
2017-06-24 21:00:00,318.84
2017-06-24 22:00:00,299.12
2017-06-24 23:00:00,248.76
2017-06-25 00:00:00,242.4
2017-06-25 00:00:00,242.4
2017-06-25 01:00:00,240.96
2017-06-25 02:00:00,239.84
2017-06-25 03:00:00,253.32
2017-06-25 04:00:00,237.0
2017-06-25 05:00:00,239.64
2017-06-25 06:00:00,270.0
2017-06-25 07:00:00,253.08
2017-06-25 08:00:00,287.16
2017-06-25 09:00:00,300.0
2017-06-25 10:00:00,368.52
2017-06-25 11:00:00,372.6
2017-06-25 12:00:00,359.04
2017-06-25 13:00:00,337.44
2017-06-25 14:00:00,353.28
2017-06-25 15:00:00,321.96
2017-06-25 16:00:00,325.44
2017-06-25 17:00:00,360.24
2017-06-25 18:00:00,383.76
2017-06-25 19:00:00,347.88
2017-06-25 20:00:00,328.44
2017-06-25 21:00:00,283.68
2017-06-25 22:00:00,260.76
2017-06-25 23:00:00,234.6
2017-06-26 00:00:00,238.08
2017-06-26 00:00:00,238.08
2017-06-26 01:00:00,227.88
2017-06-26 02:00:00,224.64
2017-06-26 03:00:00,229.44
2017-06-26 04:00:00,228.96
2017-06-26 05:00:00,232.56
2017-06-26 06:00:00,255.24
2017-06-26 07:00:00,704.26
2017-06-26 08:00:00,902.64
2017-06-26 09:00:00,1044.96
2017-06-26 10:00:00,1105.08
2017-06-26 11:00:00,1128.96
2017-06-26 12:00:00,1088.88
2017-06-26 13:00:00,1119.72
2017-06-26 14:00:00,1050.6
2017-06-26 15:00:00,1079.4
2017-06-26 16:00:00,1048.32
2017-06-26 17:00:00,894.48
2017-06-26 18:00:00,614.04
2017-06-26 19:00:00,471.0
2017-06-26 20:00:00,446.28
2017-06-26 21:00:00,336.6
2017-06-26 22:00:00,284.76
2017-06-26 23:00:00,279.36
2017-06-27 00:00:00,265.2
2017-06-27 00:00:00,265.2
2017-06-27 01:00:00,279.12
2017-06-27 02:00:00,271.08
2017-06-27 03:00:00,269.04
2017-06-27 04:00:00,260.64
2017-06-27 05:00:00,269.4
2017-06-27 06:00:00,349.92
2017-06-27 07:00:00,773.28
2017-06-27 08:00:00,883.08
2017-06-27 09:00:00,1055.4
2017-06-27 10:00:00,1106.04
2017-06-27 11:00:00,1182.96
2017-06-27 12:00:00,1152.0
2017-06-27 13:00:00,1041.6
2017-06-27 14:00:00,1076.04
2017-06-27 15:00:00,1023.24
2017-06-27 16:00:00,1055.4
2017-06-27 17:00:00,936.84
2017-06-27 18:00:00,582.72
2017-06-27 19:00:00,499.44
2017-06-27 20:00:00,439.56
2017-06-27 21:00:00,350.52
2017-06-27 22:00:00,272.76
2017-06-27 23:00:00,266.28
2017-06-28 00:00:00,270.72
2017-06-28 00:00:00,270.72
2017-06-28 01:00:00,265.92
2017-06-28 02:00:00,259.92
2017-06-28 03:00:00,259.08
2017-06-28 04:00:00,251.04
2017-06-28 05:00:00,257.04
2017-06-28 06:00:00,281.76
2017-06-28 07:00:00,722.88
2017-06-28 08:00:00,879.24
2017-06-28 09:00:00,974.88
2017-06-28 10:00:00,1047.36
2017-06-28 11:00:00,1117.56
2017-06-28 12:00:00,1099.08
2017-06-28 13:00:00,1024.44
2017-06-28 14:00:00,957.36
2017-06-28 15:00:00,1020.72
2017-06-28 16:00:00,961.2
2017-06-28 17:00:00,820.08
2017-06-28 18:00:00,554.4
2017-06-28 19:00:00,433.44
2017-06-28 20:00:00,407.28
2017-06-28 21:00:00,326.04
2017-06-28 22:00:00,275.67
2017-06-28 23:00:00,253.04
2017-06-29 00:00:00,223.52
2017-06-29 00:00:00,223.52
2017-06-29 01:00:00,238.44
2017-06-29 02:00:00,246.96
2017-06-29 03:00:00,247.92
2017-06-29 04:00:00,229.82
2017-06-29 05:00:00,251.76
2017-06-29 06:00:00,268.08
2017-06-29 07:00:00,666.14
2017-06-29 08:00:00,880.92
2017-06-29 09:00:00,984.84
2017-06-29 10:00:00,1035.6
2017-06-29 11:00:00,1074.12
2017-06-29 12:00:00,1223.88
2017-06-29 13:00:00,1077.24
2017-06-29 14:00:00,1033.08
2017-06-29 15:00:00,1016.88
2017-06-29 16:00:00,1038.0
2017-06-29 17:00:00,928.92
2017-06-29 18:00:00,600.48
2017-06-29 19:00:00,428.88
2017-06-29 20:00:00,417.96
2017-06-29 21:00:00,347.28
2017-06-29 22:00:00,258.24
2017-06-29 23:00:00,242.16
2017-06-30 00:00:00,251.28
2017-06-30 00:00:00,251.28
2017-06-30 01:00:00,227.28
2017-06-30 02:00:00,227.52
2017-06-30 03:00:00,236.54
2017-06-30 04:00:00,232.44
2017-06-30 05:00:00,226.08
2017-06-30 06:00:00,252.0
2017-06-30 07:00:00,715.44
2017-06-30 08:00:00,850.44
2017-06-30 09:00:00,1018.56
2017-06-30 10:00:00,1069.68
2017-06-30 11:00:00,1146.66
2017-06-30 12:00:00,1158.36
2017-06-30 13:00:00,1098.48
2017-06-30 14:00:00,1071.36
2017-06-30 15:00:00,1005.24
2017-06-30 16:00:00,915.84
2017-06-30 17:00:00,830.28
2017-06-30 18:00:00,534.84
2017-06-30 19:00:00,417.24
2017-06-30 20:00:00,414.84
2017-06-30 21:00:00,327.48
2017-06-30 22:00:00,277.92
2017-06-30 23:00:00,252.36
2017-07-01 00:00:00,243.0
2017-07-01 00:00:00,243.0
2017-07-01 01:00:00,233.4
2017-07-01 02:00:00,232.92
2017-07-01 03:00:00,235.32
2017-07-01 04:00:00,226.68
2017-07-01 05:00:00,232.32
2017-07-01 06:00:00,252.96
2017-07-01 07:00:00,280.08
2017-07-01 08:00:00,412.44
2017-07-01 09:00:00,445.08
2017-07-01 10:00:00,490.68
2017-07-01 11:00:00,567.24
2017-07-01 12:00:00,520.8
2017-07-01 13:00:00,490.32
2017-07-01 14:00:00,513.24
2017-07-01 15:00:00,477.48
2017-07-01 16:00:00,501.84
2017-07-01 17:00:00,505.92
2017-07-01 18:00:00,395.76
2017-07-01 19:00:00,393.12
2017-07-01 20:00:00,370.32
2017-07-01 21:00:00,307.2
2017-07-01 22:00:00,261.96
2017-07-01 23:00:00,260.64
2017-07-02 00:00:00,321.72
2017-07-02 00:00:00,321.72
2017-07-02 01:00:00,237.72
2017-07-02 02:00:00,238.92
2017-07-02 03:00:00,246.48
2017-07-02 04:00:00,252.42
2017-07-02 05:00:00,242.62
2017-07-02 06:00:00,262.8
2017-07-02 07:00:00,255.48
2017-07-02 08:00:00,309.36
2017-07-02 09:00:00,336.84
2017-07-02 10:00:00,336.96
2017-07-02 11:00:00,412.68
2017-07-02 12:00:00,396.6
2017-07-02 13:00:00,387.12
2017-07-02 14:00:00,342.48
2017-07-02 15:00:00,358.92
2017-07-02 16:00:00,339.24
2017-07-02 17:00:00,356.28
2017-07-02 18:00:00,420.12
2017-07-02 19:00:00,381.72
2017-07-02 20:00:00,366.12
2017-07-02 21:00:00,304.68
2017-07-02 22:00:00,257.52
2017-07-02 23:00:00,256.2
2017-07-03 00:00:00,252.72
2017-07-03 00:00:00,252.72
2017-07-03 01:00:00,248.76
2017-07-03 02:00:00,237.36
2017-07-03 03:00:00,243.72
2017-07-03 04:00:00,231.48
2017-07-03 05:00:00,243.24
2017-07-03 06:00:00,278.52
2017-07-03 07:00:00,791.64
2017-07-03 08:00:00,943.78
2017-07-03 09:00:00,1110.84
2017-07-03 10:00:00,1147.92
2017-07-03 11:00:00,1208.28
2017-07-03 12:00:00,1259.28
2017-07-03 13:00:00,1167.36
2017-07-03 14:00:00,1148.64
2017-07-03 15:00:00,1122.84
2017-07-03 16:00:00,1156.44
2017-07-03 17:00:00,1092.48
2017-07-03 18:00:00,685.92
2017-07-03 19:00:00,470.76
2017-07-03 20:00:00,485.88
2017-07-03 21:00:00,352.32
2017-07-03 22:00:00,305.52
2017-07-03 23:00:00,285.6
2017-07-04 00:00:00,256.68
2017-07-04 00:00:00,256.68
2017-07-04 01:00:00,259.68
2017-07-04 02:00:00,256.44
2017-07-04 03:00:00,256.68
2017-07-04 04:00:00,255.24
2017-07-04 05:00:00,246.48
2017-07-04 06:00:00,290.28
2017-07-04 07:00:00,864.9
2017-07-04 08:00:00,1023.24
2017-07-04 09:00:00,1168.44
2017-07-04 10:00:00,1115.64
2017-07-04 11:00:00,1204.44
2017-07-04 12:00:00,1186.08
2017-07-04 13:00:00,1025.64
2017-07-04 14:00:00,1136.64
2017-07-04 15:00:00,1163.52
2017-07-04 16:00:00,1065.48
2017-07-04 17:00:00,1000.7
2017-07-04 18:00:00,676.92
2017-07-04 19:00:00,519.6
2017-07-04 20:00:00,478.2
2017-07-04 21:00:00,436.44
2017-07-04 22:00:00,297.96
2017-07-04 23:00:00,279.24
2017-07-05 00:00:00,290.4
2017-07-05 00:00:00,290.4
2017-07-05 01:00:00,273.12
2017-07-05 02:00:00,275.76
2017-07-05 03:00:00,261.6
2017-07-05 04:00:00,258.84
2017-07-05 05:00:00,268.32
2017-07-05 06:00:00,292.92
2017-07-05 07:00:00,852.72
2017-07-05 08:00:00,1046.16
2017-07-05 09:00:00,1136.16
2017-07-05 10:00:00,1118.76
2017-07-05 11:00:00,1297.68
2017-07-05 12:00:00,1227.6
2017-07-05 13:00:00,1207.56
2017-07-05 14:00:00,1142.4
2017-07-05 15:00:00,1149.12
2017-07-05 16:00:00,1157.64
2017-07-05 17:00:00,1056.6
2017-07-05 18:00:00,617.88
2017-07-05 19:00:00,512.76
2017-07-05 20:00:00,421.8
2017-07-05 21:00:00,352.56
2017-07-05 22:00:00,327.72
2017-07-05 23:00:00,261.72
2017-07-06 00:00:00,259.92
2017-07-06 00:00:00,259.92
2017-07-06 01:00:00,257.52
2017-07-06 02:00:00,261.24
2017-07-06 03:00:00,258.36
2017-07-06 04:00:00,249.72
2017-07-06 05:00:00,255.12
2017-07-06 06:00:00,302.1
2017-07-06 07:00:00,856.92
2017-07-06 08:00:00,982.8
2017-07-06 09:00:00,1067.88
2017-07-06 10:00:00,1135.08
2017-07-06 11:00:00,1174.2
2017-07-06 12:00:00,1211.52
2017-07-06 13:00:00,1231.56
2017-07-06 14:00:00,1152.48
2017-07-06 15:00:00,1090.68
2017-07-06 16:00:00,1130.64
2017-07-06 17:00:00,1137.6
2017-07-06 18:00:00,764.52
2017-07-06 19:00:00,645.84
2017-07-06 20:00:00,473.04
2017-07-06 21:00:00,431.52
2017-07-06 22:00:00,285.72
2017-07-06 23:00:00,269.52
2017-07-07 00:00:00,262.56
2017-07-07 00:00:00,262.56
2017-07-07 01:00:00,266.64
2017-07-07 02:00:00,242.52
2017-07-07 03:00:00,244.2
2017-07-07 04:00:00,274.2
2017-07-07 05:00:00,248.64
2017-07-07 06:00:00,287.4
2017-07-07 07:00:00,903.24
2017-07-07 08:00:00,995.16
2017-07-07 09:00:00,1214.52
2017-07-07 10:00:00,1223.88
2017-07-07 11:00:00,1287.6
2017-07-07 12:00:00,1201.2
2017-07-07 13:00:00,1182.12
2017-07-07 14:00:00,1123.32
2017-07-07 15:00:00,1149.0
2017-07-07 16:00:00,1140.84
2017-07-07 17:00:00,1076.88
2017-07-07 18:00:00,645.12
2017-07-07 19:00:00,475.08
2017-07-07 20:00:00,408.0
2017-07-07 21:00:00,329.4
2017-07-07 22:00:00,274.68
2017-07-07 23:00:00,251.64
2017-07-08 00:00:00,255.84
2017-07-08 00:00:00,255.84
2017-07-08 01:00:00,247.08
2017-07-08 02:00:00,252.84
2017-07-08 03:00:00,256.56
2017-07-08 04:00:00,255.24
2017-07-08 05:00:00,246.12
2017-07-08 06:00:00,294.0
2017-07-08 07:00:00,377.16
2017-07-08 08:00:00,507.72
2017-07-08 09:00:00,522.24
2017-07-08 10:00:00,588.96
2017-07-08 11:00:00,614.76
2017-07-08 12:00:00,588.96
2017-07-08 13:00:00,610.92
2017-07-08 14:00:00,608.76
2017-07-08 15:00:00,527.04
2017-07-08 16:00:00,447.36
2017-07-08 17:00:00,472.68
2017-07-08 18:00:00,483.84
2017-07-08 19:00:00,458.4
2017-07-08 20:00:00,374.16
2017-07-08 21:00:00,318.0
2017-07-08 22:00:00,324.84
2017-07-08 23:00:00,269.16
2017-07-09 00:00:00,264.48
2017-07-09 00:00:00,264.48
2017-07-09 01:00:00,266.52
2017-07-09 02:00:00,266.76
2017-07-09 03:00:00,264.72
2017-07-09 04:00:00,251.4
2017-07-09 05:00:00,243.48
2017-07-09 06:00:00,278.88
2017-07-09 07:00:00,273.96
2017-07-09 08:00:00,354.48
2017-07-09 09:00:00,340.68
2017-07-09 10:00:00,364.68
2017-07-09 11:00:00,431.16
2017-07-09 12:00:00,410.88
2017-07-09 13:00:00,401.28
2017-07-09 14:00:00,358.32
2017-07-09 15:00:00,407.16
2017-07-09 16:00:00,372.12
2017-07-09 17:00:00,408.12
2017-07-09 18:00:00,450.24
2017-07-09 19:00:00,396.84
2017-07-09 20:00:00,373.44
2017-07-09 21:00:00,335.4
2017-07-09 22:00:00,249.6
2017-07-09 23:00:00,259.44
2017-07-10 00:00:00,248.04
2017-07-10 00:00:00,248.04
2017-07-10 01:00:00,255.36
2017-07-10 02:00:00,241.08
2017-07-10 03:00:00,259.8
2017-07-10 04:00:00,253.08
2017-07-10 05:00:00,250.92
2017-07-10 06:00:00,278.64
2017-07-10 07:00:00,895.8
2017-07-10 08:00:00,1024.92
2017-07-10 09:00:00,1176.0
2017-07-10 10:00:00,1251.12
2017-07-10 11:00:00,1242.68
2017-07-10 12:00:00,1240.08
2017-07-10 13:00:00,1157.04
2017-07-10 14:00:00,1204.2
2017-07-10 15:00:00,1094.16
2017-07-10 16:00:00,1014.72
2017-07-10 17:00:00,1069.44
2017-07-10 18:00:00,651.96
2017-07-10 19:00:00,472.08
2017-07-10 20:00:00,416.88
2017-07-10 21:00:00,339.12
2017-07-10 22:00:00,300.84
2017-07-10 23:00:00,259.68
2017-07-11 00:00:00,253.92
2017-07-11 00:00:00,253.92
2017-07-11 01:00:00,258.12
2017-07-11 02:00:00,269.16
2017-07-11 03:00:00,266.16
2017-07-11 04:00:00,260.28
2017-07-11 05:00:00,246.0
2017-07-11 06:00:00,294.0
2017-07-11 07:00:00,859.32
2017-07-11 08:00:00,968.88
2017-07-11 09:00:00,1092.84
2017-07-11 10:00:00,1209.24
2017-07-11 11:00:00,1225.44
2017-07-11 12:00:00,1162.32
2017-07-11 13:00:00,1057.8
2017-07-11 14:00:00,1087.2
2017-07-11 15:00:00,1064.4
2017-07-11 16:00:00,1065.36
2017-07-11 17:00:00,1031.88
2017-07-11 18:00:00,672.12
2017-07-11 19:00:00,534.36
2017-07-11 20:00:00,487.68
2017-07-11 21:00:00,391.44
2017-07-11 22:00:00,310.32
2017-07-11 23:00:00,270.36
2017-07-12 00:00:00,279.24
2017-07-12 00:00:00,279.24
2017-07-12 01:00:00,282.24
2017-07-12 02:00:00,257.16
2017-07-12 03:00:00,270.96
2017-07-12 04:00:00,280.2
2017-07-12 05:00:00,283.2
2017-07-12 06:00:00,297.0
2017-07-12 07:00:00,880.32
2017-07-12 08:00:00,920.4
2017-07-12 09:00:00,1184.04
2017-07-12 10:00:00,1148.28
2017-07-12 11:00:00,1198.68
2017-07-12 12:00:00,1182.6
2017-07-12 13:00:00,1133.4
2017-07-12 14:00:00,1168.8
2017-07-12 15:00:00,1124.64
2017-07-12 16:00:00,1099.92
2017-07-12 17:00:00,1059.72
2017-07-12 18:00:00,633.12
2017-07-12 19:00:00,519.96
2017-07-12 20:00:00,460.32
2017-07-12 21:00:00,376.56
2017-07-12 22:00:00,350.04
2017-07-12 23:00:00,293.88
2017-07-13 00:00:00,304.32
2017-07-13 00:00:00,304.32
2017-07-13 01:00:00,285.12
2017-07-13 02:00:00,286.32
2017-07-13 03:00:00,280.32
2017-07-13 04:00:00,289.32
2017-07-13 05:00:00,284.4
2017-07-13 06:00:00,314.28
2017-07-13 07:00:00,889.2
2017-07-13 08:00:00,999.24
2017-07-13 09:00:00,1168.2
2017-07-13 10:00:00,1210.68
2017-07-13 11:00:00,1203.0
2017-07-13 12:00:00,1165.56
2017-07-13 13:00:00,1129.68
2017-07-13 14:00:00,1096.92
2017-07-13 15:00:00,1062.12
2017-07-13 16:00:00,1032.72
2017-07-13 17:00:00,1065.24
2017-07-13 18:00:00,626.28
2017-07-13 19:00:00,629.76
2017-07-13 20:00:00,482.28
2017-07-13 21:00:00,353.16
2017-07-13 22:00:00,303.24
2017-07-13 23:00:00,278.64
2017-07-14 00:00:00,285.36
2017-07-14 00:00:00,285.36
2017-07-14 01:00:00,292.32
2017-07-14 02:00:00,290.76
2017-07-14 03:00:00,283.8
2017-07-14 04:00:00,286.92
2017-07-14 05:00:00,295.2
2017-07-14 06:00:00,309.0
2017-07-14 07:00:00,897.6
2017-07-14 08:00:00,1025.28
2017-07-14 09:00:00,1120.62
2017-07-14 10:00:00,1276.44
2017-07-14 11:00:00,1251.0
2017-07-14 12:00:00,1264.68
2017-07-14 13:00:00,1106.28
2017-07-14 14:00:00,1116.6
2017-07-14 15:00:00,1081.56
2017-07-14 16:00:00,1112.88
2017-07-14 17:00:00,1091.52
2017-07-14 18:00:00,685.08
2017-07-14 19:00:00,501.6
2017-07-14 20:00:00,456.36
2017-07-14 21:00:00,472.32
2017-07-14 22:00:00,296.64
2017-07-14 23:00:00,284.28
2017-07-15 00:00:00,268.92
2017-07-15 00:00:00,268.92
2017-07-15 01:00:00,276.24
2017-07-15 02:00:00,277.68
2017-07-15 03:00:00,283.08
2017-07-15 04:00:00,274.92
2017-07-15 05:00:00,279.84
2017-07-15 06:00:00,301.32
2017-07-15 07:00:00,313.44
2017-07-15 08:00:00,496.8
2017-07-15 09:00:00,554.88
2017-07-15 10:00:00,594.42
2017-07-15 11:00:00,613.68
2017-07-15 12:00:00,663.72
2017-07-15 13:00:00,603.6
2017-07-15 14:00:00,621.84
2017-07-15 15:00:00,631.56
2017-07-15 16:00:00,574.32
2017-07-15 17:00:00,627.72
2017-07-15 18:00:00,543.12
2017-07-15 19:00:00,386.04
2017-07-15 20:00:00,456.12
2017-07-15 21:00:00,405.24
2017-07-15 22:00:00,338.76
2017-07-15 23:00:00,336.72
2017-07-16 00:00:00,299.76
2017-07-16 00:00:00,299.76
2017-07-16 01:00:00,297.24
2017-07-16 02:00:00,304.2
2017-07-16 03:00:00,277.56
2017-07-16 04:00:00,323.7
2017-07-16 05:00:00,298.92
2017-07-16 06:00:00,296.76
2017-07-16 07:00:00,302.88
2017-07-16 08:00:00,425.28
2017-07-16 09:00:00,401.52
2017-07-16 10:00:00,411.96
2017-07-16 11:00:00,453.0
2017-07-16 12:00:00,457.56
2017-07-16 13:00:00,451.2
2017-07-16 14:00:00,450.36
2017-07-16 15:00:00,470.4
2017-07-16 16:00:00,394.98
2017-07-16 17:00:00,467.28
2017-07-16 18:00:00,479.28
2017-07-16 19:00:00,451.08
2017-07-16 20:00:00,373.44
2017-07-16 21:00:00,350.04
2017-07-16 22:00:00,326.04
2017-07-16 23:00:00,294.84
2017-07-17 00:00:00,344.28
2017-07-17 00:00:00,344.28
2017-07-17 01:00:00,290.64
2017-07-17 02:00:00,319.8
2017-07-17 03:00:00,280.92
2017-07-17 04:00:00,289.92
2017-07-17 05:00:00,321.36
2017-07-17 06:00:00,329.52
2017-07-17 07:00:00,905.64
2017-07-17 08:00:00,1166.16
2017-07-17 09:00:00,1211.08
2017-07-17 10:00:00,1284.84
2017-07-17 11:00:00,1282.08
2017-07-17 12:00:00,1313.4
2017-07-17 13:00:00,1208.76
2017-07-17 14:00:00,1323.96
2017-07-17 15:00:00,1249.68
2017-07-17 16:00:00,1179.12
2017-07-17 17:00:00,1142.76
2017-07-17 18:00:00,731.52
2017-07-17 19:00:00,638.04
2017-07-17 20:00:00,529.44
2017-07-17 21:00:00,389.52
2017-07-17 22:00:00,367.56
2017-07-17 23:00:00,296.64
2017-07-18 00:00:00,284.16
2017-07-18 00:00:00,284.16
2017-07-18 01:00:00,274.44
2017-07-18 02:00:00,285.36
2017-07-18 03:00:00,275.04
2017-07-18 04:00:00,284.64
2017-07-18 05:00:00,290.88
2017-07-18 06:00:00,358.2
2017-07-18 07:00:00,921.0
2017-07-18 08:00:00,1055.16
2017-07-18 09:00:00,1205.28
2017-07-18 10:00:00,1261.92
2017-07-18 11:00:00,1237.68
2017-07-18 12:00:00,1355.76
2017-07-18 13:00:00,1188.96
2017-07-18 14:00:00,1243.32
2017-07-18 15:00:00,1230.36
2017-07-18 16:00:00,1175.52
2017-07-18 17:00:00,1146.72
2017-07-18 18:00:00,651.6
2017-07-18 19:00:00,548.64
2017-07-18 20:00:00,476.64
2017-07-18 21:00:00,440.28
2017-07-18 22:00:00,326.28
2017-07-18 23:00:00,292.44
2017-07-19 00:00:00,294.36
2017-07-19 00:00:00,294.36
2017-07-19 01:00:00,291.0
2017-07-19 02:00:00,287.76
2017-07-19 03:00:00,283.8
2017-07-19 04:00:00,289.68
2017-07-19 05:00:00,286.56
2017-07-19 06:00:00,610.56
2017-07-19 07:00:00,897.72
2017-07-19 08:00:00,1007.28
2017-07-19 09:00:00,1171.68
2017-07-19 10:00:00,1252.32
2017-07-19 11:00:00,1290.12
2017-07-19 12:00:00,1190.16
2017-07-19 13:00:00,1121.4
2017-07-19 14:00:00,1199.76
2017-07-19 15:00:00,1125.6
2017-07-19 16:00:00,1200.48
2017-07-19 17:00:00,1140.0
2017-07-19 18:00:00,646.68
2017-07-19 19:00:00,530.28
2017-07-19 20:00:00,442.8
2017-07-19 21:00:00,429.6
2017-07-19 22:00:00,320.28
2017-07-19 23:00:00,305.4
2017-07-20 00:00:00,293.16
2017-07-20 00:00:00,293.16
2017-07-20 01:00:00,293.76
2017-07-20 02:00:00,289.44
2017-07-20 03:00:00,282.0
2017-07-20 04:00:00,282.12
2017-07-20 05:00:00,270.6
2017-07-20 06:00:00,784.32
2017-07-20 07:00:00,881.04
2017-07-20 08:00:00,1074.12
2017-07-20 09:00:00,1234.92
2017-07-20 10:00:00,1239.12
2017-07-20 11:00:00,1323.0
2017-07-20 12:00:00,1261.08
2017-07-20 13:00:00,1213.2
2017-07-20 14:00:00,1151.88
2017-07-20 15:00:00,1278.72
2017-07-20 16:00:00,1184.76
2017-07-20 17:00:00,1198.8
2017-07-20 18:00:00,782.88
2017-07-20 19:00:00,722.04
2017-07-20 20:00:00,619.92
2017-07-20 21:00:00,447.84
2017-07-20 22:00:00,346.52
2017-07-20 23:00:00,314.28
2017-07-21 00:00:00,313.44
2017-07-21 00:00:00,313.44
2017-07-21 01:00:00,299.64
2017-07-21 02:00:00,303.84
2017-07-21 03:00:00,291.36
2017-07-21 04:00:00,299.16
2017-07-21 05:00:00,308.76
2017-07-21 06:00:00,808.68
2017-07-21 07:00:00,884.1
2017-07-21 08:00:00,1026.96
2017-07-21 09:00:00,1184.88
2017-07-21 10:00:00,1216.92
2017-07-21 11:00:00,1249.2
2017-07-21 12:00:00,1236.6
2017-07-21 13:00:00,1237.32
2017-07-21 14:00:00,1273.92
2017-07-21 15:00:00,1190.52
2017-07-21 16:00:00,1172.04
2017-07-21 17:00:00,1181.04
2017-07-21 18:00:00,599.28
2017-07-21 19:00:00,528.6
2017-07-21 20:00:00,474.82
2017-07-21 21:00:00,408.49
2017-07-21 22:00:00,310.44
2017-07-21 23:00:00,284.28
2017-07-22 00:00:00,289.2
2017-07-22 00:00:00,289.2
2017-07-22 01:00:00,285.12
2017-07-22 02:00:00,286.68
2017-07-22 03:00:00,284.64
2017-07-22 04:00:00,283.68
2017-07-22 05:00:00,274.08
2017-07-22 06:00:00,309.0
2017-07-22 07:00:00,330.6
2017-07-22 08:00:00,511.08
2017-07-22 09:00:00,560.64
2017-07-22 10:00:00,553.92
2017-07-22 11:00:00,611.64
2017-07-22 12:00:00,593.04
2017-07-22 13:00:00,600.72
2017-07-22 14:00:00,659.04
2017-07-22 15:00:00,573.12
2017-07-22 16:00:00,497.88
2017-07-22 17:00:00,585.0
2017-07-22 18:00:00,450.96
2017-07-22 19:00:00,450.12
2017-07-22 20:00:00,426.24
2017-07-22 21:00:00,402.6
2017-07-22 22:00:00,314.28
2017-07-22 23:00:00,299.28
2017-07-23 00:00:00,302.52
2017-07-23 00:00:00,302.52
2017-07-23 01:00:00,293.16
2017-07-23 02:00:00,296.64
2017-07-23 03:00:00,291.24
2017-07-23 04:00:00,280.56
2017-07-23 05:00:00,284.28
2017-07-23 06:00:00,319.44
2017-07-23 07:00:00,308.76
2017-07-23 08:00:00,333.96
2017-07-23 09:00:00,365.64
2017-07-23 10:00:00,387.6
2017-07-23 11:00:00,487.56
2017-07-23 12:00:00,396.48
2017-07-23 13:00:00,396.72
2017-07-23 14:00:00,462.48
2017-07-23 15:00:00,380.16
2017-07-23 16:00:00,394.68
2017-07-23 17:00:00,401.76
2017-07-23 18:00:00,407.16
2017-07-23 19:00:00,450.12
2017-07-23 20:00:00,435.0
2017-07-23 21:00:00,365.76
2017-07-23 22:00:00,295.32
2017-07-23 23:00:00,308.16
2017-07-24 00:00:00,294.72
2017-07-24 00:00:00,294.72
2017-07-24 01:00:00,306.6
2017-07-24 02:00:00,297.72
2017-07-24 03:00:00,288.84
2017-07-24 04:00:00,302.16
2017-07-24 05:00:00,299.28
2017-07-24 06:00:00,806.64
2017-07-24 07:00:00,924.24
2017-07-24 08:00:00,1082.04
2017-07-24 09:00:00,1264.32
2017-07-24 10:00:00,1334.52
2017-07-24 11:00:00,1349.76
2017-07-24 12:00:00,1345.92
2017-07-24 13:00:00,1320.72
2017-07-24 14:00:00,1322.76
2017-07-24 15:00:00,1316.76
2017-07-24 16:00:00,1236.48
2017-07-24 17:00:00,1222.08
2017-07-24 18:00:00,709.98
2017-07-24 19:00:00,589.32
2017-07-24 20:00:00,538.32
2017-07-24 21:00:00,465.12
2017-07-24 22:00:00,304.68
2017-07-24 23:00:00,297.0
2017-07-25 00:00:00,299.4
2017-07-25 00:00:00,299.4
2017-07-25 01:00:00,285.24
2017-07-25 02:00:00,295.56
2017-07-25 03:00:00,285.48
2017-07-25 04:00:00,294.6
2017-07-25 05:00:00,283.56
2017-07-25 06:00:00,818.64
2017-07-25 07:00:00,934.8
2017-07-25 08:00:00,1080.0
2017-07-25 09:00:00,1237.8
2017-07-25 10:00:00,1383.36
2017-07-25 11:00:00,1287.36
2017-07-25 12:00:00,1381.44
2017-07-25 13:00:00,1290.48
2017-07-25 14:00:00,1288.8
2017-07-25 15:00:00,1316.16
2017-07-25 16:00:00,1308.0
2017-07-25 17:00:00,1276.44
2017-07-25 18:00:00,849.12
2017-07-25 19:00:00,678.46
2017-07-25 20:00:00,538.78
2017-07-25 21:00:00,427.2
2017-07-25 22:00:00,323.76
2017-07-25 23:00:00,314.28
2017-07-26 00:00:00,295.68
2017-07-26 00:00:00,295.68
2017-07-26 01:00:00,287.76
2017-07-26 02:00:00,298.2
2017-07-26 03:00:00,287.52
2017-07-26 04:00:00,283.92
2017-07-26 05:00:00,285.6
2017-07-26 06:00:00,857.52
2017-07-26 07:00:00,881.04
2017-07-26 08:00:00,1015.44
2017-07-26 09:00:00,1192.8
2017-07-26 10:00:00,1268.52
2017-07-26 11:00:00,1305.12
2017-07-26 12:00:00,1327.44
2017-07-26 13:00:00,1232.88
2017-07-26 14:00:00,1184.4
2017-07-26 15:00:00,1182.12
2017-07-26 16:00:00,1194.6
2017-07-26 17:00:00,1159.68
2017-07-26 18:00:00,835.08
2017-07-26 19:00:00,673.56
2017-07-26 20:00:00,561.0
2017-07-26 21:00:00,447.6
2017-07-26 22:00:00,321.84
2017-07-26 23:00:00,305.76
2017-07-27 00:00:00,293.28
2017-07-27 00:00:00,293.28
2017-07-27 01:00:00,302.52
2017-07-27 02:00:00,281.04
2017-07-27 03:00:00,279.0
2017-07-27 04:00:00,287.28
2017-07-27 05:00:00,284.88
2017-07-27 06:00:00,835.08
2017-07-27 07:00:00,919.44
2017-07-27 08:00:00,1045.78
2017-07-27 09:00:00,1170.12
2017-07-27 10:00:00,1213.44
2017-07-27 11:00:00,1238.28
2017-07-27 12:00:00,1299.96
2017-07-27 13:00:00,1182.24
2017-07-27 14:00:00,1148.4
2017-07-27 15:00:00,1205.76
2017-07-27 16:00:00,1238.76
2017-07-27 17:00:00,1092.96
2017-07-27 18:00:00,700.68
2017-07-27 19:00:00,540.24
2017-07-27 20:00:00,452.88
2017-07-27 21:00:00,351.0
2017-07-27 22:00:00,308.04
2017-07-27 23:00:00,286.2
2017-07-28 00:00:00,290.76
2017-07-28 00:00:00,290.76
2017-07-28 01:00:00,287.28
2017-07-28 02:00:00,297.72
2017-07-28 03:00:00,273.36
2017-07-28 04:00:00,284.64
2017-07-28 05:00:00,286.92
2017-07-28 06:00:00,844.44
2017-07-28 07:00:00,878.4
2017-07-28 08:00:00,1078.2
2017-07-28 09:00:00,1154.88
2017-07-28 10:00:00,1198.8
2017-07-28 11:00:00,1237.32
2017-07-28 12:00:00,1219.44
2017-07-28 13:00:00,1128.96
2017-07-28 14:00:00,1200.84
2017-07-28 15:00:00,1168.44
2017-07-28 16:00:00,1146.36
2017-07-28 17:00:00,1038.6
2017-07-28 18:00:00,646.2
2017-07-28 19:00:00,434.88
2017-07-28 20:00:00,456.48
2017-07-28 21:00:00,366.1
2017-07-28 22:00:00,305.28
2017-07-28 23:00:00,278.76
2017-07-29 00:00:00,279.24
2017-07-29 00:00:00,279.24
2017-07-29 01:00:00,268.44
2017-07-29 02:00:00,270.12
2017-07-29 03:00:00,273.0
2017-07-29 04:00:00,271.8
2017-07-29 05:00:00,271.32
2017-07-29 06:00:00,301.2
2017-07-29 07:00:00,306.84
2017-07-29 08:00:00,452.52
2017-07-29 09:00:00,505.08
2017-07-29 10:00:00,582.96
2017-07-29 11:00:00,582.0
2017-07-29 12:00:00,557.88
2017-07-29 13:00:00,513.24
2017-07-29 14:00:00,560.16
2017-07-29 15:00:00,525.36
2017-07-29 16:00:00,538.08
2017-07-29 17:00:00,464.28
2017-07-29 18:00:00,436.68
2017-07-29 19:00:00,442.92
2017-07-29 20:00:00,375.72
2017-07-29 21:00:00,362.88
2017-07-29 22:00:00,285.84
2017-07-29 23:00:00,276.36
2017-07-30 00:00:00,263.16
2017-07-30 00:00:00,263.16
2017-07-30 01:00:00,252.24
2017-07-30 02:00:00,253.32
2017-07-30 03:00:00,261.96
2017-07-30 04:00:00,254.16
2017-07-30 05:00:00,261.6
2017-07-30 06:00:00,291.12
2017-07-30 07:00:00,280.2
2017-07-30 08:00:00,374.52
2017-07-30 09:00:00,359.16
2017-07-30 10:00:00,381.48
2017-07-30 11:00:00,442.56
2017-07-30 12:00:00,404.04
2017-07-30 13:00:00,416.88
2017-07-30 14:00:00,402.0
2017-07-30 15:00:00,359.4
2017-07-30 16:00:00,376.8
2017-07-30 17:00:00,405.96
2017-07-30 18:00:00,392.28
2017-07-30 19:00:00,354.48
2017-07-30 20:00:00,332.16
2017-07-30 21:00:00,315.0
2017-07-30 22:00:00,279.72
2017-07-30 23:00:00,277.8
2017-07-31 00:00:00,291.36
2017-07-31 00:00:00,291.36
2017-07-31 01:00:00,280.32
2017-07-31 02:00:00,295.32
2017-07-31 03:00:00,284.4
2017-07-31 04:00:00,275.28
2017-07-31 05:00:00,278.52
2017-07-31 06:00:00,769.44
2017-07-31 07:00:00,906.48
2017-07-31 08:00:00,1069.8
2017-07-31 09:00:00,1186.68
2017-07-31 10:00:00,1257.84
2017-07-31 11:00:00,1269.6
2017-07-31 12:00:00,1266.6
2017-07-31 13:00:00,1220.26
2017-07-31 14:00:00,1189.68
2017-07-31 15:00:00,1217.76
2017-07-31 16:00:00,1212.0
2017-07-31 17:00:00,1168.8
2017-07-31 18:00:00,603.72
2017-07-31 19:00:00,475.8
2017-07-31 20:00:00,426.84
2017-07-31 21:00:00,360.48
2017-07-31 22:00:00,304.56
2017-07-31 23:00:00,299.16
2017-08-01 00:00:00,294.84
2017-07-31 00:00:00,291.36
2017-07-31 01:00:00,280.32
2017-07-31 02:00:00,295.32
2017-07-31 03:00:00,284.4
2017-07-31 04:00:00,275.28
2017-07-31 05:00:00,278.52
2017-07-31 06:00:00,769.44
2017-07-31 07:00:00,906.48
2017-07-31 08:00:00,1069.8
2017-07-31 09:00:00,1186.68
2017-07-31 10:00:00,1257.84
2017-07-31 11:00:00,1269.6
2017-07-31 12:00:00,1266.6
2017-07-31 13:00:00,1220.26
2017-07-31 14:00:00,1189.68
2017-07-31 15:00:00,1217.76
2017-07-31 16:00:00,1212.0
2017-07-31 17:00:00,1168.8
2017-07-31 18:00:00,603.72
2017-07-31 19:00:00,475.8
2017-07-31 20:00:00,426.84
2017-07-31 21:00:00,360.48
2017-07-31 22:00:00,304.56
2017-07-31 23:00:00,299.16
2017-08-01 00:00:00,294.84
2017-08-02 00:00:00,288.12
2017-08-02 01:00:00,283.44
2017-08-02 02:00:00,278.52
2017-08-02 03:00:00,282.24
2017-08-02 04:00:00,282.96
2017-08-02 05:00:00,288.96
2017-08-02 06:00:00,762.6
2017-08-02 07:00:00,838.44
2017-08-02 08:00:00,980.88
2017-08-02 09:00:00,1088.52
2017-08-02 10:00:00,1111.44
2017-08-02 11:00:00,1279.44
2017-08-02 12:00:00,1183.46
2017-08-02 13:00:00,1062.72
2017-08-02 14:00:00,1160.88
2017-08-02 15:00:00,1072.98
2017-08-02 16:00:00,1057.8
2017-08-02 17:00:00,1128.12
2017-08-02 18:00:00,755.4
2017-08-02 19:00:00,625.2
2017-08-02 20:00:00,548.76
2017-08-02 21:00:00,406.8
2017-08-02 22:00:00,318.0
2017-08-02 23:00:00,306.12
2017-08-03 00:00:00,290.88
2017-08-03 00:00:00,290.88
2017-08-03 01:00:00,293.76
2017-08-03 02:00:00,278.28
2017-08-03 03:00:00,284.16
2017-08-03 04:00:00,280.56
2017-08-03 05:00:00,277.92
2017-08-03 06:00:00,764.04
2017-08-03 07:00:00,842.76
2017-08-03 08:00:00,1027.68
2017-08-03 09:00:00,1125.36
2017-08-03 10:00:00,1090.44
2017-08-03 11:00:00,1192.2
2017-08-03 12:00:00,1152.24
2017-08-03 13:00:00,1122.24
2017-08-03 14:00:00,1059.96
2017-08-03 15:00:00,1157.4
2017-08-03 16:00:00,1110.6
2017-08-03 17:00:00,975.36
2017-08-03 18:00:00,612.96
2017-08-03 19:00:00,521.88
2017-08-03 20:00:00,480.96
2017-08-03 21:00:00,414.6
2017-08-03 22:00:00,300.48
2017-08-03 23:00:00,294.48
2017-08-04 00:00:00,279.96
2017-08-04 00:00:00,279.96
2017-08-04 01:00:00,281.76
2017-08-04 02:00:00,277.8
2017-08-04 03:00:00,276.12
2017-08-04 04:00:00,288.84
2017-08-04 05:00:00,269.16
2017-08-04 06:00:00,747.6
2017-08-04 07:00:00,814.32
2017-08-04 08:00:00,968.76
2017-08-04 09:00:00,1140.12
2017-08-04 10:00:00,1074.42
2017-08-04 11:00:00,1256.88
2017-08-04 12:00:00,1222.32
2017-08-04 13:00:00,1074.96
2017-08-04 14:00:00,1093.8
2017-08-04 15:00:00,1063.92
2017-08-04 16:00:00,1084.92
2017-08-04 17:00:00,1020.48
2017-08-04 18:00:00,672.84
2017-08-04 19:00:00,572.16
2017-08-04 20:00:00,495.96
2017-08-04 21:00:00,366.51
2017-08-04 22:00:00,301.32
2017-08-04 23:00:00,287.04
2017-08-05 00:00:00,274.08
2017-08-05 00:00:00,274.08
2017-08-05 01:00:00,269.64
2017-08-05 02:00:00,271.92
2017-08-05 03:00:00,260.4
2017-08-05 04:00:00,269.06
2017-08-05 05:00:00,263.04
2017-08-05 06:00:00,292.68
2017-08-05 07:00:00,307.68
2017-08-05 08:00:00,476.52
2017-08-05 09:00:00,518.76
2017-08-05 10:00:00,562.56
2017-08-05 11:00:00,584.04
2017-08-05 12:00:00,547.56
2017-08-05 13:00:00,567.0
2017-08-05 14:00:00,588.36
2017-08-05 15:00:00,564.96
2017-08-05 16:00:00,490.44
2017-08-05 17:00:00,513.84
2017-08-05 18:00:00,417.6
2017-08-05 19:00:00,389.28
2017-08-05 20:00:00,360.96
2017-08-05 21:00:00,321.72
2017-08-05 22:00:00,282.72
2017-08-05 23:00:00,263.52
2017-08-06 00:00:00,277.92
2017-08-06 00:00:00,277.92
2017-08-06 01:00:00,270.0
2017-08-06 02:00:00,260.04
2017-08-06 03:00:00,252.72
2017-08-06 04:00:00,257.64
2017-08-06 05:00:00,257.52
2017-08-06 06:00:00,289.08
2017-08-06 07:00:00,291.6
2017-08-06 08:00:00,442.08
2017-08-06 09:00:00,453.6
2017-08-06 10:00:00,469.32
2017-08-06 11:00:00,547.44
2017-08-06 12:00:00,421.44
2017-08-06 13:00:00,408.12
2017-08-06 14:00:00,379.68
2017-08-06 15:00:00,396.96
2017-08-06 16:00:00,382.8
2017-08-06 17:00:00,368.88
2017-08-06 18:00:00,402.84
2017-08-06 19:00:00,382.92
2017-08-06 20:00:00,328.8
2017-08-06 21:00:00,321.48
2017-08-06 22:00:00,283.92
2017-08-06 23:00:00,286.32
2017-08-07 00:00:00,292.08
2017-08-07 00:00:00,292.08
2017-08-07 01:00:00,283.92
2017-08-07 02:00:00,285.96
2017-08-07 03:00:00,281.4
2017-08-07 04:00:00,275.16
2017-08-07 05:00:00,266.64
2017-08-07 06:00:00,806.76
2017-08-07 07:00:00,877.92
2017-08-07 08:00:00,1097.88
2017-08-07 09:00:00,1205.04
2017-08-07 10:00:00,1266.6
2017-08-07 11:00:00,1312.68
2017-08-07 12:00:00,1293.6
2017-08-07 13:00:00,1203.72
2017-08-07 14:00:00,1194.72
2017-08-07 15:00:00,1173.24
2017-08-07 16:00:00,1158.26
2017-08-07 17:00:00,1123.56
2017-08-07 18:00:00,627.12
2017-08-07 19:00:00,522.96
2017-08-07 20:00:00,482.52
2017-08-07 21:00:00,357.6
2017-08-07 22:00:00,312.6
2017-08-07 23:00:00,303.0
2017-08-08 00:00:00,280.44
2017-08-08 00:00:00,280.44
2017-08-08 01:00:00,272.88
2017-08-08 02:00:00,274.2
2017-08-08 03:00:00,264.24
2017-08-08 04:00:00,285.12
2017-08-08 05:00:00,287.52
2017-08-08 06:00:00,775.56
2017-08-08 07:00:00,821.88
2017-08-08 08:00:00,998.88
2017-08-08 09:00:00,1200.12
2017-08-08 10:00:00,1149.12
2017-08-08 11:00:00,1180.68
2017-08-08 12:00:00,1227.0
2017-08-08 13:00:00,1135.92
2017-08-08 14:00:00,1171.92
2017-08-08 15:00:00,1044.48
2017-08-08 16:00:00,1032.84
2017-08-08 17:00:00,973.8
2017-08-08 18:00:00,627.12
2017-08-08 19:00:00,490.2
2017-08-08 20:00:00,439.2
2017-08-08 21:00:00,406.8
2017-08-08 22:00:00,330.84
2017-08-08 23:00:00,315.48
2017-08-09 00:00:00,285.24
2017-08-09 00:00:00,285.24
2017-08-09 01:00:00,299.4
2017-08-09 02:00:00,287.4
2017-08-09 03:00:00,274.8
2017-08-09 04:00:00,280.92
2017-08-09 05:00:00,282.48
2017-08-09 06:00:00,755.28
2017-08-09 07:00:00,793.8
2017-08-09 08:00:00,894.0
2017-08-09 09:00:00,1042.8
2017-08-09 10:00:00,1093.8
2017-08-09 11:00:00,1163.04
2017-08-09 12:00:00,1141.68
2017-08-09 13:00:00,1084.08
2017-08-09 14:00:00,1090.92
2017-08-09 15:00:00,1077.6
2017-08-09 16:00:00,1059.36
2017-08-09 17:00:00,1028.64
2017-08-09 18:00:00,579.48
2017-08-09 19:00:00,483.72
2017-08-09 20:00:00,469.8
2017-08-09 21:00:00,390.6
2017-08-09 22:00:00,332.76
2017-08-09 23:00:00,328.32
2017-08-10 00:00:00,312.72
2017-08-10 00:00:00,312.72
2017-08-10 01:00:00,296.28
2017-08-10 02:00:00,296.76
2017-08-10 03:00:00,287.64
2017-08-10 04:00:00,291.96
2017-08-10 05:00:00,297.72
2017-08-10 06:00:00,762.84
2017-08-10 07:00:00,773.52
2017-08-10 08:00:00,865.8
2017-08-10 09:00:00,1059.72
2017-08-10 10:00:00,1098.72
2017-08-10 11:00:00,1142.42
2017-08-10 12:00:00,1144.8
2017-08-10 13:00:00,959.04
2017-08-10 14:00:00,1082.16
2017-08-10 15:00:00,1043.76
2017-08-10 16:00:00,982.68
2017-08-10 17:00:00,1016.4
2017-08-10 18:00:00,610.08
2017-08-10 19:00:00,504.24
2017-08-10 20:00:00,473.64
2017-08-10 21:00:00,379.44
2017-08-10 22:00:00,340.32
2017-08-10 23:00:00,308.28
2017-08-11 00:00:00,316.68
2017-08-11 00:00:00,316.68
2017-08-11 01:00:00,316.32
2017-08-11 02:00:00,293.16
2017-08-11 03:00:00,302.76
2017-08-11 04:00:00,304.32
2017-08-11 05:00:00,289.2
2017-08-11 06:00:00,758.28
2017-08-11 07:00:00,842.4
2017-08-11 08:00:00,964.2
2017-08-11 09:00:00,1056.36
2017-08-11 10:00:00,1102.92
2017-08-11 11:00:00,1204.32
2017-08-11 12:00:00,1145.04
2017-08-11 13:00:00,1021.8
2017-08-11 14:00:00,1079.16
2017-08-11 15:00:00,1121.4
2017-08-11 16:00:00,1090.44
2017-08-11 17:00:00,952.8
2017-08-11 18:00:00,625.2
2017-08-11 19:00:00,471.12
2017-08-11 20:00:00,462.96
2017-08-11 21:00:00,340.32
2017-08-11 22:00:00,310.44
2017-08-11 23:00:00,283.44
2017-08-12 00:00:00,295.44
2017-08-12 00:00:00,295.44
2017-08-12 01:00:00,279.24
2017-08-12 02:00:00,255.12
2017-08-12 03:00:00,261.48
2017-08-12 04:00:00,251.4
2017-08-12 05:00:00,259.56
2017-08-12 06:00:00,300.12
2017-08-12 07:00:00,320.04
2017-08-12 08:00:00,543.0
2017-08-12 09:00:00,594.24
2017-08-12 10:00:00,580.32
2017-08-12 11:00:00,607.56
2017-08-12 12:00:00,573.12
2017-08-12 13:00:00,528.24
2017-08-12 14:00:00,580.08
2017-08-12 15:00:00,543.84
2017-08-12 16:00:00,509.4
2017-08-12 17:00:00,473.64
2017-08-12 18:00:00,408.6
2017-08-12 19:00:00,382.44
2017-08-12 20:00:00,354.0
2017-08-12 21:00:00,323.28
2017-08-12 22:00:00,282.72
2017-08-12 23:00:00,267.96
2017-08-13 00:00:00,272.04
2017-08-13 00:00:00,272.04
2017-08-13 01:00:00,260.16
2017-08-13 02:00:00,261.24
2017-08-13 03:00:00,257.04
2017-08-13 04:00:00,261.96
2017-08-13 05:00:00,251.04
2017-08-13 06:00:00,303.0
2017-08-13 07:00:00,282.6
2017-08-13 08:00:00,389.28
2017-08-13 09:00:00,348.72
2017-08-13 10:00:00,354.0
2017-08-13 11:00:00,410.04
2017-08-13 12:00:00,412.32
2017-08-13 13:00:00,366.0
2017-08-13 14:00:00,365.4
2017-08-13 15:00:00,406.38
2017-08-13 16:00:00,345.84
2017-08-13 17:00:00,384.36
2017-08-13 18:00:00,376.92
2017-08-13 19:00:00,390.6
2017-08-13 20:00:00,323.4
2017-08-13 21:00:00,307.8
2017-08-13 22:00:00,274.56
2017-08-13 23:00:00,277.56
2017-08-14 00:00:00,268.68
2017-08-14 00:00:00,268.68
2017-08-14 01:00:00,271.44
2017-08-14 02:00:00,271.92
2017-08-14 03:00:00,263.88
2017-08-14 04:00:00,264.18
2017-08-14 05:00:00,271.56
2017-08-14 06:00:00,824.76
2017-08-14 07:00:00,832.44
2017-08-14 08:00:00,939.36
2017-08-14 09:00:00,1055.52
2017-08-14 10:00:00,1127.64
2017-08-14 11:00:00,1174.56
2017-08-14 12:00:00,1147.8
2017-08-14 13:00:00,1103.64
2017-08-14 14:00:00,1151.04
2017-08-14 15:00:00,1108.2
2017-08-14 16:00:00,1124.88
2017-08-14 17:00:00,987.96
2017-08-14 18:00:00,532.2
2017-08-14 19:00:00,474.12
2017-08-14 20:00:00,430.44
2017-08-14 21:00:00,386.16
2017-08-14 22:00:00,344.86
2017-08-14 23:00:00,310.56
2017-08-15 00:00:00,298.56
2017-08-15 00:00:00,298.56
2017-08-15 01:00:00,293.76
2017-08-15 02:00:00,297.6
2017-08-15 03:00:00,296.52
2017-08-15 04:00:00,288.36
2017-08-15 05:00:00,296.16
2017-08-15 06:00:00,736.32
2017-08-15 07:00:00,839.64
2017-08-15 08:00:00,907.44
2017-08-15 09:00:00,1056.72
2017-08-15 10:00:00,1074.36
2017-08-15 11:00:00,1098.12
2017-08-15 12:00:00,1110.48
2017-08-15 13:00:00,997.8
2017-08-15 14:00:00,1044.84
2017-08-15 15:00:00,1005.84
2017-08-15 16:00:00,1010.4
2017-08-15 17:00:00,957.48
2017-08-15 18:00:00,673.4
2017-08-15 19:00:00,541.92
2017-08-15 20:00:00,437.4
2017-08-15 21:00:00,343.08
2017-08-15 22:00:00,289.8
2017-08-15 23:00:00,323.76
2017-08-16 00:00:00,275.28
2017-08-16 00:00:00,275.28
2017-08-16 01:00:00,271.08
2017-08-16 02:00:00,264.0
2017-08-16 03:00:00,254.88
2017-08-16 04:00:00,270.12
2017-08-16 05:00:00,275.92
2017-08-16 06:00:00,735.75
2017-08-16 07:00:00,762.6
2017-08-16 08:00:00,882.6
2017-08-16 09:00:00,1069.56
2017-08-16 10:00:00,1102.56
2017-08-16 11:00:00,1062.96
2017-08-16 12:00:00,1140.48
2017-08-16 13:00:00,1049.04
2017-08-16 14:00:00,1042.68
2017-08-16 15:00:00,1022.28
2017-08-16 16:00:00,1003.8
2017-08-16 17:00:00,983.16
2017-08-16 18:00:00,561.72
2017-08-16 19:00:00,449.52
2017-08-16 20:00:00,383.76
2017-08-16 21:00:00,326.88
2017-08-16 22:00:00,295.08
2017-08-16 23:00:00,282.6
2017-08-17 00:00:00,263.88
2017-08-17 00:00:00,263.88
2017-08-17 01:00:00,269.4
2017-08-17 02:00:00,268.08
2017-08-17 03:00:00,258.0
2017-08-17 04:00:00,243.24
2017-08-17 05:00:00,253.08
2017-08-17 06:00:00,719.52
2017-08-17 07:00:00,785.28
2017-08-17 08:00:00,877.32
2017-08-17 09:00:00,1004.52
2017-08-17 10:00:00,1024.56
2017-08-17 11:00:00,1180.44
2017-08-17 12:00:00,1154.52
2017-08-17 13:00:00,1084.32
2017-08-17 14:00:00,1093.8
2017-08-17 15:00:00,994.44
2017-08-17 16:00:00,1016.64
2017-08-17 17:00:00,954.0
2017-08-17 18:00:00,565.68
2017-08-17 19:00:00,508.68
2017-08-17 20:00:00,453.24
2017-08-17 21:00:00,380.16
2017-08-17 22:00:00,312.6
2017-08-17 23:00:00,285.0
2017-08-18 00:00:00,275.64
2017-08-18 00:00:00,275.64
2017-08-18 01:00:00,283.92
2017-08-18 02:00:00,266.28
2017-08-18 03:00:00,256.92
2017-08-18 04:00:00,266.76
2017-08-18 05:00:00,254.88
2017-08-18 06:00:00,748.56
2017-08-18 07:00:00,715.44
2017-08-18 08:00:00,828.84
2017-08-18 09:00:00,960.12
2017-08-18 10:00:00,1009.56
2017-08-18 11:00:00,1057.44
2017-08-18 12:00:00,1085.52
2017-08-18 13:00:00,997.08
2017-08-18 14:00:00,1000.44
2017-08-18 15:00:00,1017.24
2017-08-18 16:00:00,1035.96
2017-08-18 17:00:00,987.36
2017-08-18 18:00:00,613.68
2017-08-18 19:00:00,461.04
2017-08-18 20:00:00,427.44
2017-08-18 21:00:00,382.08
2017-08-18 22:00:00,282.24
2017-08-18 23:00:00,266.16
2017-08-19 00:00:00,275.04
2017-08-19 00:00:00,275.04
2017-08-19 01:00:00,261.36
2017-08-19 02:00:00,251.76
2017-08-19 03:00:00,260.4
2017-08-19 04:00:00,251.28
2017-08-19 05:00:00,267.72
2017-08-19 06:00:00,285.84
2017-08-19 07:00:00,303.96
2017-08-19 08:00:00,464.04
2017-08-19 09:00:00,489.72
2017-08-19 10:00:00,500.13
2017-08-19 11:00:00,523.8
2017-08-19 12:00:00,521.04
2017-08-19 13:00:00,462.72
2017-08-19 14:00:00,439.08
2017-08-19 15:00:00,505.68
2017-08-19 16:00:00,492.36
2017-08-19 17:00:00,496.68
2017-08-19 18:00:00,445.92
2017-08-19 19:00:00,429.0
2017-08-19 20:00:00,388.08
2017-08-19 21:00:00,320.64
2017-08-19 22:00:00,329.4
2017-08-19 23:00:00,265.56
2017-08-20 00:00:00,266.64
2017-08-20 00:00:00,266.64
2017-08-20 01:00:00,268.32
2017-08-20 02:00:00,254.4
2017-08-20 03:00:00,259.92
2017-08-20 04:00:00,269.4
2017-08-20 05:00:00,256.8
2017-08-20 06:00:00,297.36
2017-08-20 07:00:00,279.24
2017-08-20 08:00:00,343.68
2017-08-20 09:00:00,340.08
2017-08-20 10:00:00,329.88
2017-08-20 11:00:00,382.68
2017-08-20 12:00:00,398.16
2017-08-20 13:00:00,401.76
2017-08-20 14:00:00,354.86
2017-08-20 15:00:00,362.04
2017-08-20 16:00:00,345.6
2017-08-20 17:00:00,381.48
2017-08-20 18:00:00,401.52
2017-08-20 19:00:00,405.84
2017-08-20 20:00:00,335.52
2017-08-20 21:00:00,314.76
2017-08-20 22:00:00,285.6
2017-08-20 23:00:00,263.04
2017-08-21 00:00:00,273.24
2017-08-21 00:00:00,273.24
2017-08-21 01:00:00,276.48
2017-08-21 02:00:00,280.32
2017-08-21 03:00:00,257.88
2017-08-21 04:00:00,276.36
2017-08-21 05:00:00,278.4
2017-08-21 06:00:00,748.56
2017-08-21 07:00:00,869.28
2017-08-21 08:00:00,951.6
2017-08-21 09:00:00,1149.72
2017-08-21 10:00:00,1145.16
2017-08-21 11:00:00,1147.92
2017-08-21 12:00:00,1146.48
2017-08-21 13:00:00,1031.88
2017-08-21 14:00:00,1010.16
2017-08-21 15:00:00,1073.64
2017-08-21 16:00:00,1101.36
2017-08-21 17:00:00,1008.24
2017-08-21 18:00:00,602.4
2017-08-21 19:00:00,429.96
2017-08-21 20:00:00,434.16
2017-08-21 21:00:00,335.52
2017-08-21 22:00:00,311.16
2017-08-21 23:00:00,293.16
2017-08-22 00:00:00,271.32
2017-08-22 00:00:00,271.32
2017-08-22 01:00:00,265.68
2017-08-22 02:00:00,261.96
2017-08-22 03:00:00,261.96
2017-08-22 04:00:00,271.56
2017-08-22 05:00:00,277.32
2017-08-22 06:00:00,739.8
2017-08-22 07:00:00,813.0
2017-08-22 08:00:00,990.12
2017-08-22 09:00:00,1120.56
2017-08-22 10:00:00,1149.24
2017-08-22 11:00:00,1166.28
2017-08-22 12:00:00,1178.64
2017-08-22 13:00:00,1058.52
2017-08-22 14:00:00,1081.68
2017-08-22 15:00:00,1097.76
2017-08-22 16:00:00,1017.72
2017-08-22 17:00:00,1011.84
2017-08-22 18:00:00,628.44
2017-08-22 19:00:00,536.4
2017-08-22 20:00:00,470.04
2017-08-22 21:00:00,388.32
2017-08-22 22:00:00,327.72
2017-08-22 23:00:00,288.24
2017-08-23 00:00:00,280.8
2017-08-23 00:00:00,280.8
2017-08-23 01:00:00,274.32
2017-08-23 02:00:00,265.32
2017-08-23 03:00:00,280.68
2017-08-23 04:00:00,279.24
2017-08-23 05:00:00,266.04
2017-08-23 06:00:00,737.76
2017-08-23 07:00:00,825.72
2017-08-23 08:00:00,957.36
2017-08-23 09:00:00,1081.08
2017-08-23 10:00:00,1136.28
2017-08-23 11:00:00,1234.68
2017-08-23 12:00:00,1191.48
2017-08-23 13:00:00,1119.84
2017-08-23 14:00:00,1134.72
2017-08-23 15:00:00,996.24
2017-08-23 16:00:00,1074.84
2017-08-23 17:00:00,1054.92
2017-08-23 18:00:00,695.28
2017-08-23 19:00:00,575.64
2017-08-23 20:00:00,461.88
2017-08-23 21:00:00,367.2
2017-08-23 22:00:00,313.56
2017-08-23 23:00:00,298.08
2017-08-24 00:00:00,293.04
2017-08-24 00:00:00,293.04
2017-08-24 01:00:00,294.12
2017-08-24 02:00:00,294.96
2017-08-24 03:00:00,281.4
2017-08-24 04:00:00,282.48
2017-08-24 05:00:00,273.0
2017-08-24 06:00:00,732.24
2017-08-24 07:00:00,815.28
2017-08-24 08:00:00,919.92
2017-08-24 09:00:00,1054.2
2017-08-24 10:00:00,1059.24
2017-08-24 11:00:00,1137.72
2017-08-24 12:00:00,1114.56
2017-08-24 13:00:00,1041.24
2017-08-24 14:00:00,1062.72
2017-08-24 15:00:00,1027.8
2017-08-24 16:00:00,1016.52
2017-08-24 17:00:00,1102.08
2017-08-24 18:00:00,697.8
2017-08-24 19:00:00,472.8
2017-08-24 20:00:00,440.16
2017-08-24 21:00:00,360.6
2017-08-24 22:00:00,323.64
2017-08-24 23:00:00,320.88
2017-08-25 00:00:00,298.56
2017-08-25 00:00:00,298.56
2017-08-25 01:00:00,297.72
2017-08-25 02:00:00,286.56
2017-08-25 03:00:00,290.76
2017-08-25 04:00:00,290.28
2017-08-25 05:00:00,290.04
2017-08-25 06:00:00,759.36
2017-08-25 07:00:00,809.64
2017-08-25 08:00:00,923.52
2017-08-25 09:00:00,1109.88
2017-08-25 10:00:00,1105.32
2017-08-25 11:00:00,1164.36
2017-08-25 12:00:00,1086.12
2017-08-25 13:00:00,1008.24
2017-08-25 14:00:00,1107.96
2017-08-25 15:00:00,1066.8
2017-08-25 16:00:00,1014.96
2017-08-25 17:00:00,980.4
2017-08-25 18:00:00,628.32
2017-08-25 19:00:00,483.0
2017-08-25 20:00:00,410.16
2017-08-25 21:00:00,354.48
2017-08-25 22:00:00,299.64
2017-08-25 23:00:00,291.0
2017-08-26 00:00:00,285.6
2017-08-26 00:00:00,285.6
2017-08-26 01:00:00,292.8
2017-08-26 02:00:00,271.32
2017-08-26 03:00:00,268.56
2017-08-26 04:00:00,261.72
2017-08-26 05:00:00,269.28
2017-08-26 06:00:00,311.28
2017-08-26 07:00:00,311.64
2017-08-26 08:00:00,496.92
2017-08-26 09:00:00,551.88
2017-08-26 10:00:00,606.72
2017-08-26 11:00:00,614.04
2017-08-26 12:00:00,590.88
2017-08-26 13:00:00,554.28
2017-08-26 14:00:00,596.88
2017-08-26 15:00:00,576.36
2017-08-26 16:00:00,503.28
2017-08-26 17:00:00,486.84
2017-08-26 18:00:00,413.4
2017-08-26 19:00:00,354.48
2017-08-26 20:00:00,330.24
2017-08-26 21:00:00,318.72
2017-08-26 22:00:00,285.24
2017-08-26 23:00:00,269.64
2017-08-27 00:00:00,270.0
2017-08-27 00:00:00,270.0
2017-08-27 01:00:00,268.92
2017-08-27 02:00:00,280.8
2017-08-27 03:00:00,261.72
2017-08-27 04:00:00,257.88
2017-08-27 05:00:00,259.2
2017-08-27 06:00:00,286.44
2017-08-27 07:00:00,302.28
2017-08-27 08:00:00,376.92
2017-08-27 09:00:00,367.2
2017-08-27 10:00:00,420.24
2017-08-27 11:00:00,422.52
2017-08-27 12:00:00,413.64
2017-08-27 13:00:00,427.92
2017-08-27 14:00:00,444.24
2017-08-27 15:00:00,399.12
2017-08-27 16:00:00,393.96
2017-08-27 17:00:00,389.28
2017-08-27 18:00:00,459.24
2017-08-27 19:00:00,444.0
2017-08-27 20:00:00,366.0
2017-08-27 21:00:00,365.16
2017-08-27 22:00:00,320.76
2017-08-27 23:00:00,312.6
2017-08-28 00:00:00,299.04
2017-08-28 00:00:00,299.04
2017-08-28 01:00:00,304.32
2017-08-28 02:00:00,290.28
2017-08-28 03:00:00,295.56
2017-08-28 04:00:00,301.68
2017-08-28 05:00:00,300.6
2017-08-28 06:00:00,787.68
2017-08-28 07:00:00,912.84
2017-08-28 08:00:00,1094.04
2017-08-28 09:00:00,1134.0
2017-08-28 10:00:00,1245.96
2017-08-28 11:00:00,1289.28
2017-08-28 12:00:00,1206.12
2017-08-28 13:00:00,1071.6
2017-08-28 14:00:00,1180.08
2017-08-28 15:00:00,1108.08
2017-08-28 16:00:00,1112.88
2017-08-28 17:00:00,1159.2
2017-08-28 18:00:00,586.32
2017-08-28 19:00:00,484.08
2017-08-28 20:00:00,491.16
2017-08-28 21:00:00,397.92
2017-08-28 22:00:00,326.16
2017-08-28 23:00:00,303.0
2017-08-29 00:00:00,277.2
2017-08-29 00:00:00,277.2
2017-08-29 01:00:00,275.76
2017-08-29 02:00:00,277.8
2017-08-29 03:00:00,275.04
2017-08-29 04:00:00,267.6
2017-08-29 05:00:00,277.08
2017-08-29 06:00:00,760.32
2017-08-29 07:00:00,894.0
2017-08-29 08:00:00,1020.24
2017-08-29 09:00:00,1142.76
2017-08-29 10:00:00,1070.52
2017-08-29 11:00:00,1161.96
2017-08-29 12:00:00,1101.96
2017-08-29 13:00:00,1089.24
2017-08-29 14:00:00,1119.72
2017-08-29 15:00:00,1002.36
2017-08-29 16:00:00,1020.36
2017-08-29 17:00:00,998.88
2017-08-29 18:00:00,629.64
2017-08-29 19:00:00,478.2
2017-08-29 20:00:00,434.52
2017-08-29 21:00:00,375.48
2017-08-29 22:00:00,321.72
2017-08-29 23:00:00,282.36
2017-08-30 00:00:00,255.6
2017-08-30 00:00:00,255.6
2017-08-30 01:00:00,269.76
2017-08-30 02:00:00,267.24
2017-08-30 03:00:00,254.52
2017-08-30 04:00:00,261.6
2017-08-30 05:00:00,280.68
2017-08-30 06:00:00,687.96
2017-08-30 07:00:00,720.84
2017-08-30 08:00:00,801.48
2017-08-30 09:00:00,957.72
2017-08-30 10:00:00,1041.6
2017-08-30 11:00:00,1057.56
2017-08-30 12:00:00,970.8
2017-08-30 13:00:00,945.96
2017-08-30 14:00:00,950.16
2017-08-30 15:00:00,941.04
2017-08-30 16:00:00,971.16
2017-08-30 17:00:00,962.52
2017-08-30 18:00:00,629.28
2017-08-30 19:00:00,551.16
2017-08-30 20:00:00,460.44
2017-08-30 21:00:00,387.72
2017-08-30 22:00:00,294.0
2017-08-30 23:00:00,276.12
2017-08-31 00:00:00,273.72
2017-08-31 00:00:00,273.72
2017-08-31 01:00:00,263.28
2017-08-31 02:00:00,256.74
2017-08-31 03:00:00,260.28
2017-08-31 04:00:00,255.48
2017-08-31 05:00:00,251.88
2017-08-31 06:00:00,324.36
2017-08-31 07:00:00,774.72
2017-08-31 08:00:00,854.04
2017-08-31 09:00:00,954.84
2017-08-31 10:00:00,991.68
2017-08-31 11:00:00,1045.32
2017-08-31 12:00:00,958.8
2017-08-31 13:00:00,893.4
2017-08-31 14:00:00,917.76
2017-08-31 15:00:00,952.56
2017-08-31 16:00:00,908.64
2017-08-31 17:00:00,884.4
2017-08-31 18:00:00,584.52
2017-08-31 19:00:00,442.2
2017-08-31 20:00:00,443.88
2017-08-31 21:00:00,327.48
2017-08-31 22:00:00,289.2
2017-08-31 23:00:00,253.42
2017-09-01 00:00:00,284.16
2017-09-01 00:00:00,284.16
2017-09-01 01:00:00,258.0
2017-09-01 02:00:00,257.76
2017-09-01 03:00:00,247.2
2017-09-01 04:00:00,251.76
2017-09-01 05:00:00,248.64
2017-09-01 06:00:00,304.8
2017-09-01 07:00:00,772.5
2017-09-01 08:00:00,884.4
2017-09-01 09:00:00,971.4
2017-09-01 10:00:00,972.84
2017-09-01 11:00:00,1020.36
2017-09-01 12:00:00,1067.16
2017-09-01 13:00:00,1008.0
2017-09-01 14:00:00,943.62
2017-09-01 15:00:00,951.0
2017-09-01 16:00:00,933.48
2017-09-01 17:00:00,892.2
2017-09-01 18:00:00,539.16
2017-09-01 19:00:00,408.24
2017-09-01 20:00:00,390.96
2017-09-01 21:00:00,319.2
2017-09-01 22:00:00,285.84
2017-09-01 23:00:00,251.52
2017-09-02 00:00:00,252.0
2017-09-02 00:00:00,252.0
2017-09-02 01:00:00,255.6
2017-09-02 02:00:00,265.32
2017-09-02 03:00:00,256.32
2017-09-02 04:00:00,247.92
2017-09-02 05:00:00,255.36
2017-09-02 06:00:00,286.2
2017-09-02 07:00:00,300.84
2017-09-02 08:00:00,383.88
2017-09-02 09:00:00,428.28
2017-09-02 10:00:00,498.6
2017-09-02 11:00:00,423.72
2017-09-02 12:00:00,463.68
2017-09-02 13:00:00,471.96
2017-09-02 14:00:00,414.6
2017-09-02 15:00:00,409.2
2017-09-02 16:00:00,432.72
2017-09-02 17:00:00,382.8
2017-09-02 18:00:00,390.6
2017-09-02 19:00:00,389.52
2017-09-02 20:00:00,356.28
2017-09-02 21:00:00,306.72
2017-09-02 22:00:00,269.04
2017-09-02 23:00:00,270.96
2017-09-03 00:00:00,251.04
2017-09-03 00:00:00,251.04
2017-09-03 01:00:00,253.56
2017-09-03 02:00:00,240.6
2017-09-03 03:00:00,256.8
2017-09-03 04:00:00,249.48
2017-09-03 05:00:00,249.12
2017-09-03 06:00:00,278.28
2017-09-03 07:00:00,286.8
2017-09-03 08:00:00,301.2
2017-09-03 09:00:00,297.96
2017-09-03 10:00:00,323.16
2017-09-03 11:00:00,337.32
2017-09-03 12:00:00,362.64
2017-09-03 13:00:00,338.88
2017-09-03 14:00:00,338.04
2017-09-03 15:00:00,317.64
2017-09-03 16:00:00,313.2
2017-09-03 17:00:00,332.88
2017-09-03 18:00:00,364.68
2017-09-03 19:00:00,328.56
2017-09-03 20:00:00,326.28
2017-09-03 21:00:00,306.36
2017-09-03 22:00:00,256.8
2017-09-03 23:00:00,267.36
2017-09-04 00:00:00,262.8
2017-09-04 00:00:00,262.8
2017-09-04 01:00:00,240.48
2017-09-04 02:00:00,248.64
2017-09-04 03:00:00,258.12
2017-09-04 04:00:00,247.56
2017-09-04 05:00:00,250.56
2017-09-04 06:00:00,357.96
2017-09-04 07:00:00,844.32
2017-09-04 08:00:00,993.84
2017-09-04 09:00:00,1129.8
2017-09-04 10:00:00,1093.56
2017-09-04 11:00:00,1168.32
2017-09-04 12:00:00,1053.36
2017-09-04 13:00:00,1040.16
2017-09-04 14:00:00,1035.0
2017-09-04 15:00:00,1019.52
2017-09-04 16:00:00,996.24
2017-09-04 17:00:00,907.68
2017-09-04 18:00:00,640.68
2017-09-04 19:00:00,457.08
2017-09-04 20:00:00,472.44
2017-09-04 21:00:00,345.96
2017-09-04 22:00:00,293.16
2017-09-04 23:00:00,279.6
2017-09-05 00:00:00,278.76
2017-09-05 00:00:00,278.76
2017-09-05 01:00:00,266.64
2017-09-05 02:00:00,264.84
2017-09-05 03:00:00,265.2
2017-09-05 04:00:00,272.4
2017-09-05 05:00:00,257.4
2017-09-05 06:00:00,380.52
2017-09-05 07:00:00,866.04
2017-09-05 08:00:00,975.48
2017-09-05 09:00:00,1059.12
2017-09-05 10:00:00,1052.88
2017-09-05 11:00:00,1170.6
2017-09-05 12:00:00,1138.08
2017-09-05 13:00:00,1024.8
2017-09-05 14:00:00,1047.6
2017-09-05 15:00:00,1045.56
2017-09-05 16:00:00,1081.44
2017-09-05 17:00:00,978.6
2017-09-05 18:00:00,740.04
2017-09-05 19:00:00,543.72
2017-09-05 20:00:00,516.36
2017-09-05 21:00:00,371.88
2017-09-05 22:00:00,301.56
2017-09-05 23:00:00,282.0
2017-09-06 00:00:00,280.44
2017-09-06 00:00:00,280.44
2017-09-06 01:00:00,274.2
2017-09-06 02:00:00,255.84
2017-09-06 03:00:00,255.36
2017-09-06 04:00:00,263.04
2017-09-06 05:00:00,258.6
2017-09-06 06:00:00,332.64
2017-09-06 07:00:00,830.52
2017-09-06 08:00:00,862.2
2017-09-06 09:00:00,992.88
2017-09-06 10:00:00,987.24
2017-09-06 11:00:00,1021.32
2017-09-06 12:00:00,956.64
2017-09-06 13:00:00,904.44
2017-09-06 14:00:00,1024.32
2017-09-06 15:00:00,983.04
2017-09-06 16:00:00,998.64
2017-09-06 17:00:00,936.0
2017-09-06 18:00:00,546.72
2017-09-06 19:00:00,448.68
2017-09-06 20:00:00,423.24
2017-09-06 21:00:00,383.76
2017-09-06 22:00:00,295.08
2017-09-06 23:00:00,263.04
2017-09-07 00:00:00,277.68
2017-09-07 00:00:00,277.68
2017-09-07 01:00:00,253.92
2017-09-07 02:00:00,266.16
2017-09-07 03:00:00,261.0
2017-09-07 04:00:00,256.68
2017-09-07 05:00:00,259.44
2017-09-07 06:00:00,285.24
2017-09-07 07:00:00,811.32
2017-09-07 08:00:00,890.52
2017-09-07 09:00:00,928.92
2017-09-07 10:00:00,930.36
2017-09-07 11:00:00,1106.04
2017-09-07 12:00:00,1097.76
2017-09-07 13:00:00,1000.08
2017-09-07 14:00:00,1063.2
2017-09-07 15:00:00,942.6
2017-09-07 16:00:00,985.44
2017-09-07 17:00:00,970.68
2017-09-07 18:00:00,666.6
2017-09-07 19:00:00,473.64
2017-09-07 20:00:00,405.12
2017-09-07 21:00:00,334.2
2017-09-07 22:00:00,280.92
2017-09-07 23:00:00,259.32
2017-09-08 00:00:00,266.52
2017-09-08 00:00:00,266.52
2017-09-08 01:00:00,263.64
2017-09-08 02:00:00,268.44
2017-09-08 03:00:00,262.08
2017-09-08 04:00:00,254.16
2017-09-08 05:00:00,259.68
2017-09-08 06:00:00,319.56
2017-09-08 07:00:00,764.76
2017-09-08 08:00:00,890.04
2017-09-08 09:00:00,957.48
2017-09-08 10:00:00,1087.56
2017-09-08 11:00:00,1062.48
2017-09-08 12:00:00,1067.16
2017-09-08 13:00:00,1011.72
2017-09-08 14:00:00,1064.16
2017-09-08 15:00:00,1018.2
2017-09-08 16:00:00,1009.68
2017-09-08 17:00:00,938.76
2017-09-08 18:00:00,542.88
2017-09-08 19:00:00,432.0
2017-09-08 20:00:00,423.36
2017-09-08 21:00:00,324.0
2017-09-08 22:00:00,296.28
2017-09-08 23:00:00,273.48
2017-09-09 00:00:00,276.36
2017-09-09 00:00:00,276.36
2017-09-09 01:00:00,271.08
2017-09-09 02:00:00,267.84
2017-09-09 03:00:00,273.0
2017-09-09 04:00:00,283.08
2017-09-09 05:00:00,275.28
2017-09-09 06:00:00,297.84
2017-09-09 07:00:00,323.28
2017-09-09 08:00:00,434.04
2017-09-09 09:00:00,460.32
2017-09-09 10:00:00,528.6
2017-09-09 11:00:00,470.88
2017-09-09 12:00:00,445.32
2017-09-09 13:00:00,432.96
2017-09-09 14:00:00,468.84
2017-09-09 15:00:00,407.4
2017-09-09 16:00:00,414.84
2017-09-09 17:00:00,462.84
2017-09-09 18:00:00,380.16
2017-09-09 19:00:00,340.2
2017-09-09 20:00:00,391.08
2017-09-09 21:00:00,309.48
2017-09-09 22:00:00,282.48
2017-09-09 23:00:00,277.2
2017-09-10 00:00:00,256.92
2017-09-10 00:00:00,256.92
2017-09-10 01:00:00,266.4
2017-09-10 02:00:00,267.96
2017-09-10 03:00:00,262.56
2017-09-10 04:00:00,274.56
2017-09-10 05:00:00,262.68
2017-09-10 06:00:00,297.0
2017-09-10 07:00:00,291.84
2017-09-10 08:00:00,337.56
2017-09-10 09:00:00,327.72
2017-09-10 10:00:00,357.12
2017-09-10 11:00:00,343.32
2017-09-10 12:00:00,390.24
2017-09-10 13:00:00,384.24
2017-09-10 14:00:00,371.16
2017-09-10 15:00:00,407.76
2017-09-10 16:00:00,363.96
2017-09-10 17:00:00,406.08
2017-09-10 18:00:00,374.88
2017-09-10 19:00:00,353.88
2017-09-10 20:00:00,347.4
2017-09-10 21:00:00,310.2
2017-09-10 22:00:00,308.64
2017-09-10 23:00:00,263.04
2017-09-11 00:00:00,263.52
2017-09-11 00:00:00,263.52
2017-09-11 01:00:00,269.16
2017-09-11 02:00:00,251.64
2017-09-11 03:00:00,253.68
2017-09-11 04:00:00,260.88
2017-09-11 05:00:00,251.88
2017-09-11 06:00:00,320.28
2017-09-11 07:00:00,849.6
2017-09-11 08:00:00,979.2
2017-09-11 09:00:00,1088.64
2017-09-11 10:00:00,1129.92
2017-09-11 11:00:00,1135.32
2017-09-11 12:00:00,1076.04
2017-09-11 13:00:00,984.0
2017-09-11 14:00:00,1070.76
2017-09-11 15:00:00,1052.28
2017-09-11 16:00:00,1026.72
2017-09-11 17:00:00,914.64
2017-09-11 18:00:00,572.04
2017-09-11 19:00:00,418.32
2017-09-11 20:00:00,377.04
2017-09-11 21:00:00,364.68
2017-09-11 22:00:00,290.28
2017-09-11 23:00:00,268.8
2017-09-12 00:00:00,252.0
2017-09-12 00:00:00,252.0
2017-09-12 01:00:00,254.04
2017-09-12 02:00:00,248.64
2017-09-12 03:00:00,258.48
2017-09-12 04:00:00,255.48
2017-09-12 05:00:00,253.44
2017-09-12 06:00:00,348.84
2017-09-12 07:00:00,775.8
2017-09-12 08:00:00,873.96
2017-09-12 09:00:00,1081.32
2017-09-12 10:00:00,1063.92
2017-09-12 11:00:00,1127.88
2017-09-12 12:00:00,1084.68
2017-09-12 13:00:00,963.84
2017-09-12 14:00:00,1025.52
2017-09-12 15:00:00,994.44
2017-09-12 16:00:00,963.96
2017-09-12 17:00:00,902.28
2017-09-12 18:00:00,581.16
2017-09-12 19:00:00,460.92
2017-09-12 20:00:00,411.84
2017-09-12 21:00:00,330.12
2017-09-12 22:00:00,273.0
2017-09-12 23:00:00,259.32
2017-09-13 00:00:00,270.24
2017-09-13 00:00:00,270.24
2017-09-13 01:00:00,249.6
2017-09-13 02:00:00,265.92
2017-09-13 03:00:00,272.64
2017-09-13 04:00:00,270.12
2017-09-13 05:00:00,262.56
2017-09-13 06:00:00,293.04
2017-09-13 07:00:00,723.36
2017-09-13 08:00:00,840.36
2017-09-13 09:00:00,1035.0
2017-09-13 10:00:00,1102.68
2017-09-13 11:00:00,1071.36
2017-09-13 12:00:00,1112.64
2017-09-13 13:00:00,1057.56
2017-09-13 14:00:00,1057.32
2017-09-13 15:00:00,1011.96
2017-09-13 16:00:00,925.8
2017-09-13 17:00:00,929.64
2017-09-13 18:00:00,533.88
2017-09-13 19:00:00,439.2
2017-09-13 20:00:00,425.64
2017-09-13 21:00:00,331.44
2017-09-13 22:00:00,313.08
2017-09-13 23:00:00,275.04
2017-09-14 00:00:00,269.28
2017-09-14 00:00:00,269.28
2017-09-14 01:00:00,261.24
2017-09-14 02:00:00,253.92
2017-09-14 03:00:00,255.84
2017-09-14 04:00:00,261.84
2017-09-14 05:00:00,248.64
2017-09-14 06:00:00,302.64
2017-09-14 07:00:00,695.64
2017-09-14 08:00:00,844.08
2017-09-14 09:00:00,999.96
2017-09-14 10:00:00,953.64
2017-09-14 11:00:00,1044.72
2017-09-14 12:00:00,1081.8
2017-09-14 13:00:00,956.04
2017-09-14 14:00:00,1122.96
2017-09-14 15:00:00,1025.28
2017-09-14 16:00:00,938.76
2017-09-14 17:00:00,855.6
2017-09-14 18:00:00,591.84
2017-09-14 19:00:00,455.4
2017-09-14 20:00:00,370.56
2017-09-14 21:00:00,356.76
2017-09-14 22:00:00,287.88
2017-09-14 23:00:00,259.56
2017-09-15 00:00:00,265.2
2017-09-15 00:00:00,265.2
2017-09-15 01:00:00,249.0
2017-09-15 02:00:00,248.28
2017-09-15 03:00:00,261.6
2017-09-15 04:00:00,244.8
2017-09-15 05:00:00,247.8
2017-09-15 06:00:00,284.52
2017-09-15 07:00:00,713.4
2017-09-15 08:00:00,859.8
2017-09-15 09:00:00,981.12
2017-09-15 10:00:00,1046.28
2017-09-15 11:00:00,1018.32
2017-09-15 12:00:00,1005.72
2017-09-15 13:00:00,938.76
2017-09-15 14:00:00,955.44
2017-09-15 15:00:00,975.84
2017-09-15 16:00:00,954.0
2017-09-15 17:00:00,852.0
2017-09-15 18:00:00,627.24
2017-09-15 19:00:00,408.96
2017-09-15 20:00:00,354.24
2017-09-15 21:00:00,315.24
2017-09-15 22:00:00,253.2
2017-09-15 23:00:00,262.08
2017-09-16 00:00:00,256.56
2017-09-16 00:00:00,256.56
2017-09-16 01:00:00,252.84
2017-09-16 02:00:00,241.92
2017-09-16 03:00:00,249.6
2017-09-16 04:00:00,243.72
2017-09-16 05:00:00,246.36
2017-09-16 06:00:00,270.24
2017-09-16 07:00:00,287.76
2017-09-16 08:00:00,360.48
2017-09-16 09:00:00,366.36
2017-09-16 10:00:00,444.6
2017-09-16 11:00:00,420.84
2017-09-16 12:00:00,407.16
2017-09-16 13:00:00,382.56
2017-09-16 14:00:00,390.12
2017-09-16 15:00:00,417.72
2017-09-16 16:00:00,336.12
2017-09-16 17:00:00,331.2
2017-09-16 18:00:00,367.32
2017-09-16 19:00:00,334.92
2017-09-16 20:00:00,306.72
2017-09-16 21:00:00,298.32
2017-09-16 22:00:00,256.2
2017-09-16 23:00:00,244.8
2017-09-17 00:00:00,243.36
2017-09-17 00:00:00,243.36
2017-09-17 01:00:00,243.0
2017-09-17 02:00:00,243.48
2017-09-17 03:00:00,245.76
2017-09-17 04:00:00,230.4
2017-09-17 05:00:00,248.76
2017-09-17 06:00:00,261.36
2017-09-17 07:00:00,285.6
2017-09-17 08:00:00,282.12
2017-09-17 09:00:00,296.88
2017-09-17 10:00:00,321.96
2017-09-17 11:00:00,324.0
2017-09-17 12:00:00,309.12
2017-09-17 13:00:00,314.28
2017-09-17 14:00:00,351.72
2017-09-17 15:00:00,320.4
2017-09-17 16:00:00,324.0
2017-09-17 17:00:00,312.24
2017-09-17 18:00:00,344.76
2017-09-17 19:00:00,354.36
2017-09-17 20:00:00,349.32
2017-09-17 21:00:00,287.52
2017-09-17 22:00:00,257.76
2017-09-17 23:00:00,240.72
2017-09-18 00:00:00,243.6
2017-09-18 00:00:00,243.6
2017-09-18 01:00:00,244.92
2017-09-18 02:00:00,247.56
2017-09-18 03:00:00,244.2
2017-09-18 04:00:00,249.48
2017-09-18 05:00:00,239.52
2017-09-18 06:00:00,294.72
2017-09-18 07:00:00,768.24
2017-09-18 08:00:00,907.56
2017-09-18 09:00:00,1069.8
2017-09-18 10:00:00,1093.44
2017-09-18 11:00:00,1063.56
2017-09-18 12:00:00,1076.4
2017-09-18 13:00:00,978.72
2017-09-18 14:00:00,1010.64
2017-09-18 15:00:00,1067.88
2017-09-18 16:00:00,960.48
2017-09-18 17:00:00,895.68
2017-09-18 18:00:00,576.84
2017-09-18 19:00:00,434.88
2017-09-18 20:00:00,409.68
2017-09-18 21:00:00,330.72
2017-09-18 22:00:00,296.88
2017-09-18 23:00:00,262.44
2017-09-19 00:00:00,262.32
2017-09-19 00:00:00,262.32
2017-09-19 01:00:00,242.64
2017-09-19 02:00:00,252.36
2017-09-19 03:00:00,256.92
2017-09-19 04:00:00,254.64
2017-09-19 05:00:00,242.52
2017-09-19 06:00:00,341.04
2017-09-19 07:00:00,779.76
2017-09-19 08:00:00,902.4
2017-09-19 09:00:00,1071.6
2017-09-19 10:00:00,1056.24
2017-09-19 11:00:00,1032.96
2017-09-19 12:00:00,1114.8
2017-09-19 13:00:00,968.64
2017-09-19 14:00:00,1038.72
2017-09-19 15:00:00,1002.48
2017-09-19 16:00:00,974.4
2017-09-19 17:00:00,888.24
2017-09-19 18:00:00,643.56
2017-09-19 19:00:00,512.16
2017-09-19 20:00:00,413.64
2017-09-19 21:00:00,318.84
2017-09-19 22:00:00,285.12
2017-09-19 23:00:00,250.32
2017-09-20 00:00:00,245.04
2017-09-20 00:00:00,245.04
2017-09-20 01:00:00,263.4
2017-09-20 02:00:00,246.24
2017-09-20 03:00:00,257.76
2017-09-20 04:00:00,246.24
2017-09-20 05:00:00,247.44
2017-09-20 06:00:00,285.12
2017-09-20 07:00:00,709.08
2017-09-20 08:00:00,805.56
2017-09-20 09:00:00,987.12
2017-09-20 10:00:00,972.6
2017-09-20 11:00:00,958.32
2017-09-20 12:00:00,940.08
2017-09-20 13:00:00,915.84
2017-09-20 14:00:00,990.0
2017-09-20 15:00:00,1032.24
2017-09-20 16:00:00,1060.2
2017-09-20 17:00:00,883.08
2017-09-20 18:00:00,496.8
2017-09-20 19:00:00,360.96
2017-09-20 20:00:00,382.56
2017-09-20 21:00:00,298.2
2017-09-20 22:00:00,261.36
2017-09-20 23:00:00,250.2
2017-09-21 00:00:00,236.04
2017-09-21 00:00:00,236.04
2017-09-21 01:00:00,238.44
2017-09-21 02:00:00,246.96
2017-09-21 03:00:00,240.0
2017-09-21 04:00:00,235.92
2017-09-21 05:00:00,229.44
2017-09-21 06:00:00,271.8
2017-09-21 07:00:00,650.52
2017-09-21 08:00:00,780.48
2017-09-21 09:00:00,957.24
2017-09-21 10:00:00,957.6
2017-09-21 11:00:00,971.76
2017-09-21 12:00:00,1007.04
2017-09-21 13:00:00,874.44
2017-09-21 14:00:00,998.88
2017-09-21 15:00:00,925.44
2017-09-21 16:00:00,930.12
2017-09-21 17:00:00,786.96
2017-09-21 18:00:00,540.72
2017-09-21 19:00:00,404.4
2017-09-21 20:00:00,346.92
2017-09-21 21:00:00,306.72
2017-09-21 22:00:00,261.6
2017-09-21 23:00:00,245.64
2017-09-22 00:00:00,243.48
2017-09-22 00:00:00,243.48
2017-09-22 01:00:00,240.6
2017-09-22 02:00:00,247.56
2017-09-22 03:00:00,236.04
2017-09-22 04:00:00,238.44
2017-09-22 05:00:00,244.08
2017-09-22 06:00:00,286.32
2017-09-22 07:00:00,612.36
2017-09-22 08:00:00,772.68
2017-09-22 09:00:00,940.08
2017-09-22 10:00:00,988.2
2017-09-22 11:00:00,1084.08
2017-09-22 12:00:00,1060.32
2017-09-22 13:00:00,952.08
2017-09-22 14:00:00,1002.48
2017-09-22 15:00:00,979.56
2017-09-22 16:00:00,967.2
2017-09-22 17:00:00,791.4
2017-09-22 18:00:00,494.76
2017-09-22 19:00:00,378.0
2017-09-22 20:00:00,400.56
2017-09-22 21:00:00,344.52
2017-09-22 22:00:00,268.8
2017-09-22 23:00:00,244.32
2017-09-23 00:00:00,235.8
2017-09-23 00:00:00,235.8
2017-09-23 01:00:00,241.32
2017-09-23 02:00:00,239.16
2017-09-23 03:00:00,232.56
2017-09-23 04:00:00,240.24
2017-09-23 05:00:00,229.32
2017-09-23 06:00:00,263.52
2017-09-23 07:00:00,288.6
2017-09-23 08:00:00,375.36
2017-09-23 09:00:00,410.88
2017-09-23 10:00:00,413.4
2017-09-23 11:00:00,419.4
2017-09-23 12:00:00,430.32
2017-09-23 13:00:00,399.84
2017-09-23 14:00:00,415.92
2017-09-23 15:00:00,427.2
2017-09-23 16:00:00,355.8
2017-09-23 17:00:00,363.72
2017-09-23 18:00:00,413.88
2017-09-23 19:00:00,328.08
2017-09-23 20:00:00,308.28
2017-09-23 21:00:00,285.84
2017-09-23 22:00:00,235.44
2017-09-23 23:00:00,243.48
2017-09-24 00:00:00,233.04
2017-09-24 00:00:00,233.04
2017-09-24 01:00:00,230.04
2017-09-24 02:00:00,240.72
2017-09-24 03:00:00,238.92
2017-09-24 04:00:00,238.8
2017-09-24 05:00:00,248.64
2017-09-24 06:00:00,268.08
2017-09-24 07:00:00,256.44
2017-09-24 08:00:00,299.52
2017-09-24 09:00:00,276.36
2017-09-24 10:00:00,308.64
2017-09-24 11:00:00,326.88
2017-09-24 12:00:00,303.0
2017-09-24 13:00:00,310.08
2017-09-24 14:00:00,320.16
2017-09-24 15:00:00,319.2
2017-09-24 16:00:00,305.52
2017-09-24 17:00:00,337.2
2017-09-24 18:00:00,383.4
2017-09-24 19:00:00,335.88
2017-09-24 20:00:00,319.8
2017-09-24 21:00:00,283.92
2017-09-24 22:00:00,238.44
2017-09-24 23:00:00,247.56
2017-09-25 00:00:00,233.76
2017-09-25 00:00:00,233.76
2017-09-25 01:00:00,242.88
2017-09-25 02:00:00,237.24
2017-09-25 03:00:00,233.64
2017-09-25 04:00:00,236.4
2017-09-25 05:00:00,243.72
2017-09-25 06:00:00,277.56
2017-09-25 07:00:00,681.84
2017-09-25 08:00:00,849.96
2017-09-25 09:00:00,1028.76
2017-09-25 10:00:00,1028.88
2017-09-25 11:00:00,1049.16
2017-09-25 12:00:00,1025.16
2017-09-25 13:00:00,970.92
2017-09-25 14:00:00,1055.88
2017-09-25 15:00:00,988.44
2017-09-25 16:00:00,987.6
2017-09-25 17:00:00,881.52
2017-09-25 18:00:00,555.24
2017-09-25 19:00:00,395.64
2017-09-25 20:00:00,380.52
2017-09-25 21:00:00,344.32
2017-09-25 22:00:00,314.52
2017-09-25 23:00:00,269.52
2017-09-26 00:00:00,268.44
2017-09-26 00:00:00,268.44
2017-09-26 01:00:00,272.52
2017-09-26 02:00:00,265.92
2017-09-26 03:00:00,268.44
2017-09-26 04:00:00,267.96
2017-09-26 05:00:00,273.6
2017-09-26 06:00:00,345.6
2017-09-26 07:00:00,675.96
2017-09-26 08:00:00,944.4
2017-09-26 09:00:00,1033.92
2017-09-26 10:00:00,1075.56
2017-09-26 11:00:00,1063.8
2017-09-26 12:00:00,1144.92
2017-09-26 13:00:00,1105.2
2017-09-26 14:00:00,1144.08
2017-09-26 15:00:00,1115.28
2017-09-26 16:00:00,1119.12
2017-09-26 17:00:00,1061.52
2017-09-26 18:00:00,704.04
2017-09-26 19:00:00,596.76
2017-09-26 20:00:00,546.0
2017-09-26 21:00:00,362.88
2017-09-26 22:00:00,298.32
2017-09-26 23:00:00,274.92
2017-09-27 00:00:00,264.96
2017-09-27 00:00:00,264.96
2017-09-27 01:00:00,277.56
2017-09-27 02:00:00,251.88
2017-09-27 03:00:00,256.92
2017-09-27 04:00:00,263.4
2017-09-27 05:00:00,274.2
2017-09-27 06:00:00,358.32
2017-09-27 07:00:00,780.6
2017-09-27 08:00:00,903.24
2017-09-27 09:00:00,959.16
2017-09-27 10:00:00,988.92
2017-09-27 11:00:00,1062.36
2017-09-27 12:00:00,980.08
2017-09-27 13:00:00,920.64
2017-09-27 14:00:00,935.4
2017-09-27 15:00:00,945.0
2017-09-27 16:00:00,897.36
2017-09-27 17:00:00,754.44
2017-09-27 18:00:00,516.48
2017-09-27 19:00:00,428.88
2017-09-27 20:00:00,365.52
2017-09-27 21:00:00,356.4
2017-09-27 22:00:00,276.48
2017-09-27 23:00:00,256.2
2017-09-28 00:00:00,247.68
2017-09-28 00:00:00,247.68
2017-09-28 01:00:00,255.0
2017-09-28 02:00:00,244.08
2017-09-28 03:00:00,244.2
2017-09-28 04:00:00,244.32
2017-09-28 05:00:00,253.2
2017-09-28 06:00:00,352.8
2017-09-28 07:00:00,619.8
2017-09-28 08:00:00,787.44
2017-09-28 09:00:00,866.76
2017-09-28 10:00:00,912.72
2017-09-28 11:00:00,917.52
2017-09-28 12:00:00,933.12
2017-09-28 13:00:00,894.72
2017-09-28 14:00:00,908.16
2017-09-28 15:00:00,901.2
2017-09-28 16:00:00,885.24
2017-09-28 17:00:00,801.12
2017-09-28 18:00:00,523.32
2017-09-28 19:00:00,426.96
2017-09-28 20:00:00,344.76
2017-09-28 21:00:00,311.64
2017-09-28 22:00:00,275.64
2017-09-28 23:00:00,241.08
2017-09-29 00:00:00,254.04
2017-09-29 00:00:00,254.04
2017-09-29 01:00:00,241.2
2017-09-29 02:00:00,243.0
2017-09-29 03:00:00,249.96
2017-09-29 04:00:00,225.36
2017-09-29 05:00:00,233.28
2017-09-29 06:00:00,294.48
2017-09-29 07:00:00,617.16
2017-09-29 08:00:00,797.4
2017-09-29 09:00:00,905.16
2017-09-29 10:00:00,907.8
2017-09-29 11:00:00,902.16
2017-09-29 12:00:00,979.8
2017-09-29 13:00:00,1010.4
2017-09-29 14:00:00,943.92
2017-09-29 15:00:00,924.0
2017-09-29 16:00:00,834.6
2017-09-29 17:00:00,740.28
2017-09-29 18:00:00,461.04
2017-09-29 19:00:00,370.2
2017-09-29 20:00:00,332.64
2017-09-29 21:00:00,306.24
2017-09-29 22:00:00,258.24
2017-09-29 23:00:00,253.08
2017-09-30 00:00:00,236.52
2017-09-30 00:00:00,236.52
2017-09-30 01:00:00,244.44
2017-09-30 02:00:00,240.96
2017-09-30 03:00:00,239.76
2017-09-30 04:00:00,232.68
2017-09-30 05:00:00,221.16
2017-09-30 06:00:00,324.0
2017-09-30 07:00:00,625.44
2017-09-30 08:00:00,723.96
2017-09-30 09:00:00,853.92
2017-09-30 10:00:00,984.6
2017-09-30 11:00:00,973.68
2017-09-30 12:00:00,970.32
2017-09-30 13:00:00,891.84
2017-09-30 14:00:00,873.96
2017-09-30 15:00:00,825.44
2017-09-30 16:00:00,818.88
2017-09-30 17:00:00,764.52
2017-09-30 18:00:00,414.0
2017-09-30 19:00:00,319.44
2017-09-30 20:00:00,286.32
2017-09-30 21:00:00,258.12
2017-09-30 22:00:00,228.0
2017-09-30 23:00:00,212.04
2017-10-01 00:00:00,217.48
2017-09-30 00:00:00,236.52
2017-09-30 01:00:00,244.44
2017-09-30 02:00:00,240.96
2017-09-30 03:00:00,239.76
2017-09-30 04:00:00,232.68
2017-09-30 05:00:00,221.16
2017-09-30 06:00:00,324.0
2017-09-30 07:00:00,625.44
2017-09-30 08:00:00,723.96
2017-09-30 09:00:00,853.92
2017-09-30 10:00:00,984.6
2017-09-30 11:00:00,973.68
2017-09-30 12:00:00,970.32
2017-09-30 13:00:00,891.84
2017-09-30 14:00:00,873.96
2017-09-30 15:00:00,825.44
2017-09-30 16:00:00,818.88
2017-09-30 17:00:00,764.52
2017-09-30 18:00:00,414.0
2017-09-30 19:00:00,319.44
2017-09-30 20:00:00,286.32
2017-09-30 21:00:00,258.12
2017-09-30 22:00:00,228.0
2017-09-30 23:00:00,212.04
2017-10-01 00:00:00,217.48
2017-10-02 00:00:00,240.72
2017-10-02 01:00:00,251.18
2017-10-02 02:00:00,231.96
2017-10-02 03:00:00,232.2
2017-10-02 04:00:00,236.76
2017-10-02 05:00:00,234.96
2017-10-02 06:00:00,248.04
2017-10-02 07:00:00,252.72
2017-10-02 08:00:00,339.12
2017-10-02 09:00:00,337.68
2017-10-02 10:00:00,358.32
2017-10-02 11:00:00,356.76
2017-10-02 12:00:00,452.76
2017-10-02 13:00:00,344.64
2017-10-02 14:00:00,357.72
2017-10-02 15:00:00,368.16
2017-10-02 16:00:00,387.0
2017-10-02 17:00:00,307.92
2017-10-02 18:00:00,296.04
2017-10-02 19:00:00,280.56
2017-10-02 20:00:00,297.36
2017-10-02 21:00:00,257.52
2017-10-02 22:00:00,228.0
2017-10-02 23:00:00,222.84
2017-10-03 00:00:00,226.08
2017-10-03 00:00:00,226.08
2017-10-03 01:00:00,223.56
2017-10-03 02:00:00,216.12
2017-10-03 03:00:00,231.0
2017-10-03 04:00:00,226.57
2017-10-03 05:00:00,212.52
2017-10-03 06:00:00,232.1
2017-10-03 07:00:00,243.84
2017-10-03 08:00:00,321.0
2017-10-03 09:00:00,319.68
2017-10-03 10:00:00,341.88
2017-10-03 11:00:00,341.16
2017-10-03 12:00:00,325.56
2017-10-03 13:00:00,380.64
2017-10-03 14:00:00,367.08
2017-10-03 15:00:00,336.24
2017-10-03 16:00:00,362.16
2017-10-03 17:00:00,287.16
2017-10-03 18:00:00,292.8
2017-10-03 19:00:00,263.28
2017-10-03 20:00:00,266.76
2017-10-03 21:00:00,250.68
2017-10-03 22:00:00,219.96
2017-10-03 23:00:00,229.8
2017-10-04 00:00:00,233.52
2017-10-04 00:00:00,233.52
2017-10-04 01:00:00,223.68
2017-10-04 02:00:00,218.76
2017-10-04 03:00:00,221.04
2017-10-04 04:00:00,214.8
2017-10-04 05:00:00,209.4
2017-10-04 06:00:00,253.8
2017-10-04 07:00:00,236.76
2017-10-04 08:00:00,321.6
2017-10-04 09:00:00,325.92
2017-10-04 10:00:00,334.08
2017-10-04 11:00:00,324.0
2017-10-04 12:00:00,318.84
2017-10-04 13:00:00,323.04
2017-10-04 14:00:00,337.44
2017-10-04 15:00:00,332.76
2017-10-04 16:00:00,328.56
2017-10-04 17:00:00,254.04
2017-10-04 18:00:00,279.96
2017-10-04 19:00:00,271.68
2017-10-04 20:00:00,265.44
2017-10-04 21:00:00,254.76
2017-10-04 22:00:00,218.4
2017-10-04 23:00:00,219.72
2017-10-05 00:00:00,227.16
2017-10-05 00:00:00,227.16
2017-10-05 01:00:00,219.0
2017-10-05 02:00:00,227.5
2017-10-05 03:00:00,222.36
2017-10-05 04:00:00,213.96
2017-10-05 05:00:00,208.8
2017-10-05 06:00:00,246.96
2017-10-05 07:00:00,240.72
2017-10-05 08:00:00,307.08
2017-10-05 09:00:00,311.52
2017-10-05 10:00:00,335.16
2017-10-05 11:00:00,335.64
2017-10-05 12:00:00,308.88
2017-10-05 13:00:00,318.48
2017-10-05 14:00:00,333.96
2017-10-05 15:00:00,317.64
2017-10-05 16:00:00,323.28
2017-10-05 17:00:00,259.92
2017-10-05 18:00:00,260.4
2017-10-05 19:00:00,265.56
2017-10-05 20:00:00,258.84
2017-10-05 21:00:00,240.96
2017-10-05 22:00:00,240.96
2017-10-05 23:00:00,205.8
2017-10-06 00:00:00,221.16
2017-10-06 00:00:00,221.16
2017-10-06 01:00:00,231.0
2017-10-06 02:00:00,218.28
2017-10-06 03:00:00,221.76
2017-10-06 04:00:00,214.44
2017-10-06 05:00:00,217.44
2017-10-06 06:00:00,250.68
2017-10-06 07:00:00,251.04
2017-10-06 08:00:00,314.4
2017-10-06 09:00:00,325.2
2017-10-06 10:00:00,338.64
2017-10-06 11:00:00,357.12
2017-10-06 12:00:00,333.24
2017-10-06 13:00:00,386.88
2017-10-06 14:00:00,361.44
2017-10-06 15:00:00,380.28
2017-10-06 16:00:00,343.92
2017-10-06 17:00:00,281.76
2017-10-06 18:00:00,342.6
2017-10-06 19:00:00,282.12
2017-10-06 20:00:00,260.28
2017-10-06 21:00:00,271.08
2017-10-06 22:00:00,215.04
2017-10-06 23:00:00,219.12
2017-10-07 00:00:00,222.96
2017-10-07 00:00:00,222.96
2017-10-07 01:00:00,215.28
2017-10-07 02:00:00,212.88
2017-10-07 03:00:00,205.56
2017-10-07 04:00:00,210.72
2017-10-07 05:00:00,203.4
2017-10-07 06:00:00,246.0
2017-10-07 07:00:00,236.28
2017-10-07 08:00:00,287.16
2017-10-07 09:00:00,305.16
2017-10-07 10:00:00,313.92
2017-10-07 11:00:00,353.52
2017-10-07 12:00:00,309.36
2017-10-07 13:00:00,316.8
2017-10-07 14:00:00,305.4
2017-10-07 15:00:00,308.52
2017-10-07 16:00:00,297.84
2017-10-07 17:00:00,339.0
2017-10-07 18:00:00,324.0
2017-10-07 19:00:00,289.8
2017-10-07 20:00:00,327.12
2017-10-07 21:00:00,259.8
2017-10-07 22:00:00,230.52
2017-10-07 23:00:00,220.08
2017-10-08 00:00:00,214.68
2017-10-08 00:00:00,214.68
2017-10-08 01:00:00,214.8
2017-10-08 02:00:00,222.84
2017-10-08 03:00:00,219.84
2017-10-08 04:00:00,209.4
2017-10-08 05:00:00,220.92
2017-10-08 06:00:00,235.56
2017-10-08 07:00:00,250.32
2017-10-08 08:00:00,282.72
2017-10-08 09:00:00,309.12
2017-10-08 10:00:00,322.92
2017-10-08 11:00:00,309.24
2017-10-08 12:00:00,321.48
2017-10-08 13:00:00,306.84
2017-10-08 14:00:00,323.28
2017-10-08 15:00:00,349.32
2017-10-08 16:00:00,321.84
2017-10-08 17:00:00,364.44
2017-10-08 18:00:00,314.04
2017-10-08 19:00:00,306.0
2017-10-08 20:00:00,276.6
2017-10-08 21:00:00,308.4
2017-10-08 22:00:00,242.76
2017-10-08 23:00:00,245.16
2017-10-09 00:00:00,231.12
2017-10-09 00:00:00,231.12
2017-10-09 01:00:00,224.76
2017-10-09 02:00:00,223.56
2017-10-09 03:00:00,240.72
2017-10-09 04:00:00,225.72
2017-10-09 05:00:00,217.44
2017-10-09 06:00:00,246.0
2017-10-09 07:00:00,759.12
2017-10-09 08:00:00,833.16
2017-10-09 09:00:00,996.72
2017-10-09 10:00:00,1033.68
2017-10-09 11:00:00,1014.84
2017-10-09 12:00:00,1074.36
2017-10-09 13:00:00,968.04
2017-10-09 14:00:00,1008.0
2017-10-09 15:00:00,999.96
2017-10-09 16:00:00,959.4
2017-10-09 17:00:00,963.96
2017-10-09 18:00:00,540.0
2017-10-09 19:00:00,445.2
2017-10-09 20:00:00,366.24
2017-10-09 21:00:00,293.28
2017-10-09 22:00:00,262.8
2017-10-09 23:00:00,248.64
2017-10-10 00:00:00,254.52
2017-10-10 00:00:00,254.52
2017-10-10 01:00:00,257.76
2017-10-10 02:00:00,248.88
2017-10-10 03:00:00,253.56
2017-10-10 04:00:00,252.96
2017-10-10 05:00:00,241.92
2017-10-10 06:00:00,274.92
2017-10-10 07:00:00,768.84
2017-10-10 08:00:00,891.72
2017-10-10 09:00:00,986.52
2017-10-10 10:00:00,1019.52
2017-10-10 11:00:00,1048.68
2017-10-10 12:00:00,1079.52
2017-10-10 13:00:00,1073.04
2017-10-10 14:00:00,1028.52
2017-10-10 15:00:00,1009.08
2017-10-10 16:00:00,967.44
2017-10-10 17:00:00,918.84
2017-10-10 18:00:00,506.52
2017-10-10 19:00:00,395.16
2017-10-10 20:00:00,351.72
2017-10-10 21:00:00,308.34
2017-10-10 22:00:00,257.76
2017-10-10 23:00:00,249.36
2017-10-11 00:00:00,236.42
2017-10-11 00:00:00,236.42
2017-10-11 01:00:00,249.02
2017-10-11 02:00:00,232.8
2017-10-11 03:00:00,230.4
2017-10-11 04:00:00,243.84
2017-10-11 05:00:00,234.6
2017-10-11 06:00:00,255.72
2017-10-11 07:00:00,724.92
2017-10-11 08:00:00,776.16
2017-10-11 09:00:00,854.16
2017-10-11 10:00:00,1003.32
2017-10-11 11:00:00,1092.0
2017-10-11 12:00:00,965.16
2017-10-11 13:00:00,953.52
2017-10-11 14:00:00,892.2
2017-10-11 15:00:00,931.68
2017-10-11 16:00:00,849.96
2017-10-11 17:00:00,874.92
2017-10-11 18:00:00,490.56
2017-10-11 19:00:00,382.44
2017-10-11 20:00:00,352.68
2017-10-11 21:00:00,309.96
2017-10-11 22:00:00,293.22
2017-10-11 23:00:00,246.72
2017-10-12 00:00:00,260.24
2017-10-12 00:00:00,260.24
2017-10-12 01:00:00,235.3
2017-10-12 02:00:00,249.36
2017-10-12 03:00:00,240.19
2017-10-12 04:00:00,249.12
2017-10-12 05:00:00,238.38
2017-10-12 06:00:00,260.28
2017-10-12 07:00:00,587.4
2017-10-12 08:00:00,674.64
2017-10-12 09:00:00,933.62
2017-10-12 10:00:00,961.2
2017-10-12 11:00:00,897.08
2017-10-12 12:00:00,904.74
2017-10-12 13:00:00,887.64
2017-10-12 14:00:00,968.4
2017-10-12 15:00:00,831.0
2017-10-12 16:00:00,817.08
2017-10-12 17:00:00,817.68
2017-10-12 18:00:00,457.44
2017-10-12 19:00:00,399.0
2017-10-12 20:00:00,322.32
2017-10-12 21:00:00,288.48
2017-10-12 22:00:00,249.12
2017-10-12 23:00:00,241.8
2017-10-13 00:00:00,239.28
2017-10-13 00:00:00,239.28
2017-10-13 01:00:00,251.88
2017-10-13 02:00:00,228.48
2017-10-13 03:00:00,227.4
2017-10-13 04:00:00,224.52
2017-10-13 05:00:00,226.44
2017-10-13 06:00:00,256.56
2017-10-13 07:00:00,558.96
2017-10-13 08:00:00,662.64
2017-10-13 09:00:00,821.64
2017-10-13 10:00:00,891.36
2017-10-13 11:00:00,957.36
2017-10-13 12:00:00,973.68
2017-10-13 13:00:00,978.6
2017-10-13 14:00:00,1018.2
2017-10-13 15:00:00,873.6
2017-10-13 16:00:00,913.56
2017-10-13 17:00:00,819.36
2017-10-13 18:00:00,525.48
2017-10-13 19:00:00,390.6
2017-10-13 20:00:00,340.68
2017-10-13 21:00:00,307.32
2017-10-13 22:00:00,262.56
2017-10-13 23:00:00,252.96
2017-10-14 00:00:00,249.24
2017-10-14 00:00:00,249.24
2017-10-14 01:00:00,256.68
2017-10-14 02:00:00,234.48
2017-10-14 03:00:00,247.08
2017-10-14 04:00:00,239.04
2017-10-14 05:00:00,233.16
2017-10-14 06:00:00,265.32
2017-10-14 07:00:00,267.12
2017-10-14 08:00:00,292.32
2017-10-14 09:00:00,296.88
2017-10-14 10:00:00,314.52
2017-10-14 11:00:00,302.28
2017-10-14 12:00:00,388.44
2017-10-14 13:00:00,389.04
2017-10-14 14:00:00,366.24
2017-10-14 15:00:00,368.76
2017-10-14 16:00:00,396.96
2017-10-14 17:00:00,332.16
2017-10-14 18:00:00,347.24
2017-10-14 19:00:00,312.0
2017-10-14 20:00:00,326.88
2017-10-14 21:00:00,281.28
2017-10-14 22:00:00,266.16
2017-10-14 23:00:00,246.24
2017-10-15 00:00:00,238.8
2017-10-15 00:00:00,238.8
2017-10-15 01:00:00,248.16
2017-10-15 02:00:00,226.2
2017-10-15 03:00:00,249.6
2017-10-15 04:00:00,239.4
2017-10-15 05:00:00,233.88
2017-10-15 06:00:00,260.4
2017-10-15 07:00:00,259.08
2017-10-15 08:00:00,271.92
2017-10-15 09:00:00,287.76
2017-10-15 10:00:00,311.52
2017-10-15 11:00:00,321.12
2017-10-15 12:00:00,345.0
2017-10-15 13:00:00,328.92
2017-10-15 14:00:00,329.52
2017-10-15 15:00:00,325.56
2017-10-15 16:00:00,349.68
2017-10-15 17:00:00,331.32
2017-10-15 18:00:00,303.48
2017-10-15 19:00:00,278.76
2017-10-15 20:00:00,272.28
2017-10-15 21:00:00,272.52
2017-10-15 22:00:00,247.68
2017-10-15 23:00:00,241.08
2017-10-16 00:00:00,232.8
2017-10-16 00:00:00,232.8
2017-10-16 01:00:00,227.04
2017-10-16 02:00:00,239.4
2017-10-16 03:00:00,237.84
2017-10-16 04:00:00,229.8
2017-10-16 05:00:00,236.88
2017-10-16 06:00:00,263.52
2017-10-16 07:00:00,543.0
2017-10-16 08:00:00,734.76
2017-10-16 09:00:00,839.64
2017-10-16 10:00:00,871.8
2017-10-16 11:00:00,927.6
2017-10-16 12:00:00,931.32
2017-10-16 13:00:00,861.84
2017-10-16 14:00:00,920.16
2017-10-16 15:00:00,920.28
2017-10-16 16:00:00,834.12
2017-10-16 17:00:00,836.76
2017-10-16 18:00:00,563.64
2017-10-16 19:00:00,368.28
2017-10-16 20:00:00,343.2
2017-10-16 21:00:00,283.08
2017-10-16 22:00:00,237.96
2017-10-16 23:00:00,230.16
2017-10-17 00:00:00,232.92
2017-10-17 00:00:00,232.92
2017-10-17 01:00:00,240.0
2017-10-17 02:00:00,231.36
2017-10-17 03:00:00,227.4
2017-10-17 04:00:00,234.36
2017-10-17 05:00:00,225.0
2017-10-17 06:00:00,244.92
2017-10-17 07:00:00,562.92
2017-10-17 08:00:00,752.28
2017-10-17 09:00:00,885.36
2017-10-17 10:00:00,905.28
2017-10-17 11:00:00,937.8
2017-10-17 12:00:00,959.4
2017-10-17 13:00:00,907.32
2017-10-17 14:00:00,1011.12
2017-10-17 15:00:00,955.32
2017-10-17 16:00:00,907.8
2017-10-17 17:00:00,924.96
2017-10-17 18:00:00,654.36
2017-10-17 19:00:00,497.28
2017-10-17 20:00:00,416.52
2017-10-17 21:00:00,371.04
2017-10-17 22:00:00,256.2
2017-10-17 23:00:00,247.44
2017-10-18 00:00:00,239.76
2017-10-18 00:00:00,239.76
2017-10-18 01:00:00,272.64
2017-10-18 02:00:00,240.72
2017-10-18 03:00:00,239.4
2017-10-18 04:00:00,230.88
2017-10-18 05:00:00,235.08
2017-10-18 06:00:00,264.96
2017-10-18 07:00:00,594.24
2017-10-18 08:00:00,733.92
2017-10-18 09:00:00,908.64
2017-10-18 10:00:00,958.2
2017-10-18 11:00:00,1047.24
2017-10-18 12:00:00,1051.68
2017-10-18 13:00:00,945.84
2017-10-18 14:00:00,967.68
2017-10-18 15:00:00,953.88
2017-10-18 16:00:00,957.0
2017-10-18 17:00:00,927.0
2017-10-18 18:00:00,509.88
2017-10-18 19:00:00,363.6
2017-10-18 20:00:00,329.88
2017-10-18 21:00:00,320.04
2017-10-18 22:00:00,256.42
2017-10-18 23:00:00,247.68
2017-10-19 00:00:00,253.2
2017-10-19 00:00:00,253.2
2017-10-19 01:00:00,240.12
2017-10-19 02:00:00,238.92
2017-10-19 03:00:00,234.12
2017-10-19 04:00:00,232.44
2017-10-19 05:00:00,227.64
2017-10-19 06:00:00,253.2
2017-10-19 07:00:00,615.84
2017-10-19 08:00:00,719.28
2017-10-19 09:00:00,912.36
2017-10-19 10:00:00,968.88
2017-10-19 11:00:00,1036.32
2017-10-19 12:00:00,995.4
2017-10-19 13:00:00,926.64
2017-10-19 14:00:00,1028.64
2017-10-19 15:00:00,946.92
2017-10-19 16:00:00,894.36
2017-10-19 17:00:00,934.8
2017-10-19 18:00:00,512.28
2017-10-19 19:00:00,356.4
2017-10-19 20:00:00,353.28
2017-10-19 21:00:00,298.32
2017-10-19 22:00:00,259.08
2017-10-19 23:00:00,252.0
2017-10-20 00:00:00,254.52
2017-10-20 00:00:00,254.52
2017-10-20 01:00:00,251.04
2017-10-20 02:00:00,233.76
2017-10-20 03:00:00,228.12
2017-10-20 04:00:00,238.68
2017-10-20 05:00:00,238.44
2017-10-20 06:00:00,254.04
2017-10-20 07:00:00,621.84
2017-10-20 08:00:00,722.04
2017-10-20 09:00:00,932.28
2017-10-20 10:00:00,966.0
2017-10-20 11:00:00,1045.8
2017-10-20 12:00:00,1016.72
2017-10-20 13:00:00,948.6
2017-10-20 14:00:00,1007.88
2017-10-20 15:00:00,968.4
2017-10-20 16:00:00,997.92
2017-10-20 17:00:00,1023.0
2017-10-20 18:00:00,603.48
2017-10-20 19:00:00,406.08
2017-10-20 20:00:00,330.72
2017-10-20 21:00:00,324.62
2017-10-20 22:00:00,245.88
2017-10-20 23:00:00,245.52
2017-10-21 00:00:00,217.8
2017-10-21 00:00:00,217.8
2017-10-21 01:00:00,217.32
2017-10-21 02:00:00,218.88
2017-10-21 03:00:00,217.56
2017-10-21 04:00:00,224.88
2017-10-21 05:00:00,203.76
2017-10-21 06:00:00,245.76
2017-10-21 07:00:00,250.56
2017-10-21 08:00:00,274.68
2017-10-21 09:00:00,320.52
2017-10-21 10:00:00,340.68
2017-10-21 11:00:00,348.96
2017-10-21 12:00:00,370.32
2017-10-21 13:00:00,361.8
2017-10-21 14:00:00,349.8
2017-10-21 15:00:00,353.16
2017-10-21 16:00:00,375.84
2017-10-21 17:00:00,313.08
2017-10-21 18:00:00,310.2
2017-10-21 19:00:00,258.48
2017-10-21 20:00:00,261.24
2017-10-21 21:00:00,257.4
2017-10-21 22:00:00,229.92
2017-10-21 23:00:00,230.76
2017-10-22 00:00:00,226.92
2017-10-22 00:00:00,226.92
2017-10-22 01:00:00,218.76
2017-10-22 02:00:00,220.08
2017-10-22 03:00:00,219.6
2017-10-22 04:00:00,217.62
2017-10-22 05:00:00,216.84
2017-10-22 06:00:00,242.52
2017-10-22 07:00:00,228.72
2017-10-22 08:00:00,247.56
2017-10-22 09:00:00,266.88
2017-10-22 10:00:00,281.04
2017-10-22 11:00:00,292.32
2017-10-22 12:00:00,287.76
2017-10-22 13:00:00,271.8
2017-10-22 14:00:00,278.64
2017-10-22 15:00:00,282.72
2017-10-22 16:00:00,280.08
2017-10-22 17:00:00,279.36
2017-10-22 18:00:00,287.28
2017-10-22 19:00:00,276.0
2017-10-22 20:00:00,269.04
2017-10-22 21:00:00,248.76
2017-10-22 22:00:00,215.16
2017-10-22 23:00:00,227.76
2017-10-23 00:00:00,210.24
2017-10-23 00:00:00,210.24
2017-10-23 01:00:00,226.92
2017-10-23 02:00:00,208.08
2017-10-23 03:00:00,216.84
2017-10-23 04:00:00,205.68
2017-10-23 05:00:00,222.96
2017-10-23 06:00:00,255.12
2017-10-23 07:00:00,574.8
2017-10-23 08:00:00,748.8
2017-10-23 09:00:00,920.4
2017-10-23 10:00:00,932.04
2017-10-23 11:00:00,1002.36
2017-10-23 12:00:00,972.72
2017-10-23 13:00:00,881.64
2017-10-23 14:00:00,940.92
2017-10-23 15:00:00,911.04
2017-10-23 16:00:00,990.36
2017-10-23 17:00:00,884.88
2017-10-23 18:00:00,519.24
2017-10-23 19:00:00,352.68
2017-10-23 20:00:00,337.44
2017-10-23 21:00:00,299.04
2017-10-23 22:00:00,249.36
2017-10-23 23:00:00,243.12
2017-10-24 00:00:00,236.88
2017-10-24 00:00:00,236.88
2017-10-24 01:00:00,235.32
2017-10-24 02:00:00,232.8
2017-10-24 03:00:00,242.4
2017-10-24 04:00:00,235.08
2017-10-24 05:00:00,247.2
2017-10-24 06:00:00,268.14
2017-10-24 07:00:00,576.36
2017-10-24 08:00:00,755.16
2017-10-24 09:00:00,910.44
2017-10-24 10:00:00,888.48
2017-10-24 11:00:00,979.2
2017-10-24 12:00:00,977.88
2017-10-24 13:00:00,937.08
2017-10-24 14:00:00,1044.48
2017-10-24 15:00:00,1025.04
2017-10-24 16:00:00,979.2
2017-10-24 17:00:00,887.58
2017-10-24 18:00:00,500.04
2017-10-24 19:00:00,356.88
2017-10-24 20:00:00,316.32
2017-10-24 21:00:00,292.44
2017-10-24 22:00:00,234.4
2017-10-24 23:00:00,243.6
2017-10-25 00:00:00,229.08
2017-10-25 00:00:00,229.08
2017-10-25 01:00:00,223.2
2017-10-25 02:00:00,227.76
2017-10-25 03:00:00,206.88
2017-10-25 04:00:00,211.0
2017-10-25 05:00:00,216.0
2017-10-25 06:00:00,247.92
2017-10-25 07:00:00,604.8
2017-10-25 08:00:00,723.0
2017-10-25 09:00:00,902.04
2017-10-25 10:00:00,947.88
2017-10-25 11:00:00,1072.32
2017-10-25 12:00:00,1029.84
2017-10-25 13:00:00,973.08
2017-10-25 14:00:00,975.72
2017-10-25 15:00:00,960.12
2017-10-25 16:00:00,991.56
2017-10-25 17:00:00,964.44
2017-10-25 18:00:00,522.48
2017-10-25 19:00:00,373.32
2017-10-25 20:00:00,369.48
2017-10-25 21:00:00,321.84
2017-10-25 22:00:00,282.0
2017-10-25 23:00:00,255.0
2017-10-26 00:00:00,243.12
2017-10-26 00:00:00,243.12
2017-10-26 01:00:00,247.44
2017-10-26 02:00:00,227.28
2017-10-26 03:00:00,240.12
2017-10-26 04:00:00,249.96
2017-10-26 05:00:00,240.72
2017-10-26 06:00:00,268.32
2017-10-26 07:00:00,606.48
2017-10-26 08:00:00,805.56
2017-10-26 09:00:00,970.08
2017-10-26 10:00:00,959.28
2017-10-26 11:00:00,1013.04
2017-10-26 12:00:00,1025.64
2017-10-26 13:00:00,967.8
2017-10-26 14:00:00,1027.44
2017-10-26 15:00:00,1035.72
2017-10-26 16:00:00,994.68
2017-10-26 17:00:00,1049.76
2017-10-26 18:00:00,531.36
2017-10-26 19:00:00,371.28
2017-10-26 20:00:00,363.72
2017-10-26 21:00:00,322.8
2017-10-26 22:00:00,278.04
2017-10-26 23:00:00,286.2
2017-10-27 00:00:00,250.08
2017-10-27 00:00:00,250.08
2017-10-27 01:00:00,251.64
2017-10-27 02:00:00,240.6
2017-10-27 03:00:00,244.44
2017-10-27 04:00:00,235.32
2017-10-27 05:00:00,245.04
2017-10-27 06:00:00,267.84
2017-10-27 07:00:00,661.92
2017-10-27 08:00:00,840.36
2017-10-27 09:00:00,1005.36
2017-10-27 10:00:00,1002.72
2017-10-27 11:00:00,1009.32
2017-10-27 12:00:00,1058.4
2017-10-27 13:00:00,966.6
2017-10-27 14:00:00,1023.72
2017-10-27 15:00:00,1040.52
2017-10-27 16:00:00,997.68
2017-10-27 17:00:00,1055.52
2017-10-27 18:00:00,509.4
2017-10-27 19:00:00,343.44
2017-10-27 20:00:00,324.6
2017-10-27 21:00:00,276.1
2017-10-27 22:00:00,234.12
2017-10-27 23:00:00,231.84
2017-10-28 00:00:00,230.04
2017-10-28 00:00:00,230.04
2017-10-28 01:00:00,217.56
2017-10-28 02:00:00,225.0
2017-10-28 03:00:00,229.2
2017-10-28 04:00:00,218.04
2017-10-28 05:00:00,223.32
2017-10-28 06:00:00,258.6
2017-10-28 07:00:00,254.04
2017-10-28 08:00:00,267.12
2017-10-28 09:00:00,297.84
2017-10-28 10:00:00,314.64
2017-10-28 11:00:00,309.72
2017-10-28 12:00:00,322.08
2017-10-28 13:00:00,299.64
2017-10-28 14:00:00,312.36
2017-10-28 15:00:00,302.52
2017-10-28 16:00:00,292.8
2017-10-28 17:00:00,306.24
2017-10-28 18:00:00,371.04
2017-10-28 19:00:00,275.52
2017-10-28 20:00:00,252.48
2017-10-28 21:00:00,254.04
2017-10-28 22:00:00,214.92
2017-10-28 23:00:00,228.72
2017-10-29 00:00:00,224.52
2017-10-29 00:00:00,224.52
2017-10-29 01:00:00,223.44
2017-10-29 02:00:00,213.84
2017-10-29 03:00:00,213.96
2017-10-29 04:00:00,217.92
2017-10-29 05:00:00,230.76
2017-10-29 06:00:00,244.56
2017-10-29 07:00:00,237.12
2017-10-29 08:00:00,251.16
2017-10-29 09:00:00,268.32
2017-10-29 10:00:00,268.2
2017-10-29 11:00:00,314.76
2017-10-29 12:00:00,279.0
2017-10-29 13:00:00,282.96
2017-10-29 14:00:00,293.64
2017-10-29 15:00:00,277.44
2017-10-29 16:00:00,264.48
2017-10-29 17:00:00,307.92
2017-10-29 18:00:00,284.16
2017-10-29 19:00:00,247.56
2017-10-29 20:00:00,269.04
2017-10-29 21:00:00,244.44
2017-10-29 22:00:00,221.16
2017-10-29 23:00:00,229.32
2017-10-30 00:00:00,206.16
2017-10-30 00:00:00,206.16
2017-10-30 01:00:00,214.14
2017-10-30 02:00:00,214.92
2017-10-30 03:00:00,221.16
2017-10-30 04:00:00,223.08
2017-10-30 05:00:00,208.8
2017-10-30 06:00:00,235.92
2017-10-30 07:00:00,567.96
2017-10-30 08:00:00,717.12
2017-10-30 09:00:00,866.64
2017-10-30 10:00:00,886.2
2017-10-30 11:00:00,981.84
2017-10-30 12:00:00,951.0
2017-10-30 13:00:00,913.2
2017-10-30 14:00:00,928.08
2017-10-30 15:00:00,966.0
2017-10-30 16:00:00,963.6
2017-10-30 17:00:00,909.0
2017-10-30 18:00:00,479.88
2017-10-30 19:00:00,364.92
2017-10-30 20:00:00,335.4
2017-10-30 21:00:00,275.88
2017-10-30 22:00:00,246.6
2017-10-30 23:00:00,237.96
2017-10-31 00:00:00,226.56
2017-10-31 00:00:00,226.56
2017-10-31 01:00:00,229.32
2017-10-31 02:00:00,215.28
2017-10-31 03:00:00,210.24
2017-10-31 04:00:00,213.36
2017-10-31 05:00:00,202.92
2017-10-31 06:00:00,246.96
2017-10-31 07:00:00,534.24
2017-10-31 08:00:00,699.0
2017-10-31 09:00:00,887.4
2017-10-31 10:00:00,890.76
2017-10-31 11:00:00,1011.96
2017-10-31 12:00:00,1015.2
2017-10-31 13:00:00,989.88
2017-10-31 14:00:00,948.72
2017-10-31 15:00:00,942.72
2017-10-31 16:00:00,950.76
2017-10-31 17:00:00,895.32
2017-10-31 18:00:00,504.96
2017-10-31 19:00:00,354.36
2017-10-31 20:00:00,333.24
2017-10-31 21:00:00,273.6
2017-10-31 22:00:00,258.48
2017-10-31 23:00:00,227.64
2017-11-01 00:00:00,218.76
2017-11-01 00:00:00,218.76
2017-11-01 01:00:00,223.2
2017-11-01 02:00:00,237.0
2017-11-01 03:00:00,209.08
2017-11-01 04:00:00,222.42
2017-11-01 05:00:00,230.04
2017-11-01 06:00:00,255.66
2017-11-01 07:00:00,556.56
2017-11-01 08:00:00,729.72
2017-11-01 09:00:00,886.08
2017-11-01 10:00:00,959.52
2017-11-01 11:00:00,1011.96
2017-11-01 12:00:00,982.32
2017-11-01 13:00:00,935.88
2017-11-01 14:00:00,956.76
2017-11-01 15:00:00,949.92
2017-11-01 16:00:00,951.72
2017-11-01 17:00:00,935.52
2017-11-01 18:00:00,484.08
2017-11-01 19:00:00,376.92
2017-11-01 20:00:00,349.68
2017-11-01 21:00:00,330.96
2017-11-01 22:00:00,267.36
2017-11-01 23:00:00,237.0
2017-11-02 00:00:00,225.84
2017-11-02 00:00:00,225.84
2017-11-02 01:00:00,227.76
2017-11-02 02:00:00,228.84
2017-11-02 03:00:00,215.16
2017-11-02 04:00:00,215.64
2017-11-02 05:00:00,239.64
2017-11-02 06:00:00,258.0
2017-11-02 07:00:00,600.72
2017-11-02 08:00:00,762.96
2017-11-02 09:00:00,952.68
2017-11-02 10:00:00,976.44
2017-11-02 11:00:00,1039.92
2017-11-02 12:00:00,1005.6
2017-11-02 13:00:00,960.48
2017-11-02 14:00:00,1008.24
2017-11-02 15:00:00,966.36
2017-11-02 16:00:00,988.92
2017-11-02 17:00:00,1014.24
2017-11-02 18:00:00,511.92
2017-11-02 19:00:00,410.64
2017-11-02 20:00:00,316.32
2017-11-02 21:00:00,305.4
2017-11-02 22:00:00,241.08
2017-11-02 23:00:00,245.76
2017-11-03 00:00:00,231.6
2017-11-03 00:00:00,231.6
2017-11-03 01:00:00,227.28
2017-11-03 02:00:00,230.04
2017-11-03 03:00:00,218.64
2017-11-03 04:00:00,214.8
2017-11-03 05:00:00,217.68
2017-11-03 06:00:00,268.8
2017-11-03 07:00:00,635.88
2017-11-03 08:00:00,819.24
2017-11-03 09:00:00,298.0
2017-11-03 10:00:00,533.29
2017-11-03 11:00:00,341.7
2017-11-03 12:00:00,325.8
2017-11-03 13:00:00,1011.6
2017-11-03 14:00:00,1032.84
2017-11-03 15:00:00,961.32
2017-11-03 16:00:00,944.04
2017-11-03 17:00:00,926.16
2017-11-03 18:00:00,476.76
2017-11-03 19:00:00,353.04
2017-11-03 20:00:00,310.2
2017-11-03 21:00:00,303.0
2017-11-03 22:00:00,231.48
2017-11-03 23:00:00,235.56
2017-11-04 00:00:00,224.16
2017-11-04 00:00:00,224.16
2017-11-04 01:00:00,220.2
2017-11-04 02:00:00,227.28
2017-11-04 03:00:00,216.24
2017-11-04 04:00:00,216.12
2017-11-04 05:00:00,209.16
2017-11-04 06:00:00,238.92
2017-11-04 07:00:00,242.64
2017-11-04 08:00:00,263.64
2017-11-04 09:00:00,305.52
2017-11-04 10:00:00,331.92
2017-11-04 11:00:00,378.12
2017-11-04 12:00:00,323.04
2017-11-04 13:00:00,305.4
2017-11-04 14:00:00,324.96
2017-11-04 15:00:00,312.36
2017-11-04 16:00:00,317.04
2017-11-04 17:00:00,315.48
2017-11-04 18:00:00,328.68
2017-11-04 19:00:00,295.8
2017-11-04 20:00:00,281.4
2017-11-04 21:00:00,268.92
2017-11-04 22:00:00,242.64
2017-11-04 23:00:00,226.38
2017-11-05 00:00:00,210.6
2017-11-05 00:00:00,210.6
2017-11-05 01:00:00,226.32
2017-11-05 02:00:00,214.56
2017-11-05 03:00:00,216.72
2017-11-05 04:00:00,212.16
2017-11-05 05:00:00,214.48
2017-11-05 06:00:00,238.8
2017-11-05 07:00:00,237.84
2017-11-05 08:00:00,244.8
2017-11-05 09:00:00,287.88
2017-11-05 10:00:00,288.6
2017-11-05 11:00:00,328.2
2017-11-05 12:00:00,284.52
2017-11-05 13:00:00,294.72
2017-11-05 14:00:00,296.76
2017-11-05 15:00:00,294.48
2017-11-05 16:00:00,295.32
2017-11-05 17:00:00,308.04
2017-11-05 18:00:00,302.88
2017-11-05 19:00:00,291.0
2017-11-05 20:00:00,283.2
2017-11-05 21:00:00,270.12
2017-11-05 22:00:00,237.12
2017-11-05 23:00:00,233.4
2017-11-06 00:00:00,223.56
2017-11-06 00:00:00,223.56
2017-11-06 01:00:00,235.08
2017-11-06 02:00:00,221.88
2017-11-06 03:00:00,229.44
2017-11-06 04:00:00,225.12
2017-11-06 05:00:00,221.52
2017-11-06 06:00:00,256.8
2017-11-06 07:00:00,573.24
2017-11-06 08:00:00,721.44
2017-11-06 09:00:00,875.4
2017-11-06 10:00:00,883.2
2017-11-06 11:00:00,973.08
2017-11-06 12:00:00,987.36
2017-11-06 13:00:00,879.96
2017-11-06 14:00:00,941.88
2017-11-06 15:00:00,953.52
2017-11-06 16:00:00,972.88
2017-11-06 17:00:00,891.96
2017-11-06 18:00:00,464.28
2017-11-06 19:00:00,360.6
2017-11-06 20:00:00,340.92
2017-11-06 21:00:00,305.52
2017-11-06 22:00:00,269.16
2017-11-06 23:00:00,258.36
2017-11-07 00:00:00,253.68
2017-11-07 00:00:00,253.68
2017-11-07 01:00:00,252.12
2017-11-07 02:00:00,242.52
2017-11-07 03:00:00,234.48
2017-11-07 04:00:00,232.92
2017-11-07 05:00:00,237.12
2017-11-07 06:00:00,269.28
2017-11-07 07:00:00,627.24
2017-11-07 08:00:00,744.0
2017-11-07 09:00:00,958.56
2017-11-07 10:00:00,910.44
2017-11-07 11:00:00,955.8
2017-11-07 12:00:00,1004.28
2017-11-07 13:00:00,934.44
2017-11-07 14:00:00,949.32
2017-11-07 15:00:00,961.32
2017-11-07 16:00:00,924.12
2017-11-07 17:00:00,961.8
2017-11-07 18:00:00,508.08
2017-11-07 19:00:00,369.64
2017-11-07 20:00:00,354.0
2017-11-07 21:00:00,303.6
2017-11-07 22:00:00,267.48
2017-11-07 23:00:00,247.92
2017-11-08 00:00:00,246.96
2017-11-08 00:00:00,246.96
2017-11-08 01:00:00,239.76
2017-11-08 02:00:00,241.44
2017-11-08 03:00:00,232.68
2017-11-08 04:00:00,229.68
2017-11-08 05:00:00,234.6
2017-11-08 06:00:00,290.52
2017-11-08 07:00:00,603.72
2017-11-08 08:00:00,769.92
2017-11-08 09:00:00,943.32
2017-11-08 10:00:00,971.64
2017-11-08 11:00:00,1000.44
2017-11-08 12:00:00,1009.68
2017-11-08 13:00:00,946.08
2017-11-08 14:00:00,987.36
2017-11-08 15:00:00,981.92
2017-11-08 16:00:00,935.76
2017-11-08 17:00:00,949.69
2017-11-08 18:00:00,518.53
2017-11-08 19:00:00,405.24
2017-11-08 20:00:00,365.88
2017-11-08 21:00:00,341.28
2017-11-08 22:00:00,256.08
2017-11-08 23:00:00,248.65
2017-11-09 00:00:00,245.96
2017-11-09 00:00:00,245.96
2017-11-09 01:00:00,228.24
2017-11-09 02:00:00,240.48
2017-11-09 03:00:00,225.84
2017-11-09 04:00:00,228.4
2017-11-09 05:00:00,233.44
2017-11-09 06:00:00,240.77
2017-11-09 07:00:00,597.84
2017-11-09 08:00:00,735.72
2017-11-09 09:00:00,885.84
2017-11-09 10:00:00,948.92
2017-11-09 11:00:00,958.08
2017-11-09 12:00:00,956.1
2017-11-09 13:00:00,943.2
2017-11-09 14:00:00,989.88
2017-11-09 15:00:00,1002.12
2017-11-09 16:00:00,961.32
2017-11-09 17:00:00,917.64
2017-11-09 18:00:00,462.66
2017-11-09 19:00:00,353.4
2017-11-09 20:00:00,306.44
2017-11-09 21:00:00,272.46
2017-11-09 22:00:00,236.88
2017-11-09 23:00:00,209.94
2017-11-10 00:00:00,226.2
2017-11-10 00:00:00,226.2
2017-11-10 01:00:00,211.2
2017-11-10 02:00:00,220.8
2017-11-10 03:00:00,212.76
2017-11-10 04:00:00,217.2
2017-11-10 05:00:00,210.48
2017-11-10 06:00:00,230.28
2017-11-10 07:00:00,636.12
2017-11-10 08:00:00,728.28
2017-11-10 09:00:00,873.24
2017-11-10 10:00:00,959.4
2017-11-10 11:00:00,1060.68
2017-11-10 12:00:00,961.08
2017-11-10 13:00:00,906.72
2017-11-10 14:00:00,964.8
2017-11-10 15:00:00,932.28
2017-11-10 16:00:00,934.56
2017-11-10 17:00:00,851.4
2017-11-10 18:00:00,465.72
2017-11-10 19:00:00,370.44
2017-11-10 20:00:00,328.2
2017-11-10 21:00:00,298.32
2017-11-10 22:00:00,248.76
2017-11-10 23:00:00,239.16
2017-11-11 00:00:00,214.8
2017-11-11 00:00:00,214.8
2017-11-11 01:00:00,220.2
2017-11-11 02:00:00,215.28
2017-11-11 03:00:00,220.2
2017-11-11 04:00:00,206.52
2017-11-11 05:00:00,214.68
2017-11-11 06:00:00,240.24
2017-11-11 07:00:00,242.64
2017-11-11 08:00:00,271.92
2017-11-11 09:00:00,290.52
2017-11-11 10:00:00,336.6
2017-11-11 11:00:00,305.4
2017-11-11 12:00:00,314.28
2017-11-11 13:00:00,304.08
2017-11-11 14:00:00,286.68
2017-11-11 15:00:00,297.48
2017-11-11 16:00:00,310.2
2017-11-11 17:00:00,298.68
2017-11-11 18:00:00,310.2
2017-11-11 19:00:00,286.32
2017-11-11 20:00:00,283.92
2017-11-11 21:00:00,275.28
2017-11-11 22:00:00,236.88
2017-11-11 23:00:00,230.52
2017-11-12 00:00:00,223.2
2017-11-12 00:00:00,223.2
2017-11-12 01:00:00,228.36
2017-11-12 02:00:00,208.56
2017-11-12 03:00:00,235.2
2017-11-12 04:00:00,213.84
2017-11-12 05:00:00,222.24
2017-11-12 06:00:00,225.84
2017-11-12 07:00:00,228.24
2017-11-12 08:00:00,258.12
2017-11-12 09:00:00,252.48
2017-11-12 10:00:00,291.24
2017-11-12 11:00:00,310.2
2017-11-12 12:00:00,304.8
2017-11-12 13:00:00,310.56
2017-11-12 14:00:00,267.96
2017-11-12 15:00:00,293.4
2017-11-12 16:00:00,287.52
2017-11-12 17:00:00,281.4
2017-11-12 18:00:00,300.12
2017-11-12 19:00:00,277.08
2017-11-12 20:00:00,297.36
2017-11-12 21:00:00,271.68
2017-11-12 22:00:00,217.8
2017-11-12 23:00:00,229.92
2017-11-13 00:00:00,227.52
2017-11-13 00:00:00,227.52
2017-11-13 01:00:00,216.6
2017-11-13 02:00:00,208.68
2017-11-13 03:00:00,209.88
2017-11-13 04:00:00,211.32
2017-11-13 05:00:00,226.56
2017-11-13 06:00:00,249.48
2017-11-13 07:00:00,568.44
2017-11-13 08:00:00,733.92
2017-11-13 09:00:00,871.44
2017-11-13 10:00:00,916.2
2017-11-13 11:00:00,995.28
2017-11-13 12:00:00,965.16
2017-11-13 13:00:00,908.76
2017-11-13 14:00:00,944.04
2017-11-13 15:00:00,923.16
2017-11-13 16:00:00,889.8
2017-11-13 17:00:00,868.92
2017-11-13 18:00:00,535.44
2017-11-13 19:00:00,350.52
2017-11-13 20:00:00,315.38
2017-11-13 21:00:00,279.6
2017-11-13 22:00:00,253.8
2017-11-13 23:00:00,235.8
2017-11-14 00:00:00,236.9
2017-11-14 00:00:00,236.9
2017-11-14 01:00:00,228.72
2017-11-14 02:00:00,232.32
2017-11-14 03:00:00,232.08
2017-11-14 04:00:00,216.48
2017-11-14 05:00:00,209.16
2017-11-14 06:00:00,235.8
2017-11-14 07:00:00,590.52
2017-11-14 08:00:00,697.08
2017-11-14 09:00:00,931.92
2017-11-14 10:00:00,909.84
2017-11-14 11:00:00,973.2
2017-11-14 12:00:00,980.4
2017-11-14 13:00:00,917.64
2017-11-14 14:00:00,1016.64
2017-11-14 15:00:00,903.0
2017-11-14 16:00:00,890.4
2017-11-14 17:00:00,840.96
2017-11-14 18:00:00,436.92
2017-11-14 19:00:00,362.04
2017-11-14 20:00:00,330.6
2017-11-14 21:00:00,328.56
2017-11-14 22:00:00,236.4
2017-11-14 23:00:00,241.2
2017-11-15 00:00:00,218.67
2017-11-15 00:00:00,218.67
2017-11-15 01:00:00,214.2
2017-11-15 02:00:00,212.88
2017-11-15 03:00:00,220.68
2017-11-15 04:00:00,224.4
2017-11-15 05:00:00,219.72
2017-11-15 06:00:00,240.0
2017-11-15 07:00:00,551.88
2017-11-15 08:00:00,765.96
2017-11-15 09:00:00,866.16
2017-11-15 10:00:00,849.72
2017-11-15 11:00:00,900.0
2017-11-15 12:00:00,877.8
2017-11-15 13:00:00,861.96
2017-11-15 14:00:00,916.68
2017-11-15 15:00:00,919.56
2017-11-15 16:00:00,885.96
2017-11-15 17:00:00,899.28
2017-11-15 18:00:00,632.76
2017-11-15 19:00:00,395.4
2017-11-15 20:00:00,367.44
2017-11-15 21:00:00,298.32
2017-11-15 22:00:00,252.96
2017-11-15 23:00:00,219.36
2017-11-16 00:00:00,233.04
2017-11-16 00:00:00,233.04
2017-11-16 01:00:00,213.48
2017-11-16 02:00:00,213.48
2017-11-16 03:00:00,211.44
2017-11-16 04:00:00,206.64
2017-11-16 05:00:00,210.84
2017-11-16 06:00:00,217.44
2017-11-16 07:00:00,566.04
2017-11-16 08:00:00,697.56
2017-11-16 09:00:00,826.92
2017-11-16 10:00:00,837.96
2017-11-16 11:00:00,898.2
2017-11-16 12:00:00,892.56
2017-11-16 13:00:00,841.2
2017-11-16 14:00:00,862.92
2017-11-16 15:00:00,846.36
2017-11-16 16:00:00,850.68
2017-11-16 17:00:00,787.8
2017-11-16 18:00:00,518.28
2017-11-16 19:00:00,342.36
2017-11-16 20:00:00,312.0
2017-11-16 21:00:00,285.0
2017-11-16 22:00:00,224.4
2017-11-16 23:00:00,225.36
2017-11-17 00:00:00,217.56
2017-11-17 00:00:00,217.56
2017-11-17 01:00:00,205.92
2017-11-17 02:00:00,211.44
2017-11-17 03:00:00,205.2
2017-11-17 04:00:00,219.84
2017-11-17 05:00:00,202.08
2017-11-17 06:00:00,229.32
2017-11-17 07:00:00,544.8
2017-11-17 08:00:00,726.0
2017-11-17 09:00:00,865.56
2017-11-17 10:00:00,
2017-11-17 11:00:00,
2017-11-17 12:00:00,
2017-11-17 13:00:00,
2017-11-17 14:00:00,
2017-11-17 15:00:00,
2017-11-17 16:00:00,
2017-11-17 17:00:00,
2017-11-17 18:00:00,
2017-11-17 19:00:00,
2017-11-17 20:00:00,
2017-11-17 21:00:00,
2017-11-17 22:00:00,
2017-11-17 23:00:00,
2017-11-18 00:00:00,
2017-11-18 00:00:00,
2017-11-18 01:00:00,
2017-11-18 02:00:00,
2017-11-18 03:00:00,
2017-11-18 04:00:00,
2017-11-18 05:00:00,
2017-11-18 06:00:00,
2017-11-18 07:00:00,
2017-11-18 08:00:00,
2017-11-18 09:00:00,
2017-11-18 10:00:00,
2017-11-18 11:00:00,
2017-11-18 12:00:00,
2017-11-18 13:00:00,
2017-11-18 14:00:00,
2017-11-18 15:00:00,
2017-11-18 16:00:00,
2017-11-18 17:00:00,
2017-11-18 18:00:00,
2017-11-18 19:00:00,
2017-11-18 20:00:00,
2017-11-18 21:00:00,
2017-11-18 22:00:00,
2017-11-18 23:00:00,
2017-11-19 00:00:00,
2017-11-19 00:00:00,
2017-11-19 01:00:00,
2017-11-19 02:00:00,
2017-11-19 03:00:00,
2017-11-19 04:00:00,
2017-11-19 05:00:00,
2017-11-19 06:00:00,
2017-11-19 07:00:00,
2017-11-19 08:00:00,
2017-11-19 09:00:00,
2017-11-19 10:00:00,
2017-11-19 11:00:00,
2017-11-19 12:00:00,
2017-11-19 13:00:00,
2017-11-19 14:00:00,
2017-11-19 15:00:00,
2017-11-19 16:00:00,
2017-11-19 17:00:00,
2017-11-19 18:00:00,
2017-11-19 19:00:00,
2017-11-19 20:00:00,
2017-11-19 21:00:00,
2017-11-19 22:00:00,
2017-11-19 23:00:00,
2017-11-20 00:00:00,
2017-11-20 00:00:00,
2017-11-20 01:00:00,
2017-11-20 02:00:00,
2017-11-20 03:00:00,
2017-11-20 04:00:00,
2017-11-20 05:00:00,
2017-11-20 06:00:00,
2017-11-20 07:00:00,
2017-11-20 08:00:00,
2017-11-20 09:00:00,
2017-11-20 10:00:00,
2017-11-20 11:00:00,
2017-11-20 12:00:00,
2017-11-20 13:00:00,
2017-11-20 14:00:00,
2017-11-20 15:00:00,
2017-11-20 16:00:00,895.08
2017-11-20 17:00:00,858.0
2017-11-20 18:00:00,584.16
2017-11-20 19:00:00,531.96
2017-11-20 20:00:00,426.36
2017-11-20 21:00:00,292.2
2017-11-20 22:00:00,257.64
2017-11-20 23:00:00,235.44
2017-11-21 00:00:00,228.24
2017-11-21 00:00:00,228.24
2017-11-21 01:00:00,222.72
2017-11-21 02:00:00,227.76
2017-11-21 03:00:00,211.56
2017-11-21 04:00:00,213.96
2017-11-21 05:00:00,215.16
2017-11-21 06:00:00,254.52
2017-11-21 07:00:00,871.44
2017-11-21 08:00:00,1025.52
2017-11-21 09:00:00,1226.52
2017-11-21 10:00:00,1190.52
2017-11-21 11:00:00,1248.96
2017-11-21 12:00:00,1240.08
2017-11-21 13:00:00,1182.12
2017-11-21 14:00:00,1229.52
2017-11-21 15:00:00,1206.48
2017-11-21 16:00:00,1105.2
2017-11-21 17:00:00,1072.32
2017-11-21 18:00:00,577.08
2017-11-21 19:00:00,419.52
2017-11-21 20:00:00,481.44
2017-11-21 21:00:00,340.14
2017-11-21 22:00:00,273.96
2017-11-21 23:00:00,251.52
2017-11-22 00:00:00,228.96
2017-11-22 00:00:00,228.96
2017-11-22 01:00:00,240.48
2017-11-22 02:00:00,248.88
2017-11-22 03:00:00,238.68
2017-11-22 04:00:00,234.84
2017-11-22 05:00:00,241.68
2017-11-22 06:00:00,269.52
2017-11-22 07:00:00,893.4
2017-11-22 08:00:00,1044.48
2017-11-22 09:00:00,1189.8
2017-11-22 10:00:00,1163.76
2017-11-22 11:00:00,1310.4
2017-11-22 12:00:00,1142.4
2017-11-22 13:00:00,1088.28
2017-11-22 14:00:00,1087.32
2017-11-22 15:00:00,1014.6
2017-11-22 16:00:00,1005.6
2017-11-22 17:00:00,1109.76
2017-11-22 18:00:00,576.84
2017-11-22 19:00:00,434.88
2017-11-22 20:00:00,397.8
2017-11-22 21:00:00,318.84
2017-11-22 22:00:00,265.56
2017-11-22 23:00:00,259.68
2017-11-23 00:00:00,261.72
2017-11-23 00:00:00,261.72
2017-11-23 01:00:00,269.4
2017-11-23 02:00:00,251.4
2017-11-23 03:00:00,250.92
2017-11-23 04:00:00,250.08
2017-11-23 05:00:00,250.68
2017-11-23 06:00:00,272.28
2017-11-23 07:00:00,918.12
2017-11-23 08:00:00,1073.64
2017-11-23 09:00:00,1075.92
2017-11-23 10:00:00,1137.12
2017-11-23 11:00:00,1144.68
2017-11-23 12:00:00,1075.56
2017-11-23 13:00:00,974.64
2017-11-23 14:00:00,1037.64
2017-11-23 15:00:00,940.68
2017-11-23 16:00:00,958.56
2017-11-23 17:00:00,912.6
2017-11-23 18:00:00,569.04
2017-11-23 19:00:00,404.16
2017-11-23 20:00:00,346.56
2017-11-23 21:00:00,291.72
2017-11-23 22:00:00,284.76
2017-11-23 23:00:00,239.16
2017-11-24 00:00:00,236.4
2017-11-24 00:00:00,236.4
2017-11-24 01:00:00,225.0
2017-11-24 02:00:00,216.72
2017-11-24 03:00:00,227.16
2017-11-24 04:00:00,222.84
2017-11-24 05:00:00,249.0
2017-11-24 06:00:00,256.56
2017-11-24 07:00:00,827.88
2017-11-24 08:00:00,985.8
2017-11-24 09:00:00,1142.28
2017-11-24 10:00:00,1008.12
2017-11-24 11:00:00,1090.68
2017-11-24 12:00:00,977.4
2017-11-24 13:00:00,870.72
2017-11-24 14:00:00,890.52
2017-11-24 15:00:00,808.08
2017-11-24 16:00:00,822.0
2017-11-24 17:00:00,864.48
2017-11-24 18:00:00,527.52
2017-11-24 19:00:00,382.56
2017-11-24 20:00:00,360.0
2017-11-24 21:00:00,316.0
2017-11-24 22:00:00,291.6
2017-11-24 23:00:00,252.48
2017-11-25 00:00:00,256.2
2017-11-25 00:00:00,256.2
2017-11-25 01:00:00,255.48
2017-11-25 02:00:00,252.24
2017-11-25 03:00:00,252.96
2017-11-25 04:00:00,249.84
2017-11-25 05:00:00,254.16
2017-11-25 06:00:00,354.12
2017-11-25 07:00:00,326.76
2017-11-25 08:00:00,338.88
2017-11-25 09:00:00,382.68
2017-11-25 10:00:00,402.72
2017-11-25 11:00:00,427.72
2017-11-25 12:00:00,357.36
2017-11-25 13:00:00,380.04
2017-11-25 14:00:00,343.8
2017-11-25 15:00:00,344.52
2017-11-25 16:00:00,355.68
2017-11-25 17:00:00,353.52
2017-11-25 18:00:00,361.68
2017-11-25 19:00:00,313.08
2017-11-25 20:00:00,304.44
2017-11-25 21:00:00,294.36
2017-11-25 22:00:00,262.8
2017-11-25 23:00:00,249.48
2017-11-26 00:00:00,262.32
2017-11-26 00:00:00,262.32
2017-11-26 01:00:00,245.16
2017-11-26 02:00:00,256.44
2017-11-26 03:00:00,239.52
2017-11-26 04:00:00,242.04
2017-11-26 05:00:00,241.92
2017-11-26 06:00:00,271.44
2017-11-26 07:00:00,261.6
2017-11-26 08:00:00,284.64
2017-11-26 09:00:00,297.72
2017-11-26 10:00:00,330.24
2017-11-26 11:00:00,337.92
2017-11-26 12:00:00,327.36
2017-11-26 13:00:00,342.84
2017-11-26 14:00:00,313.8
2017-11-26 15:00:00,342.48
2017-11-26 16:00:00,339.24
2017-11-26 17:00:00,361.08
2017-11-26 18:00:00,343.44
2017-11-26 19:00:00,343.2
2017-11-26 20:00:00,326.52
2017-11-26 21:00:00,282.0
2017-11-26 22:00:00,265.2
2017-11-26 23:00:00,246.48
2017-11-27 00:00:00,242.76
2017-11-27 00:00:00,242.76
2017-11-27 01:00:00,253.08
2017-11-27 02:00:00,246.84
2017-11-27 03:00:00,253.32
2017-11-27 04:00:00,242.76
2017-11-27 05:00:00,251.76
2017-11-27 06:00:00,274.68
2017-11-27 07:00:00,842.04
2017-11-27 08:00:00,1008.72
2017-11-27 09:00:00,1111.92
2017-11-27 10:00:00,991.68
2017-11-27 11:00:00,1036.08
2017-11-27 12:00:00,902.76
2017-11-27 13:00:00,834.12
2017-11-27 14:00:00,837.72
2017-11-27 15:00:00,799.2
2017-11-27 16:00:00,887.76
2017-11-27 17:00:00,857.04
2017-11-27 18:00:00,614.52
2017-11-27 19:00:00,435.0
2017-11-27 20:00:00,383.4
2017-11-27 21:00:00,309.96
2017-11-27 22:00:00,263.52
2017-11-27 23:00:00,249.84
2017-11-28 00:00:00,246.48
2017-11-28 00:00:00,246.48
2017-11-28 01:00:00,241.2
2017-11-28 02:00:00,242.28
2017-11-28 03:00:00,234.72
2017-11-28 04:00:00,242.76
2017-11-28 05:00:00,233.52
2017-11-28 06:00:00,262.32
2017-11-28 07:00:00,808.2
2017-11-28 08:00:00,970.8
2017-11-28 09:00:00,1073.64
2017-11-28 10:00:00,1020.48
2017-11-28 11:00:00,1072.92
2017-11-28 12:00:00,1054.08
2017-11-28 13:00:00,964.92
2017-11-28 14:00:00,913.68
2017-11-28 15:00:00,877.44
2017-11-28 16:00:00,846.96
2017-11-28 17:00:00,846.12
2017-11-28 18:00:00,510.84
2017-11-28 19:00:00,398.28
2017-11-28 20:00:00,357.72
2017-11-28 21:00:00,334.2
2017-11-28 22:00:00,284.52
2017-11-28 23:00:00,256.56
2017-11-29 00:00:00,253.8
2017-11-29 00:00:00,253.8
2017-11-29 01:00:00,247.68
2017-11-29 02:00:00,246.72
2017-11-29 03:00:00,250.2
2017-11-29 04:00:00,241.08
2017-11-29 05:00:00,238.2
2017-11-29 06:00:00,279.6
2017-11-29 07:00:00,829.56
2017-11-29 08:00:00,1015.08
2017-11-29 09:00:00,1046.88
2017-11-29 10:00:00,1028.4
2017-11-29 11:00:00,997.8
2017-11-29 12:00:00,963.9
2017-11-29 13:00:00,896.52
2017-11-29 14:00:00,906.6
2017-11-29 15:00:00,850.32
2017-11-29 16:00:00,841.32
2017-11-29 17:00:00,819.0
2017-11-29 18:00:00,473.64
2017-11-29 19:00:00,439.92
2017-11-29 20:00:00,350.76
2017-11-29 21:00:00,322.92
2017-11-29 22:00:00,265.32
2017-11-29 23:00:00,254.16
2017-11-30 00:00:00,249.48
2017-11-30 00:00:00,249.48
2017-11-30 01:00:00,241.92
2017-11-30 02:00:00,239.76
2017-11-30 03:00:00,244.56
2017-11-30 04:00:00,234.48
2017-11-30 05:00:00,239.88
2017-11-30 06:00:00,265.68
2017-11-30 07:00:00,825.72
2017-11-30 08:00:00,931.56
2017-11-30 09:00:00,1063.2
2017-11-30 10:00:00,1089.0
2017-11-30 11:00:00,1087.44
2017-11-30 12:00:00,1027.92
2017-11-30 13:00:00,972.6
2017-11-30 14:00:00,963.6
2017-11-30 15:00:00,928.92
2017-11-30 16:00:00,983.16
2017-11-30 17:00:00,896.16
2017-11-30 18:00:00,508.56
2017-11-30 19:00:00,385.32
2017-11-30 20:00:00,372.48
2017-11-30 21:00:00,316.92
2017-11-30 22:00:00,252.84
2017-11-30 23:00:00,252.36
2017-12-01 00:00:00,238.2
2017-12-01 00:00:00,238.2
2017-12-01 01:00:00,223.8
2017-12-01 02:00:00,236.28
2017-12-01 03:00:00,226.32
2017-12-01 04:00:00,231.36
2017-12-01 05:00:00,222.72
2017-12-01 06:00:00,257.04
2017-12-01 07:00:00,827.88
2017-12-01 08:00:00,941.66
2017-12-01 09:00:00,1066.2
2017-12-01 10:00:00,963.0
2017-12-01 11:00:00,909.36
2017-12-01 12:00:00,866.64
2017-12-01 13:00:00,865.92
2017-12-01 14:00:00,915.48
2017-12-01 15:00:00,943.44
2017-12-01 16:00:00,1055.04
2017-12-01 17:00:00,1018.8
2017-12-01 18:00:00,639.12
2017-12-01 19:00:00,479.16
2017-12-01 20:00:00,424.32
2017-12-01 21:00:00,365.4
2017-12-01 22:00:00,287.64
2017-12-01 23:00:00,281.4
2017-12-02 00:00:00,258.84
2017-12-02 00:00:00,258.84
2017-12-02 01:00:00,254.04
2017-12-02 02:00:00,251.28
2017-12-02 03:00:00,255.48
2017-12-02 04:00:00,253.92
2017-12-02 05:00:00,257.64
2017-12-02 06:00:00,277.56
2017-12-02 07:00:00,332.4
2017-12-02 08:00:00,415.68
2017-12-02 09:00:00,440.16
2017-12-02 10:00:00,459.48
2017-12-02 11:00:00,519.72
2017-12-02 12:00:00,404.76
2017-12-02 13:00:00,400.08
2017-12-02 14:00:00,430.2
2017-12-02 15:00:00,395.04
2017-12-02 16:00:00,384.6
2017-12-02 17:00:00,438.6
2017-12-02 18:00:00,424.08
2017-12-02 19:00:00,324.6
2017-12-02 20:00:00,310.8
2017-12-02 21:00:00,300.84
2017-12-02 22:00:00,263.52
2017-12-02 23:00:00,257.4
2017-12-03 00:00:00,256.68
2017-12-03 00:00:00,256.68
2017-12-03 01:00:00,251.64
2017-12-03 02:00:00,246.84
2017-12-03 03:00:00,264.9
2017-12-03 04:00:00,248.76
2017-12-03 05:00:00,247.08
2017-12-03 06:00:00,260.04
2017-12-03 07:00:00,263.76
2017-12-03 08:00:00,304.56
2017-12-03 09:00:00,313.8
2017-12-03 10:00:00,332.52
2017-12-03 11:00:00,433.44
2017-12-03 12:00:00,418.8
2017-12-03 13:00:00,397.92
2017-12-03 14:00:00,399.84
2017-12-03 15:00:00,403.56
2017-12-03 16:00:00,370.8
2017-12-03 17:00:00,364.8
2017-12-03 18:00:00,337.92
2017-12-03 19:00:00,305.64
2017-12-03 20:00:00,295.8
2017-12-03 21:00:00,297.48
2017-12-03 22:00:00,260.04
2017-12-03 23:00:00,254.38
2017-12-04 00:00:00,249.0
2017-12-04 00:00:00,249.0
2017-12-04 01:00:00,256.92
2017-12-04 02:00:00,254.64
2017-12-04 03:00:00,250.2
2017-12-04 04:00:00,264.0
2017-12-04 05:00:00,256.32
2017-12-04 06:00:00,283.32
2017-12-04 07:00:00,828.64
2017-12-04 08:00:00,948.72
2017-12-04 09:00:00,1050.48
2017-12-04 10:00:00,1087.56
2017-12-04 11:00:00,1118.88
2017-12-04 12:00:00,1052.16
2017-12-04 13:00:00,952.56
2017-12-04 14:00:00,1001.64
2017-12-04 15:00:00,952.44
2017-12-04 16:00:00,920.16
2017-12-04 17:00:00,917.4
2017-12-04 18:00:00,565.56
2017-12-04 19:00:00,480.84
2017-12-04 20:00:00,461.76
2017-12-04 21:00:00,348.24
2017-12-04 22:00:00,261.36
2017-12-04 23:00:00,281.64
2017-12-05 00:00:00,252.48
2017-12-05 00:00:00,252.48
2017-12-05 01:00:00,249.0
2017-12-05 02:00:00,239.52
2017-12-05 03:00:00,240.84
2017-12-05 04:00:00,258.0
2017-12-05 05:00:00,238.92
2017-12-05 06:00:00,268.32
2017-12-05 07:00:00,823.68
2017-12-05 08:00:00,986.16
2017-12-05 09:00:00,1165.8
2017-12-05 10:00:00,1135.2
2017-12-05 11:00:00,1148.28
2017-12-05 12:00:00,1120.32
2017-12-05 13:00:00,1104.0
2017-12-05 14:00:00,1131.0
2017-12-05 15:00:00,1059.24
2017-12-05 16:00:00,1063.92
2017-12-05 17:00:00,1156.92
2017-12-05 18:00:00,590.28
2017-12-05 19:00:00,415.56
2017-12-05 20:00:00,405.0
2017-12-05 21:00:00,330.0
2017-12-05 22:00:00,287.52
2017-12-05 23:00:00,257.76
2017-12-06 00:00:00,257.04
2017-12-06 00:00:00,257.04
2017-12-06 01:00:00,256.8
2017-12-06 02:00:00,251.4
2017-12-06 03:00:00,245.78
2017-12-06 04:00:00,258.6
2017-12-06 05:00:00,254.16
2017-12-06 06:00:00,292.92
2017-12-06 07:00:00,953.4
2017-12-06 08:00:00,1068.48
2017-12-06 09:00:00,1185.6
2017-12-06 10:00:00,1175.76
2017-12-06 11:00:00,1198.2
2017-12-06 12:00:00,1161.24
2017-12-06 13:00:00,991.32
2017-12-06 14:00:00,1003.92
2017-12-06 15:00:00,954.84
2017-12-06 16:00:00,1008.72
2017-12-06 17:00:00,1004.88
2017-12-06 18:00:00,527.88
2017-12-06 19:00:00,439.08
2017-12-06 20:00:00,403.56
2017-12-06 21:00:00,332.4
2017-12-06 22:00:00,314.04
2017-12-06 23:00:00,249.72
2017-12-07 00:00:00,242.88
2017-12-07 00:00:00,242.88
2017-12-07 01:00:00,258.48
2017-12-07 02:00:00,242.64
2017-12-07 03:00:00,249.96
2017-12-07 04:00:00,244.68
2017-12-07 05:00:00,245.88
2017-12-07 06:00:00,268.92
2017-12-07 07:00:00,891.84
2017-12-07 08:00:00,1009.44
2017-12-07 09:00:00,1159.44
2017-12-07 10:00:00,1166.04
2017-12-07 11:00:00,1191.24
2017-12-07 12:00:00,1099.56
2017-12-07 13:00:00,1048.52
2017-12-07 14:00:00,1061.28
2017-12-07 15:00:00,1068.12
2017-12-07 16:00:00,1044.12
2017-12-07 17:00:00,1053.6
2017-12-07 18:00:00,645.72
2017-12-07 19:00:00,435.0
2017-12-07 20:00:00,391.8
2017-12-07 21:00:00,348.12
2017-12-07 22:00:00,286.92
2017-12-07 23:00:00,263.64
2017-12-08 00:00:00,273.36
2017-12-08 00:00:00,273.36
2017-12-08 01:00:00,248.52
2017-12-08 02:00:00,255.36
2017-12-08 03:00:00,247.32
2017-12-08 04:00:00,243.0
2017-12-08 05:00:00,245.52
2017-12-08 06:00:00,267.48
2017-12-08 07:00:00,886.32
2017-12-08 08:00:00,1070.4
2017-12-08 09:00:00,1234.44
2017-12-08 10:00:00,1184.88
2017-12-08 11:00:00,1229.76
2017-12-08 12:00:00,1127.04
2017-12-08 13:00:00,1033.56
2017-12-08 14:00:00,992.76
2017-12-08 15:00:00,971.4
2017-12-08 16:00:00,1061.64
2017-12-08 17:00:00,1011.0
2017-12-08 18:00:00,550.08
2017-12-08 19:00:00,469.8
2017-12-08 20:00:00,425.28
2017-12-08 21:00:00,302.64
2017-12-08 22:00:00,246.72
2017-12-08 23:00:00,224.66
2017-12-09 00:00:00,230.88
2017-12-09 00:00:00,230.88
2017-12-09 01:00:00,229.68
2017-12-09 02:00:00,224.64
2017-12-09 03:00:00,214.44
2017-12-09 04:00:00,213.84
2017-12-09 05:00:00,228.24
2017-12-09 06:00:00,243.72
2017-12-09 07:00:00,252.96
2017-12-09 08:00:00,292.8
2017-12-09 09:00:00,309.6
2017-12-09 10:00:00,337.46
2017-12-09 11:00:00,346.56
2017-12-09 12:00:00,375.0
2017-12-09 13:00:00,411.24
2017-12-09 14:00:00,342.0
2017-12-09 15:00:00,343.8
2017-12-09 16:00:00,336.96
2017-12-09 17:00:00,386.52
2017-12-09 18:00:00,402.12
2017-12-09 19:00:00,301.56
2017-12-09 20:00:00,282.0
2017-12-09 21:00:00,260.4
2017-12-09 22:00:00,236.16
2017-12-09 23:00:00,233.52
2017-12-10 00:00:00,223.44
2017-12-10 00:00:00,223.44
2017-12-10 01:00:00,223.8
2017-12-10 02:00:00,225.96
2017-12-10 03:00:00,216.72
2017-12-10 04:00:00,228.48
2017-12-10 05:00:00,209.16
2017-12-10 06:00:00,241.2
2017-12-10 07:00:00,235.68
2017-12-10 08:00:00,281.4
2017-12-10 09:00:00,276.24
2017-12-10 10:00:00,314.76
2017-12-10 11:00:00,322.2
2017-12-10 12:00:00,318.12
2017-12-10 13:00:00,301.8
2017-12-10 14:00:00,319.56
2017-12-10 15:00:00,310.8
2017-12-10 16:00:00,315.84
2017-12-10 17:00:00,323.64
2017-12-10 18:00:00,291.84
2017-12-10 19:00:00,294.36
2017-12-10 20:00:00,272.76
2017-12-10 21:00:00,273.72
2017-12-10 22:00:00,218.04
2017-12-10 23:00:00,227.52
2017-12-11 00:00:00,215.16
2017-12-11 00:00:00,215.16
2017-12-11 01:00:00,216.96
2017-12-11 02:00:00,212.88
2017-12-11 03:00:00,226.44
2017-12-11 04:00:00,221.64
2017-12-11 05:00:00,222.48
2017-12-11 06:00:00,247.44
2017-12-11 07:00:00,878.04
2017-12-11 08:00:00,985.8
2017-12-11 09:00:00,1293.72
2017-12-11 10:00:00,1225.68
2017-12-11 11:00:00,1216.32
2017-12-11 12:00:00,1131.6
2017-12-11 13:00:00,1021.92
2017-12-11 14:00:00,1017.72
2017-12-11 15:00:00,988.56
2017-12-11 16:00:00,1052.64
2017-12-11 17:00:00,977.76
2017-12-11 18:00:00,604.32
2017-12-11 19:00:00,410.16
2017-12-11 20:00:00,381.12
2017-12-11 21:00:00,301.74
2017-12-11 22:00:00,276.24
2017-12-11 23:00:00,242.28
2017-12-12 00:00:00,238.32
2017-12-12 00:00:00,238.32
2017-12-12 01:00:00,229.8
2017-12-12 02:00:00,237.72
2017-12-12 03:00:00,241.08
2017-12-12 04:00:00,223.08
2017-12-12 05:00:00,225.6
2017-12-12 06:00:00,254.4
2017-12-12 07:00:00,803.88
2017-12-12 08:00:00,986.76
2017-12-12 09:00:00,1188.36
2017-12-12 10:00:00,1173.0
2017-12-12 11:00:00,1184.52
2017-12-12 12:00:00,1114.56
2017-12-12 13:00:00,1047.96
2017-12-12 14:00:00,1032.6
2017-12-12 15:00:00,1053.6
2017-12-12 16:00:00,1035.48
2017-12-12 17:00:00,1027.68
2017-12-12 18:00:00,519.0
2017-12-12 19:00:00,431.52
2017-12-12 20:00:00,369.12
2017-12-12 21:00:00,332.76
2017-12-12 22:00:00,268.44
2017-12-12 23:00:00,254.28
2017-12-13 00:00:00,255.24
2017-12-13 00:00:00,255.24
2017-12-13 01:00:00,252.36
2017-12-13 02:00:00,243.48
2017-12-13 03:00:00,248.28
2017-12-13 04:00:00,244.68
2017-12-13 05:00:00,238.8
2017-12-13 06:00:00,277.44
2017-12-13 07:00:00,817.68
2017-12-13 08:00:00,978.84
2017-12-13 09:00:00,1235.52
2017-12-13 10:00:00,1237.92
2017-12-13 11:00:00,1225.44
2017-12-13 12:00:00,1158.84
2017-12-13 13:00:00,1097.64
2017-12-13 14:00:00,1094.28
2017-12-13 15:00:00,1019.16
2017-12-13 16:00:00,1033.8
2017-12-13 17:00:00,1036.92
2017-12-13 18:00:00,628.56
2017-12-13 19:00:00,414.0
2017-12-13 20:00:00,358.32
2017-12-13 21:00:00,305.16
2017-12-13 22:00:00,255.36
2017-12-13 23:00:00,243.6
2017-12-14 00:00:00,241.92
2017-12-14 00:00:00,241.92
2017-12-14 01:00:00,245.04
2017-12-14 02:00:00,233.76
2017-12-14 03:00:00,225.24
2017-12-14 04:00:00,225.48
2017-12-14 05:00:00,232.08
2017-12-14 06:00:00,255.84
2017-12-14 07:00:00,817.56
2017-12-14 08:00:00,973.44
2017-12-14 09:00:00,1211.76
2017-12-14 10:00:00,1251.6
2017-12-14 11:00:00,1205.64
2017-12-14 12:00:00,1205.4
2017-12-14 13:00:00,1111.92
2017-12-14 14:00:00,1125.0
2017-12-14 15:00:00,1074.6
2017-12-14 16:00:00,1165.2
2017-12-14 17:00:00,1047.36
2017-12-14 18:00:00,525.72
2017-12-14 19:00:00,414.84
2017-12-14 20:00:00,381.48
2017-12-14 21:00:00,306.48
2017-12-14 22:00:00,252.6
2017-12-14 23:00:00,239.76
2017-12-15 00:00:00,248.04
2017-12-15 00:00:00,248.04
2017-12-15 01:00:00,238.68
2017-12-15 02:00:00,217.8
2017-12-15 03:00:00,234.12
2017-12-15 04:00:00,225.36
2017-12-15 05:00:00,225.24
2017-12-15 06:00:00,247.92
2017-12-15 07:00:00,814.8
2017-12-15 08:00:00,1006.32
2017-12-15 09:00:00,1212.48
2017-12-15 10:00:00,1238.4
2017-12-15 11:00:00,1199.64
2017-12-15 12:00:00,1240.58
2017-12-15 13:00:00,1152.48
2017-12-15 14:00:00,1090.2
2017-12-15 15:00:00,1167.84
2017-12-15 16:00:00,1055.04
2017-12-15 17:00:00,1010.8
2017-12-15 18:00:00,492.48
2017-12-15 19:00:00,371.88
2017-12-15 20:00:00,342.84
2017-12-15 21:00:00,297.48
2017-12-15 22:00:00,241.44
2017-12-15 23:00:00,246.72
2017-12-16 00:00:00,228.12
2017-12-16 00:00:00,228.12
2017-12-16 01:00:00,226.68
2017-12-16 02:00:00,227.16
2017-12-16 03:00:00,223.68
2017-12-16 04:00:00,224.52
2017-12-16 05:00:00,218.4
2017-12-16 06:00:00,262.32
2017-12-16 07:00:00,261.72
2017-12-16 08:00:00,352.56
2017-12-16 09:00:00,358.2
2017-12-16 10:00:00,375.24
2017-12-16 11:00:00,435.72
2017-12-16 12:00:00,391.08
2017-12-16 13:00:00,429.96
2017-12-16 14:00:00,408.84
2017-12-16 15:00:00,393.48
2017-12-16 16:00:00,412.2
2017-12-16 17:00:00,399.36
2017-12-16 18:00:00,359.64
2017-12-16 19:00:00,313.8
2017-12-16 20:00:00,314.4
2017-12-16 21:00:00,265.08
2017-12-16 22:00:00,235.68
2017-12-16 23:00:00,222.72
2017-12-17 00:00:00,232.56
2017-12-17 00:00:00,232.56
2017-12-17 01:00:00,235.08
2017-12-17 02:00:00,222.12
2017-12-17 03:00:00,223.68
2017-12-17 04:00:00,229.92
2017-12-17 05:00:00,233.52
2017-12-17 06:00:00,249.12
2017-12-17 07:00:00,236.28
2017-12-17 08:00:00,267.24
2017-12-17 09:00:00,306.0
2017-12-17 10:00:00,337.08
2017-12-17 11:00:00,337.44
2017-12-17 12:00:00,368.28
2017-12-17 13:00:00,362.16
2017-12-17 14:00:00,347.76
2017-12-17 15:00:00,365.16
2017-12-17 16:00:00,354.0
2017-12-17 17:00:00,330.48
2017-12-17 18:00:00,299.76
2017-12-17 19:00:00,322.92
2017-12-17 20:00:00,280.68
2017-12-17 21:00:00,248.16
2017-12-17 22:00:00,225.48
2017-12-17 23:00:00,211.56
2017-12-18 00:00:00,216.24
2017-12-18 00:00:00,216.24
2017-12-18 01:00:00,208.8
2017-12-18 02:00:00,211.8
2017-12-18 03:00:00,213.72
2017-12-18 04:00:00,212.52
2017-12-18 05:00:00,207.84
2017-12-18 06:00:00,251.88
2017-12-18 07:00:00,808.44
2017-12-18 08:00:00,937.44
2017-12-18 09:00:00,1232.28
2017-12-18 10:00:00,1181.04
2017-12-18 11:00:00,1257.72
2017-12-18 12:00:00,1148.4
2017-12-18 13:00:00,1066.56
2017-12-18 14:00:00,1073.64
2017-12-18 15:00:00,1076.52
2017-12-18 16:00:00,1060.08
2017-12-18 17:00:00,1095.0
2017-12-18 18:00:00,582.12
2017-12-18 19:00:00,453.96
2017-12-18 20:00:00,419.4
2017-12-18 21:00:00,296.4
2017-12-18 22:00:00,289.8
2017-12-18 23:00:00,249.24
2017-12-19 00:00:00,244.92
2017-12-19 00:00:00,244.92
2017-12-19 01:00:00,233.16
2017-12-19 02:00:00,235.92
2017-12-19 03:00:00,234.0
2017-12-19 04:00:00,246.0
2017-12-19 05:00:00,240.96
2017-12-19 06:00:00,251.4
2017-12-19 07:00:00,801.0
2017-12-19 08:00:00,1005.6
2017-12-19 09:00:00,1238.52
2017-12-19 10:00:00,1140.72
2017-12-19 11:00:00,1183.68
2017-12-19 12:00:00,1223.28
2017-12-19 13:00:00,1075.32
2017-12-19 14:00:00,1094.16
2017-12-19 15:00:00,1087.08
2017-12-19 16:00:00,1048.32
2017-12-19 17:00:00,1127.04
2017-12-19 18:00:00,550.44
2017-12-19 19:00:00,407.76
2017-12-19 20:00:00,378.24
2017-12-19 21:00:00,327.96
2017-12-19 22:00:00,255.12
2017-12-19 23:00:00,238.2
2017-12-20 00:00:00,239.76
2017-12-20 00:00:00,239.76
2017-12-20 01:00:00,233.88
2017-12-20 02:00:00,234.12
2017-12-20 03:00:00,233.88
2017-12-20 04:00:00,231.36
2017-12-20 05:00:00,223.32
2017-12-20 06:00:00,313.92
2017-12-20 07:00:00,846.72
2017-12-20 08:00:00,973.08
2017-12-20 09:00:00,1223.04
2017-12-20 10:00:00,1215.0
2017-12-20 11:00:00,1189.44
2017-12-20 12:00:00,1171.08
2017-12-20 13:00:00,1111.2
2017-12-20 14:00:00,1021.08
2017-12-20 15:00:00,1004.76
2017-12-20 16:00:00,981.48
2017-12-20 17:00:00,1018.68
2017-12-20 18:00:00,535.8
2017-12-20 19:00:00,455.4
2017-12-20 20:00:00,405.96
2017-12-20 21:00:00,332.52
2017-12-20 22:00:00,288.84
2017-12-20 23:00:00,259.8
2017-12-21 00:00:00,251.88
2017-12-21 00:00:00,251.88
2017-12-21 01:00:00,256.68
2017-12-21 02:00:00,257.64
2017-12-21 03:00:00,255.36
2017-12-21 04:00:00,247.78
2017-12-21 05:00:00,249.84
2017-12-21 06:00:00,331.8
2017-12-21 07:00:00,848.28
2017-12-21 08:00:00,953.88
2017-12-21 09:00:00,1197.12
2017-12-21 10:00:00,1157.88
2017-12-21 11:00:00,1267.2
2017-12-21 12:00:00,1145.28
2017-12-21 13:00:00,1071.84
2017-12-21 14:00:00,1035.0
2017-12-21 15:00:00,1001.16
2017-12-21 16:00:00,1003.56
2017-12-21 17:00:00,1021.2
2017-12-21 18:00:00,553.56
2017-12-21 19:00:00,472.56
2017-12-21 20:00:00,372.24
2017-12-21 21:00:00,333.24
2017-12-21 22:00:00,275.76
2017-12-21 23:00:00,270.36
2017-12-22 00:00:00,253.8
2017-12-22 00:00:00,253.8
2017-12-22 01:00:00,249.48
2017-12-22 02:00:00,257.64
2017-12-22 03:00:00,258.6
2017-12-22 04:00:00,244.92
2017-12-22 05:00:00,255.36
2017-12-22 06:00:00,353.4
2017-12-22 07:00:00,837.36
2017-12-22 08:00:00,953.86
2017-12-22 09:00:00,1215.6
2017-12-22 10:00:00,1159.8
2017-12-22 11:00:00,1177.8
2017-12-22 12:00:00,1099.2
2017-12-22 13:00:00,1111.56
2017-12-22 14:00:00,1015.8
2017-12-22 15:00:00,1048.2
2017-12-22 16:00:00,1035.84
2017-12-22 17:00:00,1045.56
2017-12-22 18:00:00,604.68
2017-12-22 19:00:00,441.96
2017-12-22 20:00:00,394.44
2017-12-22 21:00:00,350.88
2017-12-22 22:00:00,269.04
2017-12-22 23:00:00,261.72
2017-12-23 00:00:00,250.8
2017-12-23 00:00:00,250.8
2017-12-23 01:00:00,255.36
2017-12-23 02:00:00,262.56
2017-12-23 03:00:00,253.44
2017-12-23 04:00:00,233.04
2017-12-23 05:00:00,246.24
2017-12-23 06:00:00,255.84
2017-12-23 07:00:00,269.76
2017-12-23 08:00:00,332.4
2017-12-23 09:00:00,414.48
2017-12-23 10:00:00,429.96
2017-12-23 11:00:00,464.6
2017-12-23 12:00:00,473.24
2017-12-23 13:00:00,433.92
2017-12-23 14:00:00,441.24
2017-12-23 15:00:00,411.96
2017-12-23 16:00:00,369.48
2017-12-23 17:00:00,414.6
2017-12-23 18:00:00,380.16
2017-12-23 19:00:00,359.52
2017-12-23 20:00:00,332.88
2017-12-23 21:00:00,320.52
2017-12-23 22:00:00,284.28
2017-12-23 23:00:00,283.44
2017-12-24 00:00:00,266.88
2017-12-24 00:00:00,266.88
2017-12-24 01:00:00,265.56
2017-12-24 02:00:00,269.04
2017-12-24 03:00:00,267.84
2017-12-24 04:00:00,254.04
2017-12-24 05:00:00,244.56
2017-12-24 06:00:00,284.4
2017-12-24 07:00:00,255.24
2017-12-24 08:00:00,322.8
2017-12-24 09:00:00,401.76
2017-12-24 10:00:00,391.2
2017-12-24 11:00:00,456.84
2017-12-24 12:00:00,526.92
2017-12-24 13:00:00,472.8
2017-12-24 14:00:00,450.24
2017-12-24 15:00:00,429.24
2017-12-24 16:00:00,433.92
2017-12-24 17:00:00,380.88
2017-12-24 18:00:00,388.44
2017-12-24 19:00:00,338.16
2017-12-24 20:00:00,322.08
2017-12-24 21:00:00,301.56
2017-12-24 22:00:00,260.28
2017-12-24 23:00:00,265.44
2017-12-25 00:00:00,260.28
2017-12-25 00:00:00,260.28
2017-12-25 01:00:00,268.68
2017-12-25 02:00:00,251.52
2017-12-25 03:00:00,265.8
2017-12-25 04:00:00,256.92
2017-12-25 05:00:00,249.48
2017-12-25 06:00:00,355.56
2017-12-25 07:00:00,852.36
2017-12-25 08:00:00,982.8
2017-12-25 09:00:00,1242.48
2017-12-25 10:00:00,1159.68
2017-12-25 11:00:00,1235.64
2017-12-25 12:00:00,1192.08
2017-12-25 13:00:00,1130.16
2017-12-25 14:00:00,1017.48
2017-12-25 15:00:00,1041.84
2017-12-25 16:00:00,1089.36
2017-12-25 17:00:00,1163.88
2017-12-25 18:00:00,548.28
2017-12-25 19:00:00,520.44
2017-12-25 20:00:00,364.56
2017-12-25 21:00:00,346.92
2017-12-25 22:00:00,249.24
2017-12-25 23:00:00,233.04
2017-12-26 00:00:00,229.08
2017-12-26 00:00:00,229.08
2017-12-26 01:00:00,230.52
2017-12-26 02:00:00,235.2
2017-12-26 03:00:00,229.92
2017-12-26 04:00:00,233.52
2017-12-26 05:00:00,231.12
2017-12-26 06:00:00,334.56
2017-12-26 07:00:00,776.04
2017-12-26 08:00:00,934.68
2017-12-26 09:00:00,1190.64
2017-12-26 10:00:00,1169.52
2017-12-26 11:00:00,1195.8
2017-12-26 12:00:00,1132.2
2017-12-26 13:00:00,1033.32
2017-12-26 14:00:00,1036.92
2017-12-26 15:00:00,1024.2
2017-12-26 16:00:00,1027.92
2017-12-26 17:00:00,997.92
2017-12-26 18:00:00,528.12
2017-12-26 19:00:00,458.28
2017-12-26 20:00:00,384.48
2017-12-26 21:00:00,332.28
2017-12-26 22:00:00,249.48
2017-12-26 23:00:00,240.72
2017-12-27 00:00:00,231.12
2017-12-27 00:00:00,231.12
2017-12-27 01:00:00,229.68
2017-12-27 02:00:00,232.78
2017-12-27 03:00:00,241.68
2017-12-27 04:00:00,230.4
2017-12-27 05:00:00,237.12
2017-12-27 06:00:00,285.6
2017-12-27 07:00:00,832.08
2017-12-27 08:00:00,972.72
2017-12-27 09:00:00,1193.76
2017-12-27 10:00:00,1130.6
2017-12-27 11:00:00,1052.52
2017-12-27 12:00:00,1131.72
2017-12-27 13:00:00,1047.48
2017-12-27 14:00:00,1050.28
2017-12-27 15:00:00,1050.96
2017-12-27 16:00:00,996.0
2017-12-27 17:00:00,1056.48
2017-12-27 18:00:00,537.0
2017-12-27 19:00:00,430.32
2017-12-27 20:00:00,373.44
2017-12-27 21:00:00,332.04
2017-12-27 22:00:00,284.52
2017-12-27 23:00:00,271.56
2017-12-28 00:00:00,257.52
2017-12-28 00:00:00,257.52
2017-12-28 01:00:00,254.76
2017-12-28 02:00:00,252.84
2017-12-28 03:00:00,257.16
2017-12-28 04:00:00,252.12
2017-12-28 05:00:00,247.68
2017-12-28 06:00:00,334.68
2017-12-28 07:00:00,800.28
2017-12-28 08:00:00,944.64
2017-12-28 09:00:00,1275.48
2017-12-28 10:00:00,1188.12
2017-12-28 11:00:00,1250.52
2017-12-28 12:00:00,1261.2
2017-12-28 13:00:00,1151.88
2017-12-28 14:00:00,1127.88
2017-12-28 15:00:00,1094.52
2017-12-28 16:00:00,1070.76
2017-12-28 17:00:00,1056.84
2017-12-28 18:00:00,501.12
2017-12-28 19:00:00,447.36
2017-12-28 20:00:00,397.8
2017-12-28 21:00:00,328.92
2017-12-28 22:00:00,283.68
2017-12-28 23:00:00,255.6
2017-12-29 00:00:00,246.36
2017-12-29 00:00:00,246.36
2017-12-29 01:00:00,234.36
2017-12-29 02:00:00,244.32
2017-12-29 03:00:00,251.4
2017-12-29 04:00:00,244.08
2017-12-29 05:00:00,248.76
2017-12-29 06:00:00,362.4
2017-12-29 07:00:00,800.4
2017-12-29 08:00:00,939.48
2017-12-29 09:00:00,1165.8
2017-12-29 10:00:00,1189.08
2017-12-29 11:00:00,1212.36
2017-12-29 12:00:00,1212.12
2017-12-29 13:00:00,1055.28
2017-12-29 14:00:00,1032.96
2017-12-29 15:00:00,1010.04
2017-12-29 16:00:00,1054.68
2017-12-29 17:00:00,1060.44
2017-12-29 18:00:00,512.4
2017-12-29 19:00:00,386.46
2017-12-29 20:00:00,342.6
2017-12-29 21:00:00,317.88
2017-12-29 22:00:00,248.88
2017-12-29 23:00:00,248.88
2017-12-30 00:00:00,248.88
2017-12-30 00:00:00,248.88
2017-12-30 01:00:00,250.92
2017-12-30 02:00:00,241.92
2017-12-30 03:00:00,240.36
2017-12-30 04:00:00,230.16
2017-12-30 05:00:00,233.88
2017-12-30 06:00:00,255.36
2017-12-30 07:00:00,257.76
2017-12-30 08:00:00,310.92
2017-12-30 09:00:00,349.68
2017-12-30 10:00:00,347.04
2017-12-30 11:00:00,372.84
2017-12-30 12:00:00,389.76
2017-12-30 13:00:00,354.84
2017-12-30 14:00:00,393.84
2017-12-30 15:00:00,379.68
2017-12-30 16:00:00,380.52
2017-12-30 17:00:00,381.48
2017-12-30 18:00:00,343.2
2017-12-30 19:00:00,324.46
2017-12-30 20:00:00,289.44
2017-12-30 21:00:00,275.64
2017-12-30 22:00:00,246.46
2017-12-30 23:00:00,244.08
2017-12-31 00:00:00,252.93
2017-12-31 00:00:00,252.93
2017-12-31 01:00:00,240.72
2017-12-31 02:00:00,237.12
2017-12-31 03:00:00,241.92
2017-12-31 04:00:00,231.84
2017-12-31 05:00:00,227.76
2017-12-31 06:00:00,256.92
2017-12-31 07:00:00,241.08
2017-12-31 08:00:00,281.04
2017-12-31 09:00:00,344.52
2017-12-31 10:00:00,323.76
2017-12-31 11:00:00,339.12
2017-12-31 12:00:00,346.32
2017-12-31 13:00:00,320.74
2017-12-31 14:00:00,340.08
2017-12-31 15:00:00,326.76
2017-12-31 16:00:00,344.88
2017-12-31 17:00:00,365.64
2017-12-31 18:00:00,349.44
2017-12-31 19:00:00,308.64
2017-12-31 20:00:00,299.28
2017-12-31 21:00:00,280.8
2017-12-31 22:00:00,255.72
2017-12-31 23:00:00,261.6
2018-01-01 00:00:00,261.12
