Time,Power (kW)
2019-01-01 00:00:00,108.36
2019-01-01 00:30:00,62.4
2019-01-01 01:00:00,108.96
2019-01-01 01:30:00,114.42
2019-01-01 02:00:00,115.8
2019-01-01 02:30:00,119.64
2019-01-01 03:00:00,99.6
2019-01-01 03:30:00,102.6
2019-01-01 04:00:00,95.64
2019-01-01 04:30:00,96.12
2019-01-01 05:00:00,97.02
2019-01-01 05:30:00,105.51
2019-01-01 06:00:00,109.32
2019-01-01 06:30:00,107.93
2019-01-01 07:00:00,114.44
2019-01-01 07:30:00,116.31
2019-01-01 08:00:00,121.2
2019-01-01 08:30:00,147.0
2019-01-01 09:00:00,171.96
2019-01-01 09:30:00,229.56
2019-01-01 10:00:00,368.16
2019-01-01 10:30:00,313.21
2019-01-01 11:00:00,334.44
2019-01-01 11:30:00,401.28
2019-01-01 12:00:00,325.32
2019-01-01 12:30:00,346.44
2019-01-01 13:00:00,338.04
2019-01-01 13:30:00,333.42
2019-01-01 14:00:00,330.42
2019-01-01 14:30:00,331.4
2019-01-01 15:00:00,310.12
2019-01-01 15:30:00,286.56
2019-01-01 16:00:00,259.92
2019-01-01 16:30:00,273.24
2019-01-01 17:00:00,356.76
2019-01-01 17:30:00,322.68
2019-01-01 18:00:00,280.56
2019-01-01 18:30:00,257.68
2019-01-01 19:00:00,249.84
2019-01-01 19:30:00,251.85
2019-01-01 20:00:00,250.66
2019-01-01 20:30:00,260.28
2019-01-01 21:00:00,247.92
2019-01-01 21:30:00,244.87
2019-01-01 22:00:00,142.8
2019-01-01 22:30:00,133.68
2019-01-01 23:00:00,103.98
2019-01-01 23:30:00,91.44
2019-01-02 00:00:00,114.0
2019-01-02 00:00:00,114.0
2019-01-02 00:30:00,97.92
2019-01-02 01:00:00,97.8
2019-01-02 01:30:00,94.3
2019-01-02 02:00:00,96.24
2019-01-02 02:30:00,94.44
2019-01-02 03:00:00,105.96
2019-01-02 03:30:00,109.08
2019-01-02 04:00:00,109.8
2019-01-02 04:30:00,108.54
2019-01-02 05:00:00,104.52
2019-01-02 05:30:00,97.92
2019-01-02 06:00:00,96.0
2019-01-02 06:30:00,112.68
2019-01-02 07:00:00,125.88
2019-01-02 07:30:00,120.48
2019-01-02 08:00:00,164.48
2019-01-02 08:30:00,202.32
2019-01-02 09:00:00,214.44
2019-01-02 09:30:00,290.04
2019-01-02 10:00:00,269.52
2019-01-02 10:30:00,322.08
2019-01-02 11:00:00,395.01
2019-01-02 11:30:00,312.6
2019-01-02 12:00:00,399.42
2019-01-02 12:30:00,388.32
2019-01-02 13:00:00,365.16
2019-01-02 13:30:00,375.6
2019-01-02 14:00:00,368.28
2019-01-02 14:30:00,332.04
2019-01-02 15:00:00,415.44
2019-01-02 15:30:00,408.6
2019-01-02 16:00:00,358.1
2019-01-02 16:30:00,366.18
2019-01-02 17:00:00,392.04
2019-01-02 17:30:00,318.36
2019-01-02 18:00:00,173.52
2019-01-02 18:30:00,176.64
2019-01-02 19:00:00,295.02
2019-01-02 19:30:00,288.96
2019-01-02 20:00:00,274.06
2019-01-02 20:30:00,290.94
2019-01-02 21:00:00,259.14
2019-01-02 21:30:00,262.32
2019-01-02 22:00:00,209.64
2019-01-02 22:30:00,201.48
2019-01-02 23:00:00,164.52
2019-01-02 23:30:00,156.12
2019-01-03 00:00:00,158.16
2019-01-03 00:00:00,158.16
2019-01-03 00:30:00,186.9
2019-01-03 01:00:00,93.0
2019-01-03 01:30:00,104.04
2019-01-03 02:00:00,91.62
2019-01-03 02:30:00,82.68
2019-01-03 03:00:00,50.28
2019-01-03 03:30:00,89.52
2019-01-03 04:00:00,81.12
2019-01-03 04:30:00,77.4
2019-01-03 05:00:00,48.36
2019-01-03 05:30:00,85.56
2019-01-03 06:00:00,88.44
2019-01-03 06:30:00,80.4
2019-01-03 07:00:00,87.72
2019-01-03 07:30:00,106.44
2019-01-03 08:00:00,154.2
2019-01-03 08:30:00,171.48
2019-01-03 09:00:00,224.16
2019-01-03 09:30:00,253.68
2019-01-03 10:00:00,298.08
2019-01-03 10:30:00,283.16
2019-01-03 11:00:00,304.44
2019-01-03 11:30:00,350.64
2019-01-03 12:00:00,377.52
2019-01-03 12:30:00,353.28
2019-01-03 13:00:00,382.44
2019-01-03 13:30:00,351.24
2019-01-03 14:00:00,340.8
2019-01-03 14:30:00,353.04
2019-01-03 15:00:00,364.92
2019-01-03 15:30:00,368.64
2019-01-03 16:00:00,350.88
2019-01-03 16:30:00,363.0
2019-01-03 17:00:00,413.16
2019-01-03 17:30:00,390.48
2019-01-03 18:00:00,320.52
2019-01-03 18:30:00,315.0
2019-01-03 19:00:00,334.56
2019-01-03 19:30:00,313.16
2019-01-03 20:00:00,295.68
2019-01-03 20:30:00,290.4
2019-01-03 21:00:00,294.12
2019-01-03 21:30:00,265.32
2019-01-03 22:00:00,213.24
2019-01-03 22:30:00,111.12
2019-01-03 23:00:00,179.04
2019-01-03 23:30:00,171.48
2019-01-04 00:00:00,166.44
2019-01-04 00:00:00,166.44
2019-01-04 00:30:00,160.02
2019-01-04 01:00:00,144.36
2019-01-04 01:30:00,120.64
2019-01-04 02:00:00,87.65
2019-01-04 02:30:00,94.68
2019-01-04 03:00:00,92.28
2019-01-04 03:30:00,100.32
2019-01-04 04:00:00,90.0
2019-01-04 04:30:00,88.5
2019-01-04 05:00:00,87.24
2019-01-04 05:30:00,78.66
2019-01-04 06:00:00,81.0
2019-01-04 06:30:00,76.44
2019-01-04 07:00:00,79.2
2019-01-04 07:30:00,82.2
2019-01-04 08:00:00,122.4
2019-01-04 08:30:00,148.26
2019-01-04 09:00:00,190.68
2019-01-04 09:30:00,275.96
2019-01-04 10:00:00,388.44
2019-01-04 10:30:00,403.44
2019-01-04 11:00:00,416.04
2019-01-04 11:30:00,400.92
2019-01-04 12:00:00,407.16
2019-01-04 12:30:00,447.0
2019-01-04 13:00:00,421.8
2019-01-04 13:30:00,403.98
2019-01-04 14:00:00,397.8
2019-01-04 14:30:00,453.55
2019-01-04 15:00:00,421.2
2019-01-04 15:30:00,422.88
2019-01-04 16:00:00,403.2
2019-01-04 16:30:00,415.8
2019-01-04 17:00:00,236.84
2019-01-04 17:30:00,511.68
2019-01-04 18:00:00,489.21
2019-01-04 18:30:00,442.76
2019-01-04 19:00:00,421.32
2019-01-04 19:30:00,426.96
2019-01-04 20:00:00,437.76
2019-01-04 20:30:00,429.84
2019-01-04 21:00:00,339.72
2019-01-04 21:30:00,336.48
2019-01-04 22:00:00,215.88
2019-01-04 22:30:00,200.04
2019-01-04 23:00:00,139.08
2019-01-04 23:30:00,117.42
2019-01-05 00:00:00,109.92
2019-01-05 00:00:00,109.92
2019-01-05 00:30:00,109.62
2019-01-05 01:00:00,121.62
2019-01-05 01:30:00,116.72
2019-01-05 02:00:00,112.12
2019-01-05 02:30:00,110.96
2019-01-05 03:00:00,109.79
2019-01-05 03:30:00,123.88
2019-01-05 04:00:00,123.36
2019-01-05 04:30:00,112.56
2019-01-05 05:00:00,110.64
2019-01-05 05:30:00,115.44
2019-01-05 06:00:00,114.4
2019-01-05 06:30:00,110.64
2019-01-05 07:00:00,112.44
2019-01-05 07:30:00,105.0
2019-01-05 08:00:00,129.24
2019-01-05 08:30:00,168.04
2019-01-05 09:00:00,192.72
2019-01-05 09:30:00,247.43
2019-01-05 10:00:00,350.88
2019-01-05 10:30:00,300.0
2019-01-05 11:00:00,320.1
2019-01-05 11:30:00,336.68
2019-01-05 12:00:00,333.9
2019-01-05 12:30:00,288.52
2019-01-05 13:00:00,290.16
2019-01-05 13:30:00,356.52
2019-01-05 14:00:00,302.64
2019-01-05 14:30:00,283.28
2019-01-05 15:00:00,334.57
2019-01-05 15:30:00,350.94
2019-01-05 16:00:00,317.96
2019-01-05 16:30:00,332.1
2019-01-05 17:00:00,386.95
2019-01-05 17:30:00,395.72
2019-01-05 18:00:00,186.33
2019-01-05 18:30:00,335.76
2019-01-05 19:00:00,317.88
2019-01-05 19:30:00,331.56
2019-01-05 20:00:00,303.12
2019-01-05 20:30:00,162.3
2019-01-05 21:00:00,145.0
2019-01-05 21:30:00,104.6
2019-01-05 22:00:00,158.04
2019-01-05 22:30:00,149.52
2019-01-05 23:00:00,95.88
2019-01-05 23:30:00,84.24
2019-01-06 00:00:00,84.42
2019-01-06 00:00:00,84.42
2019-01-06 00:30:00,86.04
2019-01-06 01:00:00,87.66
2019-01-06 01:30:00,87.0
2019-01-06 02:00:00,79.32
2019-01-06 02:30:00,80.76
2019-01-06 03:00:00,78.84
2019-01-06 03:30:00,79.44
2019-01-06 04:00:00,72.0
2019-01-06 04:30:00,67.32
2019-01-06 05:00:00,69.72
2019-01-06 05:30:00,86.4
2019-01-06 06:00:00,75.6
2019-01-06 06:30:00,68.48
2019-01-06 07:00:00,74.64
2019-01-06 07:30:00,81.96
2019-01-06 08:00:00,99.4
2019-01-06 08:30:00,119.28
2019-01-06 09:00:00,207.12
2019-01-06 09:30:00,292.08
2019-01-06 10:00:00,331.68
2019-01-06 10:30:00,392.52
2019-01-06 11:00:00,406.92
2019-01-06 11:30:00,417.18
2019-01-06 12:00:00,466.68
2019-01-06 12:30:00,517.68
2019-01-06 13:00:00,505.2
2019-01-06 13:30:00,505.5
2019-01-06 14:00:00,483.06
2019-01-06 14:30:00,508.32
2019-01-06 15:00:00,490.68
2019-01-06 15:30:00,445.56
2019-01-06 16:00:00,394.32
2019-01-06 16:30:00,350.16
2019-01-06 17:00:00,379.2
2019-01-06 17:30:00,358.2
2019-01-06 18:00:00,327.24
2019-01-06 18:30:00,334.44
2019-01-06 19:00:00,336.48
2019-01-06 19:30:00,324.09
2019-01-06 20:00:00,302.16
2019-01-06 20:30:00,306.96
2019-01-06 21:00:00,273.0
2019-01-06 21:30:00,218.4
2019-01-06 22:00:00,170.4
2019-01-06 22:30:00,174.48
2019-01-06 23:00:00,116.76
2019-01-06 23:30:00,100.8
2019-01-07 00:00:00,95.44
2019-01-07 00:00:00,95.44
2019-01-07 00:30:00,95.4
2019-01-07 01:00:00,93.3
2019-01-07 01:30:00,99.0
2019-01-07 02:00:00,93.6
2019-01-07 02:30:00,98.4
2019-01-07 03:00:00,84.12
2019-01-07 03:30:00,85.02
2019-01-07 04:00:00,76.44
2019-01-07 04:30:00,72.64
2019-01-07 05:00:00,73.02
2019-01-07 05:30:00,75.36
2019-01-07 06:00:00,70.68
2019-01-07 06:30:00,72.96
2019-01-07 07:00:00,77.46
2019-01-07 07:30:00,79.08
2019-01-07 08:00:00,97.68
2019-01-07 08:30:00,166.56
2019-01-07 09:00:00,208.2
2019-01-07 09:30:00,228.12
2019-01-07 10:00:00,256.56
2019-01-07 10:30:00,259.32
2019-01-07 11:00:00,277.08
2019-01-07 11:30:00,336.84
2019-01-07 12:00:00,340.44
2019-01-07 12:30:00,309.0
2019-01-07 13:00:00,324.6
2019-01-07 13:30:00,293.04
2019-01-07 14:00:00,168.0
2019-01-07 14:30:00,285.84
2019-01-07 15:00:00,303.24
2019-01-07 15:30:00,269.52
2019-01-07 16:00:00,304.44
2019-01-07 16:30:00,261.36
2019-01-07 17:00:00,342.12
2019-01-07 17:30:00,308.28
2019-01-07 18:00:00,308.16
2019-01-07 18:30:00,301.8
2019-01-07 19:00:00,283.2
2019-01-07 19:30:00,255.12
2019-01-07 20:00:00,237.12
2019-01-07 20:30:00,245.16
2019-01-07 21:00:00,225.84
2019-01-07 21:30:00,203.28
2019-01-07 22:00:00,176.4
2019-01-07 22:30:00,174.96
2019-01-07 23:00:00,149.88
2019-01-07 23:30:00,130.56
2019-01-08 00:00:00,113.88
2019-01-08 00:00:00,113.88
2019-01-08 00:30:00,130.2
2019-01-08 01:00:00,127.84
2019-01-08 01:30:00,125.4
2019-01-08 02:00:00,115.92
2019-01-08 02:30:00,115.44
2019-01-08 03:00:00,100.38
2019-01-08 03:30:00,98.04
2019-01-08 04:00:00,116.04
2019-01-08 04:30:00,105.24
2019-01-08 05:00:00,97.68
2019-01-08 05:30:00,101.52
2019-01-08 06:00:00,98.04
2019-01-08 06:30:00,99.36
2019-01-08 07:00:00,85.16
2019-01-08 07:30:00,95.4
2019-01-08 08:00:00,102.96
2019-01-08 08:30:00,147.48
2019-01-08 09:00:00,187.2
2019-01-08 09:30:00,262.8
2019-01-08 10:00:00,242.94
2019-01-08 10:30:00,249.12
2019-01-08 11:00:00,257.16
2019-01-08 11:30:00,248.88
2019-01-08 12:00:00,250.62
2019-01-08 12:30:00,262.68
2019-01-08 13:00:00,245.64
2019-01-08 13:30:00,278.64
2019-01-08 14:00:00,257.76
2019-01-08 14:30:00,264.9
2019-01-08 15:00:00,298.36
2019-01-08 15:30:00,326.4
2019-01-08 16:00:00,339.24
2019-01-08 16:30:00,116.04
2019-01-08 17:00:00,335.52
2019-01-08 17:30:00,358.92
2019-01-08 18:00:00,300.54
2019-01-08 18:30:00,313.08
2019-01-08 19:00:00,304.8
2019-01-08 19:30:00,310.4
2019-01-08 20:00:00,281.4
2019-01-08 20:30:00,241.8
2019-01-08 21:00:00,257.4
2019-01-08 21:30:00,234.0
2019-01-08 22:00:00,179.4
2019-01-08 22:30:00,175.08
2019-01-08 23:00:00,183.6
2019-01-08 23:30:00,112.32
2019-01-09 00:00:00,123.6
2019-01-09 00:00:00,123.6
2019-01-09 00:30:00,121.74
2019-01-09 01:00:00,92.04
2019-01-09 01:30:00,96.63
2019-01-09 02:00:00,39.96
2019-01-09 02:30:00,109.86
2019-01-09 03:00:00,103.92
2019-01-09 03:30:00,88.8
2019-01-09 04:00:00,93.96
2019-01-09 04:30:00,76.08
2019-01-09 05:00:00,75.24
2019-01-09 05:30:00,86.88
2019-01-09 06:00:00,91.44
2019-01-09 06:30:00,89.16
2019-01-09 07:00:00,85.68
2019-01-09 07:30:00,124.68
2019-01-09 08:00:00,230.88
2019-01-09 08:30:00,260.4
2019-01-09 09:00:00,491.52
2019-01-09 09:30:00,583.68
2019-01-09 10:00:00,571.8
2019-01-09 10:30:00,584.46
2019-01-09 11:00:00,564.3
2019-01-09 11:30:00,606.24
2019-01-09 12:00:00,628.44
2019-01-09 12:30:00,649.86
2019-01-09 13:00:00,655.56
2019-01-09 13:30:00,395.52
2019-01-09 14:00:00,579.72
2019-01-09 14:30:00,574.32
2019-01-09 15:00:00,592.2
2019-01-09 15:30:00,573.12
2019-01-09 16:00:00,587.88
2019-01-09 16:30:00,593.16
2019-01-09 17:00:00,607.08
2019-01-09 17:30:00,649.44
2019-01-09 18:00:00,388.68
2019-01-09 18:30:00,340.86
2019-01-09 19:00:00,336.72
2019-01-09 19:30:00,312.48
2019-01-09 20:00:00,300.36
2019-01-09 20:30:00,288.36
2019-01-09 21:00:00,249.36
2019-01-09 21:30:00,237.42
2019-01-09 22:00:00,188.48
2019-01-09 22:30:00,161.46
2019-01-09 23:00:00,126.48
2019-01-09 23:30:00,118.92
2019-01-10 00:00:00,104.16
2019-01-10 00:00:00,104.16
2019-01-10 00:30:00,106.44
2019-01-10 01:00:00,103.8
2019-01-10 01:30:00,115.92
2019-01-10 02:00:00,97.92
2019-01-10 02:30:00,107.94
2019-01-10 03:00:00,86.92
2019-01-10 03:30:00,71.28
2019-01-10 04:00:00,73.68
2019-01-10 04:30:00,71.16
2019-01-10 05:00:00,70.64
2019-01-10 05:30:00,78.72
2019-01-10 06:00:00,72.36
2019-01-10 06:30:00,92.88
2019-01-10 07:00:00,96.0
2019-01-10 07:30:00,99.6
2019-01-10 08:00:00,101.4
2019-01-10 08:30:00,124.8
2019-01-10 09:00:00,165.6
2019-01-10 09:30:00,282.6
2019-01-10 10:00:00,297.2
2019-01-10 10:30:00,292.8
2019-01-10 11:00:00,331.2
2019-01-10 11:30:00,366.6
2019-01-10 12:00:00,333.6
2019-01-10 12:30:00,406.2
2019-01-10 13:00:00,370.8
2019-01-10 13:30:00,420.0
2019-01-10 14:00:00,396.0
2019-01-10 14:30:00,416.46
2019-01-10 15:00:00,402.0
2019-01-10 15:30:00,407.0
2019-01-10 16:00:00,396.84
2019-01-10 16:30:00,318.12
2019-01-10 17:00:00,414.0
2019-01-10 17:30:00,359.04
2019-01-10 18:00:00,347.28
2019-01-10 18:30:00,293.16
2019-01-10 19:00:00,315.72
2019-01-10 19:30:00,303.72
2019-01-10 20:00:00,276.96
2019-01-10 20:30:00,265.68
2019-01-10 21:00:00,270.3
2019-01-10 21:30:00,246.6
2019-01-10 22:00:00,215.76
2019-01-10 22:30:00,195.21
2019-01-10 23:00:00,136.72
2019-01-10 23:30:00,122.92
2019-01-11 00:00:00,121.56
2019-01-11 00:00:00,121.56
2019-01-11 00:30:00,125.92
2019-01-11 01:00:00,113.04
2019-01-11 01:30:00,102.48
2019-01-11 02:00:00,114.6
2019-01-11 02:30:00,106.68
2019-01-11 03:00:00,108.6
2019-01-11 03:30:00,108.24
2019-01-11 04:00:00,90.3
2019-01-11 04:30:00,112.38
2019-01-11 05:00:00,109.68
2019-01-11 05:30:00,94.56
2019-01-11 06:00:00,119.82
2019-01-11 06:30:00,123.6
2019-01-11 07:00:00,149.34
2019-01-11 07:30:00,160.44
2019-01-11 08:00:00,174.36
2019-01-11 08:30:00,164.4
2019-01-11 09:00:00,279.06
2019-01-11 09:30:00,281.64
2019-01-11 10:00:00,321.84
2019-01-11 10:30:00,342.12
2019-01-11 11:00:00,358.44
2019-01-11 11:30:00,376.92
2019-01-11 12:00:00,411.0
2019-01-11 12:30:00,401.52
2019-01-11 13:00:00,387.72
2019-01-11 13:30:00,361.08
2019-01-11 14:00:00,357.36
2019-01-11 14:30:00,341.52
2019-01-11 15:00:00,340.74
2019-01-11 15:30:00,339.36
2019-01-11 16:00:00,355.8
2019-01-11 16:30:00,357.32
2019-01-11 17:00:00,411.24
2019-01-11 17:30:00,410.04
2019-01-11 18:00:00,381.72
2019-01-11 18:30:00,365.64
2019-01-11 19:00:00,351.36
2019-01-11 19:30:00,353.16
2019-01-11 20:00:00,338.2
2019-01-11 20:30:00,317.22
2019-01-11 21:00:00,284.28
2019-01-11 21:30:00,227.28
2019-01-11 22:00:00,169.2
2019-01-11 22:30:00,75.18
2019-01-11 23:00:00,136.14
2019-01-11 23:30:00,108.0
2019-01-12 00:00:00,102.0
2019-01-12 00:00:00,102.0
2019-01-12 00:30:00,93.0
2019-01-12 01:00:00,93.6
2019-01-12 01:30:00,95.4
2019-01-12 02:00:00,87.6
2019-01-12 02:30:00,82.2
2019-01-12 03:00:00,87.6
2019-01-12 03:30:00,84.0
2019-01-12 04:00:00,82.2
2019-01-12 04:30:00,93.6
2019-01-12 05:00:00,85.2
2019-01-12 05:30:00,87.6
2019-01-12 06:00:00,89.1
2019-01-12 06:30:00,90.6
2019-01-12 07:00:00,96.6
2019-01-12 07:30:00,93.6
2019-01-12 08:00:00,103.8
2019-01-12 08:30:00,112.2
2019-01-12 09:00:00,132.6
2019-01-12 09:30:00,201.6
2019-01-12 10:00:00,278.7
2019-01-12 10:30:00,312.0
2019-01-12 11:00:00,373.2
2019-01-12 11:30:00,351.0
2019-01-12 12:00:00,389.1
2019-01-12 12:30:00,328.8
2019-01-12 13:00:00,308.4
2019-01-12 13:30:00,312.0
2019-01-12 14:00:00,314.4
2019-01-12 14:30:00,305.4
2019-01-12 15:00:00,318.0
2019-01-12 15:30:00,328.2
2019-01-12 16:00:00,312.6
2019-01-12 16:30:00,306.0
2019-01-12 17:00:00,382.2
2019-01-12 17:30:00,378.0
2019-01-12 18:00:00,344.4
2019-01-12 18:30:00,338.4
2019-01-12 19:00:00,326.7
2019-01-12 19:30:00,333.6
2019-01-12 20:00:00,321.0
2019-01-12 20:30:00,310.8
2019-01-12 21:00:00,289.8
2019-01-12 21:30:00,253.2
2019-01-12 22:00:00,175.2
2019-01-12 22:30:00,136.08
2019-01-12 23:00:00,126.96
2019-01-12 23:30:00,110.16
2019-01-13 00:00:00,119.64
2019-01-13 00:00:00,119.64
2019-01-13 00:30:00,113.16
2019-01-13 01:00:00,111.12
2019-01-13 01:30:00,110.4
2019-01-13 02:00:00,114.24
2019-01-13 02:30:00,113.4
2019-01-13 03:00:00,54.72
2019-01-13 03:30:00,46.08
2019-01-13 04:00:00,94.68
2019-01-13 04:30:00,86.88
2019-01-13 05:00:00,73.92
2019-01-13 05:30:00,75.48
2019-01-13 06:00:00,72.84
2019-01-13 06:30:00,74.52
2019-01-13 07:00:00,76.32
2019-01-13 07:30:00,85.68
2019-01-13 08:00:00,101.4
2019-01-13 08:30:00,116.64
2019-01-13 09:00:00,150.24
2019-01-13 09:30:00,232.86
2019-01-13 10:00:00,284.52
2019-01-13 10:30:00,284.88
2019-01-13 11:00:00,302.04
2019-01-13 11:30:00,298.08
2019-01-13 12:00:00,298.2
2019-01-13 12:30:00,300.44
2019-01-13 13:00:00,282.96
2019-01-13 13:30:00,317.16
2019-01-13 14:00:00,294.84
2019-01-13 14:30:00,282.08
2019-01-13 15:00:00,281.88
2019-01-13 15:30:00,267.12
2019-01-13 16:00:00,247.02
2019-01-13 16:30:00,280.92
2019-01-13 17:00:00,303.12
2019-01-13 17:30:00,343.68
2019-01-13 18:00:00,347.28
2019-01-13 18:30:00,343.28
2019-01-13 19:00:00,363.24
2019-01-13 19:30:00,342.36
2019-01-13 20:00:00,171.84
2019-01-13 20:30:00,247.2
2019-01-13 21:00:00,201.84
2019-01-13 21:30:00,163.49
2019-01-13 22:00:00,138.0
2019-01-13 22:30:00,112.17
2019-01-13 23:00:00,49.6
2019-01-13 23:30:00,104.16
2019-01-14 00:00:00,46.56
2019-01-14 00:00:00,46.56
2019-01-14 00:30:00,87.8
2019-01-14 01:00:00,87.6
2019-01-14 01:30:00,89.8
2019-01-14 02:00:00,86.4
2019-01-14 02:30:00,88.8
2019-01-14 03:00:00,82.2
2019-01-14 03:30:00,96.0
2019-01-14 04:00:00,90.9
2019-01-14 04:30:00,87.9
2019-01-14 05:00:00,90.3
2019-01-14 05:30:00,86.4
2019-01-14 06:00:00,94.8
2019-01-14 06:30:00,85.8
2019-01-14 07:00:00,91.2
2019-01-14 07:30:00,106.2
2019-01-14 08:00:00,144.0
2019-01-14 08:30:00,153.6
2019-01-14 09:00:00,200.7
2019-01-14 09:30:00,232.8
2019-01-14 10:00:00,233.6
2019-01-14 10:30:00,247.8
2019-01-14 11:00:00,241.2
2019-01-14 11:30:00,249.6
2019-01-14 12:00:00,271.5
2019-01-14 12:30:00,327.6
2019-01-14 13:00:00,426.0
2019-01-14 13:30:00,410.4
2019-01-14 14:00:00,435.6
2019-01-14 14:30:00,439.56
2019-01-14 15:00:00,438.48
2019-01-14 15:30:00,428.04
2019-01-14 16:00:00,436.08
2019-01-14 16:30:00,393.12
2019-01-14 17:00:00,362.28
2019-01-14 17:30:00,297.96
2019-01-14 18:00:00,266.88
2019-01-14 18:30:00,251.12
2019-01-14 19:00:00,248.76
2019-01-14 19:30:00,232.32
2019-01-14 20:00:00,232.28
2019-01-14 20:30:00,251.28
2019-01-14 21:00:00,216.48
2019-01-14 21:30:00,194.76
2019-01-14 22:00:00,161.58
2019-01-14 22:30:00,137.88
2019-01-14 23:00:00,103.8
2019-01-14 23:30:00,91.44
2019-01-15 00:00:00,93.72
2019-01-15 00:00:00,93.72
2019-01-15 00:30:00,76.37
2019-01-15 01:00:00,71.4
2019-01-15 01:30:00,90.9
2019-01-15 02:00:00,74.4
2019-01-15 02:30:00,75.36
2019-01-15 03:00:00,61.2
2019-01-15 03:30:00,58.02
2019-01-15 04:00:00,65.0
2019-01-15 04:30:00,55.8
2019-01-15 05:00:00,55.8
2019-01-15 05:30:00,58.2
2019-01-15 06:00:00,68.4
2019-01-15 06:30:00,178.08
2019-01-15 07:00:00,188.4
2019-01-15 07:30:00,75.5
2019-01-15 08:00:00,84.0
2019-01-15 08:30:00,145.2
2019-01-15 09:00:00,161.98
2019-01-15 09:30:00,199.5
2019-01-15 10:00:00,224.4
2019-01-15 10:30:00,228.96
2019-01-15 11:00:00,259.8
2019-01-15 11:30:00,231.96
2019-01-15 12:00:00,275.88
2019-01-15 12:30:00,248.04
2019-01-15 13:00:00,257.16
2019-01-15 13:30:00,267.84
2019-01-15 14:00:00,224.22
2019-01-15 14:30:00,284.76
2019-01-15 15:00:00,275.88
2019-01-15 15:30:00,248.76
2019-01-15 16:00:00,298.62
2019-01-15 16:30:00,294.24
2019-01-15 17:00:00,354.54
2019-01-15 17:30:00,306.84
2019-01-15 18:00:00,282.24
2019-01-15 18:30:00,294.42
2019-01-15 19:00:00,297.36
2019-01-15 19:30:00,291.12
2019-01-15 20:00:00,278.8
2019-01-15 20:30:00,260.88
2019-01-15 21:00:00,224.64
2019-01-15 21:30:00,201.6
2019-01-15 22:00:00,187.2
2019-01-15 22:30:00,164.9
2019-01-15 23:00:00,119.52
2019-01-15 23:30:00,104.88
2019-01-16 00:00:00,108.06
2019-01-16 00:00:00,108.06
2019-01-16 00:30:00,109.92
2019-01-16 01:00:00,105.84
2019-01-16 01:30:00,106.68
2019-01-16 02:00:00,109.92
2019-01-16 02:30:00,111.24
2019-01-16 03:00:00,98.88
2019-01-16 03:30:00,90.36
2019-01-16 04:00:00,98.04
2019-01-16 04:30:00,98.16
2019-01-16 05:00:00,96.12
2019-01-16 05:30:00,103.62
2019-01-16 06:00:00,95.16
2019-01-16 06:30:00,112.2
2019-01-16 07:00:00,123.0
2019-01-16 07:30:00,120.84
2019-01-16 08:00:00,110.16
2019-01-16 08:30:00,73.56
2019-01-16 09:00:00,73.08
2019-01-16 09:30:00,106.2
2019-01-16 10:00:00,
2019-01-16 10:30:00,180.0
2019-01-16 11:00:00,168.6
2019-01-16 11:30:00,221.4
2019-01-16 12:00:00,230.4
2019-01-16 12:30:00,224.4
2019-01-16 13:00:00,203.4
2019-01-16 13:30:00,237.0
2019-01-16 14:00:00,239.7
2019-01-16 14:30:00,118.2
2019-01-16 15:00:00,265.2
2019-01-16 15:30:00,258.0
2019-01-16 16:00:00,324.3
2019-01-16 16:30:00,292.8
2019-01-16 17:00:00,319.2
2019-01-16 17:30:00,311.4
2019-01-16 18:00:00,285.9
2019-01-16 18:30:00,316.8
2019-01-16 19:00:00,287.7
2019-01-16 19:30:00,289.8
2019-01-16 20:00:00,292.2
2019-01-16 20:30:00,267.0
2019-01-16 21:00:00,269.1
2019-01-16 21:30:00,221.64
2019-01-16 22:00:00,168.6
2019-01-16 22:30:00,141.71
2019-01-16 23:00:00,120.4
2019-01-16 23:30:00,106.92
2019-01-17 00:00:00,102.01
2019-01-17 00:00:00,102.01
2019-01-17 00:30:00,105.12
2019-01-17 01:00:00,100.44
2019-01-17 01:30:00,61.92
2019-01-17 02:00:00,97.6
2019-01-17 02:30:00,96.22
2019-01-17 03:00:00,85.2
2019-01-17 03:30:00,81.96
2019-01-17 04:00:00,85.44
2019-01-17 04:30:00,83.16
2019-01-17 05:00:00,88.32
2019-01-17 05:30:00,96.32
2019-01-17 06:00:00,97.89
2019-01-17 06:30:00,98.16
2019-01-17 07:00:00,110.4
2019-01-17 07:30:00,105.54
2019-01-17 08:00:00,112.32
2019-01-17 08:30:00,142.08
2019-01-17 09:00:00,217.2
2019-01-17 09:30:00,283.68
2019-01-17 10:00:00,306.84
2019-01-17 10:30:00,330.06
2019-01-17 11:00:00,329.28
2019-01-17 11:30:00,384.48
2019-01-17 12:00:00,355.12
2019-01-17 12:30:00,361.44
2019-01-17 13:00:00,351.84
2019-01-17 13:30:00,366.84
2019-01-17 14:00:00,367.2
2019-01-17 14:30:00,356.8
2019-01-17 15:00:00,366.84
2019-01-17 15:30:00,364.8
2019-01-17 16:00:00,366.96
2019-01-17 16:30:00,395.16
2019-01-17 17:00:00,409.44
2019-01-17 17:30:00,375.6
2019-01-17 18:00:00,344.52
2019-01-17 18:30:00,326.76
2019-01-17 19:00:00,307.32
2019-01-17 19:30:00,315.0
2019-01-17 20:00:00,297.6
2019-01-17 20:30:00,284.52
2019-01-17 21:00:00,287.54
2019-01-17 21:30:00,214.08
2019-01-17 22:00:00,180.36
2019-01-17 22:30:00,84.96
2019-01-17 23:00:00,134.54
2019-01-17 23:30:00,45.33
2019-01-18 00:00:00,40.68
2019-01-18 00:00:00,40.68
2019-01-18 00:30:00,39.24
2019-01-18 01:00:00,43.8
2019-01-18 01:30:00,37.02
2019-01-18 02:00:00,40.37
2019-01-18 02:30:00,107.88
2019-01-18 03:00:00,104.4
2019-01-18 03:30:00,102.96
2019-01-18 04:00:00,97.92
2019-01-18 04:30:00,85.08
2019-01-18 05:00:00,88.92
2019-01-18 05:30:00,90.6
2019-01-18 06:00:00,92.76
2019-01-18 06:30:00,91.14
2019-01-18 07:00:00,106.56
2019-01-18 07:30:00,108.72
2019-01-18 08:00:00,138.36
2019-01-18 08:30:00,168.3
2019-01-18 09:00:00,186.84
2019-01-18 09:30:00,296.24
2019-01-18 10:00:00,283.88
2019-01-18 10:30:00,372.6
2019-01-18 11:00:00,331.32
2019-01-18 11:30:00,361.2
2019-01-18 12:00:00,351.12
2019-01-18 12:30:00,361.68
2019-01-18 13:00:00,359.76
2019-01-18 13:30:00,354.36
2019-01-18 14:00:00,317.52
2019-01-18 14:30:00,321.12
2019-01-18 15:00:00,357.96
2019-01-18 15:30:00,344.16
2019-01-18 16:00:00,330.96
2019-01-18 16:30:00,351.1
2019-01-18 17:00:00,389.34
2019-01-18 17:30:00,404.88
2019-01-18 18:00:00,387.96
2019-01-18 18:30:00,393.24
2019-01-18 19:00:00,370.3
2019-01-18 19:30:00,380.64
2019-01-18 20:00:00,318.6
2019-01-18 20:30:00,257.16
2019-01-18 21:00:00,285.48
2019-01-18 21:30:00,236.76
2019-01-18 22:00:00,163.76
2019-01-18 22:30:00,160.68
2019-01-18 23:00:00,116.76
2019-01-18 23:30:00,111.24
2019-01-19 00:00:00,108.0
2019-01-19 00:00:00,108.0
2019-01-19 00:30:00,108.72
2019-01-19 01:00:00,109.98
2019-01-19 01:30:00,111.9
2019-01-19 02:00:00,100.38
2019-01-19 02:30:00,128.28
2019-01-19 03:00:00,114.24
2019-01-19 03:30:00,108.96
2019-01-19 04:00:00,106.4
2019-01-19 04:30:00,111.0
2019-01-19 05:00:00,104.88
2019-01-19 05:30:00,118.08
2019-01-19 06:00:00,105.36
2019-01-19 06:30:00,96.72
2019-01-19 07:00:00,93.24
2019-01-19 07:30:00,102.24
2019-01-19 08:00:00,49.8
2019-01-19 08:30:00,118.32
2019-01-19 09:00:00,141.92
2019-01-19 09:30:00,206.64
2019-01-19 10:00:00,301.68
2019-01-19 10:30:00,312.48
2019-01-19 11:00:00,346.96
2019-01-19 11:30:00,356.4
2019-01-19 12:00:00,338.76
2019-01-19 12:30:00,339.84
2019-01-19 13:00:00,340.5
2019-01-19 13:30:00,332.4
2019-01-19 14:00:00,343.32
2019-01-19 14:30:00,336.72
2019-01-19 15:00:00,338.88
2019-01-19 15:30:00,334.08
2019-01-19 16:00:00,346.92
2019-01-19 16:30:00,343.08
2019-01-19 17:00:00,405.84
2019-01-19 17:30:00,412.34
2019-01-19 18:00:00,386.82
2019-01-19 18:30:00,366.24
2019-01-19 19:00:00,329.28
2019-01-19 19:30:00,327.36
2019-01-19 20:00:00,335.88
2019-01-19 20:30:00,326.4
2019-01-19 21:00:00,261.0
2019-01-19 21:30:00,216.6
2019-01-19 22:00:00,159.0
2019-01-19 22:30:00,145.8
2019-01-19 23:00:00,118.44
2019-01-19 23:30:00,98.16
2019-01-20 00:00:00,107.28
2019-01-20 00:00:00,107.28
2019-01-20 00:30:00,102.6
2019-01-20 01:00:00,101.94
2019-01-20 01:30:00,103.92
2019-01-20 02:00:00,99.24
2019-01-20 02:30:00,111.12
2019-01-20 03:00:00,104.64
2019-01-20 03:30:00,95.56
2019-01-20 04:00:00,102.24
2019-01-20 04:30:00,93.12
2019-01-20 05:00:00,94.56
2019-01-20 05:30:00,100.92
2019-01-20 06:00:00,96.96
2019-01-20 06:30:00,97.08
2019-01-20 07:00:00,101.88
2019-01-20 07:30:00,114.84
2019-01-20 08:00:00,119.76
2019-01-20 08:30:00,133.8
2019-01-20 09:00:00,176.64
2019-01-20 09:30:00,309.48
2019-01-20 10:00:00,333.6
2019-01-20 10:30:00,368.76
2019-01-20 11:00:00,340.86
2019-01-20 11:30:00,339.12
2019-01-20 12:00:00,334.56
2019-01-20 12:30:00,328.68
2019-01-20 13:00:00,314.64
2019-01-20 13:30:00,291.12
2019-01-20 14:00:00,290.52
2019-01-20 14:30:00,315.36
2019-01-20 15:00:00,331.08
2019-01-20 15:30:00,310.8
2019-01-20 16:00:00,306.0
2019-01-20 16:30:00,295.08
2019-01-20 17:00:00,317.04
2019-01-20 17:30:00,365.4
2019-01-20 18:00:00,360.96
2019-01-20 18:30:00,378.96
2019-01-20 19:00:00,347.64
2019-01-20 19:30:00,341.04
2019-01-20 20:00:00,292.5
2019-01-20 20:30:00,251.76
2019-01-20 21:00:00,233.88
2019-01-20 21:30:00,187.8
2019-01-20 22:00:00,158.52
2019-01-20 22:30:00,159.12
2019-01-20 23:00:00,132.0
2019-01-20 23:30:00,105.24
2019-01-21 00:00:00,110.46
2019-01-21 00:00:00,110.46
2019-01-21 00:30:00,108.52
2019-01-21 01:00:00,112.32
2019-01-21 01:30:00,108.54
2019-01-21 02:00:00,110.28
2019-01-21 02:30:00,52.32
2019-01-21 03:00:00,106.62
2019-01-21 03:30:00,118.32
2019-01-21 04:00:00,108.36
2019-01-21 04:30:00,106.44
2019-01-21 05:00:00,114.96
2019-01-21 05:30:00,94.32
2019-01-21 06:00:00,108.12
2019-01-21 06:30:00,97.2
2019-01-21 07:00:00,102.48
2019-01-21 07:30:00,112.5
2019-01-21 08:00:00,146.52
2019-01-21 08:30:00,191.22
2019-01-21 09:00:00,206.16
2019-01-21 09:30:00,194.76
2019-01-21 10:00:00,220.32
2019-01-21 10:30:00,203.52
2019-01-21 11:00:00,232.92
2019-01-21 11:30:00,278.88
2019-01-21 12:00:00,284.16
2019-01-21 12:30:00,264.08
2019-01-21 13:00:00,282.84
2019-01-21 13:30:00,256.92
2019-01-21 14:00:00,291.0
2019-01-21 14:30:00,286.08
2019-01-21 15:00:00,271.44
2019-01-21 15:30:00,298.68
2019-01-21 16:00:00,254.28
2019-01-21 16:30:00,266.16
2019-01-21 17:00:00,295.38
2019-01-21 17:30:00,298.68
2019-01-21 18:00:00,274.68
2019-01-21 18:30:00,280.32
2019-01-21 19:00:00,164.31
2019-01-21 19:30:00,283.08
2019-01-21 20:00:00,291.36
2019-01-21 20:30:00,291.12
2019-01-21 21:00:00,276.36
2019-01-21 21:30:00,257.4
2019-01-21 22:00:00,132.6
2019-01-21 22:30:00,232.68
2019-01-21 23:00:00,193.8
2019-01-21 23:30:00,183.43
2019-01-22 00:00:00,200.52
2019-01-22 00:00:00,200.52
2019-01-22 00:30:00,181.14
2019-01-22 01:00:00,114.8
2019-01-22 01:30:00,133.44
2019-01-22 02:00:00,128.64
2019-01-22 02:30:00,51.0
2019-01-22 03:00:00,117.0
2019-01-22 03:30:00,125.22
2019-01-22 04:00:00,111.9
2019-01-22 04:30:00,101.76
2019-01-22 05:00:00,86.84
2019-01-22 05:30:00,95.58
2019-01-22 06:00:00,89.04
2019-01-22 06:30:00,80.52
2019-01-22 07:00:00,100.56
2019-01-22 07:30:00,97.44
2019-01-22 08:00:00,112.2
2019-01-22 08:30:00,132.84
2019-01-22 09:00:00,213.0
2019-01-22 09:30:00,283.92
2019-01-22 10:00:00,297.96
2019-01-22 10:30:00,316.2
2019-01-22 11:00:00,336.18
2019-01-22 11:30:00,364.36
2019-01-22 12:00:00,326.92
2019-01-22 12:30:00,339.6
2019-01-22 13:00:00,344.37
2019-01-22 13:30:00,355.44
2019-01-22 14:00:00,365.58
2019-01-22 14:30:00,495.21
2019-01-22 15:00:00,481.76
2019-01-22 15:30:00,482.54
2019-01-22 16:00:00,336.6
2019-01-22 16:30:00,500.64
2019-01-22 17:00:00,483.72
2019-01-22 17:30:00,565.92
2019-01-22 18:00:00,565.8
2019-01-22 18:30:00,513.87
2019-01-22 19:00:00,513.72
2019-01-22 19:30:00,534.0
2019-01-22 20:00:00,537.0
2019-01-22 20:30:00,505.08
2019-01-22 21:00:00,501.12
2019-01-22 21:30:00,465.28
2019-01-22 22:00:00,445.11
2019-01-22 22:30:00,272.64
2019-01-22 23:00:00,211.56
2019-01-22 23:30:00,210.72
2019-01-23 00:00:00,223.14
2019-01-23 00:00:00,223.14
2019-01-23 00:30:00,170.04
2019-01-23 01:00:00,146.52
2019-01-23 01:30:00,121.92
2019-01-23 02:00:00,117.12
2019-01-23 02:30:00,122.64
2019-01-23 03:00:00,131.58
2019-01-23 03:30:00,129.48
2019-01-23 04:00:00,111.96
2019-01-23 04:30:00,113.28
2019-01-23 05:00:00,114.36
2019-01-23 05:30:00,120.6
2019-01-23 06:00:00,126.36
2019-01-23 06:30:00,121.68
2019-01-23 07:00:00,141.96
2019-01-23 07:30:00,144.0
2019-01-23 08:00:00,170.88
2019-01-23 08:30:00,179.64
2019-01-23 09:00:00,314.68
2019-01-23 09:30:00,410.52
2019-01-23 10:00:00,536.28
2019-01-23 10:30:00,539.76
2019-01-23 11:00:00,563.04
2019-01-23 11:30:00,547.44
2019-01-23 12:00:00,553.8
2019-01-23 12:30:00,577.26
2019-01-23 13:00:00,583.92
2019-01-23 13:30:00,551.04
2019-01-23 14:00:00,550.68
2019-01-23 14:30:00,561.96
2019-01-23 15:00:00,565.56
2019-01-23 15:30:00,586.2
2019-01-23 16:00:00,591.48
2019-01-23 16:30:00,595.68
2019-01-23 17:00:00,622.44
2019-01-23 17:30:00,495.48
2019-01-23 18:00:00,404.52
2019-01-23 18:30:00,297.48
2019-01-23 19:00:00,291.6
2019-01-23 19:30:00,317.37
2019-01-23 20:00:00,275.28
2019-01-23 20:30:00,265.2
2019-01-23 21:00:00,278.64
2019-01-23 21:30:00,213.48
2019-01-23 22:00:00,160.98
2019-01-23 22:30:00,161.4
2019-01-23 23:00:00,127.41
2019-01-23 23:30:00,137.76
2019-01-24 00:00:00,128.04
2019-01-24 00:00:00,128.04
2019-01-24 00:30:00,133.87
2019-01-24 01:00:00,128.25
2019-01-24 01:30:00,139.52
2019-01-24 02:00:00,152.04
2019-01-24 02:30:00,111.61
2019-01-24 03:00:00,96.6
2019-01-24 03:30:00,96.96
2019-01-24 04:00:00,88.2
2019-01-24 04:30:00,86.76
2019-01-24 05:00:00,98.64
2019-01-24 05:30:00,105.06
2019-01-24 06:00:00,99.24
2019-01-24 06:30:00,103.2
2019-01-24 07:00:00,101.04
2019-01-24 07:30:00,111.96
2019-01-24 08:00:00,158.52
2019-01-24 08:30:00,168.6
2019-01-24 09:00:00,205.92
2019-01-24 09:30:00,250.52
2019-01-24 10:00:00,291.15
2019-01-24 10:30:00,329.28
2019-01-24 11:00:00,325.63
2019-01-24 11:30:00,333.03
2019-01-24 12:00:00,371.28
2019-01-24 12:30:00,333.24
2019-01-24 13:00:00,339.96
2019-01-24 13:30:00,320.37
2019-01-24 14:00:00,332.76
2019-01-24 14:30:00,322.92
2019-01-24 15:00:00,335.7
2019-01-24 15:30:00,322.2
2019-01-24 16:00:00,342.0
2019-01-24 16:30:00,322.8
2019-01-24 17:00:00,336.48
2019-01-24 17:30:00,312.48
2019-01-24 18:00:00,372.24
2019-01-24 18:30:00,356.64
2019-01-24 19:00:00,342.84
2019-01-24 19:30:00,326.28
2019-01-24 20:00:00,306.84
2019-01-24 20:30:00,294.24
2019-01-24 21:00:00,336.36
2019-01-24 21:30:00,278.16
2019-01-24 22:00:00,215.88
2019-01-24 22:30:00,215.2
2019-01-24 23:00:00,173.64
2019-01-24 23:30:00,122.52
2019-01-25 00:00:00,98.28
2019-01-25 00:00:00,98.28
2019-01-25 00:30:00,91.08
2019-01-25 01:00:00,95.16
2019-01-25 01:30:00,99.36
2019-01-25 02:00:00,90.0
2019-01-25 02:30:00,94.92
2019-01-25 03:00:00,78.0
2019-01-25 03:30:00,81.24
2019-01-25 04:00:00,81.48
2019-01-25 04:30:00,80.74
2019-01-25 05:00:00,89.64
2019-01-25 05:30:00,88.2
2019-01-25 06:00:00,76.32
2019-01-25 06:30:00,81.36
2019-01-25 07:00:00,78.72
2019-01-25 07:30:00,105.24
2019-01-25 08:00:00,164.64
2019-01-25 08:30:00,341.4
2019-01-25 09:00:00,447.48
2019-01-25 09:30:00,484.68
2019-01-25 10:00:00,544.44
2019-01-25 10:30:00,532.08
2019-01-25 11:00:00,538.44
2019-01-25 11:30:00,530.16
2019-01-25 12:00:00,522.06
2019-01-25 12:30:00,521.16
2019-01-25 13:00:00,528.12
2019-01-25 13:30:00,542.88
2019-01-25 14:00:00,520.62
2019-01-25 14:30:00,541.56
2019-01-25 15:00:00,564.48
2019-01-25 15:30:00,540.9
2019-01-25 16:00:00,570.72
2019-01-25 16:30:00,617.52
2019-01-25 17:00:00,417.72
2019-01-25 17:30:00,601.5
2019-01-25 18:00:00,602.16
2019-01-25 18:30:00,651.12
2019-01-25 19:00:00,633.48
2019-01-25 19:30:00,652.08
2019-01-25 20:00:00,607.74
2019-01-25 20:30:00,592.8
2019-01-25 21:00:00,272.64
2019-01-25 21:30:00,255.96
2019-01-25 22:00:00,186.32
2019-01-25 22:30:00,169.44
2019-01-25 23:00:00,125.1
2019-01-25 23:30:00,115.2
2019-01-26 00:00:00,109.92
2019-01-26 00:00:00,109.92
2019-01-26 00:30:00,119.16
2019-01-26 01:00:00,124.68
2019-01-26 01:30:00,129.0
2019-01-26 02:00:00,124.64
2019-01-26 02:30:00,128.64
2019-01-26 03:00:00,121.92
2019-01-26 03:30:00,115.8
2019-01-26 04:00:00,118.92
2019-01-26 04:30:00,125.94
2019-01-26 05:00:00,112.8
2019-01-26 05:30:00,109.2
2019-01-26 06:00:00,117.0
2019-01-26 06:30:00,118.2
2019-01-26 07:00:00,114.0
2019-01-26 07:30:00,111.6
2019-01-26 08:00:00,137.4
2019-01-26 08:30:00,167.4
2019-01-26 09:00:00,245.4
2019-01-26 09:30:00,261.6
2019-01-26 10:00:00,301.8
2019-01-26 10:30:00,358.8
2019-01-26 11:00:00,376.8
2019-01-26 11:30:00,386.4
2019-01-26 12:00:00,391.2
2019-01-26 12:30:00,362.4
2019-01-26 13:00:00,339.0
2019-01-26 13:30:00,423.0
2019-01-26 14:00:00,418.2
2019-01-26 14:30:00,417.0
2019-01-26 15:00:00,463.4
2019-01-26 15:30:00,413.4
2019-01-26 16:00:00,351.3
2019-01-26 16:30:00,362.4
2019-01-26 17:00:00,385.2
2019-01-26 17:30:00,342.6
2019-01-26 18:00:00,368.4
2019-01-26 18:30:00,366.6
2019-01-26 19:00:00,340.8
2019-01-26 19:30:00,338.9
2019-01-26 20:00:00,341.7
2019-01-26 20:30:00,328.8
2019-01-26 21:00:00,246.0
2019-01-26 21:30:00,206.4
2019-01-26 22:00:00,157.8
2019-01-26 22:30:00,148.08
2019-01-26 23:00:00,123.24
2019-01-26 23:30:00,102.72
2019-01-27 00:00:00,120.84
2019-01-27 00:00:00,120.84
2019-01-27 00:30:00,120.6
2019-01-27 01:00:00,128.52
2019-01-27 01:30:00,120.6
2019-01-27 02:00:00,117.48
2019-01-27 02:30:00,115.68
2019-01-27 03:00:00,138.36
2019-01-27 03:30:00,129.0
2019-01-27 04:00:00,110.04
2019-01-27 04:30:00,91.68
2019-01-27 05:00:00,95.64
2019-01-27 05:30:00,98.4
2019-01-27 06:00:00,92.94
2019-01-27 06:30:00,88.68
2019-01-27 07:00:00,96.0
2019-01-27 07:30:00,107.16
2019-01-27 08:00:00,48.12
2019-01-27 08:30:00,120.3
2019-01-27 09:00:00,210.36
2019-01-27 09:30:00,249.12
2019-01-27 10:00:00,333.66
2019-01-27 10:30:00,310.26
2019-01-27 11:00:00,324.44
2019-01-27 11:30:00,325.12
2019-01-27 12:00:00,296.28
2019-01-27 12:30:00,280.44
2019-01-27 13:00:00,282.12
2019-01-27 13:30:00,267.0
2019-01-27 14:00:00,102.36
2019-01-27 14:30:00,93.6
2019-01-27 15:00:00,306.6
2019-01-27 15:30:00,270.12
2019-01-27 16:00:00,301.74
2019-01-27 16:30:00,106.68
2019-01-27 17:00:00,291.24
2019-01-27 17:30:00,288.0
2019-01-27 18:00:00,296.16
2019-01-27 18:30:00,273.36
2019-01-27 19:00:00,253.92
2019-01-27 19:30:00,257.76
2019-01-27 20:00:00,239.04
2019-01-27 20:30:00,224.16
2019-01-27 21:00:00,197.4
2019-01-27 21:30:00,179.44
2019-01-27 22:00:00,150.84
2019-01-27 22:30:00,272.16
2019-01-27 23:00:00,103.92
2019-01-27 23:30:00,111.72
2019-01-28 00:00:00,112.44
2019-01-28 00:00:00,112.44
2019-01-28 00:30:00,112.2
2019-01-28 01:00:00,109.8
2019-01-28 01:30:00,111.24
2019-01-28 02:00:00,114.54
2019-01-28 02:30:00,96.48
2019-01-28 03:00:00,112.68
2019-01-28 03:30:00,115.32
2019-01-28 04:00:00,114.48
2019-01-28 04:30:00,100.44
2019-01-28 05:00:00,96.24
2019-01-28 05:30:00,91.2
2019-01-28 06:00:00,42.36
2019-01-28 06:30:00,78.6
2019-01-28 07:00:00,81.12
2019-01-28 07:30:00,42.0
2019-01-28 08:00:00,121.96
2019-01-28 08:30:00,172.68
2019-01-28 09:00:00,233.28
2019-01-28 09:30:00,253.44
2019-01-28 10:00:00,271.32
2019-01-28 10:30:00,290.88
2019-01-28 11:00:00,409.68
2019-01-28 11:30:00,468.84
2019-01-28 12:00:00,468.24
2019-01-28 12:30:00,467.4
2019-01-28 13:00:00,442.44
2019-01-28 13:30:00,424.68
2019-01-28 14:00:00,461.4
2019-01-28 14:30:00,465.92
2019-01-28 15:00:00,447.84
2019-01-28 15:30:00,454.68
2019-01-28 16:00:00,435.24
2019-01-28 16:30:00,300.24
2019-01-28 17:00:00,466.08
2019-01-28 17:30:00,403.32
2019-01-28 18:00:00,355.8
2019-01-28 18:30:00,255.72
2019-01-28 19:00:00,221.52
2019-01-28 19:30:00,234.48
2019-01-28 20:00:00,229.8
2019-01-28 20:30:00,216.0
2019-01-28 21:00:00,189.6
2019-01-28 21:30:00,107.28
2019-01-28 22:00:00,158.76
2019-01-28 22:30:00,162.36
2019-01-28 23:00:00,72.72
2019-01-28 23:30:00,111.36
2019-01-29 00:00:00,109.02
2019-01-29 00:00:00,109.02
2019-01-29 00:30:00,135.0
2019-01-29 01:00:00,128.4
2019-01-29 01:30:00,123.0
2019-01-29 02:00:00,123.6
2019-01-29 02:30:00,111.0
2019-01-29 03:00:00,111.0
2019-01-29 03:30:00,111.6
2019-01-29 04:00:00,111.0
2019-01-29 04:30:00,109.8
2019-01-29 05:00:00,121.2
2019-01-29 05:30:00,120.0
2019-01-29 06:00:00,92.7
2019-01-29 06:30:00,100.8
2019-01-29 07:00:00,107.51
2019-01-29 07:30:00,179.16
2019-01-29 08:00:00,303.78
2019-01-29 08:30:00,306.48
2019-01-29 09:00:00,351.36
2019-01-29 09:30:00,372.0
2019-01-29 10:00:00,458.76
2019-01-29 10:30:00,454.2
2019-01-29 11:00:00,493.8
2019-01-29 11:30:00,468.12
2019-01-29 12:00:00,477.76
2019-01-29 12:30:00,463.2
2019-01-29 13:00:00,453.6
2019-01-29 13:30:00,501.6
2019-01-29 14:00:00,476.4
2019-01-29 14:30:00,474.0
2019-01-29 15:00:00,465.3
2019-01-29 15:30:00,464.4
2019-01-29 16:00:00,472.8
2019-01-29 16:30:00,470.6
2019-01-29 17:00:00,514.2
2019-01-29 17:30:00,492.0
2019-01-29 18:00:00,524.4
2019-01-29 18:30:00,549.0
2019-01-29 19:00:00,509.4
2019-01-29 19:30:00,511.2
2019-01-29 20:00:00,313.2
2019-01-29 20:30:00,307.8
2019-01-29 21:00:00,257.4
2019-01-29 21:30:00,210.0
2019-01-29 22:00:00,175.2
2019-01-29 22:30:00,174.24
2019-01-29 23:00:00,137.92
2019-01-29 23:30:00,107.88
2019-01-30 00:00:00,90.84
2019-01-30 00:00:00,90.84
2019-01-30 00:30:00,85.68
2019-01-30 01:00:00,92.46
2019-01-30 01:30:00,97.08
2019-01-30 02:00:00,91.08
2019-01-30 02:30:00,94.8
2019-01-30 03:00:00,85.56
2019-01-30 03:30:00,79.32
2019-01-30 04:00:00,83.76
2019-01-30 04:30:00,85.8
2019-01-30 05:00:00,91.8
2019-01-30 05:30:00,87.36
2019-01-30 06:00:00,87.96
2019-01-30 06:30:00,85.86
2019-01-30 07:00:00,85.92
2019-01-30 07:30:00,100.92
2019-01-30 08:00:00,135.12
2019-01-30 08:30:00,129.9
2019-01-30 09:00:00,154.2
2019-01-30 09:30:00,184.68
2019-01-30 10:00:00,185.13
2019-01-30 10:30:00,170.52
2019-01-30 11:00:00,208.2
2019-01-30 11:30:00,197.88
2019-01-30 12:00:00,189.72
2019-01-30 12:30:00,218.64
2019-01-30 13:00:00,188.4
2019-01-30 13:30:00,188.52
2019-01-30 14:00:00,205.8
2019-01-30 14:30:00,192.6
2019-01-30 15:00:00,167.4
2019-01-30 15:30:00,185.04
2019-01-30 16:00:00,204.12
2019-01-30 16:30:00,178.8
2019-01-30 17:00:00,171.84
2019-01-30 17:30:00,163.68
2019-01-30 18:00:00,219.36
2019-01-30 18:30:00,200.16
2019-01-30 19:00:00,200.4
2019-01-30 19:30:00,192.6
2019-01-30 20:00:00,179.46
2019-01-30 20:30:00,185.66
2019-01-30 21:00:00,193.08
2019-01-30 21:30:00,145.8
2019-01-30 22:00:00,119.76
2019-01-30 22:30:00,117.24
2019-01-30 23:00:00,36.6
2019-01-30 23:30:00,65.4
2019-01-31 00:00:00,69.0
2019-01-31 00:00:00,69.0
2019-01-31 00:30:00,56.4
2019-01-31 01:00:00,58.8
2019-01-31 01:30:00,60.0
2019-01-31 02:00:00,58.8
2019-01-31 02:30:00,60.0
2019-01-31 03:00:00,58.2
2019-01-31 03:30:00,57.6
2019-01-31 04:00:00,58.2
2019-01-31 04:30:00,58.2
2019-01-31 05:00:00,60.6
2019-01-31 05:30:00,59.4
2019-01-31 06:00:00,56.4
2019-01-31 06:30:00,59.4
2019-01-31 07:00:00,60.0
2019-01-31 07:30:00,96.6
2019-01-31 08:00:00,110.4
2019-01-31 08:30:00,120.0
2019-01-31 09:00:00,161.4
2019-01-31 09:30:00,212.4
2019-01-31 10:00:00,190.8
2019-01-31 10:30:00,201.0
2019-01-31 11:00:00,232.32
2019-01-31 11:30:00,234.78
2019-01-31 12:00:00,242.46
2019-01-31 12:30:00,281.16
2019-01-31 13:00:00,234.48
2019-01-31 13:30:00,207.84
2019-01-31 14:00:00,217.32
2019-01-31 14:30:00,216.18
2019-01-31 15:00:00,197.34
2019-01-31 15:30:00,216.0
2019-01-31 16:00:00,204.36
2019-01-31 16:30:00,214.5
2019-01-31 17:00:00,210.0
2019-01-31 17:30:00,233.82
2019-01-31 18:00:00,260.4
2019-01-31 18:30:00,230.56
2019-01-31 19:00:00,115.92
2019-01-31 19:30:00,244.92
2019-01-31 20:00:00,215.88
2019-01-31 20:30:00,201.54
2019-01-31 21:00:00,198.96
2019-01-31 21:30:00,169.44
2019-01-31 22:00:00,128.52
2019-01-31 22:30:00,127.86
2019-01-31 23:00:00,95.52
2019-01-31 23:30:00,86.76
2019-02-01 00:00:00,85.08
2019-02-01 00:00:00,85.08
2019-02-01 00:30:00,86.52
2019-02-01 01:00:00,91.32
2019-02-01 01:30:00,87.0
2019-02-01 02:00:00,72.48
2019-02-01 02:30:00,73.68
2019-02-01 03:00:00,73.56
2019-02-01 03:30:00,73.8
2019-02-01 04:00:00,72.6
2019-02-01 04:30:00,73.92
2019-02-01 05:00:00,70.02
2019-02-01 05:30:00,72.72
2019-02-01 06:00:00,69.3
2019-02-01 06:30:00,70.92
2019-02-01 07:00:00,72.0
2019-02-01 07:30:00,74.28
2019-02-01 08:00:00,87.96
2019-02-01 08:30:00,91.2
2019-02-01 09:00:00,127.38
2019-02-01 09:30:00,163.8
2019-02-01 10:00:00,177.6
2019-02-01 10:30:00,162.6
2019-02-01 11:00:00,163.68
2019-02-01 11:30:00,190.2
2019-02-01 12:00:00,140.88
2019-02-01 12:30:00,168.33
2019-02-01 13:00:00,97.32
2019-02-01 13:30:00,159.72
2019-02-01 14:00:00,155.88
2019-02-01 14:30:00,143.64
2019-02-01 15:00:00,147.66
2019-02-01 15:30:00,151.56
2019-02-01 16:00:00,166.8
2019-02-01 16:30:00,161.04
2019-02-01 17:00:00,79.44
2019-02-01 17:30:00,149.64
2019-02-01 18:00:00,213.0
2019-02-01 18:30:00,207.12
2019-02-01 19:00:00,95.4
2019-02-01 19:30:00,186.96
2019-02-01 20:00:00,191.28
2019-02-01 20:30:00,185.16
2019-02-01 21:00:00,183.84
2019-02-01 21:30:00,136.68
2019-02-01 22:00:00,101.16
2019-02-01 22:30:00,66.48
2019-02-01 23:00:00,90.36
2019-02-01 23:30:00,61.68
2019-02-02 00:00:00,61.44
2019-02-02 00:00:00,61.44
2019-02-02 00:30:00,65.52
2019-02-02 01:00:00,59.28
2019-02-02 01:30:00,61.44
2019-02-02 02:00:00,60.0
2019-02-02 02:30:00,63.24
2019-02-02 03:00:00,64.8
2019-02-02 03:30:00,64.32
2019-02-02 04:00:00,66.84
2019-02-02 04:30:00,79.08
2019-02-02 05:00:00,80.64
2019-02-02 05:30:00,81.24
2019-02-02 06:00:00,85.56
2019-02-02 06:30:00,87.6
2019-02-02 07:00:00,83.16
2019-02-02 07:30:00,92.64
2019-02-02 08:00:00,102.12
2019-02-02 08:30:00,132.96
2019-02-02 09:00:00,119.52
2019-02-02 09:30:00,158.04
2019-02-02 10:00:00,155.52
2019-02-02 10:30:00,148.8
2019-02-02 11:00:00,144.72
2019-02-02 11:30:00,142.56
2019-02-02 12:00:00,136.2
2019-02-02 12:30:00,152.91
2019-02-02 13:00:00,146.76
2019-02-02 13:30:00,146.36
2019-02-02 14:00:00,158.55
2019-02-02 14:30:00,139.62
2019-02-02 15:00:00,162.03
2019-02-02 15:30:00,160.68
2019-02-02 16:00:00,164.4
2019-02-02 16:30:00,159.36
2019-02-02 17:00:00,169.44
2019-02-02 17:30:00,144.6
2019-02-02 18:00:00,169.28
2019-02-02 18:30:00,173.28
2019-02-02 19:00:00,178.8
2019-02-02 19:30:00,161.42
2019-02-02 20:00:00,164.16
2019-02-02 20:30:00,171.6
2019-02-02 21:00:00,157.44
2019-02-02 21:30:00,124.44
2019-02-02 22:00:00,106.44
2019-02-02 22:30:00,106.44
2019-02-02 23:00:00,78.72
2019-02-02 23:30:00,65.28
2019-02-03 00:00:00,68.1
2019-02-03 00:00:00,68.1
2019-02-03 00:30:00,74.4
2019-02-03 01:00:00,69.6
2019-02-03 01:30:00,70.44
2019-02-03 02:00:00,60.96
2019-02-03 02:30:00,66.54
2019-02-03 03:00:00,66.48
2019-02-03 03:30:00,67.32
2019-02-03 04:00:00,61.44
2019-02-03 04:30:00,60.72
2019-02-03 05:00:00,67.32
2019-02-03 05:30:00,68.28
2019-02-03 06:00:00,70.62
2019-02-03 06:30:00,67.56
2019-02-03 07:00:00,69.84
2019-02-03 07:30:00,71.52
2019-02-03 08:00:00,80.88
2019-02-03 08:30:00,89.4
2019-02-03 09:00:00,114.0
2019-02-03 09:30:00,130.5
2019-02-03 10:00:00,140.4
2019-02-03 10:30:00,164.1
2019-02-03 11:00:00,173.4
2019-02-03 11:30:00,196.2
2019-02-03 12:00:00,174.9
2019-02-03 12:30:00,144.3
2019-02-03 13:00:00,137.4
2019-02-03 13:30:00,145.2
2019-02-03 14:00:00,133.8
2019-02-03 14:30:00,131.4
2019-02-03 15:00:00,132.0
2019-02-03 15:30:00,147.0
2019-02-03 16:00:00,128.4
2019-02-03 16:30:00,127.2
2019-02-03 17:00:00,143.4
2019-02-03 17:30:00,134.7
2019-02-03 18:00:00,150.6
2019-02-03 18:30:00,149.4
2019-02-03 19:00:00,153.0
2019-02-03 19:30:00,184.54
2019-02-03 20:00:00,197.82
2019-02-03 20:30:00,166.68
2019-02-03 21:00:00,176.52
2019-02-03 21:30:00,139.7
2019-02-03 22:00:00,122.4
2019-02-03 22:30:00,113.46
2019-02-03 23:00:00,83.28
2019-02-03 23:30:00,76.32
2019-02-04 00:00:00,77.12
2019-02-04 00:00:00,77.12
2019-02-04 00:30:00,74.4
2019-02-04 01:00:00,74.7
2019-02-04 01:30:00,73.5
2019-02-04 02:00:00,73.2
2019-02-04 02:30:00,75.6
2019-02-04 03:00:00,78.6
2019-02-04 03:30:00,70.2
2019-02-04 04:00:00,73.2
2019-02-04 04:30:00,78.6
2019-02-04 05:00:00,76.2
2019-02-04 05:30:00,77.4
2019-02-04 06:00:00,60.7
2019-02-04 06:30:00,66.0
2019-02-04 07:00:00,58.8
2019-02-04 07:30:00,64.2
2019-02-04 08:00:00,64.8
2019-02-04 08:30:00,63.0
2019-02-04 09:00:00,60.0
2019-02-04 09:30:00,93.6
2019-02-04 10:00:00,90.9
2019-02-04 10:30:00,85.8
2019-02-04 11:00:00,88.5
2019-02-04 11:30:00,85.8
2019-02-04 12:00:00,83.4
2019-02-04 12:30:00,83.4
2019-02-04 13:00:00,87.6
2019-02-04 13:30:00,84.6
2019-02-04 14:00:00,86.1
2019-02-04 14:30:00,82.2
2019-02-04 15:00:00,90.3
2019-02-04 15:30:00,79.2
2019-02-04 16:00:00,87.6
2019-02-04 16:30:00,87.0
2019-02-04 17:00:00,95.4
2019-02-04 17:30:00,82.8
2019-02-04 18:00:00,115.8
2019-02-04 18:30:00,119.4
2019-02-04 19:00:00,139.8
2019-02-04 19:30:00,119.7
2019-02-04 20:00:00,138.6
2019-02-04 20:30:00,158.1
2019-02-04 21:00:00,131.4
2019-02-04 21:30:00,120.6
2019-02-04 22:00:00,104.4
2019-02-04 22:30:00,96.16
2019-02-04 23:00:00,69.24
2019-02-04 23:30:00,57.04
2019-02-05 00:00:00,59.76
2019-02-05 00:00:00,59.76
2019-02-05 00:30:00,55.8
2019-02-05 01:00:00,58.2
2019-02-05 01:30:00,56.16
2019-02-05 02:00:00,68.64
2019-02-05 02:30:00,61.92
2019-02-05 03:00:00,66.0
2019-02-05 03:30:00,61.56
2019-02-05 04:00:00,59.4
2019-02-05 04:30:00,60.9
2019-02-05 05:00:00,61.92
2019-02-05 05:30:00,26.16
2019-02-05 06:00:00,59.22
2019-02-05 06:30:00,71.64
2019-02-05 07:00:00,70.16
2019-02-05 07:30:00,71.64
2019-02-05 08:00:00,72.36
2019-02-05 08:30:00,72.24
2019-02-05 09:00:00,66.6
2019-02-05 09:30:00,89.88
2019-02-05 10:00:00,76.8
2019-02-05 10:30:00,66.68
2019-02-05 11:00:00,66.96
2019-02-05 11:30:00,65.4
2019-02-05 12:00:00,59.56
2019-02-05 12:30:00,58.2
2019-02-05 13:00:00,39.12
2019-02-05 13:30:00,59.16
2019-02-05 14:00:00,60.84
2019-02-05 14:30:00,63.48
2019-02-05 15:00:00,60.12
2019-02-05 15:30:00,68.52
2019-02-05 16:00:00,66.24
2019-02-05 16:30:00,57.84
2019-02-05 17:00:00,56.52
2019-02-05 17:30:00,65.52
2019-02-05 18:00:00,109.44
2019-02-05 18:30:00,107.52
2019-02-05 19:00:00,104.76
2019-02-05 19:30:00,104.04
2019-02-05 20:00:00,102.6
2019-02-05 20:30:00,101.52
2019-02-05 21:00:00,95.04
2019-02-05 21:30:00,95.28
2019-02-05 22:00:00,93.96
2019-02-05 22:30:00,90.0
2019-02-05 23:00:00,63.72
2019-02-05 23:30:00,51.96
2019-02-06 00:00:00,65.04
2019-02-06 00:00:00,65.04
2019-02-06 00:30:00,52.56
2019-02-06 01:00:00,57.36
2019-02-06 01:30:00,51.24
2019-02-06 02:00:00,56.76
2019-02-06 02:30:00,51.54
2019-02-06 03:00:00,52.02
2019-02-06 03:30:00,50.04
2019-02-06 04:00:00,52.44
2019-02-06 04:30:00,54.96
2019-02-06 05:00:00,50.34
2019-02-06 05:30:00,52.38
2019-02-06 06:00:00,59.64
2019-02-06 06:30:00,65.16
2019-02-06 07:00:00,64.68
2019-02-06 07:30:00,65.76
2019-02-06 08:00:00,67.68
2019-02-06 08:30:00,66.0
2019-02-06 09:00:00,64.56
2019-02-06 09:30:00,31.08
2019-02-06 10:00:00,60.48
2019-02-06 10:30:00,29.64
2019-02-06 11:00:00,61.2
2019-02-06 11:30:00,60.36
2019-02-06 12:00:00,63.56
2019-02-06 12:30:00,59.76
2019-02-06 13:00:00,58.2
2019-02-06 13:30:00,61.56
2019-02-06 14:00:00,60.48
2019-02-06 14:30:00,58.8
2019-02-06 15:00:00,63.48
2019-02-06 15:30:00,59.16
2019-02-06 16:00:00,60.12
2019-02-06 16:30:00,58.08
2019-02-06 17:00:00,57.96
2019-02-06 17:30:00,62.04
2019-02-06 18:00:00,99.12
2019-02-06 18:30:00,101.22
2019-02-06 19:00:00,110.22
2019-02-06 19:30:00,107.76
2019-02-06 20:00:00,108.24
2019-02-06 20:30:00,107.4
2019-02-06 21:00:00,116.52
2019-02-06 21:30:00,106.44
2019-02-06 22:00:00,105.12
2019-02-06 22:30:00,61.2
2019-02-06 23:00:00,77.16
2019-02-06 23:30:00,70.74
2019-02-07 00:00:00,65.88
2019-02-07 00:00:00,65.88
2019-02-07 00:30:00,62.28
2019-02-07 01:00:00,63.48
2019-02-07 01:30:00,64.32
2019-02-07 02:00:00,57.36
2019-02-07 02:30:00,56.72
2019-02-07 03:00:00,55.68
2019-02-07 03:30:00,57.84
2019-02-07 04:00:00,55.56
2019-02-07 04:30:00,56.88
2019-02-07 05:00:00,56.64
2019-02-07 05:30:00,55.2
2019-02-07 06:00:00,58.14
2019-02-07 06:30:00,56.4
2019-02-07 07:00:00,57.12
2019-02-07 07:30:00,56.34
2019-02-07 08:00:00,58.44
2019-02-07 08:30:00,58.92
2019-02-07 09:00:00,60.0
2019-02-07 09:30:00,66.0
2019-02-07 10:00:00,62.64
2019-02-07 10:30:00,80.76
2019-02-07 11:00:00,75.96
2019-02-07 11:30:00,77.64
2019-02-07 12:00:00,74.46
2019-02-07 12:30:00,76.32
2019-02-07 13:00:00,79.0
2019-02-07 13:30:00,76.2
2019-02-07 14:00:00,76.2
2019-02-07 14:30:00,30.12
2019-02-07 15:00:00,74.58
2019-02-07 15:30:00,73.8
2019-02-07 16:00:00,63.0
2019-02-07 16:30:00,59.52
2019-02-07 17:00:00,60.0
2019-02-07 17:30:00,30.0
2019-02-07 18:00:00,100.2
2019-02-07 18:30:00,99.12
2019-02-07 19:00:00,101.24
2019-02-07 19:30:00,101.16
2019-02-07 20:00:00,66.48
2019-02-07 20:30:00,102.96
2019-02-07 21:00:00,103.08
2019-02-07 21:30:00,102.36
2019-02-07 22:00:00,101.76
2019-02-07 22:30:00,34.44
2019-02-07 23:00:00,80.4
2019-02-07 23:30:00,60.12
2019-02-08 00:00:00,70.5
2019-02-08 00:00:00,70.5
2019-02-08 00:30:00,60.36
2019-02-08 01:00:00,59.28
2019-02-08 01:30:00,59.16
2019-02-08 02:00:00,58.56
2019-02-08 02:30:00,59.72
2019-02-08 03:00:00,58.8
2019-02-08 03:30:00,72.36
2019-02-08 04:00:00,61.08
2019-02-08 04:30:00,59.04
2019-02-08 05:00:00,59.76
2019-02-08 05:30:00,58.8
2019-02-08 06:00:00,60.96
2019-02-08 06:30:00,60.78
2019-02-08 07:00:00,58.32
2019-02-08 07:30:00,58.2
2019-02-08 08:00:00,63.84
2019-02-08 08:30:00,60.83
2019-02-08 09:00:00,60.0
2019-02-08 09:30:00,102.0
2019-02-08 10:00:00,109.8
2019-02-08 10:30:00,87.6
2019-02-08 11:00:00,91.5
2019-02-08 11:30:00,88.8
2019-02-08 12:00:00,66.0
2019-02-08 12:30:00,78.0
2019-02-08 13:00:00,92.4
2019-02-08 13:30:00,83.4
2019-02-08 14:00:00,92.4
2019-02-08 14:30:00,94.2
2019-02-08 15:00:00,92.88
2019-02-08 15:30:00,88.44
2019-02-08 16:00:00,76.56
2019-02-08 16:30:00,73.68
2019-02-08 17:00:00,69.48
2019-02-08 17:30:00,58.8
2019-02-08 18:00:00,98.28
2019-02-08 18:30:00,98.28
2019-02-08 19:00:00,110.94
2019-02-08 19:30:00,113.72
2019-02-08 20:00:00,114.84
2019-02-08 20:30:00,114.12
2019-02-08 21:00:00,99.04
2019-02-08 21:30:00,98.58
2019-02-08 22:00:00,96.6
2019-02-08 22:30:00,94.19
2019-02-08 23:00:00,64.0
2019-02-08 23:30:00,55.8
2019-02-09 00:00:00,53.74
2019-02-09 00:00:00,53.74
2019-02-09 00:30:00,54.6
2019-02-09 01:00:00,56.48
2019-02-09 01:30:00,56.76
2019-02-09 02:00:00,54.76
2019-02-09 02:30:00,56.4
2019-02-09 03:00:00,55.32
2019-02-09 03:30:00,55.68
2019-02-09 04:00:00,55.44
2019-02-09 04:30:00,68.34
2019-02-09 05:00:00,67.8
2019-02-09 05:30:00,66.54
2019-02-09 06:00:00,71.94
2019-02-09 06:30:00,28.65
2019-02-09 07:00:00,70.02
2019-02-09 07:30:00,67.32
2019-02-09 08:00:00,70.92
2019-02-09 08:30:00,60.48
2019-02-09 09:00:00,72.84
2019-02-09 09:30:00,67.8
2019-02-09 10:00:00,73.15
2019-02-09 10:30:00,68.28
2019-02-09 11:00:00,70.08
2019-02-09 11:30:00,78.6
2019-02-09 12:00:00,75.78
2019-02-09 12:30:00,83.4
2019-02-09 13:00:00,67.44
2019-02-09 13:30:00,66.6
2019-02-09 14:00:00,94.08
2019-02-09 14:30:00,74.34
2019-02-09 15:00:00,73.2
2019-02-09 15:30:00,89.4
2019-02-09 16:00:00,92.34
2019-02-09 16:30:00,99.3
2019-02-09 17:00:00,68.88
2019-02-09 17:30:00,66.72
2019-02-09 18:00:00,100.68
2019-02-09 18:30:00,101.34
2019-02-09 19:00:00,102.54
2019-02-09 19:30:00,100.2
2019-02-09 20:00:00,99.96
2019-02-09 20:30:00,101.4
2019-02-09 21:00:00,100.08
2019-02-09 21:30:00,99.84
2019-02-09 22:00:00,111.0
2019-02-09 22:30:00,113.16
2019-02-09 23:00:00,82.2
2019-02-09 23:30:00,72.36
2019-02-10 00:00:00,71.4
2019-02-10 00:00:00,71.4
2019-02-10 00:30:00,58.44
2019-02-10 01:00:00,59.76
2019-02-10 01:30:00,58.32
2019-02-10 02:00:00,29.76
2019-02-10 02:30:00,57.48
2019-02-10 03:00:00,58.08
2019-02-10 03:30:00,60.0
2019-02-10 04:00:00,58.56
2019-02-10 04:30:00,58.68
2019-02-10 05:00:00,58.44
2019-02-10 05:30:00,57.9
2019-02-10 06:00:00,57.36
2019-02-10 06:30:00,57.12
2019-02-10 07:00:00,58.92
2019-02-10 07:30:00,60.0
2019-02-10 08:00:00,73.08
2019-02-10 08:30:00,76.68
2019-02-10 09:00:00,74.76
2019-02-10 09:30:00,85.08
2019-02-10 10:00:00,76.44
2019-02-10 10:30:00,78.72
2019-02-10 11:00:00,78.6
2019-02-10 11:30:00,82.68
2019-02-10 12:00:00,80.64
2019-02-10 12:30:00,81.36
2019-02-10 13:00:00,82.56
2019-02-10 13:30:00,73.08
2019-02-10 14:00:00,86.2
2019-02-10 14:30:00,70.72
2019-02-10 15:00:00,76.32
2019-02-10 15:30:00,76.56
2019-02-10 16:00:00,77.28
2019-02-10 16:30:00,72.6
2019-02-10 17:00:00,70.2
2019-02-10 17:30:00,76.76
2019-02-10 18:00:00,108.6
2019-02-10 18:30:00,108.48
2019-02-10 19:00:00,111.48
2019-02-10 19:30:00,109.2
2019-02-10 20:00:00,109.62
2019-02-10 20:30:00,109.56
2019-02-10 21:00:00,109.86
2019-02-10 21:30:00,100.44
2019-02-10 22:00:00,93.72
2019-02-10 22:30:00,92.4
2019-02-10 23:00:00,76.68
2019-02-10 23:30:00,55.74
2019-02-11 00:00:00,27.84
2019-02-11 00:00:00,27.84
2019-02-11 00:30:00,54.84
2019-02-11 01:00:00,57.18
2019-02-11 01:30:00,27.84
2019-02-11 02:00:00,54.4
2019-02-11 02:30:00,56.16
2019-02-11 03:00:00,54.12
2019-02-11 03:30:00,54.44
2019-02-11 04:00:00,55.56
2019-02-11 04:30:00,54.32
2019-02-11 05:00:00,54.9
2019-02-11 05:30:00,55.32
2019-02-11 06:00:00,57.09
2019-02-11 06:30:00,62.64
2019-02-11 07:00:00,66.76
2019-02-11 07:30:00,74.28
2019-02-11 08:00:00,119.28
2019-02-11 08:30:00,116.73
2019-02-11 09:00:00,237.64
2019-02-11 09:30:00,115.32
2019-02-11 10:00:00,246.93
2019-02-11 10:30:00,230.43
2019-02-11 11:00:00,255.0
2019-02-11 11:30:00,246.24
2019-02-11 12:00:00,246.48
2019-02-11 12:30:00,265.2
2019-02-11 13:00:00,257.28
2019-02-11 13:30:00,246.84
2019-02-11 14:00:00,252.72
2019-02-11 14:30:00,224.64
2019-02-11 15:00:00,214.12
2019-02-11 15:30:00,217.68
2019-02-11 16:00:00,201.24
2019-02-11 16:30:00,217.44
2019-02-11 17:00:00,233.28
2019-02-11 17:30:00,209.28
2019-02-11 18:00:00,228.84
2019-02-11 18:30:00,251.4
2019-02-11 19:00:00,246.12
2019-02-11 19:30:00,202.92
2019-02-11 20:00:00,207.72
2019-02-11 20:30:00,202.68
2019-02-11 21:00:00,193.68
2019-02-11 21:30:00,136.08
2019-02-11 22:00:00,140.98
2019-02-11 22:30:00,135.94
2019-02-11 23:00:00,100.35
2019-02-11 23:30:00,115.44
2019-02-12 00:00:00,89.64
2019-02-12 00:00:00,89.64
2019-02-12 00:30:00,85.8
2019-02-12 01:00:00,88.8
2019-02-12 01:30:00,91.68
2019-02-12 02:00:00,89.28
2019-02-12 02:30:00,85.92
2019-02-12 03:00:00,85.84
2019-02-12 03:30:00,86.52
2019-02-12 04:00:00,96.18
2019-02-12 04:30:00,91.44
2019-02-12 05:00:00,83.5
2019-02-12 05:30:00,85.2
2019-02-12 06:00:00,86.12
2019-02-12 06:30:00,82.43
2019-02-12 07:00:00,85.32
2019-02-12 07:30:00,94.92
2019-02-12 08:00:00,123.81
2019-02-12 08:30:00,132.36
2019-02-12 09:00:00,208.61
2019-02-12 09:30:00,259.09
2019-02-12 10:00:00,256.2
2019-02-12 10:30:00,269.35
2019-02-12 11:00:00,320.52
2019-02-12 11:30:00,320.58
2019-02-12 12:00:00,329.64
2019-02-12 12:30:00,310.98
2019-02-12 13:00:00,306.36
2019-02-12 13:30:00,290.91
2019-02-12 14:00:00,278.28
2019-02-12 14:30:00,291.96
2019-02-12 15:00:00,309.6
2019-02-12 15:30:00,314.96
2019-02-12 16:00:00,355.88
2019-02-12 16:30:00,318.15
2019-02-12 17:00:00,319.29
2019-02-12 17:30:00,300.18
2019-02-12 18:00:00,293.28
2019-02-12 18:30:00,256.44
2019-02-12 19:00:00,269.4
2019-02-12 19:30:00,259.8
2019-02-12 20:00:00,251.52
2019-02-12 20:30:00,248.3
2019-02-12 21:00:00,241.32
2019-02-12 21:30:00,184.1
2019-02-12 22:00:00,139.8
2019-02-12 22:30:00,126.6
2019-02-12 23:00:00,98.94
2019-02-12 23:30:00,87.36
2019-02-13 00:00:00,89.16
2019-02-13 00:00:00,89.16
2019-02-13 00:30:00,97.44
2019-02-13 01:00:00,88.04
2019-02-13 01:30:00,89.16
2019-02-13 02:00:00,89.64
2019-02-13 02:30:00,85.56
2019-02-13 03:00:00,90.66
2019-02-13 03:30:00,89.04
2019-02-13 04:00:00,88.44
2019-02-13 04:30:00,75.96
2019-02-13 05:00:00,74.76
2019-02-13 05:30:00,72.12
2019-02-13 06:00:00,72.3
2019-02-13 06:30:00,78.72
2019-02-13 07:00:00,87.84
2019-02-13 07:30:00,83.88
2019-02-13 08:00:00,140.76
2019-02-13 08:30:00,187.2
2019-02-13 09:00:00,252.0
2019-02-13 09:30:00,318.6
2019-02-13 10:00:00,317.52
2019-02-13 10:30:00,397.32
2019-02-13 11:00:00,400.26
2019-02-13 11:30:00,381.12
2019-02-13 12:00:00,347.76
2019-02-13 12:30:00,362.46
2019-02-13 13:00:00,328.8
2019-02-13 13:30:00,364.38
2019-02-13 14:00:00,293.52
2019-02-13 14:30:00,338.04
2019-02-13 15:00:00,321.54
2019-02-13 15:30:00,328.68
2019-02-13 16:00:00,394.68
2019-02-13 16:30:00,394.02
2019-02-13 17:00:00,357.42
2019-02-13 17:30:00,332.04
2019-02-13 18:00:00,286.2
2019-02-13 18:30:00,289.02
2019-02-13 19:00:00,284.04
2019-02-13 19:30:00,267.3
2019-02-13 20:00:00,252.48
2019-02-13 20:30:00,251.28
2019-02-13 21:00:00,228.12
2019-02-13 21:30:00,206.94
2019-02-13 22:00:00,130.9
2019-02-13 22:30:00,138.88
2019-02-13 23:00:00,94.14
2019-02-13 23:30:00,83.88
2019-02-14 00:00:00,85.86
2019-02-14 00:00:00,85.86
2019-02-14 00:30:00,86.64
2019-02-14 01:00:00,87.84
2019-02-14 01:30:00,85.2
2019-02-14 02:00:00,112.33
2019-02-14 02:30:00,87.56
2019-02-14 03:00:00,40.2
2019-02-14 03:30:00,85.96
2019-02-14 04:00:00,93.48
2019-02-14 04:30:00,95.16
2019-02-14 05:00:00,84.96
2019-02-14 05:30:00,86.46
2019-02-14 06:00:00,89.16
2019-02-14 06:30:00,86.52
2019-02-14 07:00:00,89.88
2019-02-14 07:30:00,103.56
2019-02-14 08:00:00,138.9
2019-02-14 08:30:00,187.32
2019-02-14 09:00:00,286.12
2019-02-14 09:30:00,360.8
2019-02-14 10:00:00,331.8
2019-02-14 10:30:00,367.26
2019-02-14 11:00:00,391.68
2019-02-14 11:30:00,421.8
2019-02-14 12:00:00,410.16
2019-02-14 12:30:00,432.84
2019-02-14 13:00:00,424.92
2019-02-14 13:30:00,405.16
2019-02-14 14:00:00,440.8
2019-02-14 14:30:00,356.04
2019-02-14 15:00:00,355.08
2019-02-14 15:30:00,370.56
2019-02-14 16:00:00,369.48
2019-02-14 16:30:00,369.48
2019-02-14 17:00:00,377.7
2019-02-14 17:30:00,339.12
2019-02-14 18:00:00,306.54
2019-02-14 18:30:00,300.36
2019-02-14 19:00:00,311.88
2019-02-14 19:30:00,271.68
2019-02-14 20:00:00,251.28
2019-02-14 20:30:00,247.56
2019-02-14 21:00:00,215.04
2019-02-14 21:30:00,183.22
2019-02-14 22:00:00,132.28
2019-02-14 22:30:00,127.56
2019-02-14 23:00:00,89.04
2019-02-14 23:30:00,100.44
2019-02-15 00:00:00,82.32
2019-02-15 00:00:00,82.32
2019-02-15 00:30:00,82.2
2019-02-15 01:00:00,82.32
2019-02-15 01:30:00,86.28
2019-02-15 02:00:00,94.86
2019-02-15 02:30:00,79.92
2019-02-15 03:00:00,78.0
2019-02-15 03:30:00,83.28
2019-02-15 04:00:00,79.92
2019-02-15 04:30:00,82.68
2019-02-15 05:00:00,82.08
2019-02-15 05:30:00,84.18
2019-02-15 06:00:00,77.46
2019-02-15 06:30:00,74.88
2019-02-15 07:00:00,76.2
2019-02-15 07:30:00,83.04
2019-02-15 08:00:00,101.82
2019-02-15 08:30:00,141.6
2019-02-15 09:00:00,181.28
2019-02-15 09:30:00,240.4
2019-02-15 10:00:00,294.36
2019-02-15 10:30:00,298.44
2019-02-15 11:00:00,366.0
2019-02-15 11:30:00,296.46
2019-02-15 12:00:00,364.02
2019-02-15 12:30:00,175.2
2019-02-15 13:00:00,183.6
2019-02-15 13:30:00,397.56
2019-02-15 14:00:00,374.28
2019-02-15 14:30:00,329.04
2019-02-15 15:00:00,330.72
2019-02-15 15:30:00,354.66
2019-02-15 16:00:00,385.78
2019-02-15 16:30:00,347.16
2019-02-15 17:00:00,439.08
2019-02-15 17:30:00,395.04
2019-02-15 18:00:00,419.76
2019-02-15 18:30:00,372.8
2019-02-15 19:00:00,377.4
2019-02-15 19:30:00,348.4
2019-02-15 20:00:00,353.28
2019-02-15 20:30:00,297.0
2019-02-15 21:00:00,243.96
2019-02-15 21:30:00,208.8
2019-02-15 22:00:00,176.54
2019-02-15 22:30:00,137.04
2019-02-15 23:00:00,115.04
2019-02-15 23:30:00,116.52
2019-02-16 00:00:00,103.68
2019-02-16 00:00:00,103.68
2019-02-16 00:30:00,105.42
2019-02-16 01:00:00,105.72
2019-02-16 01:30:00,110.4
2019-02-16 02:00:00,109.2
2019-02-16 02:30:00,114.36
2019-02-16 03:00:00,101.28
2019-02-16 03:30:00,97.32
2019-02-16 04:00:00,98.32
2019-02-16 04:30:00,100.68
2019-02-16 05:00:00,108.72
2019-02-16 05:30:00,107.4
2019-02-16 06:00:00,117.12
2019-02-16 06:30:00,101.4
2019-02-16 07:00:00,106.2
2019-02-16 07:30:00,129.84
2019-02-16 08:00:00,132.0
2019-02-16 08:30:00,142.76
2019-02-16 09:00:00,219.6
2019-02-16 09:30:00,121.32
2019-02-16 10:00:00,394.08
2019-02-16 10:30:00,332.76
2019-02-16 11:00:00,395.46
2019-02-16 11:30:00,389.04
2019-02-16 12:00:00,429.24
2019-02-16 12:30:00,368.64
2019-02-16 13:00:00,362.4
2019-02-16 13:30:00,374.34
2019-02-16 14:00:00,371.76
2019-02-16 14:30:00,362.4
2019-02-16 15:00:00,363.06
2019-02-16 15:30:00,372.36
2019-02-16 16:00:00,349.08
2019-02-16 16:30:00,350.28
2019-02-16 17:00:00,359.4
2019-02-16 17:30:00,354.96
2019-02-16 18:00:00,374.28
2019-02-16 18:30:00,382.32
2019-02-16 19:00:00,389.76
2019-02-16 19:30:00,330.36
2019-02-16 20:00:00,340.32
2019-02-16 20:30:00,285.36
2019-02-16 21:00:00,233.04
2019-02-16 21:30:00,201.12
2019-02-16 22:00:00,146.76
2019-02-16 22:30:00,145.12
2019-02-16 23:00:00,111.4
2019-02-16 23:30:00,89.16
2019-02-17 00:00:00,94.48
2019-02-17 00:00:00,94.48
2019-02-17 00:30:00,93.78
2019-02-17 01:00:00,79.56
2019-02-17 01:30:00,81.0
2019-02-17 02:00:00,89.34
2019-02-17 02:30:00,77.38
2019-02-17 03:00:00,78.24
2019-02-17 03:30:00,83.64
2019-02-17 04:00:00,96.28
2019-02-17 04:30:00,89.64
2019-02-17 05:00:00,88.56
2019-02-17 05:30:00,76.2
2019-02-17 06:00:00,80.34
2019-02-17 06:30:00,101.91
2019-02-17 07:00:00,83.88
2019-02-17 07:30:00,97.56
2019-02-17 08:00:00,131.8
2019-02-17 08:30:00,144.68
2019-02-17 09:00:00,181.42
2019-02-17 09:30:00,219.92
2019-02-17 10:00:00,325.4
2019-02-17 10:30:00,361.6
2019-02-17 11:00:00,348.12
2019-02-17 11:30:00,381.36
2019-02-17 12:00:00,355.6
2019-02-17 12:30:00,326.88
2019-02-17 13:00:00,334.08
2019-02-17 13:30:00,327.84
2019-02-17 14:00:00,339.24
2019-02-17 14:30:00,351.36
2019-02-17 15:00:00,341.04
2019-02-17 15:30:00,336.44
2019-02-17 16:00:00,347.4
2019-02-17 16:30:00,391.6
2019-02-17 17:00:00,367.19
2019-02-17 17:30:00,367.56
2019-02-17 18:00:00,376.8
2019-02-17 18:30:00,357.56
2019-02-17 19:00:00,351.96
2019-02-17 19:30:00,327.12
2019-02-17 20:00:00,306.48
2019-02-17 20:30:00,290.91
2019-02-17 21:00:00,257.72
2019-02-17 21:30:00,203.04
2019-02-17 22:00:00,156.72
2019-02-17 22:30:00,135.84
2019-02-17 23:00:00,101.04
2019-02-17 23:30:00,91.8
2019-02-18 00:00:00,88.8
2019-02-18 00:00:00,88.8
2019-02-18 00:30:00,97.26
2019-02-18 01:00:00,90.12
2019-02-18 01:30:00,89.88
2019-02-18 02:00:00,91.92
2019-02-18 02:30:00,88.44
2019-02-18 03:00:00,90.96
2019-02-18 03:30:00,98.16
2019-02-18 04:00:00,94.68
2019-02-18 04:30:00,82.44
2019-02-18 05:00:00,107.88
2019-02-18 05:30:00,87.0
2019-02-18 06:00:00,83.16
2019-02-18 06:30:00,89.4
2019-02-18 07:00:00,113.52
2019-02-18 07:30:00,97.74
2019-02-18 08:00:00,146.76
2019-02-18 08:30:00,141.6
2019-02-18 09:00:00,189.36
2019-02-18 09:30:00,225.84
2019-02-18 10:00:00,228.24
2019-02-18 10:30:00,248.16
2019-02-18 11:00:00,252.36
2019-02-18 11:30:00,287.2
2019-02-18 12:00:00,280.88
2019-02-18 12:30:00,289.08
2019-02-18 13:00:00,253.02
2019-02-18 13:30:00,270.96
2019-02-18 14:00:00,256.84
2019-02-18 14:30:00,290.88
2019-02-18 15:00:00,317.28
2019-02-18 15:30:00,288.48
2019-02-18 16:00:00,288.96
2019-02-18 16:30:00,136.92
2019-02-18 17:00:00,302.76
2019-02-18 17:30:00,277.8
2019-02-18 18:00:00,275.4
2019-02-18 18:30:00,296.88
2019-02-18 19:00:00,283.08
2019-02-18 19:30:00,263.64
2019-02-18 20:00:00,255.72
2019-02-18 20:30:00,260.1
2019-02-18 21:00:00,229.56
2019-02-18 21:30:00,203.3
2019-02-18 22:00:00,153.12
2019-02-18 22:30:00,134.6
2019-02-18 23:00:00,114.96
2019-02-18 23:30:00,94.98
2019-02-19 00:00:00,91.32
2019-02-19 00:00:00,91.32
2019-02-19 00:30:00,86.92
2019-02-19 01:00:00,96.36
2019-02-19 01:30:00,88.32
2019-02-19 02:00:00,105.36
2019-02-19 02:30:00,86.28
2019-02-19 03:00:00,82.53
2019-02-19 03:30:00,86.4
2019-02-19 04:00:00,87.48
2019-02-19 04:30:00,86.28
2019-02-19 05:00:00,86.28
2019-02-19 05:30:00,84.9
2019-02-19 06:00:00,80.28
2019-02-19 06:30:00,88.12
2019-02-19 07:00:00,91.92
2019-02-19 07:30:00,95.04
2019-02-19 08:00:00,134.04
2019-02-19 08:30:00,181.2
2019-02-19 09:00:00,202.68
2019-02-19 09:30:00,207.36
2019-02-19 10:00:00,195.36
2019-02-19 10:30:00,237.64
2019-02-19 11:00:00,291.68
2019-02-19 11:30:00,240.56
2019-02-19 12:00:00,316.68
2019-02-19 12:30:00,302.22
2019-02-19 13:00:00,260.52
2019-02-19 13:30:00,272.34
2019-02-19 14:00:00,267.0
2019-02-19 14:30:00,267.84
2019-02-19 15:00:00,229.2
2019-02-19 15:30:00,241.68
2019-02-19 16:00:00,235.08
2019-02-19 16:30:00,274.68
2019-02-19 17:00:00,272.28
2019-02-19 17:30:00,250.44
2019-02-19 18:00:00,336.96
2019-02-19 18:30:00,289.44
2019-02-19 19:00:00,281.52
2019-02-19 19:30:00,263.28
2019-02-19 20:00:00,267.36
2019-02-19 20:30:00,256.68
2019-02-19 21:00:00,246.36
2019-02-19 21:30:00,209.52
2019-02-19 22:00:00,148.4
2019-02-19 22:30:00,136.11
2019-02-19 23:00:00,102.24
2019-02-19 23:30:00,98.46
2019-02-20 00:00:00,54.0
2019-02-20 00:00:00,54.0
2019-02-20 00:30:00,93.0
2019-02-20 01:00:00,100.6
2019-02-20 01:30:00,90.0
2019-02-20 02:00:00,113.4
2019-02-20 02:30:00,108.6
2019-02-20 03:00:00,82.8
2019-02-20 03:30:00,102.6
2019-02-20 04:00:00,93.0
2019-02-20 04:30:00,92.4
2019-02-20 05:00:00,104.4
2019-02-20 05:30:00,69.6
2019-02-20 06:00:00,88.2
2019-02-20 06:30:00,75.6
2019-02-20 07:00:00,88.8
2019-02-20 07:30:00,124.8
2019-02-20 08:00:00,140.4
2019-02-20 08:30:00,160.8
2019-02-20 09:00:00,193.2
2019-02-20 09:30:00,337.5
2019-02-20 10:00:00,290.4
2019-02-20 10:30:00,320.1
2019-02-20 11:00:00,358.8
2019-02-20 11:30:00,404.4
2019-02-20 12:00:00,382.2
2019-02-20 12:30:00,381.0
2019-02-20 13:00:00,421.8
2019-02-20 13:30:00,348.0
2019-02-20 14:00:00,320.4
2019-02-20 14:30:00,365.7
2019-02-20 15:00:00,377.8
2019-02-20 15:30:00,383.4
2019-02-20 16:00:00,372.6
2019-02-20 16:30:00,381.6
2019-02-20 17:00:00,378.6
2019-02-20 17:30:00,372.6
2019-02-20 18:00:00,354.3
2019-02-20 18:30:00,329.9
2019-02-20 19:00:00,308.2
2019-02-20 19:30:00,303.0
2019-02-20 20:00:00,264.0
2019-02-20 20:30:00,283.8
2019-02-20 21:00:00,219.0
2019-02-20 21:30:00,181.2
2019-02-20 22:00:00,162.0
2019-02-20 22:30:00,142.92
2019-02-20 23:00:00,99.12
2019-02-20 23:30:00,89.04
2019-02-21 00:00:00,81.96
2019-02-21 00:00:00,81.96
2019-02-21 00:30:00,85.8
2019-02-21 01:00:00,83.52
2019-02-21 01:30:00,89.16
2019-02-21 02:00:00,72.72
2019-02-21 02:30:00,80.36
2019-02-21 03:00:00,65.52
2019-02-21 03:30:00,76.32
2019-02-21 04:00:00,71.16
2019-02-21 04:30:00,72.36
2019-02-21 05:00:00,73.2
2019-02-21 05:30:00,72.12
2019-02-21 06:00:00,73.32
2019-02-21 06:30:00,70.44
2019-02-21 07:00:00,74.28
2019-02-21 07:30:00,100.44
2019-02-21 08:00:00,122.52
2019-02-21 08:30:00,126.24
2019-02-21 09:00:00,189.36
2019-02-21 09:30:00,123.72
2019-02-21 10:00:00,326.28
2019-02-21 10:30:00,322.68
2019-02-21 11:00:00,313.8
2019-02-21 11:30:00,345.72
2019-02-21 12:00:00,338.76
2019-02-21 12:30:00,385.2
2019-02-21 13:00:00,354.48
2019-02-21 13:30:00,359.04
2019-02-21 14:00:00,375.78
2019-02-21 14:30:00,359.28
2019-02-21 15:00:00,352.08
2019-02-21 15:30:00,338.04
2019-02-21 16:00:00,353.46
2019-02-21 16:30:00,347.64
2019-02-21 17:00:00,337.44
2019-02-21 17:30:00,331.32
2019-02-21 18:00:00,299.4
2019-02-21 18:30:00,287.1
2019-02-21 19:00:00,295.08
2019-02-21 19:30:00,289.08
2019-02-21 20:00:00,287.04
2019-02-21 20:30:00,255.0
2019-02-21 21:00:00,240.88
2019-02-21 21:30:00,256.8
2019-02-21 22:00:00,170.76
2019-02-21 22:30:00,152.24
2019-02-21 23:00:00,122.16
2019-02-21 23:30:00,110.88
2019-02-22 00:00:00,110.44
2019-02-22 00:00:00,110.44
2019-02-22 00:30:00,113.08
2019-02-22 01:00:00,124.5
2019-02-22 01:30:00,116.91
2019-02-22 02:00:00,114.18
2019-02-22 02:30:00,115.68
2019-02-22 03:00:00,96.04
2019-02-22 03:30:00,96.0
2019-02-22 04:00:00,97.08
2019-02-22 04:30:00,115.92
2019-02-22 05:00:00,110.96
2019-02-22 05:30:00,109.6
2019-02-22 06:00:00,99.84
2019-02-22 06:30:00,101.76
2019-02-22 07:00:00,120.48
2019-02-22 07:30:00,169.08
2019-02-22 08:00:00,157.8
2019-02-22 08:30:00,161.4
2019-02-22 09:00:00,216.64
2019-02-22 09:30:00,286.68
2019-02-22 10:00:00,317.82
2019-02-22 10:30:00,340.62
2019-02-22 11:00:00,400.92
2019-02-22 11:30:00,368.04
2019-02-22 12:00:00,401.76
2019-02-22 12:30:00,393.96
2019-02-22 13:00:00,396.72
2019-02-22 13:30:00,361.8
2019-02-22 14:00:00,351.48
2019-02-22 14:30:00,357.48
2019-02-22 15:00:00,364.08
2019-02-22 15:30:00,358.8
2019-02-22 16:00:00,390.24
2019-02-22 16:30:00,347.04
2019-02-22 17:00:00,389.4
2019-02-22 17:30:00,370.5
2019-02-22 18:00:00,351.96
2019-02-22 18:30:00,366.24
2019-02-22 19:00:00,364.98
2019-02-22 19:30:00,374.52
2019-02-22 20:00:00,353.22
2019-02-22 20:30:00,299.64
2019-02-22 21:00:00,236.12
2019-02-22 21:30:00,191.8
2019-02-22 22:00:00,160.08
2019-02-22 22:30:00,130.8
2019-02-22 23:00:00,109.54
2019-02-22 23:30:00,85.8
2019-02-23 00:00:00,89.84
2019-02-23 00:00:00,89.84
2019-02-23 00:30:00,82.56
2019-02-23 01:00:00,84.8
2019-02-23 01:30:00,90.12
2019-02-23 02:00:00,87.84
2019-02-23 02:30:00,85.26
2019-02-23 03:00:00,85.38
2019-02-23 03:30:00,85.77
2019-02-23 04:00:00,83.28
2019-02-23 04:30:00,77.94
2019-02-23 05:00:00,67.08
2019-02-23 05:30:00,69.24
2019-02-23 06:00:00,92.04
2019-02-23 06:30:00,93.0
2019-02-23 07:00:00,98.28
2019-02-23 07:30:00,115.56
2019-02-23 08:00:00,144.08
2019-02-23 08:30:00,169.08
2019-02-23 09:00:00,217.44
2019-02-23 09:30:00,290.4
2019-02-23 10:00:00,374.4
2019-02-23 10:30:00,380.4
2019-02-23 11:00:00,394.8
2019-02-23 11:30:00,390.24
2019-02-23 12:00:00,390.66
2019-02-23 12:30:00,371.76
2019-02-23 13:00:00,388.2
2019-02-23 13:30:00,339.71
2019-02-23 14:00:00,333.36
2019-02-23 14:30:00,345.0
2019-02-23 15:00:00,370.8
2019-02-23 15:30:00,353.28
2019-02-23 16:00:00,380.4
2019-02-23 16:30:00,338.46
2019-02-23 17:00:00,352.2
2019-02-23 17:30:00,370.8
2019-02-23 18:00:00,342.0
2019-02-23 18:30:00,391.8
2019-02-23 19:00:00,361.2
2019-02-23 19:30:00,362.94
2019-02-23 20:00:00,347.28
2019-02-23 20:30:00,340.56
2019-02-23 21:00:00,231.5
2019-02-23 21:30:00,208.44
2019-02-23 22:00:00,165.0
2019-02-23 22:30:00,158.04
2019-02-23 23:00:00,113.4
2019-02-23 23:30:00,107.28
2019-02-24 00:00:00,88.2
2019-02-24 00:00:00,88.2
2019-02-24 00:30:00,85.94
2019-02-24 01:00:00,85.44
2019-02-24 01:30:00,78.48
2019-02-24 02:00:00,75.6
2019-02-24 02:30:00,75.84
2019-02-24 03:00:00,73.08
2019-02-24 03:30:00,87.24
2019-02-24 04:00:00,82.2
2019-02-24 04:30:00,95.04
2019-02-24 05:00:00,77.4
2019-02-24 05:30:00,75.6
2019-02-24 06:00:00,77.52
2019-02-24 06:30:00,95.82
2019-02-24 07:00:00,96.0
2019-02-24 07:30:00,106.8
2019-02-24 08:00:00,107.52
2019-02-24 08:30:00,122.76
2019-02-24 09:00:00,185.04
2019-02-24 09:30:00,214.32
2019-02-24 10:00:00,314.4
2019-02-24 10:30:00,311.4
2019-02-24 11:00:00,328.8
2019-02-24 11:30:00,323.4
2019-02-24 12:00:00,305.4
2019-02-24 12:30:00,294.9
2019-02-24 13:00:00,297.4
2019-02-24 13:30:00,292.8
2019-02-24 14:00:00,291.6
2019-02-24 14:30:00,259.2
2019-02-24 15:00:00,279.0
2019-02-24 15:30:00,288.6
2019-02-24 16:00:00,298.2
2019-02-24 16:30:00,291.3
2019-02-24 17:00:00,296.4
2019-02-24 17:30:00,295.5
2019-02-24 18:00:00,303.0
2019-02-24 18:30:00,309.0
2019-02-24 19:00:00,325.2
2019-02-24 19:30:00,268.8
2019-02-24 20:00:00,263.4
2019-02-24 20:30:00,257.4
2019-02-24 21:00:00,216.36
2019-02-24 21:30:00,186.48
2019-02-24 22:00:00,152.97
2019-02-24 22:30:00,130.62
2019-02-24 23:00:00,107.88
2019-02-24 23:30:00,78.36
2019-02-25 00:00:00,80.16
2019-02-25 00:00:00,80.16
2019-02-25 00:30:00,81.48
2019-02-25 01:00:00,81.96
2019-02-25 01:30:00,76.56
2019-02-25 02:00:00,66.96
2019-02-25 02:30:00,67.26
2019-02-25 03:00:00,68.88
2019-02-25 03:30:00,66.72
2019-02-25 04:00:00,63.72
2019-02-25 04:30:00,66.96
2019-02-25 05:00:00,62.34
2019-02-25 05:30:00,65.52
2019-02-25 06:00:00,37.08
2019-02-25 06:30:00,68.16
2019-02-25 07:00:00,99.48
2019-02-25 07:30:00,101.04
2019-02-25 08:00:00,128.4
2019-02-25 08:30:00,165.0
2019-02-25 09:00:00,158.4
2019-02-25 09:30:00,184.8
2019-02-25 10:00:00,193.4
2019-02-25 10:30:00,130.92
2019-02-25 11:00:00,139.2
2019-02-25 11:30:00,219.96
2019-02-25 12:00:00,119.28
2019-02-25 12:30:00,135.36
2019-02-25 13:00:00,131.16
2019-02-25 13:30:00,124.68
2019-02-25 14:00:00,225.24
2019-02-25 14:30:00,153.36
2019-02-25 15:00:00,126.24
2019-02-25 15:30:00,247.8
2019-02-25 16:00:00,125.76
2019-02-25 16:30:00,121.08
2019-02-25 17:00:00,145.56
2019-02-25 17:30:00,140.52
2019-02-25 18:00:00,176.34
2019-02-25 18:30:00,266.37
2019-02-25 19:00:00,241.08
2019-02-25 19:30:00,255.84
2019-02-25 20:00:00,247.56
2019-02-25 20:30:00,259.08
2019-02-25 21:00:00,240.0
2019-02-25 21:30:00,187.92
2019-02-25 22:00:00,150.0
2019-02-25 22:30:00,150.6
2019-02-25 23:00:00,119.68
2019-02-25 23:30:00,90.6
2019-02-26 00:00:00,88.8
2019-02-26 00:00:00,88.8
2019-02-26 00:30:00,86.28
2019-02-26 01:00:00,86.28
2019-02-26 01:30:00,111.84
2019-02-26 02:00:00,95.04
2019-02-26 02:30:00,88.68
2019-02-26 03:00:00,85.26
2019-02-26 03:30:00,80.0
2019-02-26 04:00:00,40.44
2019-02-26 04:30:00,66.72
2019-02-26 05:00:00,73.92
2019-02-26 05:30:00,71.04
2019-02-26 06:00:00,71.04
2019-02-26 06:30:00,78.6
2019-02-26 07:00:00,80.04
2019-02-26 07:30:00,87.66
2019-02-26 08:00:00,119.16
2019-02-26 08:30:00,139.2
2019-02-26 09:00:00,196.8
2019-02-26 09:30:00,229.44
2019-02-26 10:00:00,218.76
2019-02-26 10:30:00,222.84
2019-02-26 11:00:00,
2019-02-26 11:30:00,228.0
2019-02-26 12:00:00,212.04
2019-02-26 12:30:00,251.88
2019-02-26 13:00:00,242.04
2019-02-26 13:30:00,221.64
2019-02-26 14:00:00,230.16
2019-02-26 14:30:00,209.16
2019-02-26 15:00:00,224.76
2019-02-26 15:30:00,227.82
2019-02-26 16:00:00,236.28
2019-02-26 16:30:00,225.84
2019-02-26 17:00:00,261.6
2019-02-26 17:30:00,222.48
2019-02-26 18:00:00,247.32
2019-02-26 18:30:00,247.56
2019-02-26 19:00:00,256.2
2019-02-26 19:30:00,260.04
2019-02-26 20:00:00,234.84
2019-02-26 20:30:00,237.48
2019-02-26 21:00:00,216.72
2019-02-26 21:30:00,181.14
2019-02-26 22:00:00,143.88
2019-02-26 22:30:00,156.24
2019-02-26 23:00:00,105.84
2019-02-26 23:30:00,73.68
2019-02-27 00:00:00,78.0
2019-02-27 00:00:00,78.0
2019-02-27 00:30:00,77.04
2019-02-27 01:00:00,78.0
2019-02-27 01:30:00,77.28
2019-02-27 02:00:00,76.52
2019-02-27 02:30:00,89.52
2019-02-27 03:00:00,76.8
2019-02-27 03:30:00,65.64
2019-02-27 04:00:00,60.84
2019-02-27 04:30:00,61.2
2019-02-27 05:00:00,59.64
2019-02-27 05:30:00,75.72
2019-02-27 06:00:00,70.08
2019-02-27 06:30:00,66.36
2019-02-27 07:00:00,62.64
2019-02-27 07:30:00,79.92
2019-02-27 08:00:00,119.28
2019-02-27 08:30:00,127.8
2019-02-27 09:00:00,188.22
2019-02-27 09:30:00,271.68
2019-02-27 10:00:00,322.68
2019-02-27 10:30:00,332.4
2019-02-27 11:00:00,357.3
2019-02-27 11:30:00,344.64
2019-02-27 12:00:00,339.12
2019-02-27 12:30:00,327.12
2019-02-27 13:00:00,356.16
2019-02-27 13:30:00,304.74
2019-02-27 14:00:00,303.12
2019-02-27 14:30:00,324.36
2019-02-27 15:00:00,302.76
2019-02-27 15:30:00,304.92
2019-02-27 16:00:00,341.4
2019-02-27 16:30:00,325.92
2019-02-27 17:00:00,369.48
2019-02-27 17:30:00,289.8
2019-02-27 18:00:00,283.68
2019-02-27 18:30:00,273.48
2019-02-27 19:00:00,278.76
2019-02-27 19:30:00,287.88
2019-02-27 20:00:00,256.56
2019-02-27 20:30:00,234.6
2019-02-27 21:00:00,235.32
2019-02-27 21:30:00,178.44
2019-02-27 22:00:00,138.0
2019-02-27 22:30:00,122.4
2019-02-27 23:00:00,95.88
2019-02-27 23:30:00,78.72
2019-02-28 00:00:00,95.16
2019-02-28 00:00:00,95.16
2019-02-28 00:30:00,81.6
2019-02-28 01:00:00,83.4
2019-02-28 01:30:00,81.3
2019-02-28 02:00:00,82.68
2019-02-28 02:30:00,76.74
2019-02-28 03:00:00,78.84
2019-02-28 03:30:00,76.56
2019-02-28 04:00:00,71.2
2019-02-28 04:30:00,76.92
2019-02-28 05:00:00,77.64
2019-02-28 05:30:00,77.04
2019-02-28 06:00:00,68.28
2019-02-28 06:30:00,64.8
2019-02-28 07:00:00,77.28
2019-02-28 07:30:00,79.08
2019-02-28 08:00:00,116.4
2019-02-28 08:30:00,120.48
2019-02-28 09:00:00,189.36
2019-02-28 09:30:00,210.84
2019-02-28 10:00:00,270.24
2019-02-28 10:30:00,310.86
2019-02-28 11:00:00,299.46
2019-02-28 11:30:00,307.92
2019-02-28 12:00:00,318.0
2019-02-28 12:30:00,317.7
2019-02-28 13:00:00,313.59
2019-02-28 13:30:00,300.9
2019-02-28 14:00:00,308.4
2019-02-28 14:30:00,316.6
2019-02-28 15:00:00,344.4
2019-02-28 15:30:00,328.2
2019-02-28 16:00:00,334.3
2019-02-28 16:30:00,333.6
2019-02-28 17:00:00,326.25
2019-02-28 17:30:00,285.0
2019-02-28 18:00:00,271.8
2019-02-28 18:30:00,265.56
2019-02-28 19:00:00,264.4
2019-02-28 19:30:00,246.6
2019-02-28 20:00:00,240.6
2019-02-28 20:30:00,202.2
2019-02-28 21:00:00,244.8
2019-02-28 21:30:00,181.6
2019-02-28 22:00:00,150.0
2019-02-28 22:30:00,128.32
2019-02-28 23:00:00,101.64
2019-02-28 23:30:00,77.0
2019-03-01 00:00:00,84.24
2019-03-01 00:00:00,84.24
2019-03-01 00:30:00,83.4
2019-03-01 01:00:00,85.9
2019-03-01 01:30:00,79.92
2019-03-01 02:00:00,79.56
2019-03-01 02:30:00,74.52
2019-03-01 03:00:00,68.28
2019-03-01 03:30:00,67.2
2019-03-01 04:00:00,69.08
2019-03-01 04:30:00,69.72
2019-03-01 05:00:00,69.24
2019-03-01 05:30:00,68.4
2019-03-01 06:00:00,64.56
2019-03-01 06:30:00,68.08
2019-03-01 07:00:00,72.0
2019-03-01 07:30:00,80.22
2019-03-01 08:00:00,96.36
2019-03-01 08:30:00,121.8
2019-03-01 09:00:00,194.28
2019-03-01 09:30:00,233.4
2019-03-01 10:00:00,248.5
2019-03-01 10:30:00,310.8
2019-03-01 11:00:00,298.92
2019-03-01 11:30:00,405.48
2019-03-01 12:00:00,308.64
2019-03-01 12:30:00,349.56
2019-03-01 13:00:00,316.3
2019-03-01 13:30:00,318.0
2019-03-01 14:00:00,294.0
2019-03-01 14:30:00,267.6
2019-03-01 15:00:00,338.4
2019-03-01 15:30:00,247.2
2019-03-01 16:00:00,294.6
2019-03-01 16:30:00,298.2
2019-03-01 17:00:00,336.9
2019-03-01 17:30:00,326.1
2019-03-01 18:00:00,350.1
2019-03-01 18:30:00,327.6
2019-03-01 19:00:00,328.8
2019-03-01 19:30:00,323.2
2019-03-01 20:00:00,290.4
2019-03-01 20:30:00,262.8
2019-03-01 21:00:00,212.16
2019-03-01 21:30:00,178.6
2019-03-01 22:00:00,127.56
2019-03-01 22:30:00,138.96
2019-03-01 23:00:00,87.24
2019-03-01 23:30:00,75.4
2019-03-02 00:00:00,81.96
2019-03-02 00:00:00,81.96
2019-03-02 00:30:00,89.4
2019-03-02 01:00:00,82.8
2019-03-02 01:30:00,83.16
2019-03-02 02:00:00,73.92
2019-03-02 02:30:00,73.08
2019-03-02 03:00:00,69.0
2019-03-02 03:30:00,73.2
2019-03-02 04:00:00,68.28
2019-03-02 04:30:00,64.68
2019-03-02 05:00:00,72.24
2019-03-02 05:30:00,67.44
2019-03-02 06:00:00,65.88
2019-03-02 06:30:00,66.96
2019-03-02 07:00:00,77.16
2019-03-02 07:30:00,81.63
2019-03-02 08:00:00,91.56
2019-03-02 08:30:00,122.4
2019-03-02 09:00:00,172.14
2019-03-02 09:30:00,211.56
2019-03-02 10:00:00,287.52
2019-03-02 10:30:00,327.0
2019-03-02 11:00:00,354.24
2019-03-02 11:30:00,340.44
2019-03-02 12:00:00,340.44
2019-03-02 12:30:00,346.92
2019-03-02 13:00:00,330.84
2019-03-02 13:30:00,303.36
2019-03-02 14:00:00,174.72
2019-03-02 14:30:00,299.6
2019-03-02 15:00:00,309.0
2019-03-02 15:30:00,311.52
2019-03-02 16:00:00,309.42
2019-03-02 16:30:00,306.06
2019-03-02 17:00:00,299.94
2019-03-02 17:30:00,308.08
2019-03-02 18:00:00,334.8
2019-03-02 18:30:00,354.84
2019-03-02 19:00:00,344.64
2019-03-02 19:30:00,349.2
2019-03-02 20:00:00,335.4
2019-03-02 20:30:00,271.68
2019-03-02 21:00:00,222.6
2019-03-02 21:30:00,175.74
2019-03-02 22:00:00,136.3
2019-03-02 22:30:00,125.64
2019-03-02 23:00:00,84.84
2019-03-02 23:30:00,73.74
2019-03-03 00:00:00,71.04
2019-03-03 00:00:00,71.04
2019-03-03 00:30:00,78.24
2019-03-03 01:00:00,78.36
2019-03-03 01:30:00,84.6
2019-03-03 02:00:00,72.0
2019-03-03 02:30:00,69.12
2019-03-03 03:00:00,68.64
2019-03-03 03:30:00,68.82
2019-03-03 04:00:00,66.36
2019-03-03 04:30:00,68.16
2019-03-03 05:00:00,70.32
2019-03-03 05:30:00,72.48
2019-03-03 06:00:00,73.92
2019-03-03 06:30:00,78.24
2019-03-03 07:00:00,92.52
2019-03-03 07:30:00,97.08
2019-03-03 08:00:00,124.8
2019-03-03 08:30:00,142.56
2019-03-03 09:00:00,213.72
2019-03-03 09:30:00,227.64
2019-03-03 10:00:00,328.08
2019-03-03 10:30:00,328.86
2019-03-03 11:00:00,317.52
2019-03-03 11:30:00,136.32
2019-03-03 12:00:00,317.16
2019-03-03 12:30:00,324.96
2019-03-03 13:00:00,284.64
2019-03-03 13:30:00,312.94
2019-03-03 14:00:00,299.76
2019-03-03 14:30:00,274.08
2019-03-03 15:00:00,288.36
2019-03-03 15:30:00,301.44
2019-03-03 16:00:00,302.04
2019-03-03 16:30:00,329.1
2019-03-03 17:00:00,303.06
2019-03-03 17:30:00,303.12
2019-03-03 18:00:00,311.04
2019-03-03 18:30:00,317.04
2019-03-03 19:00:00,308.64
2019-03-03 19:30:00,297.12
2019-03-03 20:00:00,258.04
2019-03-03 20:30:00,134.4
2019-03-03 21:00:00,210.9
2019-03-03 21:30:00,177.3
2019-03-03 22:00:00,134.7
2019-03-03 22:30:00,113.04
2019-03-03 23:00:00,88.2
2019-03-03 23:30:00,73.2
2019-03-04 00:00:00,82.64
2019-03-04 00:00:00,82.64
2019-03-04 00:30:00,78.48
2019-03-04 01:00:00,89.76
2019-03-04 01:30:00,79.44
2019-03-04 02:00:00,
2019-03-04 02:30:00,
2019-03-04 03:00:00,
2019-03-04 03:30:00,
2019-03-04 04:00:00,
2019-03-04 04:30:00,
2019-03-04 05:00:00,
2019-03-04 05:30:00,
2019-03-04 06:00:00,
2019-03-04 06:30:00,
2019-03-04 07:00:00,
2019-03-04 07:30:00,
2019-03-04 08:00:00,
2019-03-04 08:30:00,109.08
2019-03-04 09:00:00,153.6
2019-03-04 09:30:00,195.24
2019-03-04 10:00:00,201.24
2019-03-04 10:30:00,215.64
2019-03-04 11:00:00,201.12
2019-03-04 11:30:00,218.04
2019-03-04 12:00:00,211.08
2019-03-04 12:30:00,245.52
2019-03-04 13:00:00,238.68
2019-03-04 13:30:00,222.48
2019-03-04 14:00:00,221.76
2019-03-04 14:30:00,212.28
2019-03-04 15:00:00,211.92
2019-03-04 15:30:00,195.0
2019-03-04 16:00:00,203.76
2019-03-04 16:30:00,214.92
2019-03-04 17:00:00,238.63
2019-03-04 17:30:00,229.4
2019-03-04 18:00:00,315.0
2019-03-04 18:30:00,235.8
2019-03-04 19:00:00,307.2
2019-03-04 19:30:00,280.2
2019-03-04 20:00:00,256.8
2019-03-04 20:30:00,276.0
2019-03-04 21:00:00,216.6
2019-03-04 21:30:00,170.4
2019-03-04 22:00:00,128.7
2019-03-04 22:30:00,131.28
2019-03-04 23:00:00,98.58
2019-03-04 23:30:00,86.88
2019-03-05 00:00:00,85.08
2019-03-05 00:00:00,85.08
2019-03-05 00:30:00,86.64
2019-03-05 01:00:00,77.88
2019-03-05 01:30:00,82.56
2019-03-05 02:00:00,81.96
2019-03-05 02:30:00,81.24
2019-03-05 03:00:00,79.08
2019-03-05 03:30:00,80.52
2019-03-05 04:00:00,64.2
2019-03-05 04:30:00,82.56
2019-03-05 05:00:00,71.28
2019-03-05 05:30:00,75.6
2019-03-05 06:00:00,67.2
2019-03-05 06:30:00,71.64
2019-03-05 07:00:00,71.64
2019-03-05 07:30:00,81.12
2019-03-05 08:00:00,97.56
2019-03-05 08:30:00,114.12
2019-03-05 09:00:00,147.48
2019-03-05 09:30:00,207.0
2019-03-05 10:00:00,223.08
2019-03-05 10:30:00,244.74
2019-03-05 11:00:00,253.68
2019-03-05 11:30:00,252.54
2019-03-05 12:00:00,234.84
2019-03-05 12:30:00,268.32
2019-03-05 13:00:00,270.84
2019-03-05 13:30:00,223.26
2019-03-05 14:00:00,239.76
2019-03-05 14:30:00,249.24
2019-03-05 15:00:00,256.56
2019-03-05 15:30:00,275.04
2019-03-05 16:00:00,237.24
2019-03-05 16:30:00,249.72
2019-03-05 17:00:00,272.88
2019-03-05 17:30:00,227.52
2019-03-05 18:00:00,289.32
2019-03-05 18:30:00,225.72
2019-03-05 19:00:00,238.2
2019-03-05 19:30:00,235.8
2019-03-05 20:00:00,224.4
2019-03-05 20:30:00,225.9
2019-03-05 21:00:00,208.8
2019-03-05 21:30:00,186.0
2019-03-05 22:00:00,171.0
2019-03-05 22:30:00,155.16
2019-03-05 23:00:00,121.32
2019-03-05 23:30:00,128.4
2019-03-06 00:00:00,122.76
2019-03-06 00:00:00,122.76
2019-03-06 00:30:00,116.04
2019-03-06 01:00:00,111.84
2019-03-06 01:30:00,111.48
2019-03-06 02:00:00,105.6
2019-03-06 02:30:00,101.28
2019-03-06 03:00:00,103.44
2019-03-06 03:30:00,105.12
2019-03-06 04:00:00,104.34
2019-03-06 04:30:00,99.6
2019-03-06 05:00:00,98.64
2019-03-06 05:30:00,94.62
2019-03-06 06:00:00,97.8
2019-03-06 06:30:00,107.88
2019-03-06 07:00:00,101.28
2019-03-06 07:30:00,47.4
2019-03-06 08:00:00,106.32
2019-03-06 08:30:00,147.36
2019-03-06 09:00:00,255.36
2019-03-06 09:30:00,328.44
2019-03-06 10:00:00,352.2
2019-03-06 10:30:00,317.52
2019-03-06 11:00:00,278.28
2019-03-06 11:30:00,308.16
2019-03-06 12:00:00,345.36
2019-03-06 12:30:00,310.86
2019-03-06 13:00:00,270.72
2019-03-06 13:30:00,288.6
2019-03-06 14:00:00,283.56
2019-03-06 14:30:00,307.92
2019-03-06 15:00:00,311.4
2019-03-06 15:30:00,310.68
2019-03-06 16:00:00,322.44
2019-03-06 16:30:00,300.96
2019-03-06 17:00:00,284.88
2019-03-06 17:30:00,305.16
2019-03-06 18:00:00,270.84
2019-03-06 18:30:00,248.76
2019-03-06 19:00:00,282.48
2019-03-06 19:30:00,280.56
2019-03-06 20:00:00,244.32
2019-03-06 20:30:00,232.8
2019-03-06 21:00:00,247.2
2019-03-06 21:30:00,200.4
2019-03-06 22:00:00,167.4
2019-03-06 22:30:00,149.76
2019-03-06 23:00:00,126.24
2019-03-06 23:30:00,104.93
2019-03-07 00:00:00,103.56
2019-03-07 00:00:00,103.56
2019-03-07 00:30:00,83.63
2019-03-07 01:00:00,81.26
2019-03-07 01:30:00,87.18
2019-03-07 02:00:00,79.06
2019-03-07 02:30:00,73.4
2019-03-07 03:00:00,74.88
2019-03-07 03:30:00,75.0
2019-03-07 04:00:00,69.51
2019-03-07 04:30:00,77.72
2019-03-07 05:00:00,63.76
2019-03-07 05:30:00,67.35
2019-03-07 06:00:00,63.48
2019-03-07 06:30:00,71.16
2019-03-07 07:00:00,68.4
2019-03-07 07:30:00,79.6
2019-03-07 08:00:00,100.08
2019-03-07 08:30:00,105.72
2019-03-07 09:00:00,169.72
2019-03-07 09:30:00,242.04
2019-03-07 10:00:00,252.06
2019-03-07 10:30:00,293.76
2019-03-07 11:00:00,313.08
2019-03-07 11:30:00,338.58
2019-03-07 12:00:00,296.56
2019-03-07 12:30:00,314.07
2019-03-07 13:00:00,303.75
2019-03-07 13:30:00,301.2
2019-03-07 14:00:00,290.04
2019-03-07 14:30:00,286.11
2019-03-07 15:00:00,307.84
2019-03-07 15:30:00,286.44
2019-03-07 16:00:00,286.56
2019-03-07 16:30:00,288.6
2019-03-07 17:00:00,271.17
2019-03-07 17:30:00,275.48
2019-03-07 18:00:00,237.36
2019-03-07 18:30:00,237.0
2019-03-07 19:00:00,227.46
2019-03-07 19:30:00,245.04
2019-03-07 20:00:00,219.32
2019-03-07 20:30:00,208.47
2019-03-07 21:00:00,192.27
2019-03-07 21:30:00,192.28
2019-03-07 22:00:00,147.72
2019-03-07 22:30:00,153.24
2019-03-07 23:00:00,143.76
2019-03-07 23:30:00,137.28
2019-03-08 00:00:00,133.32
2019-03-08 00:00:00,133.32
2019-03-08 00:30:00,133.38
2019-03-08 01:00:00,132.24
2019-03-08 01:30:00,132.96
2019-03-08 02:00:00,126.0
2019-03-08 02:30:00,95.52
2019-03-08 03:00:00,97.68
2019-03-08 03:30:00,97.8
2019-03-08 04:00:00,101.28
2019-03-08 04:30:00,102.12
2019-03-08 05:00:00,99.9
2019-03-08 05:30:00,110.28
2019-03-08 06:00:00,99.72
2019-03-08 06:30:00,98.76
2019-03-08 07:00:00,70.38
2019-03-08 07:30:00,80.16
2019-03-08 08:00:00,104.64
2019-03-08 08:30:00,112.74
2019-03-08 09:00:00,220.08
2019-03-08 09:30:00,279.48
2019-03-08 10:00:00,319.92
2019-03-08 10:30:00,365.4
2019-03-08 11:00:00,322.32
2019-03-08 11:30:00,343.32
2019-03-08 12:00:00,350.76
2019-03-08 12:30:00,375.6
2019-03-08 13:00:00,333.19
2019-03-08 13:30:00,348.48
2019-03-08 14:00:00,365.28
2019-03-08 14:30:00,377.16
2019-03-08 15:00:00,352.26
2019-03-08 15:30:00,341.88
2019-03-08 16:00:00,351.96
2019-03-08 16:30:00,361.08
2019-03-08 17:00:00,340.2
2019-03-08 17:30:00,346.8
2019-03-08 18:00:00,353.4
2019-03-08 18:30:00,563.44
2019-03-08 19:00:00,530.64
2019-03-08 19:30:00,520.2
2019-03-08 20:00:00,496.8
2019-03-08 20:30:00,458.76
2019-03-08 21:00:00,417.12
2019-03-08 21:30:00,379.44
2019-03-08 22:00:00,333.6
2019-03-08 22:30:00,130.86
2019-03-08 23:00:00,88.5
2019-03-08 23:30:00,89.3
2019-03-09 00:00:00,80.92
2019-03-09 00:00:00,80.92
2019-03-09 00:30:00,73.6
2019-03-09 01:00:00,76.08
2019-03-09 01:30:00,75.27
2019-03-09 02:00:00,78.0
2019-03-09 02:30:00,27.24
2019-03-09 03:00:00,69.36
2019-03-09 03:30:00,83.32
2019-03-09 04:00:00,79.29
2019-03-09 04:30:00,69.72
2019-03-09 05:00:00,28.68
2019-03-09 05:30:00,72.72
2019-03-09 06:00:00,69.9
2019-03-09 06:30:00,64.2
2019-03-09 07:00:00,60.6
2019-03-09 07:30:00,67.68
2019-03-09 08:00:00,86.28
2019-03-09 08:30:00,117.36
2019-03-09 09:00:00,157.4
2019-03-09 09:30:00,225.0
2019-03-09 10:00:00,310.98
2019-03-09 10:30:00,312.88
2019-03-09 11:00:00,335.04
2019-03-09 11:30:00,335.12
2019-03-09 12:00:00,322.92
2019-03-09 12:30:00,332.76
2019-03-09 13:00:00,309.12
2019-03-09 13:30:00,291.88
2019-03-09 14:00:00,268.68
2019-03-09 14:30:00,258.24
2019-03-09 15:00:00,256.2
2019-03-09 15:30:00,338.76
2019-03-09 16:00:00,509.1
2019-03-09 16:30:00,531.04
2019-03-09 17:00:00,539.04
2019-03-09 17:30:00,471.6
2019-03-09 18:00:00,512.31
2019-03-09 18:30:00,518.88
2019-03-09 19:00:00,528.72
2019-03-09 19:30:00,527.88
2019-03-09 20:00:00,320.6
2019-03-09 20:30:00,489.96
2019-03-09 21:00:00,364.88
2019-03-09 21:30:00,303.84
2019-03-09 22:00:00,
2019-03-09 22:30:00,
2019-03-09 23:00:00,
2019-03-09 23:30:00,
2019-03-10 00:00:00,
2019-03-10 00:00:00,
2019-03-10 00:30:00,
2019-03-10 01:00:00,
2019-03-10 01:30:00,
2019-03-10 02:00:00,
2019-03-10 02:30:00,
2019-03-10 03:00:00,
2019-03-10 03:30:00,
2019-03-10 04:00:00,
2019-03-10 04:30:00,
2019-03-10 05:00:00,
2019-03-10 05:30:00,
2019-03-10 06:00:00,
2019-03-10 06:30:00,
2019-03-10 07:00:00,
2019-03-10 07:30:00,
2019-03-10 08:00:00,
2019-03-10 08:30:00,
2019-03-10 09:00:00,
2019-03-10 09:30:00,
2019-03-10 10:00:00,279.72
2019-03-10 10:30:00,311.64
2019-03-10 11:00:00,276.96
2019-03-10 11:30:00,278.4
2019-03-10 12:00:00,288.18
2019-03-10 12:30:00,261.84
2019-03-10 13:00:00,252.72
2019-03-10 13:30:00,249.6
2019-03-10 14:00:00,247.32
2019-03-10 14:30:00,246.54
2019-03-10 15:00:00,266.76
2019-03-10 15:30:00,243.24
2019-03-10 16:00:00,243.96
2019-03-10 16:30:00,235.56
2019-03-10 17:00:00,266.28
2019-03-10 17:30:00,268.8
2019-03-10 18:00:00,285.48
2019-03-10 18:30:00,289.4
2019-03-10 19:00:00,266.82
2019-03-10 19:30:00,255.72
2019-03-10 20:00:00,252.84
2019-03-10 20:30:00,285.84
2019-03-10 21:00:00,205.08
2019-03-10 21:30:00,199.08
2019-03-10 22:00:00,147.24
2019-03-10 22:30:00,148.92
2019-03-10 23:00:00,115.92
2019-03-10 23:30:00,99.96
2019-03-11 00:00:00,99.36
2019-03-11 00:00:00,99.36
2019-03-11 00:30:00,99.0
2019-03-11 01:00:00,97.2
2019-03-11 01:30:00,107.76
2019-03-11 02:00:00,97.62
2019-03-11 02:30:00,90.96
2019-03-11 03:00:00,83.82
2019-03-11 03:30:00,34.95
2019-03-11 04:00:00,83.16
2019-03-11 04:30:00,82.6
2019-03-11 05:00:00,79.68
2019-03-11 05:30:00,74.28
2019-03-11 06:00:00,72.0
2019-03-11 06:30:00,80.64
2019-03-11 07:00:00,75.6
2019-03-11 07:30:00,87.42
2019-03-11 08:00:00,113.58
2019-03-11 08:30:00,147.24
2019-03-11 09:00:00,157.08
2019-03-11 09:30:00,191.28
2019-03-11 10:00:00,188.88
2019-03-11 10:30:00,217.56
2019-03-11 11:00:00,167.4
2019-03-11 11:30:00,197.28
2019-03-11 12:00:00,212.04
2019-03-11 12:30:00,209.88
2019-03-11 13:00:00,199.32
2019-03-11 13:30:00,218.04
2019-03-11 14:00:00,200.34
2019-03-11 14:30:00,223.2
2019-03-11 15:00:00,74.64
2019-03-11 15:30:00,198.16
2019-03-11 16:00:00,199.44
2019-03-11 16:30:00,206.88
2019-03-11 17:00:00,210.84
2019-03-11 17:30:00,228.72
2019-03-11 18:00:00,244.92
2019-03-11 18:30:00,235.56
2019-03-11 19:00:00,236.76
2019-03-11 19:30:00,249.96
2019-03-11 20:00:00,251.7
2019-03-11 20:30:00,248.16
2019-03-11 21:00:00,228.54
2019-03-11 21:30:00,183.36
2019-03-11 22:00:00,143.88
2019-03-11 22:30:00,132.54
2019-03-11 23:00:00,94.31
2019-03-11 23:30:00,97.14
2019-03-12 00:00:00,89.49
2019-03-12 00:00:00,89.49
2019-03-12 00:30:00,83.4
2019-03-12 01:00:00,83.4
2019-03-12 01:30:00,78.68
2019-03-12 02:00:00,72.96
2019-03-12 02:30:00,80.64
2019-03-12 03:00:00,80.34
2019-03-12 03:30:00,77.82
2019-03-12 04:00:00,35.28
2019-03-12 04:30:00,79.44
2019-03-12 05:00:00,78.6
2019-03-12 05:30:00,82.76
2019-03-12 06:00:00,75.84
2019-03-12 06:30:00,96.42
2019-03-12 07:00:00,89.4
2019-03-12 07:30:00,106.8
2019-03-12 08:00:00,119.64
2019-03-12 08:30:00,115.56
2019-03-12 09:00:00,166.56
2019-03-12 09:30:00,185.79
2019-03-12 10:00:00,220.44
2019-03-12 10:30:00,187.68
2019-03-12 11:00:00,207.6
2019-03-12 11:30:00,167.88
2019-03-12 12:00:00,181.92
2019-03-12 12:30:00,76.56
2019-03-12 13:00:00,180.0
2019-03-12 13:30:00,188.72
2019-03-12 14:00:00,179.52
2019-03-12 14:30:00,208.44
2019-03-12 15:00:00,192.9
2019-03-12 15:30:00,193.8
2019-03-12 16:00:00,215.76
2019-03-12 16:30:00,209.04
2019-03-12 17:00:00,172.68
2019-03-12 17:30:00,200.6
2019-03-12 18:00:00,193.53
2019-03-12 18:30:00,243.9
2019-03-12 19:00:00,227.04
2019-03-12 19:30:00,231.6
2019-03-12 20:00:00,200.76
2019-03-12 20:30:00,224.4
2019-03-12 21:00:00,238.9
2019-03-12 21:30:00,203.4
2019-03-12 22:00:00,151.8
2019-03-12 22:30:00,132.29
2019-03-12 23:00:00,102.24
2019-03-12 23:30:00,30.6
2019-03-13 00:00:00,90.36
2019-03-13 00:00:00,90.36
2019-03-13 00:30:00,86.91
2019-03-13 01:00:00,86.46
2019-03-13 01:30:00,91.8
2019-03-13 02:00:00,80.76
2019-03-13 02:30:00,76.8
2019-03-13 03:00:00,79.92
2019-03-13 03:30:00,71.44
2019-03-13 04:00:00,73.92
2019-03-13 04:30:00,73.38
2019-03-13 05:00:00,75.24
2019-03-13 05:30:00,76.56
2019-03-13 06:00:00,75.0
2019-03-13 06:30:00,82.68
2019-03-13 07:00:00,84.4
2019-03-13 07:30:00,97.56
2019-03-13 08:00:00,37.4
2019-03-13 08:30:00,135.12
2019-03-13 09:00:00,169.08
2019-03-13 09:30:00,268.2
2019-03-13 10:00:00,269.52
2019-03-13 10:30:00,268.5
2019-03-13 11:00:00,227.28
2019-03-13 11:30:00,213.92
2019-03-13 12:00:00,240.48
2019-03-13 12:30:00,246.24
2019-03-13 13:00:00,219.84
2019-03-13 13:30:00,216.0
2019-03-13 14:00:00,236.04
2019-03-13 14:30:00,269.4
2019-03-13 15:00:00,250.08
2019-03-13 15:30:00,227.52
2019-03-13 16:00:00,232.2
2019-03-13 16:30:00,238.44
2019-03-13 17:00:00,253.44
2019-03-13 17:30:00,225.6
2019-03-13 18:00:00,223.92
2019-03-13 18:30:00,256.44
2019-03-13 19:00:00,251.22
2019-03-13 19:30:00,242.64
2019-03-13 20:00:00,228.48
2019-03-13 20:30:00,205.44
2019-03-13 21:00:00,199.44
2019-03-13 21:30:00,163.56
2019-03-13 22:00:00,137.32
2019-03-13 22:30:00,144.0
2019-03-13 23:00:00,108.12
2019-03-13 23:30:00,88.48
2019-03-14 00:00:00,94.44
2019-03-14 00:00:00,94.44
2019-03-14 00:30:00,88.44
2019-03-14 01:00:00,84.72
2019-03-14 01:30:00,86.22
2019-03-14 02:00:00,85.8
2019-03-14 02:30:00,81.84
2019-03-14 03:00:00,85.32
2019-03-14 03:30:00,102.0
2019-03-14 04:00:00,86.64
2019-03-14 04:30:00,86.4
2019-03-14 05:00:00,105.4
2019-03-14 05:30:00,91.5
2019-03-14 06:00:00,86.88
2019-03-14 06:30:00,99.0
2019-03-14 07:00:00,109.44
2019-03-14 07:30:00,204.3
2019-03-14 08:00:00,305.4
2019-03-14 08:30:00,320.76
2019-03-14 09:00:00,352.68
2019-03-14 09:30:00,402.48
2019-03-14 10:00:00,439.8
2019-03-14 10:30:00,462.72
2019-03-14 11:00:00,478.44
2019-03-14 11:30:00,459.24
2019-03-14 12:00:00,466.68
2019-03-14 12:30:00,289.56
2019-03-14 13:00:00,479.1
2019-03-14 13:30:00,470.88
2019-03-14 14:00:00,453.48
2019-03-14 14:30:00,459.54
2019-03-14 15:00:00,503.34
2019-03-14 15:30:00,494.16
2019-03-14 16:00:00,492.96
2019-03-14 16:30:00,483.12
2019-03-14 17:00:00,463.44
2019-03-14 17:30:00,213.84
2019-03-14 18:00:00,222.3
2019-03-14 18:30:00,247.44
2019-03-14 19:00:00,249.48
2019-03-14 19:30:00,237.0
2019-03-14 20:00:00,145.8
2019-03-14 20:30:00,221.52
2019-03-14 21:00:00,203.91
2019-03-14 21:30:00,224.04
2019-03-14 22:00:00,161.52
2019-03-14 22:30:00,160.56
2019-03-14 23:00:00,133.8
2019-03-14 23:30:00,119.64
2019-03-15 00:00:00,114.3
2019-03-15 00:00:00,114.3
2019-03-15 00:30:00,36.6
2019-03-15 01:00:00,101.88
2019-03-15 01:30:00,78.28
2019-03-15 02:00:00,70.08
2019-03-15 02:30:00,69.32
2019-03-15 03:00:00,81.06
2019-03-15 03:30:00,70.92
2019-03-15 04:00:00,76.8
2019-03-15 04:30:00,78.72
2019-03-15 05:00:00,73.48
2019-03-15 05:30:00,89.1
2019-03-15 06:00:00,86.44
2019-03-15 06:30:00,91.6
2019-03-15 07:00:00,83.4
2019-03-15 07:30:00,84.97
2019-03-15 08:00:00,103.74
2019-03-15 08:30:00,127.24
2019-03-15 09:00:00,192.82
2019-03-15 09:30:00,232.56
2019-03-15 10:00:00,234.78
2019-03-15 10:30:00,266.08
2019-03-15 11:00:00,253.32
2019-03-15 11:30:00,254.4
2019-03-15 12:00:00,236.16
2019-03-15 12:30:00,236.4
2019-03-15 13:00:00,215.22
2019-03-15 13:30:00,215.04
2019-03-15 14:00:00,231.36
2019-03-15 14:30:00,237.78
2019-03-15 15:00:00,254.88
2019-03-15 15:30:00,240.85
2019-03-15 16:00:00,247.68
2019-03-15 16:30:00,244.4
2019-03-15 17:00:00,276.84
2019-03-15 17:30:00,250.26
2019-03-15 18:00:00,276.64
2019-03-15 18:30:00,303.69
2019-03-15 19:00:00,283.56
2019-03-15 19:30:00,292.56
2019-03-15 20:00:00,239.28
2019-03-15 20:30:00,204.48
2019-03-15 21:00:00,216.36
2019-03-15 21:30:00,194.76
2019-03-15 22:00:00,155.4
2019-03-15 22:30:00,127.77
2019-03-15 23:00:00,99.48
2019-03-15 23:30:00,87.48
2019-03-16 00:00:00,84.16
2019-03-16 00:00:00,84.16
2019-03-16 00:30:00,31.56
2019-03-16 01:00:00,85.8
2019-03-16 01:30:00,78.88
2019-03-16 02:00:00,70.14
2019-03-16 02:30:00,94.2
2019-03-16 03:00:00,67.68
2019-03-16 03:30:00,34.2
2019-03-16 04:00:00,69.96
2019-03-16 04:30:00,69.8
2019-03-16 05:00:00,79.53
2019-03-16 05:30:00,75.12
2019-03-16 06:00:00,84.6
2019-03-16 06:30:00,70.14
2019-03-16 07:00:00,79.29
2019-03-16 07:30:00,92.4
2019-03-16 08:00:00,94.32
2019-03-16 08:30:00,112.44
2019-03-16 09:00:00,173.0
2019-03-16 09:30:00,230.2
2019-03-16 10:00:00,237.05
2019-03-16 10:30:00,200.21
2019-03-16 11:00:00,216.92
2019-03-16 11:30:00,205.14
2019-03-16 12:00:00,228.92
2019-03-16 12:30:00,235.44
2019-03-16 13:00:00,210.87
2019-03-16 13:30:00,227.6
2019-03-16 14:00:00,222.12
2019-03-16 14:30:00,222.12
2019-03-16 15:00:00,85.68
2019-03-16 15:30:00,213.07
2019-03-16 16:00:00,214.38
2019-03-16 16:30:00,220.32
2019-03-16 17:00:00,255.24
2019-03-16 17:30:00,279.36
2019-03-16 18:00:00,132.36
2019-03-16 18:30:00,293.16
2019-03-16 19:00:00,316.08
2019-03-16 19:30:00,273.72
2019-03-16 20:00:00,245.52
2019-03-16 20:30:00,240.24
2019-03-16 21:00:00,208.88
2019-03-16 21:30:00,194.0
2019-03-16 22:00:00,139.2
2019-03-16 22:30:00,120.24
2019-03-16 23:00:00,109.2
2019-03-16 23:30:00,79.08
2019-03-17 00:00:00,85.74
2019-03-17 00:00:00,85.74
2019-03-17 00:30:00,31.2
2019-03-17 01:00:00,86.16
2019-03-17 01:30:00,82.14
2019-03-17 02:00:00,88.08
2019-03-17 02:30:00,83.16
2019-03-17 03:00:00,84.24
2019-03-17 03:30:00,79.92
2019-03-17 04:00:00,80.4
2019-03-17 04:30:00,83.76
2019-03-17 05:00:00,28.08
2019-03-17 05:30:00,81.36
2019-03-17 06:00:00,84.84
2019-03-17 06:30:00,86.88
2019-03-17 07:00:00,87.48
2019-03-17 07:30:00,89.28
2019-03-17 08:00:00,108.12
2019-03-17 08:30:00,102.36
2019-03-17 09:00:00,156.72
2019-03-17 09:30:00,204.96
2019-03-17 10:00:00,228.6
2019-03-17 10:30:00,236.28
2019-03-17 11:00:00,207.6
2019-03-17 11:30:00,214.8
2019-03-17 12:00:00,211.2
2019-03-17 12:30:00,184.8
2019-03-17 13:00:00,202.8
2019-03-17 13:30:00,196.8
2019-03-17 14:00:00,205.44
2019-03-17 14:30:00,200.88
2019-03-17 15:00:00,205.32
2019-03-17 15:30:00,235.56
2019-03-17 16:00:00,229.2
2019-03-17 16:30:00,254.4
2019-03-17 17:00:00,247.98
2019-03-17 17:30:00,255.72
2019-03-17 18:00:00,239.64
2019-03-17 18:30:00,275.52
2019-03-17 19:00:00,266.64
2019-03-17 19:30:00,245.4
2019-03-17 20:00:00,237.72
2019-03-17 20:30:00,221.64
2019-03-17 21:00:00,213.24
2019-03-17 21:30:00,177.72
2019-03-17 22:00:00,141.12
2019-03-17 22:30:00,122.88
2019-03-17 23:00:00,76.8
2019-03-17 23:30:00,103.5
2019-03-18 00:00:00,87.6
2019-03-18 00:00:00,87.6
2019-03-18 00:30:00,91.2
2019-03-18 01:00:00,89.4
2019-03-18 01:30:00,79.2
2019-03-18 02:00:00,88.5
2019-03-18 02:30:00,87.6
2019-03-18 03:00:00,86.16
2019-03-18 03:30:00,72.48
2019-03-18 04:00:00,77.4
2019-03-18 04:30:00,81.6
2019-03-18 05:00:00,79.8
2019-03-18 05:30:00,73.68
2019-03-18 06:00:00,80.4
2019-03-18 06:30:00,81.72
2019-03-18 07:00:00,80.64
2019-03-18 07:30:00,84.0
2019-03-18 08:00:00,114.86
2019-03-18 08:30:00,160.68
2019-03-18 09:00:00,176.52
2019-03-18 09:30:00,238.19
2019-03-18 10:00:00,212.88
2019-03-18 10:30:00,237.3
2019-03-18 11:00:00,244.56
2019-03-18 11:30:00,251.76
2019-03-18 12:00:00,239.4
2019-03-18 12:30:00,246.72
2019-03-18 13:00:00,210.48
2019-03-18 13:30:00,236.58
2019-03-18 14:00:00,222.2
2019-03-18 14:30:00,220.56
2019-03-18 15:00:00,227.88
2019-03-18 15:30:00,212.06
2019-03-18 16:00:00,211.1
2019-03-18 16:30:00,210.6
2019-03-18 17:00:00,225.0
2019-03-18 17:30:00,189.72
2019-03-18 18:00:00,227.64
2019-03-18 18:30:00,263.76
2019-03-18 19:00:00,250.44
2019-03-18 19:30:00,231.12
2019-03-18 20:00:00,251.88
2019-03-18 20:30:00,228.72
2019-03-18 21:00:00,220.08
2019-03-18 21:30:00,190.8
2019-03-18 22:00:00,177.36
2019-03-18 22:30:00,142.08
2019-03-18 23:00:00,95.48
2019-03-18 23:30:00,79.92
2019-03-19 00:00:00,80.28
2019-03-19 00:00:00,80.28
2019-03-19 00:30:00,73.62
2019-03-19 01:00:00,75.6
2019-03-19 01:30:00,74.52
2019-03-19 02:00:00,74.72
2019-03-19 02:30:00,81.0
2019-03-19 03:00:00,82.2
2019-03-19 03:30:00,82.8
2019-03-19 04:00:00,76.6
2019-03-19 04:30:00,80.4
2019-03-19 05:00:00,78.0
2019-03-19 05:30:00,76.8
2019-03-19 06:00:00,78.0
2019-03-19 06:30:00,120.0
2019-03-19 07:00:00,88.2
2019-03-19 07:30:00,100.8
2019-03-19 08:00:00,127.8
2019-03-19 08:30:00,118.8
2019-03-19 09:00:00,135.6
2019-03-19 09:30:00,214.5
2019-03-19 10:00:00,251.2
2019-03-19 10:30:00,223.8
2019-03-19 11:00:00,207.0
2019-03-19 11:30:00,194.7
2019-03-19 12:00:00,242.4
2019-03-19 12:30:00,236.4
2019-03-19 13:00:00,234.6
2019-03-19 13:30:00,219.3
2019-03-19 14:00:00,228.0
2019-03-19 14:30:00,201.6
2019-03-19 15:00:00,195.0
2019-03-19 15:30:00,215.4
2019-03-19 16:00:00,188.4
2019-03-19 16:30:00,202.56
2019-03-19 17:00:00,212.76
2019-03-19 17:30:00,198.24
2019-03-19 18:00:00,204.6
2019-03-19 18:30:00,236.6
2019-03-19 19:00:00,260.88
2019-03-19 19:30:00,240.78
2019-03-19 20:00:00,226.2
2019-03-19 20:30:00,237.5
2019-03-19 21:00:00,197.4
2019-03-19 21:30:00,182.4
2019-03-19 22:00:00,152.18
2019-03-19 22:30:00,141.36
2019-03-19 23:00:00,128.04
2019-03-19 23:30:00,106.83
2019-03-20 00:00:00,98.64
2019-03-20 00:00:00,98.64
2019-03-20 00:30:00,93.58
2019-03-20 01:00:00,95.52
2019-03-20 01:30:00,104.64
2019-03-20 02:00:00,86.4
2019-03-20 02:30:00,86.76
2019-03-20 03:00:00,86.22
2019-03-20 03:30:00,71.4
2019-03-20 04:00:00,81.12
2019-03-20 04:30:00,84.0
2019-03-20 05:00:00,83.82
2019-03-20 05:30:00,87.72
2019-03-20 06:00:00,83.04
2019-03-20 06:30:00,82.44
2019-03-20 07:00:00,80.28
2019-03-20 07:30:00,93.0
2019-03-20 08:00:00,100.08
2019-03-20 08:30:00,134.88
2019-03-20 09:00:00,169.32
2019-03-20 09:30:00,203.64
2019-03-20 10:00:00,208.92
2019-03-20 10:30:00,203.52
2019-03-20 11:00:00,208.44
2019-03-20 11:30:00,196.8
2019-03-20 12:00:00,189.36
2019-03-20 12:30:00,222.72
2019-03-20 13:00:00,213.6
2019-03-20 13:30:00,229.64
2019-03-20 14:00:00,223.68
2019-03-20 14:30:00,226.5
2019-03-20 15:00:00,233.04
2019-03-20 15:30:00,209.04
2019-03-20 16:00:00,210.84
2019-03-20 16:30:00,224.4
2019-03-20 17:00:00,222.72
2019-03-20 17:30:00,224.4
2019-03-20 18:00:00,211.2
2019-03-20 18:30:00,219.6
2019-03-20 19:00:00,224.04
2019-03-20 19:30:00,222.72
2019-03-20 20:00:00,223.08
2019-03-20 20:30:00,206.04
2019-03-20 21:00:00,208.92
2019-03-20 21:30:00,174.0
2019-03-20 22:00:00,99.96
2019-03-20 22:30:00,105.72
2019-03-20 23:00:00,85.38
2019-03-20 23:30:00,68.16
2019-03-21 00:00:00,69.96
2019-03-21 00:00:00,69.96
2019-03-21 00:30:00,68.35
2019-03-21 01:00:00,67.86
2019-03-21 01:30:00,64.06
2019-03-21 02:00:00,66.0
2019-03-21 02:30:00,67.92
2019-03-21 03:00:00,69.0
2019-03-21 03:30:00,64.86
2019-03-21 04:00:00,64.74
2019-03-21 04:30:00,29.4
2019-03-21 05:00:00,56.4
2019-03-21 05:30:00,60.24
2019-03-21 06:00:00,58.92
2019-03-21 06:30:00,59.38
2019-03-21 07:00:00,28.8
2019-03-21 07:30:00,70.44
2019-03-21 08:00:00,90.54
2019-03-21 08:30:00,107.64
2019-03-21 09:00:00,130.26
2019-03-21 09:30:00,203.4
2019-03-21 10:00:00,220.68
2019-03-21 10:30:00,214.08
2019-03-21 11:00:00,202.56
2019-03-21 11:30:00,227.62
2019-03-21 12:00:00,219.0
2019-03-21 12:30:00,211.9
2019-03-21 13:00:00,170.76
2019-03-21 13:30:00,174.0
2019-03-21 14:00:00,190.8
2019-03-21 14:30:00,219.6
2019-03-21 15:00:00,245.8
2019-03-21 15:30:00,229.44
2019-03-21 16:00:00,236.97
2019-03-21 16:30:00,261.96
2019-03-21 17:00:00,258.96
2019-03-21 17:30:00,221.44
2019-03-21 18:00:00,218.28
2019-03-21 18:30:00,277.2
2019-03-21 19:00:00,239.34
2019-03-21 19:30:00,213.68
2019-03-21 20:00:00,191.88
2019-03-21 20:30:00,225.84
2019-03-21 21:00:00,194.52
2019-03-21 21:30:00,166.8
2019-03-21 22:00:00,105.6
2019-03-21 22:30:00,106.32
2019-03-21 23:00:00,79.8
2019-03-21 23:30:00,69.36
2019-03-22 00:00:00,67.68
2019-03-22 00:00:00,67.68
2019-03-22 00:30:00,71.88
2019-03-22 01:00:00,65.52
2019-03-22 01:30:00,61.32
2019-03-22 02:00:00,62.16
2019-03-22 02:30:00,58.89
2019-03-22 03:00:00,57.53
2019-03-22 03:30:00,56.62
2019-03-22 04:00:00,58.44
2019-03-22 04:30:00,56.4
2019-03-22 05:00:00,64.2
2019-03-22 05:30:00,79.32
2019-03-22 06:00:00,73.5
2019-03-22 06:30:00,75.48
2019-03-22 07:00:00,74.04
2019-03-22 07:30:00,83.64
2019-03-22 08:00:00,126.12
2019-03-22 08:30:00,126.24
2019-03-22 09:00:00,203.76
2019-03-22 09:30:00,259.12
2019-03-22 10:00:00,264.0
2019-03-22 10:30:00,312.68
2019-03-22 11:00:00,318.24
2019-03-22 11:30:00,321.6
2019-03-22 12:00:00,312.36
2019-03-22 12:30:00,327.36
2019-03-22 13:00:00,312.48
2019-03-22 13:30:00,275.56
2019-03-22 14:00:00,286.8
2019-03-22 14:30:00,277.44
2019-03-22 15:00:00,270.72
2019-03-22 15:30:00,287.88
2019-03-22 16:00:00,292.56
2019-03-22 16:30:00,290.4
2019-03-22 17:00:00,310.92
2019-03-22 17:30:00,293.16
2019-03-22 18:00:00,297.48
2019-03-22 18:30:00,339.0
2019-03-22 19:00:00,336.84
2019-03-22 19:30:00,312.6
2019-03-22 20:00:00,270.72
2019-03-22 20:30:00,226.92
2019-03-22 21:00:00,207.68
2019-03-22 21:30:00,177.0
2019-03-22 22:00:00,144.24
2019-03-22 22:30:00,128.4
2019-03-22 23:00:00,103.44
2019-03-22 23:30:00,76.08
2019-03-23 00:00:00,79.56
2019-03-23 00:00:00,79.56
2019-03-23 00:30:00,84.72
2019-03-23 01:00:00,32.16
2019-03-23 01:30:00,83.76
2019-03-23 02:00:00,76.32
2019-03-23 02:30:00,69.15
2019-03-23 03:00:00,64.48
2019-03-23 03:30:00,64.8
2019-03-23 04:00:00,62.28
2019-03-23 04:30:00,69.84
2019-03-23 05:00:00,63.72
2019-03-23 05:30:00,39.48
2019-03-23 06:00:00,61.32
2019-03-23 06:30:00,82.08
2019-03-23 07:00:00,66.96
2019-03-23 07:30:00,78.88
2019-03-23 08:00:00,96.72
2019-03-23 08:30:00,93.96
2019-03-23 09:00:00,167.88
2019-03-23 09:30:00,167.04
2019-03-23 10:00:00,199.98
2019-03-23 10:30:00,197.4
2019-03-23 11:00:00,191.88
2019-03-23 11:30:00,191.4
2019-03-23 12:00:00,216.75
2019-03-23 12:30:00,210.6
2019-03-23 13:00:00,228.06
2019-03-23 13:30:00,98.28
2019-03-23 14:00:00,231.96
2019-03-23 14:30:00,225.24
2019-03-23 15:00:00,94.32
2019-03-23 15:30:00,209.28
2019-03-23 16:00:00,219.96
2019-03-23 16:30:00,264.96
2019-03-23 17:00:00,237.78
2019-03-23 17:30:00,250.2
2019-03-23 18:00:00,216.84
2019-03-23 18:30:00,235.26
2019-03-23 19:00:00,255.36
2019-03-23 19:30:00,256.56
2019-03-23 20:00:00,228.0
2019-03-23 20:30:00,207.96
2019-03-23 21:00:00,179.16
2019-03-23 21:30:00,161.46
2019-03-23 22:00:00,122.16
2019-03-23 22:30:00,112.32
2019-03-23 23:00:00,99.48
2019-03-23 23:30:00,83.88
2019-03-24 00:00:00,89.28
2019-03-24 00:00:00,89.28
2019-03-24 00:30:00,85.68
2019-03-24 01:00:00,86.4
2019-03-24 01:30:00,80.28
2019-03-24 02:00:00,86.04
2019-03-24 02:30:00,74.16
2019-03-24 03:00:00,76.32
2019-03-24 03:30:00,71.88
2019-03-24 04:00:00,68.4
2019-03-24 04:30:00,70.88
2019-03-24 05:00:00,71.76
2019-03-24 05:30:00,72.84
2019-03-24 06:00:00,74.64
2019-03-24 06:30:00,76.68
2019-03-24 07:00:00,75.36
2019-03-24 07:30:00,85.32
2019-03-24 08:00:00,109.92
2019-03-24 08:30:00,119.28
2019-03-24 09:00:00,182.4
2019-03-24 09:30:00,219.6
2019-03-24 10:00:00,204.6
2019-03-24 10:30:00,237.6
2019-03-24 11:00:00,260.4
2019-03-24 11:30:00,244.2
2019-03-24 12:00:00,238.2
2019-03-24 12:30:00,231.0
2019-03-24 13:00:00,240.6
2019-03-24 13:30:00,217.2
2019-03-24 14:00:00,220.2
2019-03-24 14:30:00,235.8
2019-03-24 15:00:00,238.8
2019-03-24 15:30:00,230.1
2019-03-24 16:00:00,250.8
2019-03-24 16:30:00,242.1
2019-03-24 17:00:00,265.2
2019-03-24 17:30:00,265.2
2019-03-24 18:00:00,248.7
2019-03-24 18:30:00,273.08
2019-03-24 19:00:00,245.7
2019-03-24 19:30:00,262.85
2019-03-24 20:00:00,257.84
2019-03-24 20:30:00,189.36
2019-03-24 21:00:00,184.36
2019-03-24 21:30:00,153.96
2019-03-24 22:00:00,123.7
2019-03-24 22:30:00,128.64
2019-03-24 23:00:00,101.64
2019-03-24 23:30:00,82.08
2019-03-25 00:00:00,76.8
2019-03-25 00:00:00,76.8
2019-03-25 00:30:00,33.24
2019-03-25 01:00:00,74.28
2019-03-25 01:30:00,76.56
2019-03-25 02:00:00,75.84
2019-03-25 02:30:00,82.2
2019-03-25 03:00:00,71.52
2019-03-25 03:30:00,70.2
2019-03-25 04:00:00,67.56
2019-03-25 04:30:00,74.64
2019-03-25 05:00:00,66.0
2019-03-25 05:30:00,69.48
2019-03-25 06:00:00,78.42
2019-03-25 06:30:00,63.6
2019-03-25 07:00:00,60.12
2019-03-25 07:30:00,73.38
2019-03-25 08:00:00,102.65
2019-03-25 08:30:00,116.28
2019-03-25 09:00:00,135.72
2019-03-25 09:30:00,186.36
2019-03-25 10:00:00,182.16
2019-03-25 10:30:00,175.68
2019-03-25 11:00:00,177.96
2019-03-25 11:30:00,252.78
2019-03-25 12:00:00,220.68
2019-03-25 12:30:00,210.24
2019-03-25 13:00:00,201.24
2019-03-25 13:30:00,203.52
2019-03-25 14:00:00,181.68
2019-03-25 14:30:00,182.64
2019-03-25 15:00:00,181.68
2019-03-25 15:30:00,202.96
2019-03-25 16:00:00,199.8
2019-03-25 16:30:00,198.36
2019-03-25 17:00:00,207.48
2019-03-25 17:30:00,179.64
2019-03-25 18:00:00,209.88
2019-03-25 18:30:00,235.2
2019-03-25 19:00:00,228.84
2019-03-25 19:30:00,231.48
2019-03-25 20:00:00,204.84
2019-03-25 20:30:00,199.56
2019-03-25 21:00:00,188.76
2019-03-25 21:30:00,163.68
2019-03-25 22:00:00,119.34
2019-03-25 22:30:00,113.64
2019-03-25 23:00:00,87.08
2019-03-25 23:30:00,68.88
2019-03-26 00:00:00,69.68
2019-03-26 00:00:00,69.68
2019-03-26 00:30:00,66.48
2019-03-26 01:00:00,69.6
2019-03-26 01:30:00,67.83
2019-03-26 02:00:00,64.16
2019-03-26 02:30:00,57.72
2019-03-26 03:00:00,60.12
2019-03-26 03:30:00,56.88
2019-03-26 04:00:00,54.24
2019-03-26 04:30:00,52.8
2019-03-26 05:00:00,54.69
2019-03-26 05:30:00,56.28
2019-03-26 06:00:00,54.9
2019-03-26 06:30:00,59.34
2019-03-26 07:00:00,58.52
2019-03-26 07:30:00,72.2
2019-03-26 08:00:00,81.48
2019-03-26 08:30:00,89.04
2019-03-26 09:00:00,119.69
2019-03-26 09:30:00,197.64
2019-03-26 10:00:00,181.32
2019-03-26 10:30:00,178.8
2019-03-26 11:00:00,180.32
2019-03-26 11:30:00,163.92
2019-03-26 12:00:00,192.36
2019-03-26 12:30:00,195.34
2019-03-26 13:00:00,186.24
2019-03-26 13:30:00,171.96
2019-03-26 14:00:00,166.44
2019-03-26 14:30:00,157.68
2019-03-26 15:00:00,177.93
2019-03-26 15:30:00,186.88
2019-03-26 16:00:00,188.4
2019-03-26 16:30:00,184.68
2019-03-26 17:00:00,162.32
2019-03-26 17:30:00,166.92
2019-03-26 18:00:00,89.84
2019-03-26 18:30:00,249.06
2019-03-26 19:00:00,212.04
2019-03-26 19:30:00,189.4
2019-03-26 20:00:00,189.0
2019-03-26 20:30:00,200.52
2019-03-26 21:00:00,172.47
2019-03-26 21:30:00,155.88
2019-03-26 22:00:00,136.2
2019-03-26 22:30:00,69.72
2019-03-26 23:00:00,90.96
2019-03-26 23:30:00,72.48
2019-03-27 00:00:00,64.92
2019-03-27 00:00:00,64.92
2019-03-27 00:30:00,68.46
2019-03-27 01:00:00,54.12
2019-03-27 01:30:00,59.88
2019-03-27 02:00:00,70.32
2019-03-27 02:30:00,55.44
2019-03-27 03:00:00,54.12
2019-03-27 03:30:00,56.16
2019-03-27 04:00:00,54.36
2019-03-27 04:30:00,55.14
2019-03-27 05:00:00,58.83
2019-03-27 05:30:00,64.08
2019-03-27 06:00:00,57.24
2019-03-27 06:30:00,74.64
2019-03-27 07:00:00,81.6
2019-03-27 07:30:00,77.52
2019-03-27 08:00:00,34.8
2019-03-27 08:30:00,149.28
2019-03-27 09:00:00,161.88
2019-03-27 09:30:00,190.8
2019-03-27 10:00:00,205.56
2019-03-27 10:30:00,179.04
2019-03-27 11:00:00,187.68
2019-03-27 11:30:00,199.92
2019-03-27 12:00:00,195.36
2019-03-27 12:30:00,219.0
2019-03-27 13:00:00,202.32
2019-03-27 13:30:00,232.92
2019-03-27 14:00:00,249.72
2019-03-27 14:30:00,233.4
2019-03-27 15:00:00,256.2
2019-03-27 15:30:00,96.93
2019-03-27 16:00:00,248.76
2019-03-27 16:30:00,271.32
2019-03-27 17:00:00,226.32
2019-03-27 17:30:00,195.66
2019-03-27 18:00:00,163.92
2019-03-27 18:30:00,223.32
2019-03-27 19:00:00,224.64
2019-03-27 19:30:00,229.2
2019-03-27 20:00:00,218.16
2019-03-27 20:30:00,232.68
2019-03-27 21:00:00,218.36
2019-03-27 21:30:00,163.68
2019-03-27 22:00:00,117.36
2019-03-27 22:30:00,111.34
2019-03-27 23:00:00,84.88
2019-03-27 23:30:00,72.32
2019-03-28 00:00:00,66.6
2019-03-28 00:00:00,66.6
2019-03-28 00:30:00,64.92
2019-03-28 01:00:00,68.92
2019-03-28 01:30:00,66.24
2019-03-28 02:00:00,58.47
2019-03-28 02:30:00,60.36
2019-03-28 03:00:00,62.0
2019-03-28 03:30:00,61.28
2019-03-28 04:00:00,58.98
2019-03-28 04:30:00,60.24
2019-03-28 05:00:00,58.44
2019-03-28 05:30:00,58.68
2019-03-28 06:00:00,58.2
2019-03-28 06:30:00,58.2
2019-03-28 07:00:00,60.6
2019-03-28 07:30:00,66.6
2019-03-28 08:00:00,76.2
2019-03-28 08:30:00,105.0
2019-03-28 09:00:00,147.6
2019-03-28 09:30:00,180.6
2019-03-28 10:00:00,215.85
2019-03-28 10:30:00,215.94
2019-03-28 11:00:00,231.9
2019-03-28 11:30:00,228.18
2019-03-28 12:00:00,258.96
2019-03-28 12:30:00,255.52
2019-03-28 13:00:00,225.0
2019-03-28 13:30:00,235.2
2019-03-28 14:00:00,210.24
2019-03-28 14:30:00,249.48
2019-03-28 15:00:00,208.56
2019-03-28 15:30:00,207.84
2019-03-28 16:00:00,224.1
2019-03-28 16:30:00,203.76
2019-03-28 17:00:00,259.4
2019-03-28 17:30:00,226.44
2019-03-28 18:00:00,228.32
2019-03-28 18:30:00,218.04
2019-03-28 19:00:00,217.8
2019-03-28 19:30:00,214.8
2019-03-28 20:00:00,226.86
2019-03-28 20:30:00,226.92
2019-03-28 21:00:00,199.2
2019-03-28 21:30:00,165.42
2019-03-28 22:00:00,123.66
2019-03-28 22:30:00,121.08
2019-03-28 23:00:00,92.76
2019-03-28 23:30:00,75.24
2019-03-29 00:00:00,75.96
2019-03-29 00:00:00,75.96
2019-03-29 00:30:00,68.52
2019-03-29 01:00:00,
2019-03-29 01:30:00,
2019-03-29 02:00:00,
2019-03-29 02:30:00,
2019-03-29 03:00:00,
2019-03-29 03:30:00,65.0
2019-03-29 04:00:00,61.32
2019-03-29 04:30:00,60.22
2019-03-29 05:00:00,60.15
2019-03-29 05:30:00,60.36
2019-03-29 06:00:00,59.7
2019-03-29 06:30:00,63.09
2019-03-29 07:00:00,60.06
2019-03-29 07:30:00,72.24
2019-03-29 08:00:00,85.6
2019-03-29 08:30:00,86.4
2019-03-29 09:00:00,136.56
2019-03-29 09:30:00,214.56
2019-03-29 10:00:00,210.72
2019-03-29 10:30:00,218.64
2019-03-29 11:00:00,191.28
2019-03-29 11:30:00,233.58
2019-03-29 12:00:00,221.64
2019-03-29 12:30:00,223.8
2019-03-29 13:00:00,229.56
2019-03-29 13:30:00,209.28
2019-03-29 14:00:00,231.36
2019-03-29 14:30:00,243.6
2019-03-29 15:00:00,235.92
2019-03-29 15:30:00,211.32
2019-03-29 16:00:00,242.52
2019-03-29 16:30:00,209.88
2019-03-29 17:00:00,228.36
2019-03-29 17:30:00,222.72
2019-03-29 18:00:00,239.04
2019-03-29 18:30:00,261.0
2019-03-29 19:00:00,243.0
2019-03-29 19:30:00,260.04
2019-03-29 20:00:00,270.96
2019-03-29 20:30:00,229.44
2019-03-29 21:00:00,199.8
2019-03-29 21:30:00,213.24
2019-03-29 22:00:00,142.56
2019-03-29 22:30:00,127.96
2019-03-29 23:00:00,61.68
2019-03-29 23:30:00,80.28
2019-03-30 00:00:00,77.16
2019-03-30 00:00:00,77.16
2019-03-30 00:30:00,80.0
2019-03-30 01:00:00,77.28
2019-03-30 01:30:00,79.44
2019-03-30 02:00:00,77.07
2019-03-30 02:30:00,75.48
2019-03-30 03:00:00,36.2
2019-03-30 03:30:00,69.36
2019-03-30 04:00:00,68.6
2019-03-30 04:30:00,69.84
2019-03-30 05:00:00,66.24
2019-03-30 05:30:00,65.04
2019-03-30 06:00:00,67.08
2019-03-30 06:30:00,83.52
2019-03-30 07:00:00,75.72
2019-03-30 07:30:00,94.23
2019-03-30 08:00:00,93.72
2019-03-30 08:30:00,115.38
2019-03-30 09:00:00,153.6
2019-03-30 09:30:00,169.08
2019-03-30 10:00:00,195.6
2019-03-30 10:30:00,175.68
2019-03-30 11:00:00,217.68
2019-03-30 11:30:00,183.12
2019-03-30 12:00:00,187.86
2019-03-30 12:30:00,188.04
2019-03-30 13:00:00,169.62
2019-03-30 13:30:00,187.32
2019-03-30 14:00:00,192.12
2019-03-30 14:30:00,186.96
2019-03-30 15:00:00,192.72
2019-03-30 15:30:00,186.36
2019-03-30 16:00:00,208.32
2019-03-30 16:30:00,186.12
2019-03-30 17:00:00,187.12
2019-03-30 17:30:00,192.24
2019-03-30 18:00:00,203.28
2019-03-30 18:30:00,243.12
2019-03-30 19:00:00,242.54
2019-03-30 19:30:00,225.64
2019-03-30 20:00:00,206.16
2019-03-30 20:30:00,204.66
2019-03-30 21:00:00,182.64
2019-03-30 21:30:00,141.24
2019-03-30 22:00:00,120.72
2019-03-30 22:30:00,119.58
2019-03-30 23:00:00,84.18
2019-03-30 23:30:00,78.6
2019-03-31 00:00:00,77.88
2019-03-31 00:00:00,77.88
2019-03-31 00:30:00,75.3
2019-03-31 01:00:00,62.28
2019-03-31 01:30:00,64.56
2019-03-31 02:00:00,62.48
2019-03-31 02:30:00,76.44
2019-03-31 03:00:00,69.42
2019-03-31 03:30:00,67.02
2019-03-31 04:00:00,64.2
2019-03-31 04:30:00,69.8
2019-03-31 05:00:00,63.24
2019-03-31 05:30:00,63.48
2019-03-31 06:00:00,71.04
2019-03-31 06:30:00,66.12
2019-03-31 07:00:00,65.12
2019-03-31 07:30:00,71.88
2019-03-31 08:00:00,88.44
2019-03-31 08:30:00,102.36
2019-03-31 09:00:00,123.6
2019-03-31 09:30:00,182.64
2019-03-31 10:00:00,214.92
2019-03-31 10:30:00,254.04
2019-03-31 11:00:00,276.0
2019-03-31 11:30:00,257.28
2019-03-31 12:00:00,236.7
2019-03-31 12:30:00,219.96
2019-03-31 13:00:00,211.8
2019-03-31 13:30:00,208.32
2019-03-31 14:00:00,197.28
2019-03-31 14:30:00,197.28
2019-03-31 15:00:00,202.64
2019-03-31 15:30:00,206.4
2019-03-31 16:00:00,189.48
2019-03-31 16:30:00,175.92
2019-03-31 17:00:00,210.36
2019-03-31 17:30:00,214.32
2019-03-31 18:00:00,192.6
2019-03-31 18:30:00,249.96
2019-03-31 19:00:00,252.12
2019-03-31 19:30:00,245.04
2019-03-31 20:00:00,238.44
2019-03-31 20:30:00,98.76
2019-03-31 21:00:00,180.96
2019-03-31 21:30:00,160.32
2019-03-31 22:00:00,69.12
2019-03-31 22:30:00,120.15
2019-03-31 23:00:00,86.52
2019-03-31 23:30:00,79.8
2019-04-01 00:00:00,77.04
2019-04-01 00:00:00,77.04
2019-04-01 00:30:00,78.0
2019-04-01 01:00:00,77.52
2019-04-01 01:30:00,77.28
2019-04-01 02:00:00,76.08
2019-04-01 02:30:00,77.76
2019-04-01 03:00:00,87.2
2019-04-01 03:30:00,32.88
2019-04-01 04:00:00,79.86
2019-04-01 04:30:00,74.64
2019-04-01 05:00:00,75.54
2019-04-01 05:30:00,72.12
2019-04-01 06:00:00,72.88
2019-04-01 06:30:00,81.96
2019-04-01 07:00:00,83.07
2019-04-01 07:30:00,91.92
2019-04-01 08:00:00,89.88
2019-04-01 08:30:00,94.92
2019-04-01 09:00:00,122.88
2019-04-01 09:30:00,163.8
2019-04-01 10:00:00,156.54
2019-04-01 10:30:00,163.08
2019-04-01 11:00:00,149.4
2019-04-01 11:30:00,166.12
2019-04-01 12:00:00,154.32
2019-04-01 12:30:00,169.57
2019-04-01 13:00:00,194.96
2019-04-01 13:30:00,189.24
2019-04-01 14:00:00,184.2
2019-04-01 14:30:00,181.6
2019-04-01 15:00:00,179.4
2019-04-01 15:30:00,186.12
2019-04-01 16:00:00,191.34
2019-04-01 16:30:00,167.76
2019-04-01 17:00:00,182.22
2019-04-01 17:30:00,205.35
2019-04-01 18:00:00,201.4
2019-04-01 18:30:00,254.76
2019-04-01 19:00:00,208.23
2019-04-01 19:30:00,199.44
2019-04-01 20:00:00,227.76
2019-04-01 20:30:00,214.68
2019-04-01 21:00:00,184.83
2019-04-01 21:30:00,176.4
2019-04-01 22:00:00,120.08
2019-04-01 22:30:00,120.12
2019-04-01 23:00:00,90.36
2019-04-01 23:30:00,69.36
2019-04-02 00:00:00,63.84
2019-04-02 00:00:00,63.84
2019-04-02 00:30:00,82.68
2019-04-02 01:00:00,62.4
2019-04-02 01:30:00,66.0
2019-04-02 02:00:00,69.6
2019-04-02 02:30:00,56.4
2019-04-02 03:00:00,63.6
2019-04-02 03:30:00,75.9
2019-04-02 04:00:00,57.3
2019-04-02 04:30:00,63.6
2019-04-02 05:00:00,64.8
2019-04-02 05:30:00,62.4
2019-04-02 06:00:00,63.6
2019-04-02 06:30:00,85.8
2019-04-02 07:00:00,72.6
2019-04-02 07:30:00,86.4
2019-04-02 08:00:00,112.2
2019-04-02 08:30:00,103.2
2019-04-02 09:00:00,135.6
2019-04-02 09:30:00,169.5
2019-04-02 10:00:00,193.2
2019-04-02 10:30:00,187.2
2019-04-02 11:00:00,146.4
2019-04-02 11:30:00,145.8
2019-04-02 12:00:00,159.0
2019-04-02 12:30:00,192.6
2019-04-02 13:00:00,158.4
2019-04-02 13:30:00,184.8
2019-04-02 14:00:00,173.04
2019-04-02 14:30:00,169.8
2019-04-02 15:00:00,140.1
2019-04-02 15:30:00,171.9
2019-04-02 16:00:00,173.4
2019-04-02 16:30:00,195.0
2019-04-02 17:00:00,212.4
2019-04-02 17:30:00,200.7
2019-04-02 18:00:00,189.6
2019-04-02 18:30:00,229.5
2019-04-02 19:00:00,239.7
2019-04-02 19:30:00,237.6
2019-04-02 20:00:00,216.0
2019-04-02 20:30:00,189.0
2019-04-02 21:00:00,223.2
2019-04-02 21:30:00,187.8
2019-04-02 22:00:00,123.0
2019-04-02 22:30:00,121.98
2019-04-02 23:00:00,100.36
2019-04-02 23:30:00,81.24
2019-04-03 00:00:00,76.32
2019-04-03 00:00:00,76.32
2019-04-03 00:30:00,74.56
2019-04-03 01:00:00,69.84
2019-04-03 01:30:00,40.26
2019-04-03 02:00:00,60.6
2019-04-03 02:30:00,61.68
2019-04-03 03:00:00,61.77
2019-04-03 03:30:00,55.8
2019-04-03 04:00:00,57.32
2019-04-03 04:30:00,60.87
2019-04-03 05:00:00,65.04
2019-04-03 05:30:00,64.92
2019-04-03 06:00:00,69.06
2019-04-03 06:30:00,69.4
2019-04-03 07:00:00,68.04
2019-04-03 07:30:00,72.36
2019-04-03 08:00:00,91.92
2019-04-03 08:30:00,102.56
2019-04-03 09:00:00,135.84
2019-04-03 09:30:00,176.76
2019-04-03 10:00:00,166.8
2019-04-03 10:30:00,182.24
2019-04-03 11:00:00,140.32
2019-04-03 11:30:00,170.1
2019-04-03 12:00:00,194.64
2019-04-03 12:30:00,162.2
2019-04-03 13:00:00,192.14
2019-04-03 13:30:00,171.32
2019-04-03 14:00:00,197.4
2019-04-03 14:30:00,171.72
2019-04-03 15:00:00,177.6
2019-04-03 15:30:00,161.2
2019-04-03 16:00:00,167.4
2019-04-03 16:30:00,168.6
2019-04-03 17:00:00,211.5
2019-04-03 17:30:00,209.4
2019-04-03 18:00:00,199.8
2019-04-03 18:30:00,245.4
2019-04-03 19:00:00,223.8
2019-04-03 19:30:00,221.2
2019-04-03 20:00:00,228.0
2019-04-03 20:30:00,205.8
2019-04-03 21:00:00,204.0
2019-04-03 21:30:00,166.2
2019-04-03 22:00:00,115.2
2019-04-03 22:30:00,112.2
2019-04-03 23:00:00,84.48
2019-04-03 23:30:00,71.88
2019-04-04 00:00:00,88.12
2019-04-04 00:00:00,88.12
2019-04-04 00:30:00,75.84
2019-04-04 01:00:00,67.22
2019-04-04 01:30:00,66.12
2019-04-04 02:00:00,61.62
2019-04-04 02:30:00,31.4
2019-04-04 03:00:00,65.2
2019-04-04 03:30:00,69.24
2019-04-04 04:00:00,69.32
2019-04-04 04:30:00,27.0
2019-04-04 05:00:00,65.64
2019-04-04 05:30:00,63.6
2019-04-04 06:00:00,67.0
2019-04-04 06:30:00,72.12
2019-04-04 07:00:00,83.16
2019-04-04 07:30:00,90.0
2019-04-04 08:00:00,85.8
2019-04-04 08:30:00,88.14
2019-04-04 09:00:00,112.92
2019-04-04 09:30:00,164.41
2019-04-04 10:00:00,198.54
2019-04-04 10:30:00,220.56
2019-04-04 11:00:00,216.84
2019-04-04 11:30:00,225.18
2019-04-04 12:00:00,200.52
2019-04-04 12:30:00,228.96
2019-04-04 13:00:00,215.4
2019-04-04 13:30:00,223.32
2019-04-04 14:00:00,174.12
2019-04-04 14:30:00,225.78
2019-04-04 15:00:00,202.2
2019-04-04 15:30:00,202.38
2019-04-04 16:00:00,247.24
2019-04-04 16:30:00,112.56
2019-04-04 17:00:00,108.84
2019-04-04 17:30:00,190.02
2019-04-04 18:00:00,187.44
2019-04-04 18:30:00,232.04
2019-04-04 19:00:00,239.16
2019-04-04 19:30:00,233.4
2019-04-04 20:00:00,201.72
2019-04-04 20:30:00,209.4
2019-04-04 21:00:00,198.0
2019-04-04 21:30:00,177.84
2019-04-04 22:00:00,140.76
2019-04-04 22:30:00,113.28
2019-04-04 23:00:00,81.96
2019-04-04 23:30:00,70.16
2019-04-05 00:00:00,68.28
2019-04-05 00:00:00,68.28
2019-04-05 00:30:00,33.84
2019-04-05 01:00:00,58.92
2019-04-05 01:30:00,61.32
2019-04-05 02:00:00,57.84
2019-04-05 02:30:00,58.44
2019-04-05 03:00:00,67.08
2019-04-05 03:30:00,61.92
2019-04-05 04:00:00,53.64
2019-04-05 04:30:00,55.98
2019-04-05 05:00:00,60.84
2019-04-05 05:30:00,60.0
2019-04-05 06:00:00,62.52
2019-04-05 06:30:00,83.16
2019-04-05 07:00:00,70.44
2019-04-05 07:30:00,73.92
2019-04-05 08:00:00,35.4
2019-04-05 08:30:00,76.56
2019-04-05 09:00:00,108.18
2019-04-05 09:30:00,152.6
2019-04-05 10:00:00,160.36
2019-04-05 10:30:00,167.58
2019-04-05 11:00:00,172.08
2019-04-05 11:30:00,185.4
2019-04-05 12:00:00,152.16
2019-04-05 12:30:00,169.32
2019-04-05 13:00:00,186.36
2019-04-05 13:30:00,167.4
2019-04-05 14:00:00,168.84
2019-04-05 14:30:00,177.48
2019-04-05 15:00:00,181.92
2019-04-05 15:30:00,163.2
2019-04-05 16:00:00,183.48
2019-04-05 16:30:00,176.44
2019-04-05 17:00:00,178.68
2019-04-05 17:30:00,177.48
2019-04-05 18:00:00,160.8
2019-04-05 18:30:00,170.4
2019-04-05 19:00:00,191.76
2019-04-05 19:30:00,198.0
2019-04-05 20:00:00,183.12
2019-04-05 20:30:00,193.26
2019-04-05 21:00:00,187.08
2019-04-05 21:30:00,161.16
2019-04-05 22:00:00,102.36
2019-04-05 22:30:00,103.08
2019-04-05 23:00:00,69.6
2019-04-05 23:30:00,63.06
2019-04-06 00:00:00,58.36
2019-04-06 00:00:00,58.36
2019-04-06 00:30:00,53.04
2019-04-06 01:00:00,53.88
2019-04-06 01:30:00,50.76
2019-04-06 02:00:00,53.88
2019-04-06 02:30:00,52.92
2019-04-06 03:00:00,57.24
2019-04-06 03:30:00,55.38
2019-04-06 04:00:00,52.8
2019-04-06 04:30:00,52.44
2019-04-06 05:00:00,54.66
2019-04-06 05:30:00,53.64
2019-04-06 06:00:00,52.02
2019-04-06 06:30:00,60.96
2019-04-06 07:00:00,55.44
2019-04-06 07:30:00,58.44
2019-04-06 08:00:00,64.56
2019-04-06 08:30:00,68.08
2019-04-06 09:00:00,106.2
2019-04-06 09:30:00,159.0
2019-04-06 10:00:00,195.2
2019-04-06 10:30:00,183.6
2019-04-06 11:00:00,181.2
2019-04-06 11:30:00,181.8
2019-04-06 12:00:00,148.2
2019-04-06 12:30:00,157.2
2019-04-06 13:00:00,180.0
2019-04-06 13:30:00,192.6
2019-04-06 14:00:00,199.2
2019-04-06 14:30:00,165.0
2019-04-06 15:00:00,157.8
2019-04-06 15:30:00,172.2
2019-04-06 16:00:00,169.8
2019-04-06 16:30:00,189.6
2019-04-06 17:00:00,150.08
2019-04-06 17:30:00,159.72
2019-04-06 18:00:00,189.12
2019-04-06 18:30:00,228.48
2019-04-06 19:00:00,218.4
2019-04-06 19:30:00,237.04
2019-04-06 20:00:00,205.44
2019-04-06 20:30:00,184.32
2019-04-06 21:00:00,169.8
2019-04-06 21:30:00,138.12
2019-04-06 22:00:00,108.6
2019-04-06 22:30:00,109.08
2019-04-06 23:00:00,81.6
2019-04-06 23:30:00,68.76
2019-04-07 00:00:00,66.36
2019-04-07 00:00:00,66.36
2019-04-07 00:30:00,65.88
2019-04-07 01:00:00,61.38
2019-04-07 01:30:00,54.24
2019-04-07 02:00:00,51.6
2019-04-07 02:30:00,55.32
2019-04-07 03:00:00,55.88
2019-04-07 03:30:00,55.62
2019-04-07 04:00:00,53.04
2019-04-07 04:30:00,71.64
2019-04-07 05:00:00,56.64
2019-04-07 05:30:00,57.12
2019-04-07 06:00:00,55.8
2019-04-07 06:30:00,53.88
2019-04-07 07:00:00,55.2
2019-04-07 07:30:00,60.6
2019-04-07 08:00:00,67.2
2019-04-07 08:30:00,80.4
2019-04-07 09:00:00,88.2
2019-04-07 09:30:00,124.2
2019-04-07 10:00:00,123.6
2019-04-07 10:30:00,139.2
2019-04-07 11:00:00,152.4
2019-04-07 11:30:00,162.6
2019-04-07 12:00:00,158.4
2019-04-07 12:30:00,146.4
2019-04-07 13:00:00,166.0
2019-04-07 13:30:00,148.2
2019-04-07 14:00:00,153.3
2019-04-07 14:30:00,156.0
2019-04-07 15:00:00,132.6
2019-04-07 15:30:00,142.2
2019-04-07 16:00:00,142.2
2019-04-07 16:30:00,148.2
2019-04-07 17:00:00,157.2
2019-04-07 17:30:00,137.4
2019-04-07 18:00:00,139.5
2019-04-07 18:30:00,182.4
2019-04-07 19:00:00,195.6
2019-04-07 19:30:00,183.6
2019-04-07 20:00:00,183.4
2019-04-07 20:30:00,174.0
2019-04-07 21:00:00,159.0
2019-04-07 21:30:00,124.8
2019-04-07 22:00:00,114.6
2019-04-07 22:30:00,106.35
2019-04-07 23:00:00,87.12
2019-04-07 23:30:00,67.04
2019-04-08 00:00:00,60.24
2019-04-08 00:00:00,60.24
2019-04-08 00:30:00,62.33
2019-04-08 01:00:00,56.58
2019-04-08 01:30:00,55.97
2019-04-08 02:00:00,60.12
2019-04-08 02:30:00,56.64
2019-04-08 03:00:00,66.24
2019-04-08 03:30:00,59.36
2019-04-08 04:00:00,58.38
2019-04-08 04:30:00,58.48
2019-04-08 05:00:00,61.38
2019-04-08 05:30:00,60.78
2019-04-08 06:00:00,61.55
2019-04-08 06:30:00,66.0
2019-04-08 07:00:00,66.36
2019-04-08 07:30:00,79.29
2019-04-08 08:00:00,94.8
2019-04-08 08:30:00,98.88
2019-04-08 09:00:00,43.08
2019-04-08 09:30:00,165.48
2019-04-08 10:00:00,151.32
2019-04-08 10:30:00,150.6
2019-04-08 11:00:00,138.24
2019-04-08 11:30:00,141.48
2019-04-08 12:00:00,166.2
2019-04-08 12:30:00,156.24
2019-04-08 13:00:00,140.91
2019-04-08 13:30:00,148.08
2019-04-08 14:00:00,153.24
2019-04-08 14:30:00,142.68
2019-04-08 15:00:00,141.6
2019-04-08 15:30:00,179.04
2019-04-08 16:00:00,153.12
2019-04-08 16:30:00,166.8
2019-04-08 17:00:00,164.04
2019-04-08 17:30:00,152.04
2019-04-08 18:00:00,187.2
2019-04-08 18:30:00,194.4
2019-04-08 19:00:00,180.72
2019-04-08 19:30:00,169.68
2019-04-08 20:00:00,178.08
2019-04-08 20:30:00,173.58
2019-04-08 21:00:00,175.92
2019-04-08 21:30:00,141.84
2019-04-08 22:00:00,122.08
2019-04-08 22:30:00,114.72
2019-04-08 23:00:00,93.48
2019-04-08 23:30:00,66.96
2019-04-09 00:00:00,67.56
2019-04-09 00:00:00,67.56
2019-04-09 00:30:00,68.16
2019-04-09 01:00:00,69.48
2019-04-09 01:30:00,69.0
2019-04-09 02:00:00,57.32
2019-04-09 02:30:00,58.68
2019-04-09 03:00:00,59.16
2019-04-09 03:30:00,58.68
2019-04-09 04:00:00,56.64
2019-04-09 04:30:00,56.34
2019-04-09 05:00:00,27.48
2019-04-09 05:30:00,59.28
2019-04-09 06:00:00,65.64
2019-04-09 06:30:00,57.48
2019-04-09 07:00:00,64.14
2019-04-09 07:30:00,69.12
2019-04-09 08:00:00,80.76
2019-04-09 08:30:00,100.68
2019-04-09 09:00:00,135.84
2019-04-09 09:30:00,154.32
2019-04-09 10:00:00,151.56
2019-04-09 10:30:00,158.16
2019-04-09 11:00:00,126.72
2019-04-09 11:30:00,52.2
2019-04-09 12:00:00,136.92
2019-04-09 12:30:00,155.52
2019-04-09 13:00:00,159.6
2019-04-09 13:30:00,163.24
2019-04-09 14:00:00,192.72
2019-04-09 14:30:00,192.96
2019-04-09 15:00:00,193.68
2019-04-09 15:30:00,180.24
2019-04-09 16:00:00,165.72
2019-04-09 16:30:00,199.0
2019-04-09 17:00:00,210.24
2019-04-09 17:30:00,188.58
2019-04-09 18:00:00,186.6
2019-04-09 18:30:00,221.88
2019-04-09 19:00:00,220.72
2019-04-09 19:30:00,214.5
2019-04-09 20:00:00,194.73
2019-04-09 20:30:00,117.12
2019-04-09 21:00:00,174.66
2019-04-09 21:30:00,146.28
2019-04-09 22:00:00,113.16
2019-04-09 22:30:00,114.38
2019-04-09 23:00:00,78.66
2019-04-09 23:30:00,77.4
2019-04-10 00:00:00,67.98
2019-04-10 00:00:00,67.98
2019-04-10 00:30:00,71.16
2019-04-10 01:00:00,65.16
2019-04-10 01:30:00,62.76
2019-04-10 02:00:00,68.64
2019-04-10 02:30:00,77.78
2019-04-10 03:00:00,62.82
2019-04-10 03:30:00,66.0
2019-04-10 04:00:00,62.88
2019-04-10 04:30:00,58.44
2019-04-10 05:00:00,55.2
2019-04-10 05:30:00,57.3
2019-04-10 06:00:00,60.84
2019-04-10 06:30:00,55.8
2019-04-10 07:00:00,57.3
2019-04-10 07:30:00,70.14
2019-04-10 08:00:00,87.0
2019-04-10 08:30:00,108.84
2019-04-10 09:00:00,46.92
2019-04-10 09:30:00,166.8
2019-04-10 10:00:00,180.6
2019-04-10 10:30:00,162.72
2019-04-10 11:00:00,201.24
2019-04-10 11:30:00,185.34
2019-04-10 12:00:00,223.16
2019-04-10 12:30:00,247.84
2019-04-10 13:00:00,219.6
2019-04-10 13:30:00,190.02
2019-04-10 14:00:00,223.02
2019-04-10 14:30:00,207.24
2019-04-10 15:00:00,234.48
2019-04-10 15:30:00,68.4
2019-04-10 16:00:00,86.16
2019-04-10 16:30:00,234.16
2019-04-10 17:00:00,234.96
2019-04-10 17:30:00,89.88
2019-04-10 18:00:00,194.64
2019-04-10 18:30:00,228.12
2019-04-10 19:00:00,227.64
2019-04-10 19:30:00,229.68
2019-04-10 20:00:00,219.84
2019-04-10 20:30:00,228.6
2019-04-10 21:00:00,204.96
2019-04-10 21:30:00,163.5
2019-04-10 22:00:00,72.6
2019-04-10 22:30:00,104.52
2019-04-10 23:00:00,89.7
2019-04-10 23:30:00,73.38
2019-04-11 00:00:00,76.92
2019-04-11 00:00:00,76.92
2019-04-11 00:30:00,77.2
2019-04-11 01:00:00,79.92
2019-04-11 01:30:00,75.6
2019-04-11 02:00:00,66.36
2019-04-11 02:30:00,64.56
2019-04-11 03:00:00,68.4
2019-04-11 03:30:00,63.6
2019-04-11 04:00:00,62.1
2019-04-11 04:30:00,61.32
2019-04-11 05:00:00,64.02
2019-04-11 05:30:00,67.08
2019-04-11 06:00:00,62.28
2019-04-11 06:30:00,66.36
2019-04-11 07:00:00,65.73
2019-04-11 07:30:00,72.2
2019-04-11 08:00:00,95.4
2019-04-11 08:30:00,115.8
2019-04-11 09:00:00,137.4
2019-04-11 09:30:00,174.6
2019-04-11 10:00:00,217.2
2019-04-11 10:30:00,254.92
2019-04-11 11:00:00,237.6
2019-04-11 11:30:00,241.87
2019-04-11 12:00:00,248.4
2019-04-11 12:30:00,249.6
2019-04-11 13:00:00,217.5
2019-04-11 13:30:00,170.7
2019-04-11 14:00:00,213.6
2019-04-11 14:30:00,229.8
2019-04-11 15:00:00,190.2
2019-04-11 15:30:00,247.5
2019-04-11 16:00:00,232.8
2019-04-11 16:30:00,243.4
2019-04-11 17:00:00,237.0
2019-04-11 17:30:00,240.6
2019-04-11 18:00:00,195.0
2019-04-11 18:30:00,215.4
2019-04-11 19:00:00,219.6
2019-04-11 19:30:00,183.6
2019-04-11 20:00:00,219.6
2019-04-11 20:30:00,182.4
2019-04-11 21:00:00,196.86
2019-04-11 21:30:00,176.72
2019-04-11 22:00:00,154.32
2019-04-11 22:30:00,150.36
2019-04-11 23:00:00,117.42
2019-04-11 23:30:00,105.96
2019-04-12 00:00:00,102.48
2019-04-12 00:00:00,102.48
2019-04-12 00:30:00,105.0
2019-04-12 01:00:00,111.24
2019-04-12 01:30:00,93.36
2019-04-12 02:00:00,92.4
2019-04-12 02:30:00,76.08
2019-04-12 03:00:00,82.8
2019-04-12 03:30:00,73.2
2019-04-12 04:00:00,68.4
2019-04-12 04:30:00,68.13
2019-04-12 05:00:00,69.0
2019-04-12 05:30:00,73.2
2019-04-12 06:00:00,64.1
2019-04-12 06:30:00,85.8
2019-04-12 07:00:00,71.65
2019-04-12 07:30:00,79.2
2019-04-12 08:00:00,114.0
2019-04-12 08:30:00,99.2
2019-04-12 09:00:00,122.4
2019-04-12 09:30:00,177.5
2019-04-12 10:00:00,196.8
2019-04-12 10:30:00,221.4
2019-04-12 11:00:00,201.6
2019-04-12 11:30:00,181.2
2019-04-12 12:00:00,180.0
2019-04-12 12:30:00,167.24
2019-04-12 13:00:00,155.4
2019-04-12 13:30:00,143.4
2019-04-12 14:00:00,175.2
2019-04-12 14:30:00,182.4
2019-04-12 15:00:00,176.4
2019-04-12 15:30:00,187.8
2019-04-12 16:00:00,183.5
2019-04-12 16:30:00,202.2
2019-04-12 17:00:00,184.08
2019-04-12 17:30:00,193.8
2019-04-12 18:00:00,206.8
2019-04-12 18:30:00,231.0
2019-04-12 19:00:00,246.0
2019-04-12 19:30:00,231.5
2019-04-12 20:00:00,202.8
2019-04-12 20:30:00,221.4
2019-04-12 21:00:00,200.4
2019-04-12 21:30:00,193.2
2019-04-12 22:00:00,153.6
2019-04-12 22:30:00,153.72
2019-04-12 23:00:00,116.28
2019-04-12 23:30:00,108.48
2019-04-13 00:00:00,112.98
2019-04-13 00:00:00,112.98
2019-04-13 00:30:00,100.8
2019-04-13 01:00:00,91.44
2019-04-13 01:30:00,96.78
2019-04-13 02:00:00,93.96
2019-04-13 02:30:00,97.44
2019-04-13 03:00:00,108.36
2019-04-13 03:30:00,94.98
2019-04-13 04:00:00,94.44
2019-04-13 04:30:00,96.12
2019-04-13 05:00:00,83.04
2019-04-13 05:30:00,74.52
2019-04-13 06:00:00,75.84
2019-04-13 06:30:00,82.32
2019-04-13 07:00:00,79.08
2019-04-13 07:30:00,92.16
2019-04-13 08:00:00,123.6
2019-04-13 08:30:00,143.4
2019-04-13 09:00:00,170.7
2019-04-13 09:30:00,196.37
2019-04-13 10:00:00,256.62
2019-04-13 10:30:00,264.5
2019-04-13 11:00:00,209.04
2019-04-13 11:30:00,203.88
2019-04-13 12:00:00,217.84
2019-04-13 12:30:00,224.04
2019-04-13 13:00:00,231.36
2019-04-13 13:30:00,207.72
2019-04-13 14:00:00,197.58
2019-04-13 14:30:00,220.2
2019-04-13 15:00:00,225.72
2019-04-13 15:30:00,228.78
2019-04-13 16:00:00,206.04
2019-04-13 16:30:00,198.0
2019-04-13 17:00:00,202.92
2019-04-13 17:30:00,201.72
2019-04-13 18:00:00,224.76
2019-04-13 18:30:00,258.24
2019-04-13 19:00:00,240.0
2019-04-13 19:30:00,233.04
2019-04-13 20:00:00,243.44
2019-04-13 20:30:00,224.64
2019-04-13 21:00:00,189.24
2019-04-13 21:30:00,189.84
2019-04-13 22:00:00,135.68
2019-04-13 22:30:00,133.04
2019-04-13 23:00:00,104.04
2019-04-13 23:30:00,95.88
2019-04-14 00:00:00,30.6
2019-04-14 00:00:00,30.6
2019-04-14 00:30:00,81.0
2019-04-14 01:00:00,81.78
2019-04-14 01:30:00,78.72
2019-04-14 02:00:00,83.88
2019-04-14 02:30:00,77.52
2019-04-14 03:00:00,80.52
2019-04-14 03:30:00,81.48
2019-04-14 04:00:00,78.12
2019-04-14 04:30:00,71.76
2019-04-14 05:00:00,79.68
2019-04-14 05:30:00,66.0
2019-04-14 06:00:00,66.12
2019-04-14 06:30:00,76.2
2019-04-14 07:00:00,72.0
2019-04-14 07:30:00,90.72
2019-04-14 08:00:00,91.68
2019-04-14 08:30:00,110.4
2019-04-14 09:00:00,141.84
2019-04-14 09:30:00,194.16
2019-04-14 10:00:00,194.22
2019-04-14 10:30:00,203.4
2019-04-14 11:00:00,197.76
2019-04-14 11:30:00,205.92
2019-04-14 12:00:00,217.32
2019-04-14 12:30:00,211.08
2019-04-14 13:00:00,184.8
2019-04-14 13:30:00,187.44
2019-04-14 14:00:00,230.88
2019-04-14 14:30:00,202.8
2019-04-14 15:00:00,212.52
2019-04-14 15:30:00,226.56
2019-04-14 16:00:00,235.87
2019-04-14 16:30:00,237.48
2019-04-14 17:00:00,250.54
2019-04-14 17:30:00,217.86
2019-04-14 18:00:00,208.44
2019-04-14 18:30:00,257.4
2019-04-14 19:00:00,220.32
2019-04-14 19:30:00,223.74
2019-04-14 20:00:00,205.92
2019-04-14 20:30:00,205.32
2019-04-14 21:00:00,222.54
2019-04-14 21:30:00,127.42
2019-04-14 22:00:00,150.24
2019-04-14 22:30:00,142.44
2019-04-14 23:00:00,123.78
2019-04-14 23:30:00,113.88
2019-04-15 00:00:00,95.88
2019-04-15 00:00:00,95.88
2019-04-15 00:30:00,102.72
2019-04-15 01:00:00,91.92
2019-04-15 01:30:00,100.92
2019-04-15 02:00:00,85.68
2019-04-15 02:30:00,70.56
2019-04-15 03:00:00,60.24
2019-04-15 03:30:00,68.28
2019-04-15 04:00:00,64.56
2019-04-15 04:30:00,57.84
2019-04-15 05:00:00,60.48
2019-04-15 05:30:00,63.52
2019-04-15 06:00:00,63.84
2019-04-15 06:30:00,66.36
2019-04-15 07:00:00,64.08
2019-04-15 07:30:00,67.62
2019-04-15 08:00:00,73.44
2019-04-15 08:30:00,92.16
2019-04-15 09:00:00,105.96
2019-04-15 09:30:00,137.4
2019-04-15 10:00:00,162.6
2019-04-15 10:30:00,159.0
2019-04-15 11:00:00,154.8
2019-04-15 11:30:00,129.8
2019-04-15 12:00:00,125.4
2019-04-15 12:30:00,205.2
2019-04-15 13:00:00,174.0
2019-04-15 13:30:00,172.8
2019-04-15 14:00:00,177.9
2019-04-15 14:30:00,164.7
2019-04-15 15:00:00,179.4
2019-04-15 15:30:00,166.2
2019-04-15 16:00:00,168.0
2019-04-15 16:30:00,168.3
2019-04-15 17:00:00,188.4
2019-04-15 17:30:00,164.64
2019-04-15 18:00:00,156.0
2019-04-15 18:30:00,200.88
2019-04-15 19:00:00,195.45
2019-04-15 19:30:00,219.0
2019-04-15 20:00:00,211.08
2019-04-15 20:30:00,200.7
2019-04-15 21:00:00,198.12
2019-04-15 21:30:00,174.0
2019-04-15 22:00:00,120.6
2019-04-15 22:30:00,118.68
2019-04-15 23:00:00,86.76
2019-04-15 23:30:00,78.48
2019-04-16 00:00:00,76.32
2019-04-16 00:00:00,76.32
2019-04-16 00:30:00,68.88
2019-04-16 01:00:00,72.36
2019-04-16 01:30:00,64.2
2019-04-16 02:00:00,72.0
2019-04-16 02:30:00,63.0
2019-04-16 03:00:00,66.0
2019-04-16 03:30:00,63.0
2019-04-16 04:00:00,63.0
2019-04-16 04:30:00,77.4
2019-04-16 05:00:00,61.8
2019-04-16 05:30:00,64.2
2019-04-16 06:00:00,63.6
2019-04-16 06:30:00,63.0
2019-04-16 07:00:00,66.0
2019-04-16 07:30:00,73.2
2019-04-16 08:00:00,73.2
2019-04-16 08:30:00,81.0
2019-04-16 09:00:00,111.3
2019-04-16 09:30:00,164.4
2019-04-16 10:00:00,179.4
2019-04-16 10:30:00,132.3
2019-04-16 11:00:00,155.4
2019-04-16 11:30:00,169.2
2019-04-16 12:00:00,162.0
2019-04-16 12:30:00,187.8
2019-04-16 13:00:00,207.0
2019-04-16 13:30:00,198.6
2019-04-16 14:00:00,189.0
2019-04-16 14:30:00,181.2
2019-04-16 15:00:00,184.2
2019-04-16 15:30:00,144.0
2019-04-16 16:00:00,169.5
2019-04-16 16:30:00,187.8
2019-04-16 17:00:00,173.88
2019-04-16 17:30:00,172.56
2019-04-16 18:00:00,167.52
2019-04-16 18:30:00,217.14
2019-04-16 19:00:00,219.84
2019-04-16 19:30:00,199.44
2019-04-16 20:00:00,222.48
2019-04-16 20:30:00,123.36
2019-04-16 21:00:00,224.88
2019-04-16 21:30:00,181.08
2019-04-16 22:00:00,134.52
2019-04-16 22:30:00,130.68
2019-04-16 23:00:00,93.0
2019-04-16 23:30:00,83.76
2019-04-17 00:00:00,78.0
2019-04-17 00:00:00,78.0
2019-04-17 00:30:00,79.08
2019-04-17 01:00:00,79.02
2019-04-17 01:30:00,77.76
2019-04-17 02:00:00,77.76
2019-04-17 02:30:00,74.76
2019-04-17 03:00:00,78.92
2019-04-17 03:30:00,75.27
2019-04-17 04:00:00,75.96
2019-04-17 04:30:00,77.28
2019-04-17 05:00:00,78.84
2019-04-17 05:30:00,78.96
2019-04-17 06:00:00,74.64
2019-04-17 06:30:00,86.2
2019-04-17 07:00:00,88.32
2019-04-17 07:30:00,101.58
2019-04-17 08:00:00,107.64
2019-04-17 08:30:00,116.4
2019-04-17 09:00:00,147.0
2019-04-17 09:30:00,202.92
2019-04-17 10:00:00,208.08
2019-04-17 10:30:00,187.2
2019-04-17 11:00:00,204.88
2019-04-17 11:30:00,184.08
2019-04-17 12:00:00,219.24
2019-04-17 12:30:00,209.94
2019-04-17 13:00:00,200.64
2019-04-17 13:30:00,223.2
2019-04-17 14:00:00,224.64
2019-04-17 14:30:00,233.04
2019-04-17 15:00:00,248.4
2019-04-17 15:30:00,210.36
2019-04-17 16:00:00,222.2
2019-04-17 16:30:00,214.44
2019-04-17 17:00:00,219.24
2019-04-17 17:30:00,200.4
2019-04-17 18:00:00,212.04
2019-04-17 18:30:00,232.68
2019-04-17 19:00:00,218.52
2019-04-17 19:30:00,231.12
2019-04-17 20:00:00,228.42
2019-04-17 20:30:00,228.96
2019-04-17 21:00:00,227.34
2019-04-17 21:30:00,192.24
2019-04-17 22:00:00,128.7
2019-04-17 22:30:00,126.96
2019-04-17 23:00:00,93.48
2019-04-17 23:30:00,83.76
2019-04-18 00:00:00,80.24
2019-04-18 00:00:00,80.24
2019-04-18 00:30:00,80.4
2019-04-18 01:00:00,78.12
2019-04-18 01:30:00,76.32
2019-04-18 02:00:00,76.98
2019-04-18 02:30:00,78.96
2019-04-18 03:00:00,76.68
2019-04-18 03:30:00,75.84
2019-04-18 04:00:00,75.72
2019-04-18 04:30:00,75.84
2019-04-18 05:00:00,74.72
2019-04-18 05:30:00,77.16
2019-04-18 06:00:00,76.92
2019-04-18 06:30:00,72.24
2019-04-18 07:00:00,67.92
2019-04-18 07:30:00,75.0
2019-04-18 08:00:00,95.0
2019-04-18 08:30:00,101.88
2019-04-18 09:00:00,116.76
2019-04-18 09:30:00,164.52
2019-04-18 10:00:00,203.16
2019-04-18 10:30:00,197.16
2019-04-18 11:00:00,173.52
2019-04-18 11:30:00,178.02
2019-04-18 12:00:00,187.92
2019-04-18 12:30:00,189.36
2019-04-18 13:00:00,198.96
2019-04-18 13:30:00,184.08
2019-04-18 14:00:00,176.46
2019-04-18 14:30:00,178.08
2019-04-18 15:00:00,175.8
2019-04-18 15:30:00,188.04
2019-04-18 16:00:00,197.64
2019-04-18 16:30:00,198.48
2019-04-18 17:00:00,203.7
2019-04-18 17:30:00,175.08
2019-04-18 18:00:00,102.6
2019-04-18 18:30:00,110.28
2019-04-18 19:00:00,227.52
2019-04-18 19:30:00,216.6
2019-04-18 20:00:00,207.68
2019-04-18 20:30:00,203.64
2019-04-18 21:00:00,193.68
2019-04-18 21:30:00,189.88
2019-04-18 22:00:00,121.56
2019-04-18 22:30:00,122.88
2019-04-18 23:00:00,90.68
2019-04-18 23:30:00,71.1
2019-04-19 00:00:00,77.88
2019-04-19 00:00:00,77.88
2019-04-19 00:30:00,71.04
2019-04-19 01:00:00,70.44
2019-04-19 01:30:00,70.36
2019-04-19 02:00:00,73.56
2019-04-19 02:30:00,72.0
2019-04-19 03:00:00,25.92
2019-04-19 03:30:00,73.92
2019-04-19 04:00:00,75.36
2019-04-19 04:30:00,72.66
2019-04-19 05:00:00,70.92
2019-04-19 05:30:00,70.92
2019-04-19 06:00:00,71.88
2019-04-19 06:30:00,74.1
2019-04-19 07:00:00,75.36
2019-04-19 07:30:00,79.44
2019-04-19 08:00:00,96.3
2019-04-19 08:30:00,114.84
2019-04-19 09:00:00,134.88
2019-04-19 09:30:00,196.56
2019-04-19 10:00:00,177.48
2019-04-19 10:30:00,192.24
2019-04-19 11:00:00,183.36
2019-04-19 11:30:00,174.72
2019-04-19 12:00:00,173.76
2019-04-19 12:30:00,190.56
2019-04-19 13:00:00,185.88
2019-04-19 13:30:00,197.04
2019-04-19 14:00:00,185.04
2019-04-19 14:30:00,181.56
2019-04-19 15:00:00,192.48
2019-04-19 15:30:00,188.96
2019-04-19 16:00:00,192.06
2019-04-19 16:30:00,186.6
2019-04-19 17:00:00,194.4
2019-04-19 17:30:00,178.26
2019-04-19 18:00:00,190.8
2019-04-19 18:30:00,204.0
2019-04-19 19:00:00,232.68
2019-04-19 19:30:00,228.6
2019-04-19 20:00:00,205.2
2019-04-19 20:30:00,199.2
2019-04-19 21:00:00,192.6
2019-04-19 21:30:00,149.7
2019-04-19 22:00:00,100.8
2019-04-19 22:30:00,97.8
2019-04-19 23:00:00,64.92
2019-04-19 23:30:00,61.74
2019-04-20 00:00:00,55.23
2019-04-20 00:00:00,55.23
2019-04-20 00:30:00,60.72
2019-04-20 01:00:00,53.04
2019-04-20 01:30:00,54.84
2019-04-20 02:00:00,60.36
2019-04-20 02:30:00,57.24
2019-04-20 03:00:00,57.48
2019-04-20 03:30:00,58.2
2019-04-20 04:00:00,56.76
2019-04-20 04:30:00,55.56
2019-04-20 05:00:00,57.0
2019-04-20 05:30:00,56.88
2019-04-20 06:00:00,59.4
2019-04-20 06:30:00,66.96
2019-04-20 07:00:00,67.2
2019-04-20 07:30:00,70.56
2019-04-20 08:00:00,81.48
2019-04-20 08:30:00,91.2
2019-04-20 09:00:00,114.12
2019-04-20 09:30:00,148.8
2019-04-20 10:00:00,185.76
2019-04-20 10:30:00,176.64
2019-04-20 11:00:00,183.72
2019-04-20 11:30:00,178.96
2019-04-20 12:00:00,182.28
2019-04-20 12:30:00,171.96
2019-04-20 13:00:00,171.6
2019-04-20 13:30:00,194.16
2019-04-20 14:00:00,155.1
2019-04-20 14:30:00,188.04
2019-04-20 15:00:00,202.76
2019-04-20 15:30:00,137.04
2019-04-20 16:00:00,168.0
2019-04-20 16:30:00,192.0
2019-04-20 17:00:00,200.4
2019-04-20 17:30:00,203.4
2019-04-20 18:00:00,209.7
2019-04-20 18:30:00,222.3
2019-04-20 19:00:00,238.0
2019-04-20 19:30:00,227.4
2019-04-20 20:00:00,226.2
2019-04-20 20:30:00,207.0
2019-04-20 21:00:00,217.0
2019-04-20 21:30:00,177.0
2019-04-20 22:00:00,121.2
2019-04-20 22:30:00,110.16
2019-04-20 23:00:00,77.76
2019-04-20 23:30:00,69.16
2019-04-21 00:00:00,69.42
2019-04-21 00:00:00,69.42
2019-04-21 00:30:00,70.8
2019-04-21 01:00:00,63.0
2019-04-21 01:30:00,59.28
2019-04-21 02:00:00,61.68
2019-04-21 02:30:00,60.24
2019-04-21 03:00:00,58.56
2019-04-21 03:30:00,62.64
2019-04-21 04:00:00,63.52
2019-04-21 04:30:00,59.16
2019-04-21 05:00:00,58.56
2019-04-21 05:30:00,60.24
2019-04-21 06:00:00,59.64
2019-04-21 06:30:00,65.88
2019-04-21 07:00:00,62.64
2019-04-21 07:30:00,73.2
2019-04-21 08:00:00,86.4
2019-04-21 08:30:00,92.04
2019-04-21 09:00:00,117.52
2019-04-21 09:30:00,171.6
2019-04-21 10:00:00,181.8
2019-04-21 10:30:00,183.12
2019-04-21 11:00:00,185.4
2019-04-21 11:30:00,186.48
2019-04-21 12:00:00,183.48
2019-04-21 12:30:00,214.2
2019-04-21 13:00:00,217.76
2019-04-21 13:30:00,199.56
2019-04-21 14:00:00,201.36
2019-04-21 14:30:00,201.4
2019-04-21 15:00:00,198.24
2019-04-21 15:30:00,194.76
2019-04-21 16:00:00,205.68
2019-04-21 16:30:00,211.2
2019-04-21 17:00:00,202.5
2019-04-21 17:30:00,202.56
2019-04-21 18:00:00,216.48
2019-04-21 18:30:00,226.68
2019-04-21 19:00:00,209.88
2019-04-21 19:30:00,127.56
2019-04-21 20:00:00,216.12
2019-04-21 20:30:00,212.76
2019-04-21 21:00:00,205.8
2019-04-21 21:30:00,159.72
2019-04-21 22:00:00,119.04
2019-04-21 22:30:00,114.6
2019-04-21 23:00:00,81.0
2019-04-21 23:30:00,75.6
2019-04-22 00:00:00,75.24
2019-04-22 00:00:00,75.24
2019-04-22 00:30:00,75.0
2019-04-22 01:00:00,59.82
2019-04-22 01:30:00,65.16
2019-04-22 02:00:00,60.0
2019-04-22 02:30:00,60.6
2019-04-22 03:00:00,57.78
2019-04-22 03:30:00,58.14
2019-04-22 04:00:00,66.56
2019-04-22 04:30:00,58.2
2019-04-22 05:00:00,60.84
2019-04-22 05:30:00,66.84
2019-04-22 06:00:00,63.6
2019-04-22 06:30:00,67.44
2019-04-22 07:00:00,62.76
2019-04-22 07:30:00,80.64
2019-04-22 08:00:00,93.12
2019-04-22 08:30:00,97.13
2019-04-22 09:00:00,141.12
2019-04-22 09:30:00,194.76
2019-04-22 10:00:00,179.9
2019-04-22 10:30:00,187.6
2019-04-22 11:00:00,182.52
2019-04-22 11:30:00,166.68
2019-04-22 12:00:00,154.92
2019-04-22 12:30:00,194.4
2019-04-22 13:00:00,166.8
2019-04-22 13:30:00,272.28
2019-04-22 14:00:00,200.4
2019-04-22 14:30:00,191.4
2019-04-22 15:00:00,179.28
2019-04-22 15:30:00,199.8
2019-04-22 16:00:00,75.4
2019-04-22 16:30:00,177.96
2019-04-22 17:00:00,192.96
2019-04-22 17:30:00,186.96
2019-04-22 18:00:00,201.72
2019-04-22 18:30:00,229.08
2019-04-22 19:00:00,223.68
2019-04-22 19:30:00,229.8
2019-04-22 20:00:00,216.96
2019-04-22 20:30:00,200.16
2019-04-22 21:00:00,197.66
2019-04-22 21:30:00,165.66
2019-04-22 22:00:00,117.36
2019-04-22 22:30:00,108.12
2019-04-22 23:00:00,73.47
2019-04-22 23:30:00,70.2
2019-04-23 00:00:00,81.72
2019-04-23 00:00:00,81.72
2019-04-23 00:30:00,71.24
2019-04-23 01:00:00,66.36
2019-04-23 01:30:00,57.36
2019-04-23 02:00:00,58.92
2019-04-23 02:30:00,57.6
2019-04-23 03:00:00,58.08
2019-04-23 03:30:00,56.76
2019-04-23 04:00:00,56.98
2019-04-23 04:30:00,62.28
2019-04-23 05:00:00,61.8
2019-04-23 05:30:00,58.56
2019-04-23 06:00:00,68.88
2019-04-23 06:30:00,68.28
2019-04-23 07:00:00,67.32
2019-04-23 07:30:00,78.6
2019-04-23 08:00:00,93.08
2019-04-23 08:30:00,110.16
2019-04-23 09:00:00,154.8
2019-04-23 09:30:00,187.32
2019-04-23 10:00:00,189.96
2019-04-23 10:30:00,180.48
2019-04-23 11:00:00,151.44
2019-04-23 11:30:00,174.72
2019-04-23 12:00:00,161.76
2019-04-23 12:30:00,180.48
2019-04-23 13:00:00,177.6
2019-04-23 13:30:00,151.44
2019-04-23 14:00:00,171.12
2019-04-23 14:30:00,172.08
2019-04-23 15:00:00,182.1
2019-04-23 15:30:00,178.56
2019-04-23 16:00:00,173.88
2019-04-23 16:30:00,162.0
2019-04-23 17:00:00,175.8
2019-04-23 17:30:00,162.24
2019-04-23 18:00:00,147.42
2019-04-23 18:30:00,190.44
2019-04-23 19:00:00,192.0
2019-04-23 19:30:00,203.28
2019-04-23 20:00:00,190.56
2019-04-23 20:30:00,196.2
2019-04-23 21:00:00,209.46
2019-04-23 21:30:00,162.6
2019-04-23 22:00:00,113.88
2019-04-23 22:30:00,112.8
2019-04-23 23:00:00,97.32
2019-04-23 23:30:00,73.08
2019-04-24 00:00:00,78.6
2019-04-24 00:00:00,78.6
2019-04-24 00:30:00,34.68
2019-04-24 01:00:00,60.09
2019-04-24 01:30:00,58.2
2019-04-24 02:00:00,58.02
2019-04-24 02:30:00,60.24
2019-04-24 03:00:00,64.35
2019-04-24 03:30:00,62.0
2019-04-24 04:00:00,55.56
2019-04-24 04:30:00,56.76
2019-04-24 05:00:00,57.72
2019-04-24 05:30:00,59.52
2019-04-24 06:00:00,63.24
2019-04-24 06:30:00,61.64
2019-04-24 07:00:00,61.44
2019-04-24 07:30:00,70.92
2019-04-24 08:00:00,82.08
2019-04-24 08:30:00,86.28
2019-04-24 09:00:00,121.92
2019-04-24 09:30:00,168.24
2019-04-24 10:00:00,166.08
2019-04-24 10:30:00,174.18
2019-04-24 11:00:00,191.64
2019-04-24 11:30:00,82.2
2019-04-24 12:00:00,178.8
2019-04-24 12:30:00,178.38
2019-04-24 13:00:00,179.88
2019-04-24 13:30:00,165.6
2019-04-24 14:00:00,174.88
2019-04-24 14:30:00,198.96
2019-04-24 15:00:00,189.12
2019-04-24 15:30:00,193.01
2019-04-24 16:00:00,183.72
2019-04-24 16:30:00,194.08
2019-04-24 17:00:00,204.36
2019-04-24 17:30:00,180.72
2019-04-24 18:00:00,183.96
2019-04-24 18:30:00,223.19
2019-04-24 19:00:00,203.24
2019-04-24 19:30:00,223.5
2019-04-24 20:00:00,190.2
2019-04-24 20:30:00,207.6
2019-04-24 21:00:00,196.92
2019-04-24 21:30:00,180.6
2019-04-24 22:00:00,110.64
2019-04-24 22:30:00,111.6
2019-04-24 23:00:00,76.26
2019-04-24 23:30:00,68.64
2019-04-25 00:00:00,67.68
2019-04-25 00:00:00,67.68
2019-04-25 00:30:00,69.6
2019-04-25 01:00:00,70.38
2019-04-25 01:30:00,64.32
2019-04-25 02:00:00,65.16
2019-04-25 02:30:00,67.2
2019-04-25 03:00:00,63.24
2019-04-25 03:30:00,57.04
2019-04-25 04:00:00,63.12
2019-04-25 04:30:00,56.46
2019-04-25 05:00:00,56.04
2019-04-25 05:30:00,57.0
2019-04-25 06:00:00,57.96
2019-04-25 06:30:00,57.72
2019-04-25 07:00:00,69.0
2019-04-25 07:30:00,74.64
2019-04-25 08:00:00,79.68
2019-04-25 08:30:00,80.58
2019-04-25 09:00:00,123.0
2019-04-25 09:30:00,154.0
2019-04-25 10:00:00,76.56
2019-04-25 10:30:00,192.12
2019-04-25 11:00:00,148.26
2019-04-25 11:30:00,155.4
2019-04-25 12:00:00,159.16
2019-04-25 12:30:00,182.64
2019-04-25 13:00:00,176.16
2019-04-25 13:30:00,180.2
2019-04-25 14:00:00,186.48
2019-04-25 14:30:00,205.16
2019-04-25 15:00:00,176.88
2019-04-25 15:30:00,192.36
2019-04-25 16:00:00,179.4
2019-04-25 16:30:00,183.12
2019-04-25 17:00:00,178.56
2019-04-25 17:30:00,180.84
2019-04-25 18:00:00,159.84
2019-04-25 18:30:00,186.0
2019-04-25 19:00:00,209.64
2019-04-25 19:30:00,187.89
2019-04-25 20:00:00,201.48
2019-04-25 20:30:00,175.81
2019-04-25 21:00:00,183.96
2019-04-25 21:30:00,150.6
2019-04-25 22:00:00,110.76
2019-04-25 22:30:00,70.4
2019-04-25 23:00:00,72.36
2019-04-25 23:30:00,68.28
2019-04-26 00:00:00,70.44
2019-04-26 00:00:00,70.44
2019-04-26 00:30:00,64.38
2019-04-26 01:00:00,61.86
2019-04-26 01:30:00,63.6
2019-04-26 02:00:00,70.32
2019-04-26 02:30:00,65.4
2019-04-26 03:00:00,74.31
2019-04-26 03:30:00,63.24
2019-04-26 04:00:00,64.92
2019-04-26 04:30:00,63.18
2019-04-26 05:00:00,65.16
2019-04-26 05:30:00,61.56
2019-04-26 06:00:00,64.62
2019-04-26 06:30:00,72.0
2019-04-26 07:00:00,64.56
2019-04-26 07:30:00,75.6
2019-04-26 08:00:00,91.32
2019-04-26 08:30:00,93.12
2019-04-26 09:00:00,137.08
2019-04-26 09:30:00,183.32
2019-04-26 10:00:00,176.88
2019-04-26 10:30:00,184.68
2019-04-26 11:00:00,197.52
2019-04-26 11:30:00,189.78
2019-04-26 12:00:00,199.2
2019-04-26 12:30:00,167.16
2019-04-26 13:00:00,170.64
2019-04-26 13:30:00,163.2
2019-04-26 14:00:00,208.2
2019-04-26 14:30:00,176.16
2019-04-26 15:00:00,196.2
2019-04-26 15:30:00,191.82
2019-04-26 16:00:00,178.48
2019-04-26 16:30:00,202.92
2019-04-26 17:00:00,180.96
2019-04-26 17:30:00,186.0
2019-04-26 18:00:00,181.08
2019-04-26 18:30:00,244.2
2019-04-26 19:00:00,210.84
2019-04-26 19:30:00,226.68
2019-04-26 20:00:00,213.12
2019-04-26 20:30:00,188.34
2019-04-26 21:00:00,225.24
2019-04-26 21:30:00,165.52
2019-04-26 22:00:00,135.84
2019-04-26 22:30:00,131.88
2019-04-26 23:00:00,101.64
2019-04-26 23:30:00,95.4
2019-04-27 00:00:00,69.09
2019-04-27 00:00:00,69.09
2019-04-27 00:30:00,63.72
2019-04-27 01:00:00,59.52
2019-04-27 01:30:00,60.12
2019-04-27 02:00:00,59.67
2019-04-27 02:30:00,61.32
2019-04-27 03:00:00,59.04
2019-04-27 03:30:00,59.28
2019-04-27 04:00:00,58.4
2019-04-27 04:30:00,57.48
2019-04-27 05:00:00,57.8
2019-04-27 05:30:00,59.4
2019-04-27 06:00:00,62.85
2019-04-27 06:30:00,60.54
2019-04-27 07:00:00,58.89
2019-04-27 07:30:00,64.08
2019-04-27 08:00:00,180.12
2019-04-27 08:30:00,193.93
2019-04-27 09:00:00,200.04
2019-04-27 09:30:00,234.32
2019-04-27 10:00:00,236.68
2019-04-27 10:30:00,240.44
2019-04-27 11:00:00,243.48
2019-04-27 11:30:00,269.04
2019-04-27 12:00:00,261.39
2019-04-27 12:30:00,248.4
2019-04-27 13:00:00,246.6
2019-04-27 13:30:00,266.04
2019-04-27 14:00:00,241.92
2019-04-27 14:30:00,255.26
2019-04-27 15:00:00,250.56
2019-04-27 15:30:00,272.04
2019-04-27 16:00:00,259.68
2019-04-27 16:30:00,284.64
2019-04-27 17:00:00,186.42
2019-04-27 17:30:00,214.4
2019-04-27 18:00:00,199.56
2019-04-27 18:30:00,233.16
2019-04-27 19:00:00,218.52
2019-04-27 19:30:00,217.32
2019-04-27 20:00:00,203.88
2019-04-27 20:30:00,212.52
2019-04-27 21:00:00,172.56
2019-04-27 21:30:00,169.8
2019-04-27 22:00:00,119.4
2019-04-27 22:30:00,115.32
2019-04-27 23:00:00,85.44
2019-04-27 23:30:00,76.02
2019-04-28 00:00:00,76.32
2019-04-28 00:00:00,76.32
2019-04-28 00:30:00,71.52
2019-04-28 01:00:00,30.84
2019-04-28 01:30:00,69.24
2019-04-28 02:00:00,70.2
2019-04-28 02:30:00,71.28
2019-04-28 03:00:00,73.44
2019-04-28 03:30:00,69.84
2019-04-28 04:00:00,72.96
2019-04-28 04:30:00,84.72
2019-04-28 05:00:00,64.2
2019-04-28 05:30:00,57.36
2019-04-28 06:00:00,60.96
2019-04-28 06:30:00,60.6
2019-04-28 07:00:00,72.96
2019-04-28 07:30:00,67.32
2019-04-28 08:00:00,69.36
2019-04-28 08:30:00,83.28
2019-04-28 09:00:00,97.44
2019-04-28 09:30:00,134.28
2019-04-28 10:00:00,159.96
2019-04-28 10:30:00,175.2
2019-04-28 11:00:00,176.88
2019-04-28 11:30:00,173.88
2019-04-28 12:00:00,183.4
2019-04-28 12:30:00,148.68
2019-04-28 13:00:00,162.6
2019-04-28 13:30:00,184.8
2019-04-28 14:00:00,173.76
2019-04-28 14:30:00,148.2
2019-04-28 15:00:00,163.2
2019-04-28 15:30:00,156.0
2019-04-28 16:00:00,182.4
2019-04-28 16:30:00,154.2
2019-04-28 17:00:00,161.4
2019-04-28 17:30:00,166.8
2019-04-28 18:00:00,159.4
2019-04-28 18:30:00,205.2
2019-04-28 19:00:00,209.4
2019-04-28 19:30:00,188.1
2019-04-28 20:00:00,202.2
2019-04-28 20:30:00,193.8
2019-04-28 21:00:00,173.4
2019-04-28 21:30:00,138.0
2019-04-28 22:00:00,114.6
2019-04-28 22:30:00,111.48
2019-04-28 23:00:00,78.84
2019-04-28 23:30:00,66.48
2019-04-29 00:00:00,64.8
2019-04-29 00:00:00,64.8
2019-04-29 00:30:00,66.9
2019-04-29 01:00:00,63.0
2019-04-29 01:30:00,65.22
2019-04-29 02:00:00,64.68
2019-04-29 02:30:00,63.36
2019-04-29 03:00:00,26.16
2019-04-29 03:30:00,63.12
2019-04-29 04:00:00,28.08
2019-04-29 04:30:00,69.36
2019-04-29 05:00:00,61.32
2019-04-29 05:30:00,60.84
2019-04-29 06:00:00,56.88
2019-04-29 06:30:00,57.96
2019-04-29 07:00:00,57.78
2019-04-29 07:30:00,29.16
2019-04-29 08:00:00,74.28
2019-04-29 08:30:00,81.12
2019-04-29 09:00:00,117.96
2019-04-29 09:30:00,154.2
2019-04-29 10:00:00,164.76
2019-04-29 10:30:00,159.72
2019-04-29 11:00:00,153.48
2019-04-29 11:30:00,132.24
2019-04-29 12:00:00,145.92
2019-04-29 12:30:00,147.72
2019-04-29 13:00:00,151.2
2019-04-29 13:30:00,153.48
2019-04-29 14:00:00,134.28
2019-04-29 14:30:00,139.02
2019-04-29 15:00:00,148.08
2019-04-29 15:30:00,84.84
2019-04-29 16:00:00,157.8
2019-04-29 16:30:00,159.0
2019-04-29 17:00:00,166.32
2019-04-29 17:30:00,162.12
2019-04-29 18:00:00,150.3
2019-04-29 18:30:00,198.48
2019-04-29 19:00:00,185.76
2019-04-29 19:30:00,208.56
2019-04-29 20:00:00,169.56
2019-04-29 20:30:00,194.16
2019-04-29 21:00:00,196.8
2019-04-29 21:30:00,147.72
2019-04-29 22:00:00,113.16
2019-04-29 22:30:00,112.08
2019-04-29 23:00:00,84.6
2019-04-29 23:30:00,66.0
2019-04-30 00:00:00,73.88
2019-04-30 00:00:00,73.88
2019-04-30 00:30:00,68.22
2019-04-30 01:00:00,63.4
2019-04-30 01:30:00,56.16
2019-04-30 02:00:00,57.42
2019-04-30 02:30:00,56.7
2019-04-30 03:00:00,57.48
2019-04-30 03:30:00,59.28
2019-04-30 04:00:00,58.35
2019-04-30 04:30:00,56.16
2019-04-30 05:00:00,57.48
2019-04-30 05:30:00,55.2
2019-04-30 06:00:00,60.42
2019-04-30 06:30:00,70.17
2019-04-30 07:00:00,59.52
2019-04-30 07:30:00,69.27
2019-04-30 08:00:00,73.32
2019-04-30 08:30:00,83.76
2019-04-30 09:00:00,99.48
2019-04-30 09:30:00,135.12
2019-04-30 10:00:00,154.2
2019-04-30 10:30:00,136.44
2019-04-30 11:00:00,134.88
2019-04-30 11:30:00,121.17
2019-04-30 12:00:00,174.48
2019-04-30 12:30:00,160.92
2019-04-30 13:00:00,205.56
2019-04-30 13:30:00,150.48
2019-04-30 14:00:00,182.76
2019-04-30 14:30:00,187.86
2019-04-30 15:00:00,170.52
2019-04-30 15:30:00,174.24
2019-04-30 16:00:00,158.04
2019-04-30 16:30:00,166.2
2019-04-30 17:00:00,148.2
2019-04-30 17:30:00,177.84
2019-04-30 18:00:00,178.44
2019-04-30 18:30:00,192.72
2019-04-30 19:00:00,209.22
2019-04-30 19:30:00,178.38
2019-04-30 20:00:00,192.78
2019-04-30 20:30:00,172.56
2019-04-30 21:00:00,195.42
2019-04-30 21:30:00,159.72
2019-04-30 22:00:00,119.04
2019-04-30 22:30:00,117.03
2019-04-30 23:00:00,82.8
2019-04-30 23:30:00,63.9
2019-05-01 00:00:00,28.08
2019-05-01 00:00:00,28.08
2019-05-01 00:30:00,57.24
2019-05-01 01:00:00,57.84
2019-05-01 01:30:00,55.32
2019-05-01 02:00:00,55.92
2019-05-01 02:30:00,57.84
2019-05-01 03:00:00,27.96
2019-05-01 03:30:00,55.56
2019-05-01 04:00:00,26.4
2019-05-01 04:30:00,26.4
2019-05-01 05:00:00,29.28
2019-05-01 05:30:00,57.12
2019-05-01 06:00:00,56.82
2019-05-01 06:30:00,60.6
2019-05-01 07:00:00,61.62
2019-05-01 07:30:00,62.16
2019-05-01 08:00:00,31.44
2019-05-01 08:30:00,30.96
2019-05-01 09:00:00,113.04
2019-05-01 09:30:00,132.12
2019-05-01 10:00:00,181.52
2019-05-01 10:30:00,145.8
2019-05-01 11:00:00,156.24
2019-05-01 11:30:00,184.2
2019-05-01 12:00:00,162.12
2019-05-01 12:30:00,158.76
2019-05-01 13:00:00,165.6
2019-05-01 13:30:00,177.96
2019-05-01 14:00:00,138.84
2019-05-01 14:30:00,177.24
2019-05-01 15:00:00,136.5
2019-05-01 15:30:00,153.72
2019-05-01 16:00:00,179.52
2019-05-01 16:30:00,166.68
2019-05-01 17:00:00,168.72
2019-05-01 17:30:00,198.84
2019-05-01 18:00:00,186.6
2019-05-01 18:30:00,190.68
2019-05-01 19:00:00,207.6
2019-05-01 19:30:00,193.32
2019-05-01 20:00:00,206.88
2019-05-01 20:30:00,207.0
2019-05-01 21:00:00,189.36
2019-05-01 21:30:00,153.12
2019-05-01 22:00:00,109.8
2019-05-01 22:30:00,108.6
2019-05-01 23:00:00,76.02
2019-05-01 23:30:00,65.64
2019-05-02 00:00:00,64.32
2019-05-02 00:00:00,64.32
2019-05-02 00:30:00,67.2
2019-05-02 01:00:00,64.92
2019-05-02 01:30:00,64.92
2019-05-02 02:00:00,67.32
2019-05-02 02:30:00,67.08
2019-05-02 03:00:00,63.42
2019-05-02 03:30:00,63.6
2019-05-02 04:00:00,37.86
2019-05-02 04:30:00,64.2
2019-05-02 05:00:00,64.44
2019-05-02 05:30:00,58.08
2019-05-02 06:00:00,58.8
2019-05-02 06:30:00,69.24
2019-05-02 07:00:00,63.6
2019-05-02 07:30:00,59.16
2019-05-02 08:00:00,64.12
2019-05-02 08:30:00,72.6
2019-05-02 09:00:00,105.84
2019-05-02 09:30:00,59.56
2019-05-02 10:00:00,160.56
2019-05-02 10:30:00,138.42
2019-05-02 11:00:00,142.44
2019-05-02 11:30:00,143.04
2019-05-02 12:00:00,135.12
2019-05-02 12:30:00,151.56
2019-05-02 13:00:00,148.92
2019-05-02 13:30:00,161.28
2019-05-02 14:00:00,150.12
2019-05-02 14:30:00,166.8
2019-05-02 15:00:00,165.48
2019-05-02 15:30:00,184.92
2019-05-02 16:00:00,169.92
2019-05-02 16:30:00,163.44
2019-05-02 17:00:00,179.32
2019-05-02 17:30:00,162.48
2019-05-02 18:00:00,173.7
2019-05-02 18:30:00,212.4
2019-05-02 19:00:00,211.44
2019-05-02 19:30:00,209.22
2019-05-02 20:00:00,201.66
2019-05-02 20:30:00,175.2
2019-05-02 21:00:00,198.24
2019-05-02 21:30:00,141.36
2019-05-02 22:00:00,116.16
2019-05-02 22:30:00,110.04
2019-05-02 23:00:00,74.76
2019-05-02 23:30:00,67.08
2019-05-03 00:00:00,61.68
2019-05-03 00:00:00,61.68
2019-05-03 00:30:00,58.14
2019-05-03 01:00:00,58.92
2019-05-03 01:30:00,58.32
2019-05-03 02:00:00,58.92
2019-05-03 02:30:00,56.4
2019-05-03 03:00:00,57.84
2019-05-03 03:30:00,59.52
2019-05-03 04:00:00,58.68
2019-05-03 04:30:00,59.52
2019-05-03 05:00:00,55.92
2019-05-03 05:30:00,57.36
2019-05-03 06:00:00,58.56
2019-05-03 06:30:00,57.84
2019-05-03 07:00:00,70.44
2019-05-03 07:30:00,60.66
2019-05-03 08:00:00,72.84
2019-05-03 08:30:00,78.0
2019-05-03 09:00:00,109.92
2019-05-03 09:30:00,134.4
2019-05-03 10:00:00,184.92
2019-05-03 10:30:00,147.48
2019-05-03 11:00:00,173.88
2019-05-03 11:30:00,151.44
2019-05-03 12:00:00,182.16
2019-05-03 12:30:00,183.24
2019-05-03 13:00:00,159.96
2019-05-03 13:30:00,177.6
2019-05-03 14:00:00,165.84
2019-05-03 14:30:00,167.28
2019-05-03 15:00:00,174.48
2019-05-03 15:30:00,162.12
2019-05-03 16:00:00,83.4
2019-05-03 16:30:00,176.16
2019-05-03 17:00:00,149.76
2019-05-03 17:30:00,172.2
2019-05-03 18:00:00,155.52
2019-05-03 18:30:00,219.6
2019-05-03 19:00:00,211.2
2019-05-03 19:30:00,191.46
2019-05-03 20:00:00,207.12
2019-05-03 20:30:00,183.36
2019-05-03 21:00:00,186.66
2019-05-03 21:30:00,158.04
2019-05-03 22:00:00,119.64
2019-05-03 22:30:00,67.2
2019-05-03 23:00:00,84.12
2019-05-03 23:30:00,72.6
2019-05-04 00:00:00,79.11
2019-05-04 00:00:00,79.11
2019-05-04 00:30:00,77.04
2019-05-04 01:00:00,75.48
2019-05-04 01:30:00,76.12
2019-05-04 02:00:00,69.9
2019-05-04 02:30:00,67.68
2019-05-04 03:00:00,67.52
2019-05-04 03:30:00,64.26
2019-05-04 04:00:00,61.12
2019-05-04 04:30:00,59.2
2019-05-04 05:00:00,61.87
2019-05-04 05:30:00,59.22
2019-05-04 06:00:00,59.52
2019-05-04 06:30:00,30.48
2019-05-04 07:00:00,64.06
2019-05-04 07:30:00,64.8
2019-05-04 08:00:00,70.8
2019-05-04 08:30:00,86.1
2019-05-04 09:00:00,105.36
2019-05-04 09:30:00,142.92
2019-05-04 10:00:00,174.96
2019-05-04 10:30:00,147.82
2019-05-04 11:00:00,168.48
2019-05-04 11:30:00,160.64
2019-05-04 12:00:00,158.64
2019-05-04 12:30:00,155.04
2019-05-04 13:00:00,89.4
2019-05-04 13:30:00,166.08
2019-05-04 14:00:00,157.44
2019-05-04 14:30:00,180.45
2019-05-04 15:00:00,169.68
2019-05-04 15:30:00,189.24
2019-05-04 16:00:00,161.76
2019-05-04 16:30:00,153.0
2019-05-04 17:00:00,162.48
2019-05-04 17:30:00,168.24
2019-05-04 18:00:00,145.8
2019-05-04 18:30:00,207.42
2019-05-04 19:00:00,194.4
2019-05-04 19:30:00,188.16
2019-05-04 20:00:00,193.17
2019-05-04 20:30:00,185.88
2019-05-04 21:00:00,171.72
2019-05-04 21:30:00,140.52
2019-05-04 22:00:00,117.0
2019-05-04 22:30:00,108.48
2019-05-04 23:00:00,78.0
2019-05-04 23:30:00,65.52
2019-05-05 00:00:00,63.72
2019-05-05 00:00:00,63.72
2019-05-05 00:30:00,61.02
2019-05-05 01:00:00,61.92
2019-05-05 01:30:00,79.8
2019-05-05 02:00:00,61.74
2019-05-05 02:30:00,61.56
2019-05-05 03:00:00,57.0
2019-05-05 03:30:00,61.2
2019-05-05 04:00:00,58.5
2019-05-05 04:30:00,57.6
2019-05-05 05:00:00,57.0
2019-05-05 05:30:00,57.6
2019-05-05 06:00:00,61.2
2019-05-05 06:30:00,71.4
2019-05-05 07:00:00,72.6
2019-05-05 07:30:00,87.0
2019-05-05 08:00:00,85.2
2019-05-05 08:30:00,106.8
2019-05-05 09:00:00,141.0
2019-05-05 09:30:00,169.8
2019-05-05 10:00:00,138.0
2019-05-05 10:30:00,160.8
2019-05-05 11:00:00,160.8
2019-05-05 11:30:00,156.0
2019-05-05 12:00:00,156.6
2019-05-05 12:30:00,148.8
2019-05-05 13:00:00,167.4
2019-05-05 13:30:00,147.0
2019-05-05 14:00:00,157.2
2019-05-05 14:30:00,132.0
2019-05-05 15:00:00,162.6
2019-05-05 15:30:00,136.2
2019-05-05 16:00:00,173.8
2019-05-05 16:30:00,165.6
2019-05-05 17:00:00,171.0
2019-05-05 17:30:00,172.8
2019-05-05 18:00:00,153.0
2019-05-05 18:30:00,211.2
2019-05-05 19:00:00,200.4
2019-05-05 19:30:00,204.6
2019-05-05 20:00:00,187.8
2019-05-05 20:30:00,185.4
2019-05-05 21:00:00,187.8
2019-05-05 21:30:00,158.4
2019-05-05 22:00:00,120.6
2019-05-05 22:30:00,111.36
2019-05-05 23:00:00,94.44
2019-05-05 23:30:00,72.48
2019-05-06 00:00:00,60.08
2019-05-06 00:00:00,60.08
2019-05-06 00:30:00,59.7
2019-05-06 01:00:00,58.02
2019-05-06 01:30:00,56.2
2019-05-06 02:00:00,58.8
2019-05-06 02:30:00,60.72
2019-05-06 03:00:00,61.32
2019-05-06 03:30:00,61.32
2019-05-06 04:00:00,58.8
2019-05-06 04:30:00,59.64
2019-05-06 05:00:00,61.0
2019-05-06 05:30:00,31.2
2019-05-06 06:00:00,60.68
2019-05-06 06:30:00,63.72
2019-05-06 07:00:00,60.04
2019-05-06 07:30:00,66.4
2019-05-06 08:00:00,84.18
2019-05-06 08:30:00,84.72
2019-05-06 09:00:00,42.8
2019-05-06 09:30:00,163.4
2019-05-06 10:00:00,169.44
2019-05-06 10:30:00,176.04
2019-05-06 11:00:00,156.6
2019-05-06 11:30:00,161.94
2019-05-06 12:00:00,180.72
2019-05-06 12:30:00,172.32
2019-05-06 13:00:00,166.08
2019-05-06 13:30:00,156.32
2019-05-06 14:00:00,144.6
2019-05-06 14:30:00,149.52
2019-05-06 15:00:00,143.64
2019-05-06 15:30:00,154.32
2019-05-06 16:00:00,164.97
2019-05-06 16:30:00,160.8
2019-05-06 17:00:00,172.2
2019-05-06 17:30:00,182.4
2019-05-06 18:00:00,170.4
2019-05-06 18:30:00,201.6
2019-05-06 19:00:00,216.0
2019-05-06 19:30:00,190.2
2019-05-06 20:00:00,186.0
2019-05-06 20:30:00,199.8
2019-05-06 21:00:00,171.0
2019-05-06 21:30:00,147.0
2019-05-06 22:00:00,130.35
2019-05-06 22:30:00,119.08
2019-05-06 23:00:00,86.74
2019-05-06 23:30:00,69.72
2019-05-07 00:00:00,73.68
2019-05-07 00:00:00,73.68
2019-05-07 00:30:00,73.92
2019-05-07 01:00:00,71.76
2019-05-07 01:30:00,72.0
2019-05-07 02:00:00,63.12
2019-05-07 02:30:00,59.08
2019-05-07 03:00:00,58.08
2019-05-07 03:30:00,58.92
2019-05-07 04:00:00,58.44
2019-05-07 04:30:00,56.04
2019-05-07 05:00:00,58.68
2019-05-07 05:30:00,57.36
2019-05-07 06:00:00,53.31
2019-05-07 06:30:00,60.36
2019-05-07 07:00:00,58.2
2019-05-07 07:30:00,69.0
2019-05-07 08:00:00,76.8
2019-05-07 08:30:00,81.0
2019-05-07 09:00:00,103.8
2019-05-07 09:30:00,153.0
2019-05-07 10:00:00,164.4
2019-05-07 10:30:00,144.0
2019-05-07 11:00:00,153.0
2019-05-07 11:30:00,127.5
2019-05-07 12:00:00,121.8
2019-05-07 12:30:00,157.8
2019-05-07 13:00:00,141.6
2019-05-07 13:30:00,143.85
2019-05-07 14:00:00,136.56
2019-05-07 14:30:00,130.68
2019-05-07 15:00:00,141.0
2019-05-07 15:30:00,165.96
2019-05-07 16:00:00,148.5
2019-05-07 16:30:00,148.44
2019-05-07 17:00:00,166.32
2019-05-07 17:30:00,149.28
2019-05-07 18:00:00,153.76
2019-05-07 18:30:00,193.2
2019-05-07 19:00:00,189.72
2019-05-07 19:30:00,206.16
2019-05-07 20:00:00,207.84
2019-05-07 20:30:00,212.88
2019-05-07 21:00:00,203.76
2019-05-07 21:30:00,179.88
2019-05-07 22:00:00,153.0
2019-05-07 22:30:00,68.88
2019-05-07 23:00:00,106.87
2019-05-07 23:30:00,74.4
2019-05-08 00:00:00,75.36
2019-05-08 00:00:00,75.36
2019-05-08 00:30:00,79.56
2019-05-08 01:00:00,60.84
2019-05-08 01:30:00,62.4
2019-05-08 02:00:00,71.04
2019-05-08 02:30:00,65.04
2019-05-08 03:00:00,28.8
2019-05-08 03:30:00,65.16
2019-05-08 04:00:00,64.44
2019-05-08 04:30:00,62.4
2019-05-08 05:00:00,59.6
2019-05-08 05:30:00,65.88
2019-05-08 06:00:00,62.23
2019-05-08 06:30:00,63.08
2019-05-08 07:00:00,56.04
2019-05-08 07:30:00,72.36
2019-05-08 08:00:00,85.41
2019-05-08 08:30:00,81.78
2019-05-08 09:00:00,103.32
2019-05-08 09:30:00,168.46
2019-05-08 10:00:00,148.56
2019-05-08 10:30:00,177.24
2019-05-08 11:00:00,168.12
2019-05-08 11:30:00,149.4
2019-05-08 12:00:00,159.3
2019-05-08 12:30:00,177.24
2019-05-08 13:00:00,174.72
2019-05-08 13:30:00,162.09
2019-05-08 14:00:00,154.32
2019-05-08 14:30:00,171.24
2019-05-08 15:00:00,198.24
2019-05-08 15:30:00,184.8
2019-05-08 16:00:00,169.32
2019-05-08 16:30:00,164.16
2019-05-08 17:00:00,205.68
2019-05-08 17:30:00,179.4
2019-05-08 18:00:00,168.96
2019-05-08 18:30:00,193.08
2019-05-08 19:00:00,199.68
2019-05-08 19:30:00,218.52
2019-05-08 20:00:00,206.88
2019-05-08 20:30:00,186.96
2019-05-08 21:00:00,188.28
2019-05-08 21:30:00,187.32
2019-05-08 22:00:00,118.6
2019-05-08 22:30:00,115.2
2019-05-08 23:00:00,92.28
2019-05-08 23:30:00,71.52
2019-05-09 00:00:00,70.44
2019-05-09 00:00:00,70.44
2019-05-09 00:30:00,62.4
2019-05-09 01:00:00,65.64
2019-05-09 01:30:00,61.8
2019-05-09 02:00:00,62.04
2019-05-09 02:30:00,60.6
2019-05-09 03:00:00,60.56
2019-05-09 03:30:00,59.4
2019-05-09 04:00:00,62.64
2019-05-09 04:30:00,58.32
2019-05-09 05:00:00,58.44
2019-05-09 05:30:00,58.56
2019-05-09 06:00:00,61.15
2019-05-09 06:30:00,63.6
2019-05-09 07:00:00,63.0
2019-05-09 07:30:00,67.8
2019-05-09 08:00:00,81.0
2019-05-09 08:30:00,88.8
2019-05-09 09:00:00,114.0
2019-05-09 09:30:00,166.8
2019-05-09 10:00:00,190.2
2019-05-09 10:30:00,165.0
2019-05-09 11:00:00,170.1
2019-05-09 11:30:00,167.1
2019-05-09 12:00:00,186.0
2019-05-09 12:30:00,178.8
2019-05-09 13:00:00,156.6
2019-05-09 13:30:00,153.6
2019-05-09 14:00:00,165.0
2019-05-09 14:30:00,196.2
2019-05-09 15:00:00,195.6
2019-05-09 15:30:00,204.0
2019-05-09 16:00:00,196.0
2019-05-09 16:30:00,191.4
2019-05-09 17:00:00,187.8
2019-05-09 17:30:00,194.4
2019-05-09 18:00:00,165.0
2019-05-09 18:30:00,187.2
2019-05-09 19:00:00,205.0
2019-05-09 19:30:00,224.4
2019-05-09 20:00:00,219.9
2019-05-09 20:30:00,121.8
2019-05-09 21:00:00,204.6
2019-05-09 21:30:00,152.4
2019-05-09 22:00:00,123.6
2019-05-09 22:30:00,118.08
2019-05-09 23:00:00,82.44
2019-05-09 23:30:00,73.92
2019-05-10 00:00:00,63.84
2019-05-10 00:00:00,63.84
2019-05-10 00:30:00,58.86
2019-05-10 01:00:00,61.56
2019-05-10 01:30:00,61.56
2019-05-10 02:00:00,70.2
2019-05-10 02:30:00,61.0
2019-05-10 03:00:00,56.4
2019-05-10 03:30:00,56.64
2019-05-10 04:00:00,59.28
2019-05-10 04:30:00,58.92
2019-05-10 05:00:00,55.56
2019-05-10 05:30:00,57.0
2019-05-10 06:00:00,59.28
2019-05-10 06:30:00,62.4
2019-05-10 07:00:00,60.0
2019-05-10 07:30:00,72.0
2019-05-10 08:00:00,72.0
2019-05-10 08:30:00,86.7
2019-05-10 09:00:00,117.0
2019-05-10 09:30:00,170.05
2019-05-10 10:00:00,171.0
2019-05-10 10:30:00,205.2
2019-05-10 11:00:00,181.8
2019-05-10 11:30:00,169.2
2019-05-10 12:00:00,189.0
2019-05-10 12:30:00,208.5
2019-05-10 13:00:00,192.49
2019-05-10 13:30:00,193.8
2019-05-10 14:00:00,199.2
2019-05-10 14:30:00,201.6
2019-05-10 15:00:00,176.1
2019-05-10 15:30:00,216.6
2019-05-10 16:00:00,208.5
2019-05-10 16:30:00,201.42
2019-05-10 17:00:00,192.96
2019-05-10 17:30:00,208.8
2019-05-10 18:00:00,188.0
2019-05-10 18:30:00,251.4
2019-05-10 19:00:00,217.8
2019-05-10 19:30:00,215.4
2019-05-10 20:00:00,200.64
2019-05-10 20:30:00,202.2
2019-05-10 21:00:00,221.8
2019-05-10 21:30:00,186.6
2019-05-10 22:00:00,142.2
2019-05-10 22:30:00,132.96
2019-05-10 23:00:00,97.6
2019-05-10 23:30:00,80.21
2019-05-11 00:00:00,80.28
2019-05-11 00:00:00,80.28
2019-05-11 00:30:00,80.0
2019-05-11 01:00:00,82.08
2019-05-11 01:30:00,80.99
2019-05-11 02:00:00,80.88
2019-05-11 02:30:00,81.36
2019-05-11 03:00:00,77.94
2019-05-11 03:30:00,78.4
2019-05-11 04:00:00,79.52
2019-05-11 04:30:00,63.48
2019-05-11 05:00:00,60.6
2019-05-11 05:30:00,60.84
2019-05-11 06:00:00,69.84
2019-05-11 06:30:00,76.56
2019-05-11 07:00:00,118.56
2019-05-11 07:30:00,107.88
2019-05-11 08:00:00,183.84
2019-05-11 08:30:00,196.62
2019-05-11 09:00:00,230.52
2019-05-11 09:30:00,230.88
2019-05-11 10:00:00,248.22
2019-05-11 10:30:00,293.76
2019-05-11 11:00:00,282.48
2019-05-11 11:30:00,279.0
2019-05-11 12:00:00,220.44
2019-05-11 12:30:00,91.8
2019-05-11 13:00:00,162.48
2019-05-11 13:30:00,277.92
2019-05-11 14:00:00,272.76
2019-05-11 14:30:00,259.32
2019-05-11 15:00:00,262.44
2019-05-11 15:30:00,284.28
2019-05-11 16:00:00,313.44
2019-05-11 16:30:00,289.68
2019-05-11 17:00:00,299.58
2019-05-11 17:30:00,232.32
2019-05-11 18:00:00,178.56
2019-05-11 18:30:00,224.82
2019-05-11 19:00:00,219.06
2019-05-11 19:30:00,207.3
2019-05-11 20:00:00,181.32
2019-05-11 20:30:00,180.96
2019-05-11 21:00:00,122.52
2019-05-11 21:30:00,164.04
2019-05-11 22:00:00,119.82
2019-05-11 22:30:00,114.21
2019-05-11 23:00:00,99.3
2019-05-11 23:30:00,73.02
2019-05-12 00:00:00,61.8
2019-05-12 00:00:00,61.8
2019-05-12 00:30:00,63.54
2019-05-12 01:00:00,64.32
2019-05-12 01:30:00,61.48
2019-05-12 02:00:00,61.32
2019-05-12 02:30:00,63.96
2019-05-12 03:00:00,60.84
2019-05-12 03:30:00,62.04
2019-05-12 04:00:00,66.68
2019-05-12 04:30:00,61.2
2019-05-12 05:00:00,62.48
2019-05-12 05:30:00,59.04
2019-05-12 06:00:00,63.8
2019-05-12 06:30:00,68.88
2019-05-12 07:00:00,65.4
2019-05-12 07:30:00,71.22
2019-05-12 08:00:00,89.76
2019-05-12 08:30:00,86.76
2019-05-12 09:00:00,123.24
2019-05-12 09:30:00,166.2
2019-05-12 10:00:00,188.76
2019-05-12 10:30:00,181.44
2019-05-12 11:00:00,165.84
2019-05-12 11:30:00,186.26
2019-05-12 12:00:00,167.64
2019-05-12 12:30:00,148.24
2019-05-12 13:00:00,175.8
2019-05-12 13:30:00,188.64
2019-05-12 14:00:00,192.96
2019-05-12 14:30:00,193.2
2019-05-12 15:00:00,196.92
2019-05-12 15:30:00,197.16
2019-05-12 16:00:00,195.72
2019-05-12 16:30:00,195.84
2019-05-12 17:00:00,170.76
2019-05-12 17:30:00,169.56
2019-05-12 18:00:00,187.12
2019-05-12 18:30:00,233.64
2019-05-12 19:00:00,222.8
2019-05-12 19:30:00,212.85
2019-05-12 20:00:00,198.24
2019-05-12 20:30:00,198.84
2019-05-12 21:00:00,186.12
2019-05-12 21:30:00,173.64
2019-05-12 22:00:00,126.39
2019-05-12 22:30:00,120.9
2019-05-12 23:00:00,91.68
2019-05-12 23:30:00,74.16
2019-05-13 00:00:00,73.92
2019-05-13 00:00:00,73.92
2019-05-13 00:30:00,68.64
2019-05-13 01:00:00,61.68
2019-05-13 01:30:00,60.0
2019-05-13 02:00:00,58.92
2019-05-13 02:30:00,59.16
2019-05-13 03:00:00,57.12
2019-05-13 03:30:00,63.0
2019-05-13 04:00:00,61.68
2019-05-13 04:30:00,59.34
2019-05-13 05:00:00,58.08
2019-05-13 05:30:00,57.6
2019-05-13 06:00:00,57.6
2019-05-13 06:30:00,61.44
2019-05-13 07:00:00,61.68
2019-05-13 07:30:00,82.02
2019-05-13 08:00:00,90.24
2019-05-13 08:30:00,95.4
2019-05-13 09:00:00,112.44
2019-05-13 09:30:00,67.8
2019-05-13 10:00:00,164.88
2019-05-13 10:30:00,186.24
2019-05-13 11:00:00,184.68
2019-05-13 11:30:00,179.88
2019-05-13 12:00:00,176.28
2019-05-13 12:30:00,179.76
2019-05-13 13:00:00,176.64
2019-05-13 13:30:00,184.14
2019-05-13 14:00:00,173.16
2019-05-13 14:30:00,182.76
2019-05-13 15:00:00,178.56
2019-05-13 15:30:00,101.88
2019-05-13 16:00:00,195.0
2019-05-13 16:30:00,198.6
2019-05-13 17:00:00,212.46
2019-05-13 17:30:00,202.56
2019-05-13 18:00:00,202.92
2019-05-13 18:30:00,210.48
2019-05-13 19:00:00,210.36
2019-05-13 19:30:00,206.4
2019-05-13 20:00:00,191.28
2019-05-13 20:30:00,224.64
2019-05-13 21:00:00,216.12
2019-05-13 21:30:00,180.56
2019-05-13 22:00:00,119.22
2019-05-13 22:30:00,120.96
2019-05-13 23:00:00,100.68
2019-05-13 23:30:00,35.4
2019-05-14 00:00:00,72.36
2019-05-14 00:00:00,72.36
2019-05-14 00:30:00,64.26
2019-05-14 01:00:00,31.8
2019-05-14 01:30:00,59.52
2019-05-14 02:00:00,58.8
2019-05-14 02:30:00,59.4
2019-05-14 03:00:00,58.0
2019-05-14 03:30:00,58.32
2019-05-14 04:00:00,60.16
2019-05-14 04:30:00,57.16
2019-05-14 05:00:00,59.68
2019-05-14 05:30:00,59.63
2019-05-14 06:00:00,66.72
2019-05-14 06:30:00,70.14
2019-05-14 07:00:00,71.78
2019-05-14 07:30:00,80.43
2019-05-14 08:00:00,90.24
2019-05-14 08:30:00,98.0
2019-05-14 09:00:00,125.64
2019-05-14 09:30:00,196.32
2019-05-14 10:00:00,178.68
2019-05-14 10:30:00,163.92
2019-05-14 11:00:00,160.32
2019-05-14 11:30:00,195.36
2019-05-14 12:00:00,195.0
2019-05-14 12:30:00,198.24
2019-05-14 13:00:00,173.52
2019-05-14 13:30:00,187.32
2019-05-14 14:00:00,199.8
2019-05-14 14:30:00,190.2
2019-05-14 15:00:00,188.16
2019-05-14 15:30:00,169.44
2019-05-14 16:00:00,175.67
2019-05-14 16:30:00,168.96
2019-05-14 17:00:00,196.72
2019-05-14 17:30:00,170.28
2019-05-14 18:00:00,176.88
2019-05-14 18:30:00,210.08
2019-05-14 19:00:00,212.04
2019-05-14 19:30:00,208.62
2019-05-14 20:00:00,205.2
2019-05-14 20:30:00,204.96
2019-05-14 21:00:00,201.0
2019-05-14 21:30:00,150.12
2019-05-14 22:00:00,116.34
2019-05-14 22:30:00,116.04
2019-05-14 23:00:00,89.88
2019-05-14 23:30:00,75.0
2019-05-15 00:00:00,75.24
2019-05-15 00:00:00,75.24
2019-05-15 00:30:00,83.4
2019-05-15 01:00:00,61.8
2019-05-15 01:30:00,27.6
2019-05-15 02:00:00,58.32
2019-05-15 02:30:00,29.04
2019-05-15 03:00:00,57.0
2019-05-15 03:30:00,56.16
2019-05-15 04:00:00,58.68
2019-05-15 04:30:00,61.2
2019-05-15 05:00:00,56.92
2019-05-15 05:30:00,58.68
2019-05-15 06:00:00,62.04
2019-05-15 06:30:00,66.54
2019-05-15 07:00:00,61.68
2019-05-15 07:30:00,74.88
2019-05-15 08:00:00,95.76
2019-05-15 08:30:00,104.88
2019-05-15 09:00:00,148.68
2019-05-15 09:30:00,191.76
2019-05-15 10:00:00,207.88
2019-05-15 10:30:00,211.32
2019-05-15 11:00:00,211.68
2019-05-15 11:30:00,187.32
2019-05-15 12:00:00,189.12
2019-05-15 12:30:00,212.88
2019-05-15 13:00:00,209.4
2019-05-15 13:30:00,196.32
2019-05-15 14:00:00,183.36
2019-05-15 14:30:00,193.22
2019-05-15 15:00:00,189.36
2019-05-15 15:30:00,218.04
2019-05-15 16:00:00,213.48
2019-05-15 16:30:00,189.48
2019-05-15 17:00:00,189.0
2019-05-15 17:30:00,198.24
2019-05-15 18:00:00,195.36
2019-05-15 18:30:00,223.68
2019-05-15 19:00:00,206.98
2019-05-15 19:30:00,200.88
2019-05-15 20:00:00,206.16
2019-05-15 20:30:00,196.44
2019-05-15 21:00:00,186.12
2019-05-15 21:30:00,170.04
2019-05-15 22:00:00,121.68
2019-05-15 22:30:00,114.36
2019-05-15 23:00:00,84.27
2019-05-15 23:30:00,71.96
2019-05-16 00:00:00,67.4
2019-05-16 00:00:00,67.4
2019-05-16 00:30:00,66.96
2019-05-16 01:00:00,66.33
2019-05-16 01:30:00,66.48
2019-05-16 02:00:00,66.45
2019-05-16 02:30:00,64.32
2019-05-16 03:00:00,58.2
2019-05-16 03:30:00,56.64
2019-05-16 04:00:00,57.36
2019-05-16 04:30:00,59.4
2019-05-16 05:00:00,55.2
2019-05-16 05:30:00,56.16
2019-05-16 06:00:00,56.64
2019-05-16 06:30:00,61.12
2019-05-16 07:00:00,61.88
2019-05-16 07:30:00,74.82
2019-05-16 08:00:00,94.96
2019-05-16 08:30:00,93.56
2019-05-16 09:00:00,130.04
2019-05-16 09:30:00,178.68
2019-05-16 10:00:00,206.76
2019-05-16 10:30:00,200.52
2019-05-16 11:00:00,172.8
2019-05-16 11:30:00,174.0
2019-05-16 12:00:00,216.6
2019-05-16 12:30:00,224.4
2019-05-16 13:00:00,217.2
2019-05-16 13:30:00,213.9
2019-05-16 14:00:00,216.0
2019-05-16 14:30:00,199.2
2019-05-16 15:00:00,204.6
2019-05-16 15:30:00,203.4
2019-05-16 16:00:00,204.6
2019-05-16 16:30:00,199.2
2019-05-16 17:00:00,176.1
2019-05-16 17:30:00,192.0
2019-05-16 18:00:00,171.91
2019-05-16 18:30:00,210.48
2019-05-16 19:00:00,210.48
2019-05-16 19:30:00,237.84
2019-05-16 20:00:00,231.24
2019-05-16 20:30:00,234.72
2019-05-16 21:00:00,230.76
2019-05-16 21:30:00,186.36
2019-05-16 22:00:00,133.8
2019-05-16 22:30:00,129.96
2019-05-16 23:00:00,81.0
2019-05-16 23:30:00,64.08
2019-05-17 00:00:00,66.24
2019-05-17 00:00:00,66.24
2019-05-17 00:30:00,70.56
2019-05-17 01:00:00,58.98
2019-05-17 01:30:00,58.68
2019-05-17 02:00:00,60.64
2019-05-17 02:30:00,62.16
2019-05-17 03:00:00,59.04
2019-05-17 03:30:00,60.96
2019-05-17 04:00:00,58.32
2019-05-17 04:30:00,59.94
2019-05-17 05:00:00,59.28
2019-05-17 05:30:00,61.2
2019-05-17 06:00:00,88.56
2019-05-17 06:30:00,79.5
2019-05-17 07:00:00,70.08
2019-05-17 07:30:00,78.54
2019-05-17 08:00:00,97.2
2019-05-17 08:30:00,96.84
2019-05-17 09:00:00,149.16
2019-05-17 09:30:00,176.52
2019-05-17 10:00:00,202.8
2019-05-17 10:30:00,207.84
2019-05-17 11:00:00,220.62
2019-05-17 11:30:00,207.36
2019-05-17 12:00:00,261.0
2019-05-17 12:30:00,203.52
2019-05-17 13:00:00,190.08
2019-05-17 13:30:00,199.02
2019-05-17 14:00:00,232.32
2019-05-17 14:30:00,251.52
2019-05-17 15:00:00,250.68
2019-05-17 15:30:00,260.52
2019-05-17 16:00:00,221.91
2019-05-17 16:30:00,213.36
2019-05-17 17:00:00,223.52
2019-05-17 17:30:00,92.64
2019-05-17 18:00:00,217.32
2019-05-17 18:30:00,272.28
2019-05-17 19:00:00,273.36
2019-05-17 19:30:00,246.6
2019-05-17 20:00:00,254.22
2019-05-17 20:30:00,240.06
2019-05-17 21:00:00,221.68
2019-05-17 21:30:00,203.76
2019-05-17 22:00:00,154.2
2019-05-17 22:30:00,151.56
2019-05-17 23:00:00,90.72
2019-05-17 23:30:00,66.84
2019-05-18 00:00:00,72.0
2019-05-18 00:00:00,72.0
2019-05-18 00:30:00,68.16
2019-05-18 01:00:00,75.36
2019-05-18 01:30:00,62.64
2019-05-18 02:00:00,61.44
2019-05-18 02:30:00,62.16
2019-05-18 03:00:00,62.52
2019-05-18 03:30:00,58.92
2019-05-18 04:00:00,68.52
2019-05-18 04:30:00,60.72
2019-05-18 05:00:00,61.44
2019-05-18 05:30:00,59.28
2019-05-18 06:00:00,60.12
2019-05-18 06:30:00,64.32
2019-05-18 07:00:00,64.8
2019-05-18 07:30:00,181.08
2019-05-18 08:00:00,136.92
2019-05-18 08:30:00,136.92
2019-05-18 09:00:00,165.84
2019-05-18 09:30:00,183.12
2019-05-18 10:00:00,197.88
2019-05-18 10:30:00,216.96
2019-05-18 11:00:00,221.52
2019-05-18 11:30:00,235.56
2019-05-18 12:00:00,235.68
2019-05-18 12:30:00,241.56
2019-05-18 13:00:00,233.4
2019-05-18 13:30:00,215.4
2019-05-18 14:00:00,204.0
2019-05-18 14:30:00,221.64
2019-05-18 15:00:00,222.0
2019-05-18 15:30:00,219.24
2019-05-18 16:00:00,222.72
2019-05-18 16:30:00,207.12
2019-05-18 17:00:00,194.76
2019-05-18 17:30:00,223.6
2019-05-18 18:00:00,208.2
2019-05-18 18:30:00,243.24
2019-05-18 19:00:00,244.44
2019-05-18 19:30:00,220.44
2019-05-18 20:00:00,211.44
2019-05-18 20:30:00,206.52
2019-05-18 21:00:00,193.08
2019-05-18 21:30:00,163.74
2019-05-18 22:00:00,118.26
2019-05-18 22:30:00,114.48
2019-05-18 23:00:00,96.4
2019-05-18 23:30:00,76.32
2019-05-19 00:00:00,72.36
2019-05-19 00:00:00,72.36
2019-05-19 00:30:00,72.66
2019-05-19 01:00:00,68.64
2019-05-19 01:30:00,61.44
2019-05-19 02:00:00,60.12
2019-05-19 02:30:00,59.16
2019-05-19 03:00:00,56.16
2019-05-19 03:30:00,56.16
2019-05-19 04:00:00,57.12
2019-05-19 04:30:00,57.48
2019-05-19 05:00:00,57.96
2019-05-19 05:30:00,59.64
2019-05-19 06:00:00,61.8
2019-05-19 06:30:00,56.16
2019-05-19 07:00:00,61.38
2019-05-19 07:30:00,101.04
2019-05-19 08:00:00,126.66
2019-05-19 08:30:00,146.64
2019-05-19 09:00:00,168.57
2019-05-19 09:30:00,207.2
2019-05-19 10:00:00,199.56
2019-05-19 10:30:00,103.08
2019-05-19 11:00:00,217.2
2019-05-19 11:30:00,230.16
2019-05-19 12:00:00,229.68
2019-05-19 12:30:00,247.32
2019-05-19 13:00:00,218.8
2019-05-19 13:30:00,215.64
2019-05-19 14:00:00,231.0
2019-05-19 14:30:00,211.62
2019-05-19 15:00:00,221.16
2019-05-19 15:30:00,240.8
2019-05-19 16:00:00,245.04
2019-05-19 16:30:00,242.88
2019-05-19 17:00:00,226.86
2019-05-19 17:30:00,205.56
2019-05-19 18:00:00,212.52
2019-05-19 18:30:00,235.92
2019-05-19 19:00:00,237.0
2019-05-19 19:30:00,219.24
2019-05-19 20:00:00,239.4
2019-05-19 20:30:00,200.4
2019-05-19 21:00:00,165.6
2019-05-19 21:30:00,147.3
2019-05-19 22:00:00,125.4
2019-05-19 22:30:00,113.76
2019-05-19 23:00:00,79.74
2019-05-19 23:30:00,62.28
2019-05-20 00:00:00,64.05
2019-05-20 00:00:00,64.05
2019-05-20 00:30:00,66.36
2019-05-20 01:00:00,62.12
2019-05-20 01:30:00,61.92
2019-05-20 02:00:00,67.08
2019-05-20 02:30:00,43.2
2019-05-20 03:00:00,61.52
2019-05-20 03:30:00,62.68
2019-05-20 04:00:00,62.16
2019-05-20 04:30:00,61.53
2019-05-20 05:00:00,57.6
2019-05-20 05:30:00,63.9
2019-05-20 06:00:00,60.0
2019-05-20 06:30:00,77.4
2019-05-20 07:00:00,67.8
2019-05-20 07:30:00,69.6
2019-05-20 08:00:00,97.2
2019-05-20 08:30:00,93.6
2019-05-20 09:00:00,121.8
2019-05-20 09:30:00,169.8
2019-05-20 10:00:00,145.8
2019-05-20 10:30:00,176.79
2019-05-20 11:00:00,140.4
2019-05-20 11:30:00,171.0
2019-05-20 12:00:00,165.0
2019-05-20 12:30:00,183.96
2019-05-20 13:00:00,185.64
2019-05-20 13:30:00,159.36
2019-05-20 14:00:00,157.68
2019-05-20 14:30:00,174.72
2019-05-20 15:00:00,175.92
2019-05-20 15:30:00,173.52
2019-05-20 16:00:00,191.04
2019-05-20 16:30:00,181.75
2019-05-20 17:00:00,159.6
2019-05-20 17:30:00,168.9
2019-05-20 18:00:00,193.2
2019-05-20 18:30:00,229.8
2019-05-20 19:00:00,229.2
2019-05-20 19:30:00,207.9
2019-05-20 20:00:00,226.2
2019-05-20 20:30:00,195.6
2019-05-20 21:00:00,186.0
2019-05-20 21:30:00,132.0
2019-05-20 22:00:00,121.8
2019-05-20 22:30:00,117.12
2019-05-20 23:00:00,91.68
2019-05-20 23:30:00,76.44
2019-05-21 00:00:00,77.76
2019-05-21 00:00:00,77.76
2019-05-21 00:30:00,76.44
2019-05-21 01:00:00,71.52
2019-05-21 01:30:00,60.24
2019-05-21 02:00:00,61.62
2019-05-21 02:30:00,70.68
2019-05-21 03:00:00,60.84
2019-05-21 03:30:00,56.76
2019-05-21 04:00:00,58.86
2019-05-21 04:30:00,58.32
2019-05-21 05:00:00,59.28
2019-05-21 05:30:00,59.16
2019-05-21 06:00:00,60.96
2019-05-21 06:30:00,64.98
2019-05-21 07:00:00,60.36
2019-05-21 07:30:00,82.32
2019-05-21 08:00:00,88.44
2019-05-21 08:30:00,108.96
2019-05-21 09:00:00,132.42
2019-05-21 09:30:00,208.44
2019-05-21 10:00:00,204.36
2019-05-21 10:30:00,206.64
2019-05-21 11:00:00,205.92
2019-05-21 11:30:00,202.32
2019-05-21 12:00:00,199.14
2019-05-21 12:30:00,187.8
2019-05-21 13:00:00,191.28
2019-05-21 13:30:00,207.96
2019-05-21 14:00:00,196.92
2019-05-21 14:30:00,176.83
2019-05-21 15:00:00,214.59
2019-05-21 15:30:00,174.84
2019-05-21 16:00:00,185.8
2019-05-21 16:30:00,186.12
2019-05-21 17:00:00,189.72
2019-05-21 17:30:00,193.8
2019-05-21 18:00:00,186.69
2019-05-21 18:30:00,235.68
2019-05-21 19:00:00,234.0
2019-05-21 19:30:00,254.64
2019-05-21 20:00:00,220.83
2019-05-21 20:30:00,232.44
2019-05-21 21:00:00,198.24
2019-05-21 21:30:00,156.72
2019-05-21 22:00:00,116.68
2019-05-21 22:30:00,116.64
2019-05-21 23:00:00,86.04
2019-05-21 23:30:00,71.16
2019-05-22 00:00:00,74.04
2019-05-22 00:00:00,74.04
2019-05-22 00:30:00,73.92
2019-05-22 01:00:00,71.16
2019-05-22 01:30:00,70.64
2019-05-22 02:00:00,70.32
2019-05-22 02:30:00,72.18
2019-05-22 03:00:00,59.88
2019-05-22 03:30:00,59.34
2019-05-22 04:00:00,62.4
2019-05-22 04:30:00,63.06
2019-05-22 05:00:00,59.76
2019-05-22 05:30:00,59.76
2019-05-22 06:00:00,63.84
2019-05-22 06:30:00,66.48
2019-05-22 07:00:00,72.0
2019-05-22 07:30:00,82.56
2019-05-22 08:00:00,109.92
2019-05-22 08:30:00,99.84
2019-05-22 09:00:00,154.2
2019-05-22 09:30:00,165.48
2019-05-22 10:00:00,203.8
2019-05-22 10:30:00,223.68
2019-05-22 11:00:00,209.4
2019-05-22 11:30:00,219.6
2019-05-22 12:00:00,198.48
2019-05-22 12:30:00,209.28
2019-05-22 13:00:00,222.96
2019-05-22 13:30:00,228.48
2019-05-22 14:00:00,109.08
2019-05-22 14:30:00,270.36
2019-05-22 15:00:00,243.72
2019-05-22 15:30:00,224.32
2019-05-22 16:00:00,221.28
2019-05-22 16:30:00,234.12
2019-05-22 17:00:00,253.68
2019-05-22 17:30:00,249.96
2019-05-22 18:00:00,228.6
2019-05-22 18:30:00,247.08
2019-05-22 19:00:00,265.96
2019-05-22 19:30:00,260.16
2019-05-22 20:00:00,244.08
2019-05-22 20:30:00,251.52
2019-05-22 21:00:00,222.84
2019-05-22 21:30:00,164.76
2019-05-22 22:00:00,124.74
2019-05-22 22:30:00,117.72
2019-05-22 23:00:00,90.92
2019-05-22 23:30:00,66.48
2019-05-23 00:00:00,67.8
2019-05-23 00:00:00,67.8
2019-05-23 00:30:00,61.92
2019-05-23 01:00:00,58.96
2019-05-23 01:30:00,59.88
2019-05-23 02:00:00,58.68
2019-05-23 02:30:00,63.72
2019-05-23 03:00:00,59.64
2019-05-23 03:30:00,59.16
2019-05-23 04:00:00,65.49
2019-05-23 04:30:00,59.44
2019-05-23 05:00:00,57.36
2019-05-23 05:30:00,61.68
2019-05-23 06:00:00,59.12
2019-05-23 06:30:00,88.23
2019-05-23 07:00:00,76.22
2019-05-23 07:30:00,76.56
2019-05-23 08:00:00,101.16
2019-05-23 08:30:00,116.04
2019-05-23 09:00:00,137.64
2019-05-23 09:30:00,215.52
2019-05-23 10:00:00,213.84
2019-05-23 10:30:00,195.24
2019-05-23 11:00:00,199.09
2019-05-23 11:30:00,178.2
2019-05-23 12:00:00,217.02
2019-05-23 12:30:00,221.88
2019-05-23 13:00:00,239.64
2019-05-23 13:30:00,234.09
2019-05-23 14:00:00,218.64
2019-05-23 14:30:00,219.66
2019-05-23 15:00:00,229.11
2019-05-23 15:30:00,253.92
2019-05-23 16:00:00,232.92
2019-05-23 16:30:00,232.8
2019-05-23 17:00:00,244.8
2019-05-23 17:30:00,189.96
2019-05-23 18:00:00,185.94
2019-05-23 18:30:00,250.32
2019-05-23 19:00:00,256.56
2019-05-23 19:30:00,220.76
2019-05-23 20:00:00,234.96
2019-05-23 20:30:00,210.12
2019-05-23 21:00:00,190.92
2019-05-23 21:30:00,122.6
2019-05-23 22:00:00,111.36
2019-05-23 22:30:00,114.96
2019-05-23 23:00:00,84.36
2019-05-23 23:30:00,77.88
2019-05-24 00:00:00,74.88
2019-05-24 00:00:00,74.88
2019-05-24 00:30:00,66.6
2019-05-24 01:00:00,61.2
2019-05-24 01:30:00,71.04
2019-05-24 02:00:00,58.8
2019-05-24 02:30:00,61.68
2019-05-24 03:00:00,60.96
2019-05-24 03:30:00,59.04
2019-05-24 04:00:00,57.96
2019-05-24 04:30:00,55.74
2019-05-24 05:00:00,59.04
2019-05-24 05:30:00,57.0
2019-05-24 06:00:00,58.8
2019-05-24 06:30:00,61.44
2019-05-24 07:00:00,60.72
2019-05-24 07:30:00,85.44
2019-05-24 08:00:00,115.56
2019-05-24 08:30:00,122.28
2019-05-24 09:00:00,164.04
2019-05-24 09:30:00,226.68
2019-05-24 10:00:00,236.52
2019-05-24 10:30:00,216.36
2019-05-24 11:00:00,220.08
2019-05-24 11:30:00,224.88
2019-05-24 12:00:00,263.6
2019-05-24 12:30:00,259.56
2019-05-24 13:00:00,243.24
2019-05-24 13:30:00,254.76
2019-05-24 14:00:00,231.66
2019-05-24 14:30:00,219.48
2019-05-24 15:00:00,257.68
2019-05-24 15:30:00,261.24
2019-05-24 16:00:00,231.0
2019-05-24 16:30:00,221.4
2019-05-24 17:00:00,235.92
2019-05-24 17:30:00,198.48
2019-05-24 18:00:00,238.32
2019-05-24 18:30:00,300.12
2019-05-24 19:00:00,285.36
2019-05-24 19:30:00,282.48
2019-05-24 20:00:00,246.84
2019-05-24 20:30:00,233.04
2019-05-24 21:00:00,213.0
2019-05-24 21:30:00,183.6
2019-05-24 22:00:00,124.08
2019-05-24 22:30:00,111.2
2019-05-24 23:00:00,69.56
2019-05-24 23:30:00,63.88
2019-05-25 00:00:00,67.92
2019-05-25 00:00:00,67.92
2019-05-25 00:30:00,65.64
2019-05-25 01:00:00,62.1
2019-05-25 01:30:00,62.64
2019-05-25 02:00:00,32.16
2019-05-25 02:30:00,59.4
2019-05-25 03:00:00,64.44
2019-05-25 03:30:00,60.24
2019-05-25 04:00:00,60.64
2019-05-25 04:30:00,59.28
2019-05-25 05:00:00,63.42
2019-05-25 05:30:00,59.52
2019-05-25 06:00:00,59.28
2019-05-25 06:30:00,61.2
2019-05-25 07:00:00,92.64
2019-05-25 07:30:00,102.99
2019-05-25 08:00:00,124.8
2019-05-25 08:30:00,121.14
2019-05-25 09:00:00,155.16
2019-05-25 09:30:00,214.88
2019-05-25 10:00:00,223.0
2019-05-25 10:30:00,218.16
2019-05-25 11:00:00,223.2
2019-05-25 11:30:00,272.76
2019-05-25 12:00:00,263.66
2019-05-25 12:30:00,246.0
2019-05-25 13:00:00,228.12
2019-05-25 13:30:00,220.32
2019-05-25 14:00:00,230.43
2019-05-25 14:30:00,248.04
2019-05-25 15:00:00,228.6
2019-05-25 15:30:00,256.08
2019-05-25 16:00:00,215.64
2019-05-25 16:30:00,226.68
2019-05-25 17:00:00,259.68
2019-05-25 17:30:00,246.0
2019-05-25 18:00:00,257.04
2019-05-25 18:30:00,223.67
2019-05-25 19:00:00,229.68
2019-05-25 19:30:00,231.6
2019-05-25 20:00:00,254.45
2019-05-25 20:30:00,241.44
2019-05-25 21:00:00,229.68
2019-05-25 21:30:00,215.88
2019-05-25 22:00:00,176.52
2019-05-25 22:30:00,152.04
2019-05-25 23:00:00,119.04
2019-05-25 23:30:00,101.52
2019-05-26 00:00:00,96.72
2019-05-26 00:00:00,96.72
2019-05-26 00:30:00,67.44
2019-05-26 01:00:00,67.2
2019-05-26 01:30:00,61.92
2019-05-26 02:00:00,68.32
2019-05-26 02:30:00,64.2
2019-05-26 03:00:00,62.88
2019-05-26 03:30:00,62.88
2019-05-26 04:00:00,63.6
2019-05-26 04:30:00,67.44
2019-05-26 05:00:00,62.88
2019-05-26 05:30:00,60.72
2019-05-26 06:00:00,62.52
2019-05-26 06:30:00,77.88
2019-05-26 07:00:00,101.4
2019-05-26 07:30:00,124.56
2019-05-26 08:00:00,142.08
2019-05-26 08:30:00,158.4
2019-05-26 09:00:00,185.22
2019-05-26 09:30:00,210.84
2019-05-26 10:00:00,205.56
2019-05-26 10:30:00,227.16
2019-05-26 11:00:00,228.6
2019-05-26 11:30:00,249.24
2019-05-26 12:00:00,257.04
2019-05-26 12:30:00,261.36
2019-05-26 13:00:00,240.0
2019-05-26 13:30:00,244.44
2019-05-26 14:00:00,239.82
2019-05-26 14:30:00,234.96
2019-05-26 15:00:00,253.48
2019-05-26 15:30:00,219.72
2019-05-26 16:00:00,225.24
2019-05-26 16:30:00,247.92
2019-05-26 17:00:00,250.68
2019-05-26 17:30:00,243.36
2019-05-26 18:00:00,239.76
2019-05-26 18:30:00,215.56
2019-05-26 19:00:00,237.48
2019-05-26 19:30:00,262.68
2019-05-26 20:00:00,244.92
2019-05-26 20:30:00,235.98
2019-05-26 21:00:00,226.92
2019-05-26 21:30:00,103.44
2019-05-26 22:00:00,126.96
2019-05-26 22:30:00,122.46
2019-05-26 23:00:00,86.58
2019-05-26 23:30:00,76.72
2019-05-27 00:00:00,75.0
2019-05-27 00:00:00,75.0
2019-05-27 00:30:00,69.3
2019-05-27 01:00:00,64.2
2019-05-27 01:30:00,65.4
2019-05-27 02:00:00,66.84
2019-05-27 02:30:00,61.36
2019-05-27 03:00:00,63.96
2019-05-27 03:30:00,65.4
2019-05-27 04:00:00,63.83
2019-05-27 04:30:00,66.48
2019-05-27 05:00:00,66.12
2019-05-27 05:30:00,66.6
2019-05-27 06:00:00,77.64
2019-05-27 06:30:00,74.64
2019-05-27 07:00:00,89.04
2019-05-27 07:30:00,78.84
2019-05-27 08:00:00,99.84
2019-05-27 08:30:00,103.5
2019-05-27 09:00:00,138.03
2019-05-27 09:30:00,153.38
2019-05-27 10:00:00,189.0
2019-05-27 10:30:00,201.18
2019-05-27 11:00:00,185.88
2019-05-27 11:30:00,227.28
2019-05-27 12:00:00,182.64
2019-05-27 12:30:00,209.46
2019-05-27 13:00:00,196.56
2019-05-27 13:30:00,211.24
2019-05-27 14:00:00,190.8
2019-05-27 14:30:00,195.0
2019-05-27 15:00:00,191.4
2019-05-27 15:30:00,190.2
2019-05-27 16:00:00,172.8
2019-05-27 16:30:00,165.6
2019-05-27 17:00:00,172.8
2019-05-27 17:30:00,212.1
2019-05-27 18:00:00,208.8
2019-05-27 18:30:00,232.2
2019-05-27 19:00:00,222.0
2019-05-27 19:30:00,234.0
2019-05-27 20:00:00,245.4
2019-05-27 20:30:00,248.4
2019-05-27 21:00:00,218.4
2019-05-27 21:30:00,146.6
2019-05-27 22:00:00,123.6
2019-05-27 22:30:00,116.88
2019-05-27 23:00:00,72.48
2019-05-27 23:30:00,64.44
2019-05-28 00:00:00,63.12
2019-05-28 00:00:00,63.12
2019-05-28 00:30:00,63.43
2019-05-28 01:00:00,35.16
2019-05-28 01:30:00,61.56
2019-05-28 02:00:00,60.96
2019-05-28 02:30:00,63.12
2019-05-28 03:00:00,59.49
2019-05-28 03:30:00,59.94
2019-05-28 04:00:00,60.48
2019-05-28 04:30:00,65.13
2019-05-28 05:00:00,58.92
2019-05-28 05:30:00,57.88
2019-05-28 06:00:00,60.22
2019-05-28 06:30:00,60.84
2019-05-28 07:00:00,67.62
2019-05-28 07:30:00,97.92
2019-05-28 08:00:00,115.68
2019-05-28 08:30:00,105.45
2019-05-28 09:00:00,149.79
2019-05-28 09:30:00,163.56
2019-05-28 10:00:00,156.72
2019-05-28 10:30:00,172.2
2019-05-28 11:00:00,190.56
2019-05-28 11:30:00,185.94
2019-05-28 12:00:00,180.36
2019-05-28 12:30:00,204.84
2019-05-28 13:00:00,226.11
2019-05-28 13:30:00,219.64
2019-05-28 14:00:00,186.44
2019-05-28 14:30:00,226.68
2019-05-28 15:00:00,181.2
2019-05-28 15:30:00,212.4
2019-05-28 16:00:00,211.44
2019-05-28 16:30:00,230.52
2019-05-28 17:00:00,240.75
2019-05-28 17:30:00,192.6
2019-05-28 18:00:00,199.8
2019-05-28 18:30:00,204.6
2019-05-28 19:00:00,225.0
2019-05-28 19:30:00,231.0
2019-05-28 20:00:00,231.6
2019-05-28 20:30:00,216.0
2019-05-28 21:00:00,218.4
2019-05-28 21:30:00,152.4
2019-05-28 22:00:00,121.8
2019-05-28 22:30:00,114.6
2019-05-28 23:00:00,92.7
2019-05-28 23:30:00,62.52
2019-05-29 00:00:00,33.6
2019-05-29 00:00:00,33.6
2019-05-29 00:30:00,60.36
2019-05-29 01:00:00,62.76
2019-05-29 01:30:00,58.92
2019-05-29 02:00:00,58.44
2019-05-29 02:30:00,61.56
2019-05-29 03:00:00,57.1
2019-05-29 03:30:00,57.0
2019-05-29 04:00:00,57.72
2019-05-29 04:30:00,29.04
2019-05-29 05:00:00,61.92
2019-05-29 05:30:00,57.12
2019-05-29 06:00:00,59.64
2019-05-29 06:30:00,80.88
2019-05-29 07:00:00,77.28
2019-05-29 07:30:00,94.26
2019-05-29 08:00:00,119.88
2019-05-29 08:30:00,107.76
2019-05-29 09:00:00,143.52
2019-05-29 09:30:00,166.8
2019-05-29 10:00:00,180.06
2019-05-29 10:30:00,159.96
2019-05-29 11:00:00,175.77
2019-05-29 11:30:00,185.88
2019-05-29 12:00:00,192.24
2019-05-29 12:30:00,216.12
2019-05-29 13:00:00,210.24
2019-05-29 13:30:00,204.6
2019-05-29 14:00:00,239.28
2019-05-29 14:30:00,257.04
2019-05-29 15:00:00,232.38
2019-05-29 15:30:00,225.72
2019-05-29 16:00:00,245.64
2019-05-29 16:30:00,230.88
2019-05-29 17:00:00,238.02
2019-05-29 17:30:00,186.72
2019-05-29 18:00:00,194.1
2019-05-29 18:30:00,179.76
2019-05-29 19:00:00,261.42
2019-05-29 19:30:00,261.36
2019-05-29 20:00:00,228.6
2019-05-29 20:30:00,218.74
2019-05-29 21:00:00,184.32
2019-05-29 21:30:00,162.0
2019-05-29 22:00:00,119.76
2019-05-29 22:30:00,102.72
2019-05-29 23:00:00,67.08
2019-05-29 23:30:00,56.68
2019-05-30 00:00:00,58.2
2019-05-30 00:00:00,58.2
2019-05-30 00:30:00,60.36
2019-05-30 01:00:00,68.52
2019-05-30 01:30:00,59.76
2019-05-30 02:00:00,56.64
2019-05-30 02:30:00,58.68
2019-05-30 03:00:00,56.52
2019-05-30 03:30:00,59.04
2019-05-30 04:00:00,56.52
2019-05-30 04:30:00,58.2
2019-05-30 05:00:00,61.2
2019-05-30 05:30:00,65.4
2019-05-30 06:00:00,86.46
2019-05-30 06:30:00,79.44
2019-05-30 07:00:00,73.98
2019-05-30 07:30:00,105.6
2019-05-30 08:00:00,131.28
2019-05-30 08:30:00,141.0
2019-05-30 09:00:00,133.08
2019-05-30 09:30:00,148.68
2019-05-30 10:00:00,162.0
2019-05-30 10:30:00,180.9
2019-05-30 11:00:00,180.48
2019-05-30 11:30:00,160.44
2019-05-30 12:00:00,197.05
2019-05-30 12:30:00,211.92
2019-05-30 13:00:00,197.1
2019-05-30 13:30:00,205.2
2019-05-30 14:00:00,222.36
2019-05-30 14:30:00,214.02
2019-05-30 15:00:00,231.66
2019-05-30 15:30:00,202.96
2019-05-30 16:00:00,212.76
2019-05-30 16:30:00,212.94
2019-05-30 17:00:00,207.6
2019-05-30 17:30:00,214.8
2019-05-30 18:00:00,195.0
2019-05-30 18:30:00,199.68
2019-05-30 19:00:00,228.24
2019-05-30 19:30:00,249.12
2019-05-30 20:00:00,239.76
2019-05-30 20:30:00,233.52
2019-05-30 21:00:00,204.36
2019-05-30 21:30:00,161.22
2019-05-30 22:00:00,120.42
2019-05-30 22:30:00,110.4
2019-05-30 23:00:00,81.84
2019-05-30 23:30:00,65.76
2019-05-31 00:00:00,62.04
2019-05-31 00:00:00,62.04
2019-05-31 00:30:00,64.2
2019-05-31 01:00:00,61.8
2019-05-31 01:30:00,65.4
2019-05-31 02:00:00,59.88
2019-05-31 02:30:00,60.84
2019-05-31 03:00:00,59.52
2019-05-31 03:30:00,60.4
2019-05-31 04:00:00,60.76
2019-05-31 04:30:00,63.64
2019-05-31 05:00:00,60.96
2019-05-31 05:30:00,62.28
2019-05-31 06:00:00,59.04
2019-05-31 06:30:00,64.44
2019-05-31 07:00:00,77.88
2019-05-31 07:30:00,117.48
2019-05-31 08:00:00,139.27
2019-05-31 08:30:00,118.92
2019-05-31 09:00:00,177.96
2019-05-31 09:30:00,165.24
2019-05-31 10:00:00,192.0
2019-05-31 10:30:00,191.28
2019-05-31 11:00:00,196.8
2019-05-31 11:30:00,182.28
2019-05-31 12:00:00,160.59
2019-05-31 12:30:00,188.66
2019-05-31 13:00:00,181.32
2019-05-31 13:30:00,189.96
2019-05-31 14:00:00,206.22
2019-05-31 14:30:00,239.4
2019-05-31 15:00:00,235.44
2019-05-31 15:30:00,228.36
2019-05-31 16:00:00,210.92
2019-05-31 16:30:00,199.32
2019-05-31 17:00:00,233.16
2019-05-31 17:30:00,245.16
2019-05-31 18:00:00,247.08
2019-05-31 18:30:00,236.52
2019-05-31 19:00:00,262.08
2019-05-31 19:30:00,149.4
2019-05-31 20:00:00,236.04
2019-05-31 20:30:00,242.28
2019-05-31 21:00:00,118.56
2019-05-31 21:30:00,165.12
2019-05-31 22:00:00,126.0
2019-05-31 22:30:00,114.6
2019-05-31 23:00:00,88.74
2019-05-31 23:30:00,70.08
2019-06-01 00:00:00,63.36
2019-06-01 00:00:00,63.36
2019-06-01 00:30:00,67.08
2019-06-01 01:00:00,66.12
2019-06-01 01:30:00,61.8
2019-06-01 02:00:00,62.16
2019-06-01 02:30:00,65.28
2019-06-01 03:00:00,64.92
2019-06-01 03:30:00,63.0
2019-06-01 04:00:00,61.2
2019-06-01 04:30:00,62.52
2019-06-01 05:00:00,61.32
2019-06-01 05:30:00,61.8
2019-06-01 06:00:00,60.16
2019-06-01 06:30:00,65.01
2019-06-01 07:00:00,62.4
2019-06-01 07:30:00,80.4
2019-06-01 08:00:00,117.6
2019-06-01 08:30:00,141.6
2019-06-01 09:00:00,162.0
2019-06-01 09:30:00,166.2
2019-06-01 10:00:00,192.0
2019-06-01 10:30:00,198.2
2019-06-01 11:00:00,230.7
2019-06-01 11:30:00,210.6
2019-06-01 12:00:00,214.8
2019-06-01 12:30:00,229.2
2019-06-01 13:00:00,210.6
2019-06-01 13:30:00,249.6
2019-06-01 14:00:00,256.2
2019-06-01 14:30:00,277.8
2019-06-01 15:00:00,249.3
2019-06-01 15:30:00,253.2
2019-06-01 16:00:00,255.0
2019-06-01 16:30:00,304.8
2019-06-01 17:00:00,282.9
2019-06-01 17:30:00,256.8
2019-06-01 18:00:00,241.1
2019-06-01 18:30:00,228.0
2019-06-01 19:00:00,263.7
2019-06-01 19:30:00,232.2
2019-06-01 20:00:00,222.9
2019-06-01 20:30:00,243.76
2019-06-01 21:00:00,191.1
2019-06-01 21:30:00,172.16
2019-06-01 22:00:00,164.52
2019-06-01 22:30:00,145.08
2019-06-01 23:00:00,119.4
2019-06-01 23:30:00,95.64
2019-06-02 00:00:00,97.62
2019-06-02 00:00:00,97.62
2019-06-02 00:30:00,102.24
2019-06-02 01:00:00,102.72
2019-06-02 01:30:00,103.08
2019-06-02 02:00:00,103.32
2019-06-02 02:30:00,103.32
2019-06-02 03:00:00,105.08
2019-06-02 03:30:00,107.28
2019-06-02 04:00:00,111.6
2019-06-02 04:30:00,119.64
2019-06-02 05:00:00,99.96
2019-06-02 05:30:00,98.16
2019-06-02 06:00:00,98.76
2019-06-02 06:30:00,130.68
2019-06-02 07:00:00,122.04
2019-06-02 07:30:00,148.44
2019-06-02 08:00:00,188.28
2019-06-02 08:30:00,190.08
2019-06-02 09:00:00,232.92
2019-06-02 09:30:00,278.64
2019-06-02 10:00:00,240.84
2019-06-02 10:30:00,246.48
2019-06-02 11:00:00,518.76
2019-06-02 11:30:00,556.2
2019-06-02 12:00:00,737.52
2019-06-02 12:30:00,760.92
2019-06-02 13:00:00,697.68
2019-06-02 13:30:00,625.32
2019-06-02 14:00:00,615.0
2019-06-02 14:30:00,620.28
2019-06-02 15:00:00,606.24
2019-06-02 15:30:00,611.64
2019-06-02 16:00:00,507.24
2019-06-02 16:30:00,379.44
2019-06-02 17:00:00,285.12
2019-06-02 17:30:00,287.64
2019-06-02 18:00:00,272.88
2019-06-02 18:30:00,233.2
2019-06-02 19:00:00,290.73
2019-06-02 19:30:00,273.48
2019-06-02 20:00:00,245.28
2019-06-02 20:30:00,245.16
2019-06-02 21:00:00,209.12
2019-06-02 21:30:00,177.6
2019-06-02 22:00:00,143.32
2019-06-02 22:30:00,121.14
2019-06-02 23:00:00,80.28
2019-06-02 23:30:00,67.68
2019-06-03 00:00:00,68.4
2019-06-03 00:00:00,68.4
2019-06-03 00:30:00,66.48
2019-06-03 01:00:00,62.7
2019-06-03 01:30:00,62.16
2019-06-03 02:00:00,64.08
2019-06-03 02:30:00,62.4
2019-06-03 03:00:00,59.04
2019-06-03 03:30:00,62.04
2019-06-03 04:00:00,58.56
2019-06-03 04:30:00,62.7
2019-06-03 05:00:00,62.04
2019-06-03 05:30:00,58.92
2019-06-03 06:00:00,62.88
2019-06-03 06:30:00,67.44
2019-06-03 07:00:00,75.72
2019-06-03 07:30:00,78.52
2019-06-03 08:00:00,120.36
2019-06-03 08:30:00,123.6
2019-06-03 09:00:00,149.48
2019-06-03 09:30:00,165.12
2019-06-03 10:00:00,165.96
2019-06-03 10:30:00,159.0
2019-06-03 11:00:00,168.0
2019-06-03 11:30:00,141.0
2019-06-03 12:00:00,205.32
2019-06-03 12:30:00,214.92
2019-06-03 13:00:00,202.68
2019-06-03 13:30:00,215.76
2019-06-03 14:00:00,196.92
2019-06-03 14:30:00,214.36
2019-06-03 15:00:00,220.32
2019-06-03 15:30:00,196.2
2019-06-03 16:00:00,207.88
2019-06-03 16:30:00,222.48
2019-06-03 17:00:00,223.2
2019-06-03 17:30:00,204.24
2019-06-03 18:00:00,213.96
2019-06-03 18:30:00,191.28
2019-06-03 19:00:00,249.0
2019-06-03 19:30:00,250.08
2019-06-03 20:00:00,240.12
2019-06-03 20:30:00,238.12
2019-06-03 21:00:00,204.48
2019-06-03 21:30:00,169.08
2019-06-03 22:00:00,135.12
2019-06-03 22:30:00,136.56
2019-06-03 23:00:00,88.68
2019-06-03 23:30:00,81.24
2019-06-04 00:00:00,82.68
2019-06-04 00:00:00,82.68
2019-06-04 00:30:00,62.16
2019-06-04 01:00:00,60.0
2019-06-04 01:30:00,64.2
2019-06-04 02:00:00,62.64
2019-06-04 02:30:00,65.56
2019-06-04 03:00:00,59.16
2019-06-04 03:30:00,61.2
2019-06-04 04:00:00,61.68
2019-06-04 04:30:00,62.76
2019-06-04 05:00:00,58.92
2019-06-04 05:30:00,61.32
2019-06-04 06:00:00,60.48
2019-06-04 06:30:00,80.16
2019-06-04 07:00:00,61.44
2019-06-04 07:30:00,81.48
2019-06-04 08:00:00,132.84
2019-06-04 08:30:00,121.44
2019-06-04 09:00:00,135.6
2019-06-04 09:30:00,156.36
2019-06-04 10:00:00,177.36
2019-06-04 10:30:00,149.64
2019-06-04 11:00:00,172.68
2019-06-04 11:30:00,176.1
2019-06-04 12:00:00,196.44
2019-06-04 12:30:00,230.4
2019-06-04 13:00:00,204.3
2019-06-04 13:30:00,222.72
2019-06-04 14:00:00,213.6
2019-06-04 14:30:00,226.32
2019-06-04 15:00:00,215.25
2019-06-04 15:30:00,202.32
2019-06-04 16:00:00,234.24
2019-06-04 16:30:00,213.72
2019-06-04 17:00:00,187.92
2019-06-04 17:30:00,218.88
2019-06-04 18:00:00,210.6
2019-06-04 18:30:00,209.76
2019-06-04 19:00:00,270.36
2019-06-04 19:30:00,247.56
2019-06-04 20:00:00,248.4
2019-06-04 20:30:00,261.72
2019-06-04 21:00:00,218.16
2019-06-04 21:30:00,170.28
2019-06-04 22:00:00,141.96
2019-06-04 22:30:00,131.76
2019-06-04 23:00:00,99.0
2019-06-04 23:30:00,88.92
2019-06-05 00:00:00,84.6
2019-06-05 00:00:00,84.6
2019-06-05 00:30:00,86.64
2019-06-05 01:00:00,69.66
2019-06-05 01:30:00,65.28
2019-06-05 02:00:00,70.44
2019-06-05 02:30:00,63.96
2019-06-05 03:00:00,79.92
2019-06-05 03:30:00,31.08
2019-06-05 04:00:00,66.79
2019-06-05 04:30:00,63.12
2019-06-05 05:00:00,66.48
2019-06-05 05:30:00,64.68
2019-06-05 06:00:00,75.42
2019-06-05 06:30:00,86.4
2019-06-05 07:00:00,81.12
2019-06-05 07:30:00,108.96
2019-06-05 08:00:00,146.28
2019-06-05 08:30:00,119.28
2019-06-05 09:00:00,175.32
2019-06-05 09:30:00,194.88
2019-06-05 10:00:00,201.06
2019-06-05 10:30:00,226.48
2019-06-05 11:00:00,222.96
2019-06-05 11:30:00,231.24
2019-06-05 12:00:00,254.4
2019-06-05 12:30:00,252.24
2019-06-05 13:00:00,244.68
2019-06-05 13:30:00,244.68
2019-06-05 14:00:00,280.92
2019-06-05 14:30:00,303.24
2019-06-05 15:00:00,293.76
2019-06-05 15:30:00,291.78
2019-06-05 16:00:00,310.2
2019-06-05 16:30:00,306.0
2019-06-05 17:00:00,270.72
2019-06-05 17:30:00,240.12
2019-06-05 18:00:00,251.64
2019-06-05 18:30:00,256.08
2019-06-05 19:00:00,282.48
2019-06-05 19:30:00,268.86
2019-06-05 20:00:00,273.48
2019-06-05 20:30:00,250.2
2019-06-05 21:00:00,248.76
2019-06-05 21:30:00,174.64
2019-06-05 22:00:00,146.76
2019-06-05 22:30:00,139.12
2019-06-05 23:00:00,102.0
2019-06-05 23:30:00,70.92
2019-06-06 00:00:00,67.56
2019-06-06 00:00:00,67.56
2019-06-06 00:30:00,69.32
2019-06-06 01:00:00,64.72
2019-06-06 01:30:00,67.54
2019-06-06 02:00:00,65.84
2019-06-06 02:30:00,67.44
2019-06-06 03:00:00,65.88
2019-06-06 03:30:00,69.76
2019-06-06 04:00:00,66.96
2019-06-06 04:30:00,68.07
2019-06-06 05:00:00,67.8
2019-06-06 05:30:00,63.96
2019-06-06 06:00:00,70.38
2019-06-06 06:30:00,76.36
2019-06-06 07:00:00,85.44
2019-06-06 07:30:00,120.84
2019-06-06 08:00:00,133.35
2019-06-06 08:30:00,135.32
2019-06-06 09:00:00,154.8
2019-06-06 09:30:00,183.2
2019-06-06 10:00:00,235.32
2019-06-06 10:30:00,207.0
2019-06-06 11:00:00,217.2
2019-06-06 11:30:00,212.88
2019-06-06 12:00:00,254.88
2019-06-06 12:30:00,249.6
2019-06-06 13:00:00,256.32
2019-06-06 13:30:00,294.24
2019-06-06 14:00:00,299.4
2019-06-06 14:30:00,344.64
2019-06-06 15:00:00,353.04
2019-06-06 15:30:00,347.76
2019-06-06 16:00:00,341.4
2019-06-06 16:30:00,339.72
2019-06-06 17:00:00,267.54
2019-06-06 17:30:00,248.04
2019-06-06 18:00:00,240.6
2019-06-06 18:30:00,242.64
2019-06-06 19:00:00,278.64
2019-06-06 19:30:00,251.16
2019-06-06 20:00:00,265.56
2019-06-06 20:30:00,236.52
2019-06-06 21:00:00,230.8
2019-06-06 21:30:00,171.6
2019-06-06 22:00:00,141.96
2019-06-06 22:30:00,125.64
2019-06-06 23:00:00,87.69
2019-06-06 23:30:00,78.96
2019-06-07 00:00:00,82.68
2019-06-07 00:00:00,82.68
2019-06-07 00:30:00,62.76
2019-06-07 01:00:00,62.76
2019-06-07 01:30:00,65.31
2019-06-07 02:00:00,65.28
2019-06-07 02:30:00,63.12
2019-06-07 03:00:00,60.84
2019-06-07 03:30:00,62.16
2019-06-07 04:00:00,61.44
2019-06-07 04:30:00,64.68
2019-06-07 05:00:00,63.09
2019-06-07 05:30:00,64.8
2019-06-07 06:00:00,60.6
2019-06-07 06:30:00,66.84
2019-06-07 07:00:00,64.64
2019-06-07 07:30:00,94.04
2019-06-07 08:00:00,48.0
2019-06-07 08:30:00,112.08
2019-06-07 09:00:00,191.4
2019-06-07 09:30:00,207.6
2019-06-07 10:00:00,202.83
2019-06-07 10:30:00,124.2
2019-06-07 11:00:00,236.3
2019-06-07 11:30:00,218.25
2019-06-07 12:00:00,222.84
2019-06-07 12:30:00,241.98
2019-06-07 13:00:00,212.16
2019-06-07 13:30:00,218.76
2019-06-07 14:00:00,218.64
2019-06-07 14:30:00,215.4
2019-06-07 15:00:00,208.48
2019-06-07 15:30:00,205.6
2019-06-07 16:00:00,223.34
2019-06-07 16:30:00,225.04
2019-06-07 17:00:00,237.08
2019-06-07 17:30:00,247.44
2019-06-07 18:00:00,214.5
2019-06-07 18:30:00,210.96
2019-06-07 19:00:00,244.74
2019-06-07 19:30:00,277.26
2019-06-07 20:00:00,254.28
2019-06-07 20:30:00,230.44
2019-06-07 21:00:00,213.64
2019-06-07 21:30:00,143.52
2019-06-07 22:00:00,129.48
2019-06-07 22:30:00,117.96
2019-06-07 23:00:00,77.2
2019-06-07 23:30:00,74.92
2019-06-08 00:00:00,71.52
2019-06-08 00:00:00,71.52
2019-06-08 00:30:00,69.6
2019-06-08 01:00:00,72.71
2019-06-08 01:30:00,61.68
2019-06-08 02:00:00,61.92
2019-06-08 02:30:00,62.76
2019-06-08 03:00:00,66.72
2019-06-08 03:30:00,69.36
2019-06-08 04:00:00,64.02
2019-06-08 04:30:00,65.82
2019-06-08 05:00:00,66.12
2019-06-08 05:30:00,67.44
2019-06-08 06:00:00,73.68
2019-06-08 06:30:00,73.8
2019-06-08 07:00:00,80.88
2019-06-08 07:30:00,99.76
2019-06-08 08:00:00,104.52
2019-06-08 08:30:00,151.44
2019-06-08 09:00:00,159.6
2019-06-08 09:30:00,197.04
2019-06-08 10:00:00,219.6
2019-06-08 10:30:00,243.84
2019-06-08 11:00:00,235.02
2019-06-08 11:30:00,235.2
2019-06-08 12:00:00,246.42
2019-06-08 12:30:00,234.24
2019-06-08 13:00:00,233.76
2019-06-08 13:30:00,257.52
2019-06-08 14:00:00,251.52
2019-06-08 14:30:00,260.28
2019-06-08 15:00:00,259.08
2019-06-08 15:30:00,258.24
2019-06-08 16:00:00,261.84
2019-06-08 16:30:00,264.6
2019-06-08 17:00:00,279.36
2019-06-08 17:30:00,265.08
2019-06-08 18:00:00,250.08
2019-06-08 18:30:00,228.96
2019-06-08 19:00:00,276.96
2019-06-08 19:30:00,274.2
2019-06-08 20:00:00,271.5
2019-06-08 20:30:00,255.84
2019-06-08 21:00:00,214.92
2019-06-08 21:30:00,151.68
2019-06-08 22:00:00,141.6
2019-06-08 22:30:00,113.52
2019-06-08 23:00:00,75.84
2019-06-08 23:30:00,66.72
2019-06-09 00:00:00,77.16
2019-06-09 00:00:00,77.16
2019-06-09 00:30:00,72.28
2019-06-09 01:00:00,67.2
2019-06-09 01:30:00,69.24
2019-06-09 02:00:00,68.04
2019-06-09 02:30:00,70.8
2019-06-09 03:00:00,67.72
2019-06-09 03:30:00,65.39
2019-06-09 04:00:00,65.1
2019-06-09 04:30:00,67.44
2019-06-09 05:00:00,64.68
2019-06-09 05:30:00,68.88
2019-06-09 06:00:00,67.32
2019-06-09 06:30:00,70.56
2019-06-09 07:00:00,76.16
2019-06-09 07:30:00,94.04
2019-06-09 08:00:00,128.32
2019-06-09 08:30:00,147.12
2019-06-09 09:00:00,168.12
2019-06-09 09:30:00,211.32
2019-06-09 10:00:00,267.6
2019-06-09 10:30:00,252.0
2019-06-09 11:00:00,246.0
2019-06-09 11:30:00,266.64
2019-06-09 12:00:00,278.72
2019-06-09 12:30:00,265.92
2019-06-09 13:00:00,265.4
2019-06-09 13:30:00,266.88
2019-06-09 14:00:00,269.32
2019-06-09 14:30:00,298.8
2019-06-09 15:00:00,261.6
2019-06-09 15:30:00,268.8
2019-06-09 16:00:00,285.7
2019-06-09 16:30:00,266.4
2019-06-09 17:00:00,267.0
2019-06-09 17:30:00,239.7
2019-06-09 18:00:00,257.4
2019-06-09 18:30:00,223.3
2019-06-09 19:00:00,273.0
2019-06-09 19:30:00,233.4
2019-06-09 20:00:00,235.4
2019-06-09 20:30:00,244.2
2019-06-09 21:00:00,245.2
2019-06-09 21:30:00,163.2
2019-06-09 22:00:00,138.7
2019-06-09 22:30:00,132.96
2019-06-09 23:00:00,80.52
2019-06-09 23:30:00,66.84
2019-06-10 00:00:00,69.24
2019-06-10 00:00:00,69.24
2019-06-10 00:30:00,69.48
2019-06-10 01:00:00,64.2
2019-06-10 01:30:00,67.96
2019-06-10 02:00:00,65.88
2019-06-10 02:30:00,67.68
2019-06-10 03:00:00,69.0
2019-06-10 03:30:00,64.8
2019-06-10 04:00:00,66.72
2019-06-10 04:30:00,67.44
2019-06-10 05:00:00,64.92
2019-06-10 05:30:00,66.72
2019-06-10 06:00:00,64.44
2019-06-10 06:30:00,77.76
2019-06-10 07:00:00,65.64
2019-06-10 07:30:00,99.12
2019-06-10 08:00:00,140.4
2019-06-10 08:30:00,131.88
2019-06-10 09:00:00,184.08
2019-06-10 09:30:00,190.2
2019-06-10 10:00:00,184.8
2019-06-10 10:30:00,201.96
2019-06-10 11:00:00,199.44
2019-06-10 11:30:00,208.68
2019-06-10 12:00:00,218.88
2019-06-10 12:30:00,242.16
2019-06-10 13:00:00,234.48
2019-06-10 13:30:00,236.04
2019-06-10 14:00:00,211.44
2019-06-10 14:30:00,186.87
2019-06-10 15:00:00,184.92
2019-06-10 15:30:00,200.04
2019-06-10 16:00:00,239.4
2019-06-10 16:30:00,205.4
2019-06-10 17:00:00,214.8
2019-06-10 17:30:00,211.92
2019-06-10 18:00:00,214.36
2019-06-10 18:30:00,225.0
2019-06-10 19:00:00,252.72
2019-06-10 19:30:00,240.0
2019-06-10 20:00:00,244.2
2019-06-10 20:30:00,251.64
2019-06-10 21:00:00,233.28
2019-06-10 21:30:00,177.6
2019-06-10 22:00:00,136.32
2019-06-10 22:30:00,123.84
2019-06-10 23:00:00,88.08
2019-06-10 23:30:00,74.04
2019-06-11 00:00:00,75.6
2019-06-11 00:00:00,75.6
2019-06-11 00:30:00,64.56
2019-06-11 01:00:00,65.76
2019-06-11 01:30:00,64.92
2019-06-11 02:00:00,65.16
2019-06-11 02:30:00,66.42
2019-06-11 03:00:00,61.92
2019-06-11 03:30:00,60.84
2019-06-11 04:00:00,63.96
2019-06-11 04:30:00,63.36
2019-06-11 05:00:00,62.64
2019-06-11 05:30:00,78.6
2019-06-11 06:00:00,70.08
2019-06-11 06:30:00,71.88
2019-06-11 07:00:00,75.24
2019-06-11 07:30:00,108.6
2019-06-11 08:00:00,151.32
2019-06-11 08:30:00,161.52
2019-06-11 09:00:00,182.91
2019-06-11 09:30:00,185.82
2019-06-11 10:00:00,182.88
2019-06-11 10:30:00,201.96
2019-06-11 11:00:00,209.88
2019-06-11 11:30:00,214.2
2019-06-11 12:00:00,243.96
2019-06-11 12:30:00,236.88
2019-06-11 13:00:00,251.64
2019-06-11 13:30:00,249.24
2019-06-11 14:00:00,233.52
2019-06-11 14:30:00,219.0
2019-06-11 15:00:00,210.84
2019-06-11 15:30:00,222.0
2019-06-11 16:00:00,224.28
2019-06-11 16:30:00,212.64
2019-06-11 17:00:00,193.56
2019-06-11 17:30:00,202.56
2019-06-11 18:00:00,232.74
2019-06-11 18:30:00,221.52
2019-06-11 19:00:00,273.6
2019-06-11 19:30:00,246.72
2019-06-11 20:00:00,255.66
2019-06-11 20:30:00,232.44
2019-06-11 21:00:00,205.38
2019-06-11 21:30:00,112.56
2019-06-11 22:00:00,133.32
2019-06-11 22:30:00,85.44
2019-06-11 23:00:00,86.1
2019-06-11 23:30:00,76.2
2019-06-12 00:00:00,64.62
2019-06-12 00:00:00,64.62
2019-06-12 00:30:00,64.2
2019-06-12 01:00:00,76.56
2019-06-12 01:30:00,70.08
2019-06-12 02:00:00,69.96
2019-06-12 02:30:00,33.84
2019-06-12 03:00:00,73.92
2019-06-12 03:30:00,84.84
2019-06-12 04:00:00,61.32
2019-06-12 04:30:00,62.16
2019-06-12 05:00:00,62.76
2019-06-12 05:30:00,61.68
2019-06-12 06:00:00,60.36
2019-06-12 06:30:00,66.6
2019-06-12 07:00:00,74.22
2019-06-12 07:30:00,99.6
2019-06-12 08:00:00,138.6
2019-06-12 08:30:00,152.52
2019-06-12 09:00:00,183.72
2019-06-12 09:30:00,214.56
2019-06-12 10:00:00,241.08
2019-06-12 10:30:00,228.48
2019-06-12 11:00:00,227.76
2019-06-12 11:30:00,204.48
2019-06-12 12:00:00,229.92
2019-06-12 12:30:00,232.68
2019-06-12 13:00:00,246.36
2019-06-12 13:30:00,228.44
2019-06-12 14:00:00,254.16
2019-06-12 14:30:00,300.18
2019-06-12 15:00:00,292.92
2019-06-12 15:30:00,293.76
2019-06-12 16:00:00,270.0
2019-06-12 16:30:00,275.4
2019-06-12 17:00:00,249.48
2019-06-12 17:30:00,239.64
2019-06-12 18:00:00,219.6
2019-06-12 18:30:00,261.72
2019-06-12 19:00:00,290.64
2019-06-12 19:30:00,267.36
2019-06-12 20:00:00,268.68
2019-06-12 20:30:00,250.32
2019-06-12 21:00:00,227.04
2019-06-12 21:30:00,166.92
2019-06-12 22:00:00,122.52
2019-06-12 22:30:00,120.48
2019-06-12 23:00:00,85.44
2019-06-12 23:30:00,83.64
2019-06-13 00:00:00,66.24
2019-06-13 00:00:00,66.24
2019-06-13 00:30:00,67.26
2019-06-13 01:00:00,61.74
2019-06-13 01:30:00,62.64
2019-06-13 02:00:00,62.04
2019-06-13 02:30:00,65.58
2019-06-13 03:00:00,65.28
2019-06-13 03:30:00,63.92
2019-06-13 04:00:00,61.92
2019-06-13 04:30:00,63.18
2019-06-13 05:00:00,66.72
2019-06-13 05:30:00,63.6
2019-06-13 06:00:00,86.52
2019-06-13 06:30:00,84.12
2019-06-13 07:00:00,77.84
2019-06-13 07:30:00,106.08
2019-06-13 08:00:00,120.72
2019-06-13 08:30:00,138.72
2019-06-13 09:00:00,209.64
2019-06-13 09:30:00,190.68
2019-06-13 10:00:00,220.36
2019-06-13 10:30:00,122.76
2019-06-13 11:00:00,212.04
2019-06-13 11:30:00,212.1
2019-06-13 12:00:00,249.48
2019-06-13 12:30:00,224.36
2019-06-13 13:00:00,246.0
2019-06-13 13:30:00,224.1
2019-06-13 14:00:00,237.12
2019-06-13 14:30:00,116.16
2019-06-13 15:00:00,244.44
2019-06-13 15:30:00,238.08
2019-06-13 16:00:00,96.72
2019-06-13 16:30:00,214.92
2019-06-13 17:00:00,208.56
2019-06-13 17:30:00,211.2
2019-06-13 18:00:00,215.16
2019-06-13 18:30:00,197.4
2019-06-13 19:00:00,226.64
2019-06-13 19:30:00,240.36
2019-06-13 20:00:00,235.56
2019-06-13 20:30:00,206.52
2019-06-13 21:00:00,200.04
2019-06-13 21:30:00,142.44
2019-06-13 22:00:00,139.08
2019-06-13 22:30:00,118.5
2019-06-13 23:00:00,73.8
2019-06-13 23:30:00,61.74
2019-06-14 00:00:00,61.5
2019-06-14 00:00:00,61.5
2019-06-14 00:30:00,61.38
2019-06-14 01:00:00,61.44
2019-06-14 01:30:00,58.68
2019-06-14 02:00:00,58.2
2019-06-14 02:30:00,58.86
2019-06-14 03:00:00,59.28
2019-06-14 03:30:00,62.04
2019-06-14 04:00:00,59.64
2019-06-14 04:30:00,70.68
2019-06-14 05:00:00,59.12
2019-06-14 05:30:00,57.36
2019-06-14 06:00:00,65.16
2019-06-14 06:30:00,65.28
2019-06-14 07:00:00,72.24
2019-06-14 07:30:00,98.44
2019-06-14 08:00:00,114.96
2019-06-14 08:30:00,135.24
2019-06-14 09:00:00,156.0
2019-06-14 09:30:00,171.97
2019-06-14 10:00:00,195.78
2019-06-14 10:30:00,192.84
2019-06-14 11:00:00,199.32
2019-06-14 11:30:00,194.64
2019-06-14 12:00:00,207.92
2019-06-14 12:30:00,219.24
2019-06-14 13:00:00,247.32
2019-06-14 13:30:00,229.68
2019-06-14 14:00:00,216.6
2019-06-14 14:30:00,236.52
2019-06-14 15:00:00,228.48
2019-06-14 15:30:00,226.92
2019-06-14 16:00:00,263.58
2019-06-14 16:30:00,248.88
2019-06-14 17:00:00,249.0
2019-06-14 17:30:00,276.0
2019-06-14 18:00:00,226.68
2019-06-14 18:30:00,232.56
2019-06-14 19:00:00,248.52
2019-06-14 19:30:00,257.28
2019-06-14 20:00:00,268.17
2019-06-14 20:30:00,251.76
2019-06-14 21:00:00,220.08
2019-06-14 21:30:00,185.64
2019-06-14 22:00:00,165.66
2019-06-14 22:30:00,159.84
2019-06-14 23:00:00,110.4
2019-06-14 23:30:00,100.8
2019-06-15 00:00:00,92.52
2019-06-15 00:00:00,92.52
2019-06-15 00:30:00,93.12
2019-06-15 01:00:00,95.12
2019-06-15 01:30:00,99.12
2019-06-15 02:00:00,96.6
2019-06-15 02:30:00,95.76
2019-06-15 03:00:00,92.8
2019-06-15 03:30:00,94.2
2019-06-15 04:00:00,92.4
2019-06-15 04:30:00,108.36
2019-06-15 05:00:00,93.12
2019-06-15 05:30:00,92.07
2019-06-15 06:00:00,89.76
2019-06-15 06:30:00,99.6
2019-06-15 07:00:00,101.03
2019-06-15 07:30:00,121.08
2019-06-15 08:00:00,158.4
2019-06-15 08:30:00,170.04
2019-06-15 09:00:00,188.4
2019-06-15 09:30:00,214.16
2019-06-15 10:00:00,228.96
2019-06-15 10:30:00,227.94
2019-06-15 11:00:00,240.36
2019-06-15 11:30:00,253.44
2019-06-15 12:00:00,268.68
2019-06-15 12:30:00,263.4
2019-06-15 13:00:00,240.84
2019-06-15 13:30:00,272.94
2019-06-15 14:00:00,239.12
2019-06-15 14:30:00,271.32
2019-06-15 15:00:00,268.2
2019-06-15 15:30:00,267.24
2019-06-15 16:00:00,131.0
2019-06-15 16:30:00,273.24
2019-06-15 17:00:00,271.74
2019-06-15 17:30:00,262.8
2019-06-15 18:00:00,266.04
2019-06-15 18:30:00,280.2
2019-06-15 19:00:00,315.96
2019-06-15 19:30:00,283.1
2019-06-15 20:00:00,282.7
2019-06-15 20:30:00,305.4
2019-06-15 21:00:00,209.4
2019-06-15 21:30:00,159.0
2019-06-15 22:00:00,131.3
2019-06-15 22:30:00,108.06
2019-06-15 23:00:00,74.6
2019-06-15 23:30:00,64.56
2019-06-16 00:00:00,61.5
2019-06-16 00:00:00,61.5
2019-06-16 00:30:00,65.28
2019-06-16 01:00:00,64.68
2019-06-16 01:30:00,63.6
2019-06-16 02:00:00,61.08
2019-06-16 02:30:00,66.0
2019-06-16 03:00:00,67.92
2019-06-16 03:30:00,64.8
2019-06-16 04:00:00,68.16
2019-06-16 04:30:00,64.44
2019-06-16 05:00:00,67.68
2019-06-16 05:30:00,64.08
2019-06-16 06:00:00,64.56
2019-06-16 06:30:00,74.16
2019-06-16 07:00:00,123.48
2019-06-16 07:30:00,366.6
2019-06-16 08:00:00,580.8
2019-06-16 08:30:00,610.2
2019-06-16 09:00:00,658.08
2019-06-16 09:30:00,654.12
2019-06-16 10:00:00,666.48
2019-06-16 10:30:00,702.12
2019-06-16 11:00:00,725.16
2019-06-16 11:30:00,703.62
2019-06-16 12:00:00,724.44
2019-06-16 12:30:00,678.54
2019-06-16 13:00:00,715.44
2019-06-16 13:30:00,716.64
2019-06-16 14:00:00,720.18
2019-06-16 14:30:00,725.52
2019-06-16 15:00:00,708.08
2019-06-16 15:30:00,723.84
2019-06-16 16:00:00,684.12
2019-06-16 16:30:00,692.52
2019-06-16 17:00:00,717.24
2019-06-16 17:30:00,671.64
2019-06-16 18:00:00,630.0
2019-06-16 18:30:00,663.36
2019-06-16 19:00:00,710.52
2019-06-16 19:30:00,667.44
2019-06-16 20:00:00,670.68
2019-06-16 20:30:00,497.52
2019-06-16 21:00:00,324.72
2019-06-16 21:30:00,212.08
2019-06-16 22:00:00,188.76
2019-06-16 22:30:00,109.32
2019-06-16 23:00:00,72.6
2019-06-16 23:30:00,65.04
2019-06-17 00:00:00,63.24
2019-06-17 00:00:00,63.24
2019-06-17 00:30:00,62.32
2019-06-17 01:00:00,66.72
2019-06-17 01:30:00,62.28
2019-06-17 02:00:00,68.28
2019-06-17 02:30:00,61.8
2019-06-17 03:00:00,64.68
2019-06-17 03:30:00,64.8
2019-06-17 04:00:00,33.6
2019-06-17 04:30:00,65.28
2019-06-17 05:00:00,58.2
2019-06-17 05:30:00,64.44
2019-06-17 06:00:00,71.44
2019-06-17 06:30:00,187.44
2019-06-17 07:00:00,344.76
2019-06-17 07:30:00,532.2
2019-06-17 08:00:00,584.52
2019-06-17 08:30:00,555.72
2019-06-17 09:00:00,618.36
2019-06-17 09:30:00,608.86
2019-06-17 10:00:00,613.4
2019-06-17 10:30:00,624.12
2019-06-17 11:00:00,610.04
2019-06-17 11:30:00,614.4
2019-06-17 12:00:00,619.44
2019-06-17 12:30:00,627.2
2019-06-17 13:00:00,634.56
2019-06-17 13:30:00,635.4
2019-06-17 14:00:00,610.98
2019-06-17 14:30:00,634.32
2019-06-17 15:00:00,604.56
2019-06-17 15:30:00,615.72
2019-06-17 16:00:00,622.2
2019-06-17 16:30:00,641.4
2019-06-17 17:00:00,502.08
2019-06-17 17:30:00,484.8
2019-06-17 18:00:00,244.87
2019-06-17 18:30:00,230.1
2019-06-17 19:00:00,276.2
2019-06-17 19:30:00,265.8
2019-06-17 20:00:00,257.4
2019-06-17 20:30:00,268.8
2019-06-17 21:00:00,258.6
2019-06-17 21:30:00,213.6
2019-06-17 22:00:00,178.8
2019-06-17 22:30:00,172.6
2019-06-17 23:00:00,132.84
2019-06-17 23:30:00,112.14
2019-06-18 00:00:00,105.48
2019-06-18 00:00:00,105.48
2019-06-18 00:30:00,104.52
2019-06-18 01:00:00,106.92
2019-06-18 01:30:00,109.2
2019-06-18 02:00:00,86.64
2019-06-18 02:30:00,81.18
2019-06-18 03:00:00,81.36
2019-06-18 03:30:00,86.04
2019-06-18 04:00:00,80.16
2019-06-18 04:30:00,82.2
2019-06-18 05:00:00,81.96
2019-06-18 05:30:00,79.35
2019-06-18 06:00:00,83.28
2019-06-18 06:30:00,82.08
2019-06-18 07:00:00,85.5
2019-06-18 07:30:00,114.87
2019-06-18 08:00:00,133.8
2019-06-18 08:30:00,130.9
2019-06-18 09:00:00,144.06
2019-06-18 09:30:00,222.2
2019-06-18 10:00:00,185.64
2019-06-18 10:30:00,220.8
2019-06-18 11:00:00,230.4
2019-06-18 11:30:00,262.8
2019-06-18 12:00:00,236.4
2019-06-18 12:30:00,237.99
2019-06-18 13:00:00,261.0
2019-06-18 13:30:00,229.2
2019-06-18 14:00:00,222.6
2019-06-18 14:30:00,220.2
2019-06-18 15:00:00,227.4
2019-06-18 15:30:00,243.0
2019-06-18 16:00:00,250.8
2019-06-18 16:30:00,204.6
2019-06-18 17:00:00,204.0
2019-06-18 17:30:00,177.4
2019-06-18 18:00:00,234.6
2019-06-18 18:30:00,199.2
2019-06-18 19:00:00,274.8
2019-06-18 19:30:00,274.8
2019-06-18 20:00:00,239.4
2019-06-18 20:30:00,298.2
2019-06-18 21:00:00,236.7
2019-06-18 21:30:00,198.0
2019-06-18 22:00:00,133.8
2019-06-18 22:30:00,128.4
2019-06-18 23:00:00,114.78
2019-06-18 23:30:00,92.4
2019-06-19 00:00:00,66.84
2019-06-19 00:00:00,66.84
2019-06-19 00:30:00,69.0
2019-06-19 01:00:00,66.36
2019-06-19 01:30:00,66.24
2019-06-19 02:00:00,65.88
2019-06-19 02:30:00,70.56
2019-06-19 03:00:00,65.4
2019-06-19 03:30:00,66.12
2019-06-19 04:00:00,61.68
2019-06-19 04:30:00,65.64
2019-06-19 05:00:00,63.36
2019-06-19 05:30:00,64.68
2019-06-19 06:00:00,66.48
2019-06-19 06:30:00,69.72
2019-06-19 07:00:00,70.08
2019-06-19 07:30:00,84.96
2019-06-19 08:00:00,120.36
2019-06-19 08:30:00,123.9
2019-06-19 09:00:00,228.0
2019-06-19 09:30:00,237.96
2019-06-19 10:00:00,128.76
2019-06-19 10:30:00,240.48
2019-06-19 11:00:00,256.44
2019-06-19 11:30:00,215.28
2019-06-19 12:00:00,284.04
2019-06-19 12:30:00,254.28
2019-06-19 13:00:00,273.84
2019-06-19 13:30:00,256.44
2019-06-19 14:00:00,274.32
2019-06-19 14:30:00,257.72
2019-06-19 15:00:00,229.08
2019-06-19 15:30:00,243.12
2019-06-19 16:00:00,240.12
2019-06-19 16:30:00,238.2
2019-06-19 17:00:00,234.84
2019-06-19 17:30:00,187.2
2019-06-19 18:00:00,213.72
2019-06-19 18:30:00,212.64
2019-06-19 19:00:00,234.68
2019-06-19 19:30:00,261.72
2019-06-19 20:00:00,155.76
2019-06-19 20:30:00,240.6
2019-06-19 21:00:00,201.0
2019-06-19 21:30:00,155.04
2019-06-19 22:00:00,130.8
2019-06-19 22:30:00,127.2
2019-06-19 23:00:00,79.92
2019-06-19 23:30:00,63.54
2019-06-20 00:00:00,62.76
2019-06-20 00:00:00,62.76
2019-06-20 00:30:00,65.04
2019-06-20 01:00:00,62.28
2019-06-20 01:30:00,61.2
2019-06-20 02:00:00,62.59
2019-06-20 02:30:00,64.2
2019-06-20 03:00:00,60.9
2019-06-20 03:30:00,61.8
2019-06-20 04:00:00,58.8
2019-06-20 04:30:00,62.4
2019-06-20 05:00:00,67.5
2019-06-20 05:30:00,66.6
2019-06-20 06:00:00,73.2
2019-06-20 06:30:00,67.4
2019-06-20 07:00:00,65.4
2019-06-20 07:30:00,87.0
2019-06-20 08:00:00,127.8
2019-06-20 08:30:00,148.2
2019-06-20 09:00:00,184.5
2019-06-20 09:30:00,210.6
2019-06-20 10:00:00,193.2
2019-06-20 10:30:00,260.4
2019-06-20 11:00:00,234.3
2019-06-20 11:30:00,264.0
2019-06-20 12:00:00,226.8
2019-06-20 12:30:00,274.2
2019-06-20 13:00:00,251.0
2019-06-20 13:30:00,235.2
2019-06-20 14:00:00,246.0
2019-06-20 14:30:00,255.6
2019-06-20 15:00:00,232.2
2019-06-20 15:30:00,229.2
2019-06-20 16:00:00,207.0
2019-06-20 16:30:00,255.0
2019-06-20 17:00:00,250.2
2019-06-20 17:30:00,214.2
2019-06-20 18:00:00,231.8
2019-06-20 18:30:00,189.6
2019-06-20 19:00:00,259.8
2019-06-20 19:30:00,231.0
2019-06-20 20:00:00,241.8
2019-06-20 20:30:00,244.2
2019-06-20 21:00:00,238.8
2019-06-20 21:30:00,187.2
2019-06-20 22:00:00,133.2
2019-06-20 22:30:00,123.72
2019-06-20 23:00:00,75.12
2019-06-20 23:30:00,60.96
2019-06-21 00:00:00,65.4
2019-06-21 00:00:00,65.4
2019-06-21 00:30:00,61.88
2019-06-21 01:00:00,62.4
2019-06-21 01:30:00,60.12
2019-06-21 02:00:00,61.44
2019-06-21 02:30:00,61.8
2019-06-21 03:00:00,61.8
2019-06-21 03:30:00,60.04
2019-06-21 04:00:00,65.76
2019-06-21 04:30:00,74.04
2019-06-21 05:00:00,64.2
2019-06-21 05:30:00,60.84
2019-06-21 06:00:00,61.56
2019-06-21 06:30:00,67.56
2019-06-21 07:00:00,76.92
2019-06-21 07:30:00,111.12
2019-06-21 08:00:00,126.72
2019-06-21 08:30:00,108.6
2019-06-21 09:00:00,182.88
2019-06-21 09:30:00,183.48
2019-06-21 10:00:00,207.64
2019-06-21 10:30:00,214.2
2019-06-21 11:00:00,225.12
2019-06-21 11:30:00,207.12
2019-06-21 12:00:00,241.68
2019-06-21 12:30:00,244.2
2019-06-21 13:00:00,248.64
2019-06-21 13:30:00,229.2
2019-06-21 14:00:00,281.04
2019-06-21 14:30:00,260.22
2019-06-21 15:00:00,304.38
2019-06-21 15:30:00,287.28
2019-06-21 16:00:00,278.82
2019-06-21 16:30:00,243.0
2019-06-21 17:00:00,242.64
2019-06-21 17:30:00,238.2
2019-06-21 18:00:00,247.2
2019-06-21 18:30:00,239.84
2019-06-21 19:00:00,281.88
2019-06-21 19:30:00,297.84
2019-06-21 20:00:00,270.0
2019-06-21 20:30:00,257.04
2019-06-21 21:00:00,232.92
2019-06-21 21:30:00,183.72
2019-06-21 22:00:00,143.16
2019-06-21 22:30:00,134.04
2019-06-21 23:00:00,87.48
2019-06-21 23:30:00,73.2
2019-06-22 00:00:00,72.0
2019-06-22 00:00:00,72.0
2019-06-22 00:30:00,76.2
2019-06-22 01:00:00,69.0
2019-06-22 01:30:00,57.6
2019-06-22 02:00:00,62.4
2019-06-22 02:30:00,66.6
2019-06-22 03:00:00,61.8
2019-06-22 03:30:00,65.8
2019-06-22 04:00:00,61.2
2019-06-22 04:30:00,81.0
2019-06-22 05:00:00,62.1
2019-06-22 05:30:00,79.2
2019-06-22 06:00:00,69.6
2019-06-22 06:30:00,74.4
2019-06-22 07:00:00,61.2
2019-06-22 07:30:00,73.2
2019-06-22 08:00:00,128.1
2019-06-22 08:30:00,117.0
2019-06-22 09:00:00,146.4
2019-06-22 09:30:00,187.2
2019-06-22 10:00:00,205.8
2019-06-22 10:30:00,210.0
2019-06-22 11:00:00,241.2
2019-06-22 11:30:00,262.8
2019-06-22 12:00:00,258.0
2019-06-22 12:30:00,211.2
2019-06-22 13:00:00,201.0
2019-06-22 13:30:00,230.4
2019-06-22 14:00:00,230.4
2019-06-22 14:30:00,247.2
2019-06-22 15:00:00,226.8
2019-06-22 15:30:00,233.4
2019-06-22 16:00:00,235.8
2019-06-22 16:30:00,211.2
2019-06-22 17:00:00,217.2
2019-06-22 17:30:00,232.8
2019-06-22 18:00:00,236.7
2019-06-22 18:30:00,216.0
2019-06-22 19:00:00,244.2
2019-06-22 19:30:00,258.0
2019-06-22 20:00:00,257.4
2019-06-22 20:30:00,259.2
2019-06-22 21:00:00,217.8
2019-06-22 21:30:00,165.6
2019-06-22 22:00:00,132.2
2019-06-22 22:30:00,113.28
2019-06-22 23:00:00,77.82
2019-06-22 23:30:00,65.56
2019-06-23 00:00:00,62.4
2019-06-23 00:00:00,62.4
2019-06-23 00:30:00,64.2
2019-06-23 01:00:00,63.76
2019-06-23 01:30:00,63.24
2019-06-23 02:00:00,62.28
2019-06-23 02:30:00,61.2
2019-06-23 03:00:00,64.2
2019-06-23 03:30:00,65.8
2019-06-23 04:00:00,61.56
2019-06-23 04:30:00,64.2
2019-06-23 05:00:00,63.78
2019-06-23 05:30:00,88.8
2019-06-23 06:00:00,76.68
2019-06-23 06:30:00,73.68
2019-06-23 07:00:00,34.14
2019-06-23 07:30:00,99.24
2019-06-23 08:00:00,123.0
2019-06-23 08:30:00,124.8
2019-06-23 09:00:00,150.36
2019-06-23 09:30:00,209.94
2019-06-23 10:00:00,204.84
2019-06-23 10:30:00,263.64
2019-06-23 11:00:00,231.24
2019-06-23 11:30:00,249.84
2019-06-23 12:00:00,257.73
2019-06-23 12:30:00,229.32
2019-06-23 13:00:00,245.4
2019-06-23 13:30:00,263.64
2019-06-23 14:00:00,247.5
2019-06-23 14:30:00,239.67
2019-06-23 15:00:00,234.84
2019-06-23 15:30:00,267.84
2019-06-23 16:00:00,274.32
2019-06-23 16:30:00,253.32
2019-06-23 17:00:00,285.51
2019-06-23 17:30:00,267.72
2019-06-23 18:00:00,264.48
2019-06-23 18:30:00,233.88
2019-06-23 19:00:00,277.52
2019-06-23 19:30:00,274.5
2019-06-23 20:00:00,260.64
2019-06-23 20:30:00,231.18
2019-06-23 21:00:00,217.32
2019-06-23 21:30:00,168.0
2019-06-23 22:00:00,165.96
2019-06-23 22:30:00,87.12
2019-06-23 23:00:00,117.84
2019-06-23 23:30:00,95.16
2019-06-24 00:00:00,94.32
2019-06-24 00:00:00,94.32
2019-06-24 00:30:00,93.48
2019-06-24 01:00:00,91.56
2019-06-24 01:30:00,91.44
2019-06-24 02:00:00,92.04
2019-06-24 02:30:00,90.24
2019-06-24 03:00:00,95.88
2019-06-24 03:30:00,92.72
2019-06-24 04:00:00,90.36
2019-06-24 04:30:00,93.48
2019-06-24 05:00:00,91.2
2019-06-24 05:30:00,97.32
2019-06-24 06:00:00,87.96
2019-06-24 06:30:00,92.88
2019-06-24 07:00:00,96.72
2019-06-24 07:30:00,120.72
2019-06-24 08:00:00,126.72
2019-06-24 08:30:00,125.1
2019-06-24 09:00:00,186.24
2019-06-24 09:30:00,204.18
2019-06-24 10:00:00,194.76
2019-06-24 10:30:00,189.48
2019-06-24 11:00:00,193.2
2019-06-24 11:30:00,202.32
2019-06-24 12:00:00,189.6
2019-06-24 12:30:00,198.24
2019-06-24 13:00:00,190.44
2019-06-24 13:30:00,199.68
2019-06-24 14:00:00,208.24
2019-06-24 14:30:00,183.48
2019-06-24 15:00:00,220.2
2019-06-24 15:30:00,460.32
2019-06-24 16:00:00,650.16
2019-06-24 16:30:00,448.44
2019-06-24 17:00:00,316.8
2019-06-24 17:30:00,230.16
2019-06-24 18:00:00,218.28
2019-06-24 18:30:00,230.28
2019-06-24 19:00:00,261.96
2019-06-24 19:30:00,261.0
2019-06-24 20:00:00,231.12
2019-06-24 20:30:00,236.4
2019-06-24 21:00:00,213.72
2019-06-24 21:30:00,197.4
2019-06-24 22:00:00,129.84
2019-06-24 22:30:00,129.72
2019-06-24 23:00:00,78.12
2019-06-24 23:30:00,71.16
2019-06-25 00:00:00,70.92
2019-06-25 00:00:00,70.92
2019-06-25 00:30:00,72.72
2019-06-25 01:00:00,69.72
2019-06-25 01:30:00,65.16
2019-06-25 02:00:00,71.16
2019-06-25 02:30:00,68.24
2019-06-25 03:00:00,68.28
2019-06-25 03:30:00,64.32
2019-06-25 04:00:00,69.84
2019-06-25 04:30:00,69.12
2019-06-25 05:00:00,164.76
2019-06-25 05:30:00,516.0
2019-06-25 06:00:00,552.36
2019-06-25 06:30:00,473.64
2019-06-25 07:00:00,504.54
2019-06-25 07:30:00,545.43
2019-06-25 08:00:00,611.52
2019-06-25 08:30:00,606.33
2019-06-25 09:00:00,632.58
2019-06-25 09:30:00,643.74
2019-06-25 10:00:00,684.16
2019-06-25 10:30:00,675.96
2019-06-25 11:00:00,659.44
2019-06-25 11:30:00,682.44
2019-06-25 12:00:00,682.8
2019-06-25 12:30:00,683.04
2019-06-25 13:00:00,680.1
2019-06-25 13:30:00,686.76
2019-06-25 14:00:00,646.68
2019-06-25 14:30:00,665.16
2019-06-25 15:00:00,657.96
2019-06-25 15:30:00,479.64
2019-06-25 16:00:00,355.68
2019-06-25 16:30:00,266.22
2019-06-25 17:00:00,240.6
2019-06-25 17:30:00,236.88
2019-06-25 18:00:00,231.72
2019-06-25 18:30:00,244.68
2019-06-25 19:00:00,247.92
2019-06-25 19:30:00,175.09
2019-06-25 20:00:00,255.36
2019-06-25 20:30:00,228.48
2019-06-25 21:00:00,228.6
2019-06-25 21:30:00,177.0
2019-06-25 22:00:00,170.16
2019-06-25 22:30:00,163.32
2019-06-25 23:00:00,128.88
2019-06-25 23:30:00,113.64
2019-06-26 00:00:00,92.58
2019-06-26 00:00:00,92.58
2019-06-26 00:30:00,67.74
2019-06-26 01:00:00,67.56
2019-06-26 01:30:00,65.28
2019-06-26 02:00:00,71.52
2019-06-26 02:30:00,68.52
2019-06-26 03:00:00,77.16
2019-06-26 03:30:00,64.56
2019-06-26 04:00:00,62.28
2019-06-26 04:30:00,66.24
2019-06-26 05:00:00,65.16
2019-06-26 05:30:00,71.52
2019-06-26 06:00:00,78.84
2019-06-26 06:30:00,76.08
2019-06-26 07:00:00,106.8
2019-06-26 07:30:00,172.32
2019-06-26 08:00:00,210.0
2019-06-26 08:30:00,262.56
2019-06-26 09:00:00,309.84
2019-06-26 09:30:00,322.68
2019-06-26 10:00:00,323.4
2019-06-26 10:30:00,365.52
2019-06-26 11:00:00,329.64
2019-06-26 11:30:00,342.24
2019-06-26 12:00:00,365.88
2019-06-26 12:30:00,355.92
2019-06-26 13:00:00,327.54
2019-06-26 13:30:00,325.2
2019-06-26 14:00:00,309.72
2019-06-26 14:30:00,312.36
2019-06-26 15:00:00,335.64
2019-06-26 15:30:00,281.88
2019-06-26 16:00:00,269.28
2019-06-26 16:30:00,260.4
2019-06-26 17:00:00,267.72
2019-06-26 17:30:00,132.72
2019-06-26 18:00:00,257.16
2019-06-26 18:30:00,270.36
2019-06-26 19:00:00,264.16
2019-06-26 19:30:00,282.96
2019-06-26 20:00:00,290.88
2019-06-26 20:30:00,260.52
2019-06-26 21:00:00,251.4
2019-06-26 21:30:00,174.72
2019-06-26 22:00:00,137.8
2019-06-26 22:30:00,119.88
2019-06-26 23:00:00,93.48
2019-06-26 23:30:00,82.2
2019-06-27 00:00:00,80.28
2019-06-27 00:00:00,80.28
2019-06-27 00:30:00,78.36
2019-06-27 01:00:00,84.12
2019-06-27 01:30:00,72.78
2019-06-27 02:00:00,71.56
2019-06-27 02:30:00,66.84
2019-06-27 03:00:00,66.6
2019-06-27 03:30:00,67.08
2019-06-27 04:00:00,63.36
2019-06-27 04:30:00,63.4
2019-06-27 05:00:00,67.32
2019-06-27 05:30:00,62.88
2019-06-27 06:00:00,72.96
2019-06-27 06:30:00,67.92
2019-06-27 07:00:00,75.72
2019-06-27 07:30:00,88.92
2019-06-27 08:00:00,108.24
2019-06-27 08:30:00,140.04
2019-06-27 09:00:00,183.6
2019-06-27 09:30:00,211.56
2019-06-27 10:00:00,224.4
2019-06-27 10:30:00,244.68
2019-06-27 11:00:00,251.76
2019-06-27 11:30:00,272.34
2019-06-27 12:00:00,247.92
2019-06-27 12:30:00,245.04
2019-06-27 13:00:00,253.56
2019-06-27 13:30:00,255.42
2019-06-27 14:00:00,273.96
2019-06-27 14:30:00,256.08
2019-06-27 15:00:00,249.6
2019-06-27 15:30:00,259.76
2019-06-27 16:00:00,233.28
2019-06-27 16:30:00,283.08
2019-06-27 17:00:00,269.88
2019-06-27 17:30:00,238.92
2019-06-27 18:00:00,222.96
2019-06-27 18:30:00,241.08
2019-06-27 19:00:00,304.08
2019-06-27 19:30:00,270.12
2019-06-27 20:00:00,269.04
2019-06-27 20:30:00,236.52
2019-06-27 21:00:00,237.84
2019-06-27 21:30:00,170.28
2019-06-27 22:00:00,143.16
2019-06-27 22:30:00,125.2
2019-06-27 23:00:00,91.79
2019-06-27 23:30:00,83.04
2019-06-28 00:00:00,80.76
2019-06-28 00:00:00,80.76
2019-06-28 00:30:00,82.69
2019-06-28 01:00:00,80.25
2019-06-28 01:30:00,82.99
2019-06-28 02:00:00,82.76
2019-06-28 02:30:00,80.64
2019-06-28 03:00:00,81.08
2019-06-28 03:30:00,84.36
2019-06-28 04:00:00,76.8
2019-06-28 04:30:00,83.46
2019-06-28 05:00:00,78.12
2019-06-28 05:30:00,70.68
2019-06-28 06:00:00,81.72
2019-06-28 06:30:00,92.0
2019-06-28 07:00:00,99.72
2019-06-28 07:30:00,110.48
2019-06-28 08:00:00,117.24
2019-06-28 08:30:00,151.88
2019-06-28 09:00:00,237.84
2019-06-28 09:30:00,227.6
2019-06-28 10:00:00,230.4
2019-06-28 10:30:00,295.8
2019-06-28 11:00:00,288.12
2019-06-28 11:30:00,297.93
2019-06-28 12:00:00,277.36
2019-06-28 12:30:00,158.88
2019-06-28 13:00:00,297.04
2019-06-28 13:30:00,306.85
2019-06-28 14:00:00,298.5
2019-06-28 14:30:00,289.8
2019-06-28 15:00:00,293.4
2019-06-28 15:30:00,280.2
2019-06-28 16:00:00,289.8
2019-06-28 16:30:00,327.6
2019-06-28 17:00:00,316.2
2019-06-28 17:30:00,294.0
2019-06-28 18:00:00,297.2
2019-06-28 18:30:00,318.6
2019-06-28 19:00:00,361.2
2019-06-28 19:30:00,337.2
2019-06-28 20:00:00,309.0
2019-06-28 20:30:00,280.8
2019-06-28 21:00:00,264.96
2019-06-28 21:30:00,224.64
2019-06-28 22:00:00,168.48
2019-06-28 22:30:00,136.98
2019-06-28 23:00:00,91.08
2019-06-28 23:30:00,83.64
2019-06-29 00:00:00,79.92
2019-06-29 00:00:00,79.92
2019-06-29 00:30:00,86.88
2019-06-29 01:00:00,78.0
2019-06-29 01:30:00,78.0
2019-06-29 02:00:00,78.72
2019-06-29 02:30:00,81.36
2019-06-29 03:00:00,78.96
2019-06-29 03:30:00,85.41
2019-06-29 04:00:00,84.72
2019-06-29 04:30:00,71.73
2019-06-29 05:00:00,78.6
2019-06-29 05:30:00,73.8
2019-06-29 06:00:00,82.62
2019-06-29 06:30:00,79.8
2019-06-29 07:00:00,73.5
2019-06-29 07:30:00,47.16
2019-06-29 08:00:00,126.84
2019-06-29 08:30:00,149.88
2019-06-29 09:00:00,194.76
2019-06-29 09:30:00,245.64
2019-06-29 10:00:00,259.68
2019-06-29 10:30:00,316.32
2019-06-29 11:00:00,297.12
2019-06-29 11:30:00,328.32
2019-06-29 12:00:00,324.36
2019-06-29 12:30:00,310.02
2019-06-29 13:00:00,299.76
2019-06-29 13:30:00,317.16
2019-06-29 14:00:00,294.24
2019-06-29 14:30:00,286.02
2019-06-29 15:00:00,264.0
2019-06-29 15:30:00,268.56
2019-06-29 16:00:00,273.0
2019-06-29 16:30:00,286.44
2019-06-29 17:00:00,305.04
2019-06-29 17:30:00,291.84
2019-06-29 18:00:00,317.4
2019-06-29 18:30:00,303.48
2019-06-29 19:00:00,322.02
2019-06-29 19:30:00,322.38
2019-06-29 20:00:00,299.16
2019-06-29 20:30:00,279.24
2019-06-29 21:00:00,172.8
2019-06-29 21:30:00,174.96
2019-06-29 22:00:00,148.92
2019-06-29 22:30:00,136.5
2019-06-29 23:00:00,95.64
2019-06-29 23:30:00,93.72
2019-06-30 00:00:00,90.6
2019-06-30 00:00:00,90.6
2019-06-30 00:30:00,93.6
2019-06-30 01:00:00,92.4
2019-06-30 01:30:00,82.68
2019-06-30 02:00:00,83.52
2019-06-30 02:30:00,87.0
2019-06-30 03:00:00,82.28
2019-06-30 03:30:00,78.36
2019-06-30 04:00:00,84.12
2019-06-30 04:30:00,92.16
2019-06-30 05:00:00,76.08
2019-06-30 05:30:00,89.64
2019-06-30 06:00:00,79.8
2019-06-30 06:30:00,100.14
2019-06-30 07:00:00,99.24
2019-06-30 07:30:00,118.08
2019-06-30 08:00:00,120.06
2019-06-30 08:30:00,149.04
2019-06-30 09:00:00,174.0
2019-06-30 09:30:00,198.24
2019-06-30 10:00:00,241.08
2019-06-30 10:30:00,258.24
2019-06-30 11:00:00,272.4
2019-06-30 11:30:00,265.8
2019-06-30 12:00:00,259.14
2019-06-30 12:30:00,227.64
2019-06-30 13:00:00,273.0
2019-06-30 13:30:00,223.8
2019-06-30 14:00:00,264.6
2019-06-30 14:30:00,229.2
2019-06-30 15:00:00,271.8
2019-06-30 15:30:00,288.6
2019-06-30 16:00:00,279.0
2019-06-30 16:30:00,290.4
2019-06-30 17:00:00,307.8
2019-06-30 17:30:00,313.92
2019-06-30 18:00:00,266.4
2019-06-30 18:30:00,256.44
2019-06-30 19:00:00,298.44
2019-06-30 19:30:00,263.4
2019-06-30 20:00:00,258.48
2019-06-30 20:30:00,256.56
2019-06-30 21:00:00,232.44
2019-06-30 21:30:00,210.14
2019-06-30 22:00:00,172.76
2019-06-30 22:30:00,119.46
2019-06-30 23:00:00,99.85
2019-06-30 23:30:00,80.44
2019-07-01 00:00:00,79.62
2019-07-01 00:00:00,79.62
2019-07-01 00:30:00,80.63
2019-07-01 01:00:00,94.97
2019-07-01 01:30:00,75.81
2019-07-01 02:00:00,81.3
2019-07-01 02:30:00,79.44
2019-07-01 03:00:00,79.38
2019-07-01 03:30:00,84.72
2019-07-01 04:00:00,80.64
2019-07-01 04:30:00,85.8
2019-07-01 05:00:00,85.08
2019-07-01 05:30:00,81.6
2019-07-01 06:00:00,80.4
2019-07-01 06:30:00,96.6
2019-07-01 07:00:00,89.72
2019-07-01 07:30:00,116.36
2019-07-01 08:00:00,130.2
2019-07-01 08:30:00,165.99
2019-07-01 09:00:00,211.52
2019-07-01 09:30:00,237.17
2019-07-01 10:00:00,227.56
2019-07-01 10:30:00,238.56
2019-07-01 11:00:00,250.08
2019-07-01 11:30:00,450.48
2019-07-01 12:00:00,663.12
2019-07-01 12:30:00,547.55
2019-07-01 13:00:00,563.64
2019-07-01 13:30:00,230.76
2019-07-01 14:00:00,521.16
2019-07-01 14:30:00,517.08
2019-07-01 15:00:00,517.08
2019-07-01 15:30:00,225.36
2019-07-01 16:00:00,319.56
2019-07-01 16:30:00,238.8
2019-07-01 17:00:00,230.28
2019-07-01 17:30:00,227.4
2019-07-01 18:00:00,196.56
2019-07-01 18:30:00,196.44
2019-07-01 19:00:00,240.96
2019-07-01 19:30:00,152.28
2019-07-01 20:00:00,248.16
2019-07-01 20:30:00,235.2
2019-07-01 21:00:00,230.16
2019-07-01 21:30:00,171.12
2019-07-01 22:00:00,123.88
2019-07-01 22:30:00,115.56
2019-07-01 23:00:00,84.54
2019-07-01 23:30:00,75.24
2019-07-02 00:00:00,74.76
2019-07-02 00:00:00,74.76
2019-07-02 00:30:00,79.8
2019-07-02 01:00:00,73.56
2019-07-02 01:30:00,69.36
2019-07-02 02:00:00,78.84
2019-07-02 02:30:00,67.88
2019-07-02 03:00:00,64.32
2019-07-02 03:30:00,70.04
2019-07-02 04:00:00,63.6
2019-07-02 04:30:00,70.38
2019-07-02 05:00:00,67.0
2019-07-02 05:30:00,71.16
2019-07-02 06:00:00,89.04
2019-07-02 06:30:00,98.16
2019-07-02 07:00:00,86.76
2019-07-02 07:30:00,87.48
2019-07-02 08:00:00,105.48
2019-07-02 08:30:00,136.62
2019-07-02 09:00:00,217.68
2019-07-02 09:30:00,242.64
2019-07-02 10:00:00,237.48
2019-07-02 10:30:00,249.96
2019-07-02 11:00:00,238.68
2019-07-02 11:30:00,238.32
2019-07-02 12:00:00,232.5
2019-07-02 12:30:00,241.5
2019-07-02 13:00:00,249.6
2019-07-02 13:30:00,253.8
2019-07-02 14:00:00,274.8
2019-07-02 14:30:00,234.0
2019-07-02 15:00:00,231.6
2019-07-02 15:30:00,238.2
2019-07-02 16:00:00,224.8
2019-07-02 16:30:00,238.2
2019-07-02 17:00:00,225.6
2019-07-02 17:30:00,245.4
2019-07-02 18:00:00,199.8
2019-07-02 18:30:00,217.72
2019-07-02 19:00:00,240.0
2019-07-02 19:30:00,259.2
2019-07-02 20:00:00,247.2
2019-07-02 20:30:00,227.4
2019-07-02 21:00:00,222.0
2019-07-02 21:30:00,153.0
2019-07-02 22:00:00,76.2
2019-07-02 22:30:00,104.58
2019-07-02 23:00:00,80.52
2019-07-02 23:30:00,70.68
2019-07-03 00:00:00,65.64
2019-07-03 00:00:00,65.64
2019-07-03 00:30:00,66.6
2019-07-03 01:00:00,55.36
2019-07-03 01:30:00,67.8
2019-07-03 02:00:00,70.02
2019-07-03 02:30:00,67.53
2019-07-03 03:00:00,75.04
2019-07-03 03:30:00,70.56
2019-07-03 04:00:00,72.52
2019-07-03 04:30:00,64.8
2019-07-03 05:00:00,77.34
2019-07-03 05:30:00,76.08
2019-07-03 06:00:00,72.6
2019-07-03 06:30:00,88.92
2019-07-03 07:00:00,83.76
2019-07-03 07:30:00,92.16
2019-07-03 08:00:00,107.52
2019-07-03 08:30:00,134.28
2019-07-03 09:00:00,221.04
2019-07-03 09:30:00,241.2
2019-07-03 10:00:00,244.26
2019-07-03 10:30:00,236.94
2019-07-03 11:00:00,246.0
2019-07-03 11:30:00,259.92
2019-07-03 12:00:00,282.48
2019-07-03 12:30:00,272.08
2019-07-03 13:00:00,270.84
2019-07-03 13:30:00,299.2
2019-07-03 14:00:00,287.3
2019-07-03 14:30:00,285.6
2019-07-03 15:00:00,266.1
2019-07-03 15:30:00,306.12
2019-07-03 16:00:00,303.6
2019-07-03 16:30:00,307.8
2019-07-03 17:00:00,295.08
2019-07-03 17:30:00,235.44
2019-07-03 18:00:00,258.36
2019-07-03 18:30:00,243.12
2019-07-03 19:00:00,255.06
2019-07-03 19:30:00,268.32
2019-07-03 20:00:00,265.6
2019-07-03 20:30:00,259.74
2019-07-03 21:00:00,220.8
2019-07-03 21:30:00,198.0
2019-07-03 22:00:00,120.6
2019-07-03 22:30:00,117.66
2019-07-03 23:00:00,86.88
2019-07-03 23:30:00,76.44
2019-07-04 00:00:00,76.92
2019-07-04 00:00:00,76.92
2019-07-04 00:30:00,75.0
2019-07-04 01:00:00,73.08
2019-07-04 01:30:00,69.84
2019-07-04 02:00:00,70.84
2019-07-04 02:30:00,69.36
2019-07-04 03:00:00,74.16
2019-07-04 03:30:00,68.52
2019-07-04 04:00:00,66.72
2019-07-04 04:30:00,65.16
2019-07-04 05:00:00,66.72
2019-07-04 05:30:00,71.16
2019-07-04 06:00:00,69.0
2019-07-04 06:30:00,95.76
2019-07-04 07:00:00,81.12
2019-07-04 07:30:00,103.44
2019-07-04 08:00:00,117.72
2019-07-04 08:30:00,159.88
2019-07-04 09:00:00,224.16
2019-07-04 09:30:00,247.32
2019-07-04 10:00:00,266.76
2019-07-04 10:30:00,242.28
2019-07-04 11:00:00,275.56
2019-07-04 11:30:00,264.96
2019-07-04 12:00:00,301.86
2019-07-04 12:30:00,300.42
2019-07-04 13:00:00,294.6
2019-07-04 13:30:00,291.9
2019-07-04 14:00:00,301.2
2019-07-04 14:30:00,281.4
2019-07-04 15:00:00,296.4
2019-07-04 15:30:00,299.2
2019-07-04 16:00:00,309.0
2019-07-04 16:30:00,310.8
2019-07-04 17:00:00,283.8
2019-07-04 17:30:00,274.8
2019-07-04 18:00:00,269.4
2019-07-04 18:30:00,258.6
2019-07-04 19:00:00,319.8
2019-07-04 19:30:00,297.6
2019-07-04 20:00:00,292.2
2019-07-04 20:30:00,297.15
2019-07-04 21:00:00,239.4
2019-07-04 21:30:00,217.2
2019-07-04 22:00:00,172.8
2019-07-04 22:30:00,164.28
2019-07-04 23:00:00,119.76
2019-07-04 23:30:00,97.32
2019-07-05 00:00:00,71.88
2019-07-05 00:00:00,71.88
2019-07-05 00:30:00,30.72
2019-07-05 01:00:00,67.8
2019-07-05 01:30:00,70.56
2019-07-05 02:00:00,70.38
2019-07-05 02:30:00,71.16
2019-07-05 03:00:00,68.04
2019-07-05 03:30:00,79.08
2019-07-05 04:00:00,66.84
2019-07-05 04:30:00,72.36
2019-07-05 05:00:00,67.56
2019-07-05 05:30:00,79.52
2019-07-05 06:00:00,76.44
2019-07-05 06:30:00,81.0
2019-07-05 07:00:00,84.72
2019-07-05 07:30:00,228.3
2019-07-05 08:00:00,445.74
2019-07-05 08:30:00,639.36
2019-07-05 09:00:00,623.52
2019-07-05 09:30:00,599.04
2019-07-05 10:00:00,606.12
2019-07-05 10:30:00,525.78
2019-07-05 11:00:00,414.4
2019-07-05 11:30:00,353.52
2019-07-05 12:00:00,297.84
2019-07-05 12:30:00,294.72
2019-07-05 13:00:00,305.64
2019-07-05 13:30:00,300.72
2019-07-05 14:00:00,383.64
2019-07-05 14:30:00,375.6
2019-07-05 15:00:00,384.84
2019-07-05 15:30:00,393.72
2019-07-05 16:00:00,357.6
2019-07-05 16:30:00,374.88
2019-07-05 17:00:00,335.96
2019-07-05 17:30:00,363.78
2019-07-05 18:00:00,350.76
2019-07-05 18:30:00,332.64
2019-07-05 19:00:00,307.08
2019-07-05 19:30:00,287.28
2019-07-05 20:00:00,265.38
2019-07-05 20:30:00,241.92
2019-07-05 21:00:00,223.04
2019-07-05 21:30:00,164.76
2019-07-05 22:00:00,127.8
2019-07-05 22:30:00,124.16
2019-07-05 23:00:00,91.08
2019-07-05 23:30:00,78.84
2019-07-06 00:00:00,80.76
2019-07-06 00:00:00,80.76
2019-07-06 00:30:00,70.68
2019-07-06 01:00:00,71.4
2019-07-06 01:30:00,75.12
2019-07-06 02:00:00,74.4
2019-07-06 02:30:00,68.52
2019-07-06 03:00:00,67.2
2019-07-06 03:30:00,36.48
2019-07-06 04:00:00,74.88
2019-07-06 04:30:00,68.1
2019-07-06 05:00:00,66.12
2019-07-06 05:30:00,72.96
2019-07-06 06:00:00,72.24
2019-07-06 06:30:00,72.24
2019-07-06 07:00:00,81.48
2019-07-06 07:30:00,102.48
2019-07-06 08:00:00,132.9
2019-07-06 08:30:00,235.32
2019-07-06 09:00:00,301.32
2019-07-06 09:30:00,317.52
2019-07-06 10:00:00,328.32
2019-07-06 10:30:00,359.16
2019-07-06 11:00:00,363.48
2019-07-06 11:30:00,380.12
2019-07-06 12:00:00,386.28
2019-07-06 12:30:00,354.6
2019-07-06 13:00:00,294.96
2019-07-06 13:30:00,274.92
2019-07-06 14:00:00,277.5
2019-07-06 14:30:00,237.84
2019-07-06 15:00:00,305.28
2019-07-06 15:30:00,282.48
2019-07-06 16:00:00,302.64
2019-07-06 16:30:00,300.72
2019-07-06 17:00:00,316.8
2019-07-06 17:30:00,311.1
2019-07-06 18:00:00,272.64
2019-07-06 18:30:00,296.52
2019-07-06 19:00:00,296.52
2019-07-06 19:30:00,290.04
2019-07-06 20:00:00,265.92
2019-07-06 20:30:00,250.92
2019-07-06 21:00:00,254.2
2019-07-06 21:30:00,196.32
2019-07-06 22:00:00,152.76
2019-07-06 22:30:00,132.12
2019-07-06 23:00:00,100.96
2019-07-06 23:30:00,77.72
2019-07-07 00:00:00,94.44
2019-07-07 00:00:00,94.44
2019-07-07 00:30:00,72.0
2019-07-07 01:00:00,71.0
2019-07-07 01:30:00,70.16
2019-07-07 02:00:00,71.88
2019-07-07 02:30:00,71.16
2019-07-07 03:00:00,68.0
2019-07-07 03:30:00,65.64
2019-07-07 04:00:00,68.4
2019-07-07 04:30:00,66.6
2019-07-07 05:00:00,69.03
2019-07-07 05:30:00,67.38
2019-07-07 06:00:00,68.2
2019-07-07 06:30:00,92.46
2019-07-07 07:00:00,169.96
2019-07-07 07:30:00,208.32
2019-07-07 08:00:00,237.36
2019-07-07 08:30:00,269.88
2019-07-07 09:00:00,296.12
2019-07-07 09:30:00,336.12
2019-07-07 10:00:00,349.32
2019-07-07 10:30:00,367.56
2019-07-07 11:00:00,394.5
2019-07-07 11:30:00,378.48
2019-07-07 12:00:00,376.38
2019-07-07 12:30:00,384.36
2019-07-07 13:00:00,379.32
2019-07-07 13:30:00,385.38
2019-07-07 14:00:00,359.88
2019-07-07 14:30:00,363.6
2019-07-07 15:00:00,374.7
2019-07-07 15:30:00,393.52
2019-07-07 16:00:00,382.2
2019-07-07 16:30:00,380.4
2019-07-07 17:00:00,384.6
2019-07-07 17:30:00,292.8
2019-07-07 18:00:00,276.0
2019-07-07 18:30:00,266.4
2019-07-07 19:00:00,265.4
2019-07-07 19:30:00,297.0
2019-07-07 20:00:00,244.2
2019-07-07 20:30:00,268.8
2019-07-07 21:00:00,241.2
2019-07-07 21:30:00,190.8
2019-07-07 22:00:00,141.6
2019-07-07 22:30:00,129.0
2019-07-07 23:00:00,102.48
2019-07-07 23:30:00,88.8
2019-07-08 00:00:00,75.24
2019-07-08 00:00:00,75.24
2019-07-08 00:30:00,70.8
2019-07-08 01:00:00,70.5
2019-07-08 01:30:00,68.76
2019-07-08 02:00:00,76.2
2019-07-08 02:30:00,73.68
2019-07-08 03:00:00,73.2
2019-07-08 03:30:00,69.0
2019-07-08 04:00:00,72.54
2019-07-08 04:30:00,74.52
2019-07-08 05:00:00,70.32
2019-07-08 05:30:00,76.14
2019-07-08 06:00:00,99.48
2019-07-08 06:30:00,87.84
2019-07-08 07:00:00,79.8
2019-07-08 07:30:00,108.48
2019-07-08 08:00:00,116.4
2019-07-08 08:30:00,136.2
2019-07-08 09:00:00,230.28
2019-07-08 09:30:00,246.84
2019-07-08 10:00:00,305.04
2019-07-08 10:30:00,290.64
2019-07-08 11:00:00,236.52
2019-07-08 11:30:00,236.45
2019-07-08 12:00:00,248.88
2019-07-08 12:30:00,275.04
2019-07-08 13:00:00,271.2
2019-07-08 13:30:00,258.56
2019-07-08 14:00:00,241.68
2019-07-08 14:30:00,141.96
2019-07-08 15:00:00,239.7
2019-07-08 15:30:00,248.1
2019-07-08 16:00:00,238.08
2019-07-08 16:30:00,254.48
2019-07-08 17:00:00,259.32
2019-07-08 17:30:00,217.83
2019-07-08 18:00:00,219.08
2019-07-08 18:30:00,211.36
2019-07-08 19:00:00,268.92
2019-07-08 19:30:00,266.16
2019-07-08 20:00:00,245.88
2019-07-08 20:30:00,251.28
2019-07-08 21:00:00,226.93
2019-07-08 21:30:00,184.8
2019-07-08 22:00:00,131.55
2019-07-08 22:30:00,122.56
2019-07-08 23:00:00,85.32
2019-07-08 23:30:00,75.48
2019-07-09 00:00:00,77.52
2019-07-09 00:00:00,77.52
2019-07-09 00:30:00,72.49
2019-07-09 01:00:00,72.96
2019-07-09 01:30:00,67.12
2019-07-09 02:00:00,75.12
2019-07-09 02:30:00,76.56
2019-07-09 03:00:00,67.2
2019-07-09 03:30:00,69.45
2019-07-09 04:00:00,69.09
2019-07-09 04:30:00,62.84
2019-07-09 05:00:00,70.74
2019-07-09 05:30:00,68.04
2019-07-09 06:00:00,66.72
2019-07-09 06:30:00,88.8
2019-07-09 07:00:00,82.04
2019-07-09 07:30:00,94.8
2019-07-09 08:00:00,107.27
2019-07-09 08:30:00,135.42
2019-07-09 09:00:00,240.6
2019-07-09 09:30:00,219.84
2019-07-09 10:00:00,270.08
2019-07-09 10:30:00,269.88
2019-07-09 11:00:00,268.68
2019-07-09 11:30:00,269.4
2019-07-09 12:00:00,269.16
2019-07-09 12:30:00,235.8
2019-07-09 13:00:00,265.2
2019-07-09 13:30:00,271.2
2019-07-09 14:00:00,242.6
2019-07-09 14:30:00,257.4
2019-07-09 15:00:00,226.2
2019-07-09 15:30:00,231.9
2019-07-09 16:00:00,213.0
2019-07-09 16:30:00,208.2
2019-07-09 17:00:00,227.4
2019-07-09 17:30:00,223.2
2019-07-09 18:00:00,205.2
2019-07-09 18:30:00,231.8
2019-07-09 19:00:00,256.2
2019-07-09 19:30:00,253.2
2019-07-09 20:00:00,269.4
2019-07-09 20:30:00,251.4
2019-07-09 21:00:00,240.0
2019-07-09 21:30:00,201.6
2019-07-09 22:00:00,120.0
2019-07-09 22:30:00,115.44
2019-07-09 23:00:00,76.08
2019-07-09 23:30:00,63.48
2019-07-10 00:00:00,68.76
2019-07-10 00:00:00,68.76
2019-07-10 00:30:00,66.36
2019-07-10 01:00:00,63.36
2019-07-10 01:30:00,65.64
2019-07-10 02:00:00,62.88
2019-07-10 02:30:00,65.52
2019-07-10 03:00:00,65.16
2019-07-10 03:30:00,66.32
2019-07-10 04:00:00,64.44
2019-07-10 04:30:00,66.72
2019-07-10 05:00:00,64.32
2019-07-10 05:30:00,63.84
2019-07-10 06:00:00,64.8
2019-07-10 06:30:00,85.92
2019-07-10 07:00:00,80.04
2019-07-10 07:30:00,89.76
2019-07-10 08:00:00,101.4
2019-07-10 08:30:00,150.0
2019-07-10 09:00:00,225.84
2019-07-10 09:30:00,221.34
2019-07-10 10:00:00,244.56
2019-07-10 10:30:00,251.64
2019-07-10 11:00:00,222.48
2019-07-10 11:30:00,248.04
2019-07-10 12:00:00,251.64
2019-07-10 12:30:00,266.88
2019-07-10 13:00:00,294.28
2019-07-10 13:30:00,262.98
2019-07-10 14:00:00,244.08
2019-07-10 14:30:00,281.04
2019-07-10 15:00:00,249.0
2019-07-10 15:30:00,263.16
2019-07-10 16:00:00,281.76
2019-07-10 16:30:00,251.88
2019-07-10 17:00:00,231.12
2019-07-10 17:30:00,225.72
2019-07-10 18:00:00,215.64
2019-07-10 18:30:00,213.96
2019-07-10 19:00:00,270.84
2019-07-10 19:30:00,251.28
2019-07-10 20:00:00,252.96
2019-07-10 20:30:00,244.8
2019-07-10 21:00:00,231.72
2019-07-10 21:30:00,176.88
2019-07-10 22:00:00,128.64
2019-07-10 22:30:00,106.92
2019-07-10 23:00:00,75.96
2019-07-10 23:30:00,70.5
2019-07-11 00:00:00,63.72
2019-07-11 00:00:00,63.72
2019-07-11 00:30:00,72.0
2019-07-11 01:00:00,64.32
2019-07-11 01:30:00,61.68
2019-07-11 02:00:00,63.72
2019-07-11 02:30:00,65.16
2019-07-11 03:00:00,65.4
2019-07-11 03:30:00,71.48
2019-07-11 04:00:00,63.12
2019-07-11 04:30:00,78.48
2019-07-11 05:00:00,64.26
2019-07-11 05:30:00,73.62
2019-07-11 06:00:00,79.32
2019-07-11 06:30:00,75.6
2019-07-11 07:00:00,78.96
2019-07-11 07:30:00,96.48
2019-07-11 08:00:00,108.36
2019-07-11 08:30:00,145.44
2019-07-11 09:00:00,242.04
2019-07-11 09:30:00,208.02
2019-07-11 10:00:00,244.92
2019-07-11 10:30:00,267.36
2019-07-11 11:00:00,266.64
2019-07-11 11:30:00,265.08
2019-07-11 12:00:00,270.24
2019-07-11 12:30:00,293.64
2019-07-11 13:00:00,286.56
2019-07-11 13:30:00,315.48
2019-07-11 14:00:00,272.88
2019-07-11 14:30:00,276.0
2019-07-11 15:00:00,131.04
2019-07-11 15:30:00,278.88
2019-07-11 16:00:00,290.04
2019-07-11 16:30:00,274.92
2019-07-11 17:00:00,274.44
2019-07-11 17:30:00,264.84
2019-07-11 18:00:00,265.44
2019-07-11 18:30:00,223.92
2019-07-11 19:00:00,297.12
2019-07-11 19:30:00,277.38
2019-07-11 20:00:00,240.36
2019-07-11 20:30:00,253.8
2019-07-11 21:00:00,215.88
2019-07-11 21:30:00,154.92
2019-07-11 22:00:00,132.24
2019-07-11 22:30:00,114.72
2019-07-11 23:00:00,78.84
2019-07-11 23:30:00,67.48
2019-07-12 00:00:00,68.04
2019-07-12 00:00:00,68.04
2019-07-12 00:30:00,65.4
2019-07-12 01:00:00,70.04
2019-07-12 01:30:00,67.68
2019-07-12 02:00:00,65.64
2019-07-12 02:30:00,64.92
2019-07-12 03:00:00,72.24
2019-07-12 03:30:00,81.36
2019-07-12 04:00:00,68.04
2019-07-12 04:30:00,64.8
2019-07-12 05:00:00,70.56
2019-07-12 05:30:00,69.6
2019-07-12 06:00:00,74.52
2019-07-12 06:30:00,72.2
2019-07-12 07:00:00,100.44
2019-07-12 07:30:00,104.68
2019-07-12 08:00:00,130.92
2019-07-12 08:30:00,166.44
2019-07-12 09:00:00,234.24
2019-07-12 09:30:00,240.48
2019-07-12 10:00:00,
2019-07-12 10:30:00,288.24
2019-07-12 11:00:00,260.2
2019-07-12 11:30:00,256.5
2019-07-12 12:00:00,251.44
2019-07-12 12:30:00,278.08
2019-07-12 13:00:00,298.56
2019-07-12 13:30:00,269.28
2019-07-12 14:00:00,281.76
2019-07-12 14:30:00,281.97
2019-07-12 15:00:00,244.8
2019-07-12 15:30:00,260.52
2019-07-12 16:00:00,258.48
2019-07-12 16:30:00,265.8
2019-07-12 17:00:00,248.22
2019-07-12 17:30:00,213.24
2019-07-12 18:00:00,253.2
2019-07-12 18:30:00,237.0
2019-07-12 19:00:00,305.4
2019-07-12 19:30:00,266.4
2019-07-12 20:00:00,288.6
2019-07-12 20:30:00,272.4
2019-07-12 21:00:00,246.49
2019-07-12 21:30:00,205.8
2019-07-12 22:00:00,156.8
2019-07-12 22:30:00,145.38
2019-07-12 23:00:00,108.6
2019-07-12 23:30:00,101.4
2019-07-13 00:00:00,102.36
2019-07-13 00:00:00,102.36
2019-07-13 00:30:00,100.92
2019-07-13 01:00:00,101.22
2019-07-13 01:30:00,100.32
2019-07-13 02:00:00,99.0
2019-07-13 02:30:00,96.12
2019-07-13 03:00:00,66.24
2019-07-13 03:30:00,65.88
2019-07-13 04:00:00,63.36
2019-07-13 04:30:00,65.28
2019-07-13 05:00:00,35.28
2019-07-13 05:30:00,63.72
2019-07-13 06:00:00,62.88
2019-07-13 06:30:00,68.16
2019-07-13 07:00:00,72.84
2019-07-13 07:30:00,116.16
2019-07-13 08:00:00,141.24
2019-07-13 08:30:00,229.68
2019-07-13 09:00:00,243.12
2019-07-13 09:30:00,263.7
2019-07-13 10:00:00,276.12
2019-07-13 10:30:00,311.46
2019-07-13 11:00:00,280.8
2019-07-13 11:30:00,317.4
2019-07-13 12:00:00,336.12
2019-07-13 12:30:00,323.64
2019-07-13 13:00:00,321.0
2019-07-13 13:30:00,297.24
2019-07-13 14:00:00,311.16
2019-07-13 14:30:00,316.8
2019-07-13 15:00:00,329.64
2019-07-13 15:30:00,317.52
2019-07-13 16:00:00,297.96
2019-07-13 16:30:00,272.4
2019-07-13 17:00:00,230.04
2019-07-13 17:30:00,234.0
2019-07-13 18:00:00,234.6
2019-07-13 18:30:00,228.48
2019-07-13 19:00:00,237.72
2019-07-13 19:30:00,256.68
2019-07-13 20:00:00,248.52
2019-07-13 20:30:00,232.5
2019-07-13 21:00:00,198.96
2019-07-13 21:30:00,150.0
2019-07-13 22:00:00,118.2
2019-07-13 22:30:00,105.36
2019-07-13 23:00:00,69.78
2019-07-13 23:30:00,64.32
2019-07-14 00:00:00,66.84
2019-07-14 00:00:00,66.84
2019-07-14 00:30:00,64.32
2019-07-14 01:00:00,61.08
2019-07-14 01:30:00,65.52
2019-07-14 02:00:00,65.28
2019-07-14 02:30:00,66.54
2019-07-14 03:00:00,65.16
2019-07-14 03:30:00,68.4
2019-07-14 04:00:00,64.44
2019-07-14 04:30:00,65.64
2019-07-14 05:00:00,62.4
2019-07-14 05:30:00,71.64
2019-07-14 06:00:00,72.24
2019-07-14 06:30:00,70.8
2019-07-14 07:00:00,35.52
2019-07-14 07:30:00,90.24
2019-07-14 08:00:00,102.36
2019-07-14 08:30:00,96.18
2019-07-14 09:00:00,171.6
2019-07-14 09:30:00,243.12
2019-07-14 10:00:00,243.96
2019-07-14 10:30:00,269.28
2019-07-14 11:00:00,261.96
2019-07-14 11:30:00,275.1
2019-07-14 12:00:00,292.26
2019-07-14 12:30:00,252.6
2019-07-14 13:00:00,274.32
2019-07-14 13:30:00,288.6
2019-07-14 14:00:00,261.6
2019-07-14 14:30:00,254.58
2019-07-14 15:00:00,274.2
2019-07-14 15:30:00,262.44
2019-07-14 16:00:00,294.6
2019-07-14 16:30:00,255.0
2019-07-14 17:00:00,285.6
2019-07-14 17:30:00,263.9
2019-07-14 18:00:00,273.6
2019-07-14 18:30:00,279.08
2019-07-14 19:00:00,283.3
2019-07-14 19:30:00,298.2
2019-07-14 20:00:00,273.96
2019-07-14 20:30:00,253.32
2019-07-14 21:00:00,232.06
2019-07-14 21:30:00,197.88
2019-07-14 22:00:00,
2019-07-14 22:30:00,
2019-07-14 23:00:00,33.48
2019-07-14 23:30:00,80.74
2019-07-15 00:00:00,63.06
2019-07-15 00:00:00,63.06
2019-07-15 00:30:00,63.0
2019-07-15 01:00:00,57.96
2019-07-15 01:30:00,56.88
2019-07-15 02:00:00,58.8
2019-07-15 02:30:00,57.36
2019-07-15 03:00:00,65.88
2019-07-15 03:30:00,56.1
2019-07-15 04:00:00,58.08
2019-07-15 04:30:00,58.68
2019-07-15 05:00:00,60.0
2019-07-15 05:30:00,57.84
2019-07-15 06:00:00,56.16
2019-07-15 06:30:00,32.64
2019-07-15 07:00:00,66.24
2019-07-15 07:30:00,88.68
2019-07-15 08:00:00,105.48
2019-07-15 08:30:00,109.92
2019-07-15 09:00:00,218.88
2019-07-15 09:30:00,212.04
2019-07-15 10:00:00,207.3
2019-07-15 10:30:00,233.16
2019-07-15 11:00:00,226.32
2019-07-15 11:30:00,225.84
2019-07-15 12:00:00,256.68
2019-07-15 12:30:00,259.32
2019-07-15 13:00:00,255.96
2019-07-15 13:30:00,255.0
2019-07-15 14:00:00,230.64
2019-07-15 14:30:00,259.74
2019-07-15 15:00:00,235.44
2019-07-15 15:30:00,258.84
2019-07-15 16:00:00,243.72
2019-07-15 16:30:00,260.04
2019-07-15 17:00:00,267.72
2019-07-15 17:30:00,226.32
2019-07-15 18:00:00,237.36
2019-07-15 18:30:00,228.56
2019-07-15 19:00:00,272.4
2019-07-15 19:30:00,172.92
2019-07-15 20:00:00,283.92
2019-07-15 20:30:00,279.12
2019-07-15 21:00:00,257.28
2019-07-15 21:30:00,230.16
2019-07-15 22:00:00,163.8
2019-07-15 22:30:00,167.64
2019-07-15 23:00:00,82.8
2019-07-15 23:30:00,69.36
2019-07-16 00:00:00,73.14
2019-07-16 00:00:00,73.14
2019-07-16 00:30:00,73.56
2019-07-16 01:00:00,72.6
2019-07-16 01:30:00,66.54
2019-07-16 02:00:00,71.64
2019-07-16 02:30:00,69.66
2019-07-16 03:00:00,68.64
2019-07-16 03:30:00,69.88
2019-07-16 04:00:00,70.32
2019-07-16 04:30:00,69.48
2019-07-16 05:00:00,70.08
2019-07-16 05:30:00,72.21
2019-07-16 06:00:00,71.04
2019-07-16 06:30:00,86.04
2019-07-16 07:00:00,78.6
2019-07-16 07:30:00,96.48
2019-07-16 08:00:00,115.2
2019-07-16 08:30:00,123.6
2019-07-16 09:00:00,285.6
2019-07-16 09:30:00,266.4
2019-07-16 10:00:00,300.0
2019-07-16 10:30:00,286.8
2019-07-16 11:00:00,296.7
2019-07-16 11:30:00,289.2
2019-07-16 12:00:00,316.2
2019-07-16 12:30:00,321.6
2019-07-16 13:00:00,321.6
2019-07-16 13:30:00,288.3
2019-07-16 14:00:00,312.4
2019-07-16 14:30:00,352.44
2019-07-16 15:00:00,321.7
2019-07-16 15:30:00,314.76
2019-07-16 16:00:00,302.16
2019-07-16 16:30:00,258.64
2019-07-16 17:00:00,231.6
2019-07-16 17:30:00,239.04
2019-07-16 18:00:00,251.1
2019-07-16 18:30:00,282.96
2019-07-16 19:00:00,307.32
2019-07-16 19:30:00,332.48
2019-07-16 20:00:00,296.16
2019-07-16 20:30:00,275.46
2019-07-16 21:00:00,264.6
2019-07-16 21:30:00,189.6
2019-07-16 22:00:00,157.2
2019-07-16 22:30:00,135.24
2019-07-16 23:00:00,106.48
2019-07-16 23:30:00,95.04
2019-07-17 00:00:00,98.52
2019-07-17 00:00:00,98.52
2019-07-17 00:30:00,97.86
2019-07-17 01:00:00,96.24
2019-07-17 01:30:00,98.64
2019-07-17 02:00:00,65.31
2019-07-17 02:30:00,74.04
2019-07-17 03:00:00,68.76
2019-07-17 03:30:00,66.18
2019-07-17 04:00:00,70.74
2019-07-17 04:30:00,68.52
2019-07-17 05:00:00,73.74
2019-07-17 05:30:00,70.68
2019-07-17 06:00:00,72.78
2019-07-17 06:30:00,85.92
2019-07-17 07:00:00,73.92
2019-07-17 07:30:00,125.16
2019-07-17 08:00:00,114.12
2019-07-17 08:30:00,91.2
2019-07-17 09:00:00,290.4
2019-07-17 09:30:00,337.32
2019-07-17 10:00:00,310.32
2019-07-17 10:30:00,340.92
2019-07-17 11:00:00,349.56
2019-07-17 11:30:00,373.32
2019-07-17 12:00:00,403.5
2019-07-17 12:30:00,399.96
2019-07-17 13:00:00,371.5
2019-07-17 13:30:00,392.91
2019-07-17 14:00:00,344.47
2019-07-17 14:30:00,363.56
2019-07-17 15:00:00,354.96
2019-07-17 15:30:00,363.84
2019-07-17 16:00:00,207.48
2019-07-17 16:30:00,348.0
2019-07-17 17:00:00,315.12
2019-07-17 17:30:00,592.72
2019-07-17 18:00:00,601.76
2019-07-17 18:30:00,425.44
2019-07-17 19:00:00,645.96
2019-07-17 19:30:00,617.7
2019-07-17 20:00:00,642.08
2019-07-17 20:30:00,556.42
2019-07-17 21:00:00,408.52
2019-07-17 21:30:00,278.04
2019-07-17 22:00:00,235.48
2019-07-17 22:30:00,208.86
2019-07-17 23:00:00,142.68
2019-07-17 23:30:00,117.28
2019-07-18 00:00:00,86.2
2019-07-18 00:00:00,86.2
2019-07-18 00:30:00,113.88
2019-07-18 01:00:00,108.72
2019-07-18 01:30:00,112.36
2019-07-18 02:00:00,108.93
2019-07-18 02:30:00,113.58
2019-07-18 03:00:00,109.32
2019-07-18 03:30:00,111.8
2019-07-18 04:00:00,114.68
2019-07-18 04:30:00,109.32
2019-07-18 05:00:00,108.0
2019-07-18 05:30:00,107.52
2019-07-18 06:00:00,106.82
2019-07-18 06:30:00,117.28
2019-07-18 07:00:00,193.28
2019-07-18 07:30:00,217.08
2019-07-18 08:00:00,381.59
2019-07-18 08:30:00,547.58
2019-07-18 09:00:00,582.6
2019-07-18 09:30:00,607.16
2019-07-18 10:00:00,671.35
2019-07-18 10:30:00,681.92
2019-07-18 11:00:00,661.84
2019-07-18 11:30:00,697.18
2019-07-18 12:00:00,738.61
2019-07-18 12:30:00,1090.46
2019-07-18 13:00:00,1178.48
2019-07-18 13:30:00,1138.48
2019-07-18 14:00:00,1138.76
2019-07-18 14:30:00,1192.24
2019-07-18 15:00:00,884.36
2019-07-18 15:30:00,715.68
2019-07-18 16:00:00,706.08
2019-07-18 16:30:00,685.28
2019-07-18 17:00:00,708.61
2019-07-18 17:30:00,640.22
2019-07-18 18:00:00,469.68
2019-07-18 18:30:00,616.28
2019-07-18 19:00:00,719.02
2019-07-18 19:30:00,738.39
2019-07-18 20:00:00,687.13
2019-07-18 20:30:00,534.04
2019-07-18 21:00:00,498.68
2019-07-18 21:30:00,332.92
2019-07-18 22:00:00,221.2
2019-07-18 22:30:00,262.36
2019-07-18 23:00:00,193.8
2019-07-18 23:30:00,157.36
2019-07-19 00:00:00,158.79
2019-07-19 00:00:00,158.79
2019-07-19 00:30:00,144.92
2019-07-19 01:00:00,152.02
2019-07-19 01:30:00,144.92
2019-07-19 02:00:00,143.64
2019-07-19 02:30:00,145.4
2019-07-19 03:00:00,141.24
2019-07-19 03:30:00,142.0
2019-07-19 04:00:00,147.0
2019-07-19 04:30:00,154.2
2019-07-19 05:00:00,144.4
2019-07-19 05:30:00,117.4
2019-07-19 06:00:00,115.8
2019-07-19 06:30:00,132.4
2019-07-19 07:00:00,120.4
2019-07-19 07:30:00,168.4
2019-07-19 08:00:00,313.4
2019-07-19 08:30:00,620.6
2019-07-19 09:00:00,646.2
2019-07-19 09:30:00,735.8
2019-07-19 10:00:00,786.0
2019-07-19 10:30:00,813.4
2019-07-19 11:00:00,1100.4
2019-07-19 11:30:00,961.4
2019-07-19 12:00:00,985.75
2019-07-19 12:30:00,950.0
2019-07-19 13:00:00,974.2
2019-07-19 13:30:00,907.07
2019-07-19 14:00:00,990.76
2019-07-19 14:30:00,563.76
2019-07-19 15:00:00,915.0
2019-07-19 15:30:00,1073.96
2019-07-19 16:00:00,1178.68
2019-07-19 16:30:00,1214.56
2019-07-19 17:00:00,1261.44
2019-07-19 17:30:00,1260.36
2019-07-19 18:00:00,1255.08
2019-07-19 18:30:00,1205.52
2019-07-19 19:00:00,1321.08
2019-07-19 19:30:00,1329.32
2019-07-19 20:00:00,1327.06
2019-07-19 20:30:00,1094.56
2019-07-19 21:00:00,746.84
2019-07-19 21:30:00,476.0
2019-07-19 22:00:00,330.4
2019-07-19 22:30:00,295.24
2019-07-19 23:00:00,146.12
2019-07-19 23:30:00,133.28
2019-07-20 00:00:00,115.34
2019-07-20 00:00:00,115.34
2019-07-20 00:30:00,79.36
2019-07-20 01:00:00,79.64
2019-07-20 01:30:00,74.72
2019-07-20 02:00:00,77.4
2019-07-20 02:30:00,118.82
2019-07-20 03:00:00,108.96
2019-07-20 03:30:00,113.44
2019-07-20 04:00:00,116.4
2019-07-20 04:30:00,78.52
2019-07-20 05:00:00,78.88
2019-07-20 05:30:00,80.84
2019-07-20 06:00:00,124.28
2019-07-20 06:30:00,128.64
2019-07-20 07:00:00,121.48
2019-07-20 07:30:00,174.64
2019-07-20 08:00:00,195.72
2019-07-20 08:30:00,478.72
2019-07-20 09:00:00,479.08
2019-07-20 09:30:00,501.48
2019-07-20 10:00:00,560.6
2019-07-20 10:30:00,416.92
2019-07-20 11:00:00,556.96
2019-07-20 11:30:00,564.36
2019-07-20 12:00:00,618.5
2019-07-20 12:30:00,440.08
2019-07-20 13:00:00,574.8
2019-07-20 13:30:00,582.6
2019-07-20 14:00:00,577.2
2019-07-20 14:30:00,634.84
2019-07-20 15:00:00,751.4
2019-07-20 15:30:00,1219.35
2019-07-20 16:00:00,1252.4
2019-07-20 16:30:00,1253.8
2019-07-20 17:00:00,1215.4
2019-07-20 17:30:00,1225.1
2019-07-20 18:00:00,1243.4
2019-07-20 18:30:00,1207.4
2019-07-20 19:00:00,1264.8
2019-07-20 19:30:00,1286.5
2019-07-20 20:00:00,1261.2
2019-07-20 20:30:00,975.8
2019-07-20 21:00:00,876.0
2019-07-20 21:30:00,476.6
2019-07-20 22:00:00,75.0
2019-07-20 22:30:00,68.0
2019-07-20 23:00:00,64.0
2019-07-20 23:30:00,44.0
2019-07-21 00:00:00,43.0
2019-07-21 00:00:00,43.0
2019-07-21 00:30:00,45.0
2019-07-21 01:00:00,39.0
2019-07-21 01:30:00,39.0
2019-07-21 02:00:00,40.0
2019-07-21 02:30:00,39.0
2019-07-21 03:00:00,39.0
2019-07-21 03:30:00,38.5
2019-07-21 04:00:00,39.0
2019-07-21 04:30:00,39.0
2019-07-21 05:00:00,38.0
2019-07-21 05:30:00,39.0
2019-07-21 06:00:00,39.0
2019-07-21 06:30:00,41.0
2019-07-21 07:00:00,69.0
2019-07-21 07:30:00,71.0
2019-07-21 08:00:00,373.0
2019-07-21 08:30:00,293.0
2019-07-21 09:00:00,278.0
2019-07-21 09:30:00,320.0
2019-07-21 10:00:00,644.15
2019-07-21 10:30:00,693.08
2019-07-21 11:00:00,652.28
2019-07-21 11:30:00,660.96
2019-07-21 12:00:00,1085.48
2019-07-21 12:30:00,1127.52
2019-07-21 13:00:00,1216.32
2019-07-21 13:30:00,1184.26
2019-07-21 14:00:00,1255.28
2019-07-21 14:30:00,1308.88
2019-07-21 15:00:00,1324.68
2019-07-21 15:30:00,1301.51
2019-07-21 16:00:00,1332.4
2019-07-21 16:30:00,1326.77
2019-07-21 17:00:00,1325.6
2019-07-21 17:30:00,1278.6
2019-07-21 18:00:00,1308.8
2019-07-21 18:30:00,975.0
2019-07-21 19:00:00,836.8
2019-07-21 19:30:00,710.1
2019-07-21 20:00:00,650.4
2019-07-21 20:30:00,548.4
2019-07-21 21:00:00,388.5
2019-07-21 21:30:00,297.0
2019-07-21 22:00:00,262.8
2019-07-21 22:30:00,229.76
2019-07-21 23:00:00,197.24
2019-07-21 23:30:00,165.16
2019-07-22 00:00:00,165.28
2019-07-22 00:00:00,165.28
2019-07-22 00:30:00,161.2
2019-07-22 01:00:00,162.92
2019-07-22 01:30:00,164.32
2019-07-22 02:00:00,152.04
2019-07-22 02:30:00,148.36
2019-07-22 03:00:00,149.92
2019-07-22 03:30:00,148.12
2019-07-22 04:00:00,129.04
2019-07-22 04:30:00,122.12
2019-07-22 05:00:00,124.34
2019-07-22 05:30:00,125.96
2019-07-22 06:00:00,125.52
2019-07-22 06:30:00,132.94
2019-07-22 07:00:00,146.4
2019-07-22 07:30:00,185.56
2019-07-22 08:00:00,503.81
2019-07-22 08:30:00,505.25
2019-07-22 09:00:00,540.0
2019-07-22 09:30:00,578.28
2019-07-22 10:00:00,989.29
2019-07-22 10:30:00,1147.25
2019-07-22 11:00:00,1146.76
2019-07-22 11:30:00,1073.2
2019-07-22 12:00:00,1097.12
2019-07-22 12:30:00,622.0
2019-07-22 13:00:00,1080.56
2019-07-22 13:30:00,1071.16
2019-07-22 14:00:00,1069.8
2019-07-22 14:30:00,1073.96
2019-07-22 15:00:00,1079.92
2019-07-22 15:30:00,1075.06
2019-07-22 16:00:00,1130.72
2019-07-22 16:30:00,1167.0
2019-07-22 17:00:00,1169.72
2019-07-22 17:30:00,815.36
2019-07-22 18:00:00,834.72
2019-07-22 18:30:00,1055.74
2019-07-22 19:00:00,1143.96
2019-07-22 19:30:00,1107.96
2019-07-22 20:00:00,1082.56
2019-07-22 20:30:00,891.48
2019-07-22 21:00:00,676.28
2019-07-22 21:30:00,550.58
2019-07-22 22:00:00,479.5
2019-07-22 22:30:00,432.8
2019-07-22 23:00:00,358.28
2019-07-22 23:30:00,327.46
2019-07-23 00:00:00,333.0
2019-07-23 00:00:00,333.0
2019-07-23 00:30:00,347.63
2019-07-23 01:00:00,348.44
2019-07-23 01:30:00,355.16
2019-07-23 02:00:00,362.96
2019-07-23 02:30:00,374.28
2019-07-23 03:00:00,371.22
2019-07-23 03:30:00,376.56
2019-07-23 04:00:00,372.72
2019-07-23 04:30:00,159.88
2019-07-23 05:00:00,160.68
2019-07-23 05:30:00,161.62
2019-07-23 06:00:00,167.53
2019-07-23 06:30:00,167.16
2019-07-23 07:00:00,162.68
2019-07-23 07:30:00,551.53
2019-07-23 08:00:00,553.61
2019-07-23 08:30:00,678.78
2019-07-23 09:00:00,759.33
2019-07-23 09:30:00,749.45
2019-07-23 10:00:00,823.36
2019-07-23 10:30:00,824.95
2019-07-23 11:00:00,843.57
2019-07-23 11:30:00,1140.47
2019-07-23 12:00:00,1090.92
2019-07-23 12:30:00,1003.7
2019-07-23 13:00:00,1270.9
2019-07-23 13:30:00,1339.98
2019-07-23 14:00:00,1282.44
2019-07-23 14:30:00,1292.36
2019-07-23 15:00:00,1327.24
2019-07-23 15:30:00,1278.2
2019-07-23 16:00:00,1274.67
2019-07-23 16:30:00,1320.94
2019-07-23 17:00:00,760.5
2019-07-23 17:30:00,1288.33
2019-07-23 18:00:00,1250.72
2019-07-23 18:30:00,1242.34
2019-07-23 19:00:00,1295.44
2019-07-23 19:30:00,1285.34
2019-07-23 20:00:00,1286.38
2019-07-23 20:30:00,1058.38
2019-07-23 21:00:00,575.44
2019-07-23 21:30:00,457.82
2019-07-23 22:00:00,357.84
2019-07-23 22:30:00,317.68
2019-07-23 23:00:00,258.12
2019-07-23 23:30:00,218.68
2019-07-24 00:00:00,208.98
2019-07-24 00:00:00,208.98
2019-07-24 00:30:00,219.36
2019-07-24 01:00:00,211.0
2019-07-24 01:30:00,206.56
2019-07-24 02:00:00,203.0
2019-07-24 02:30:00,201.24
2019-07-24 03:00:00,196.1
2019-07-24 03:30:00,153.0
2019-07-24 04:00:00,146.04
2019-07-24 04:30:00,148.08
2019-07-24 05:00:00,144.84
2019-07-24 05:30:00,146.04
2019-07-24 06:00:00,146.32
2019-07-24 06:30:00,159.24
2019-07-24 07:00:00,187.6
2019-07-24 07:30:00,207.54
2019-07-24 08:00:00,588.28
2019-07-24 08:30:00,786.36
2019-07-24 09:00:00,1107.12
2019-07-24 09:30:00,1312.28
2019-07-24 10:00:00,1344.44
2019-07-24 10:30:00,1351.6
2019-07-24 11:00:00,1331.58
2019-07-24 11:30:00,1344.32
2019-07-24 12:00:00,1347.68
2019-07-24 12:30:00,1339.64
2019-07-24 13:00:00,1339.96
2019-07-24 13:30:00,1375.14
2019-07-24 14:00:00,1342.24
2019-07-24 14:30:00,1339.12
2019-07-24 15:00:00,1344.52
2019-07-24 15:30:00,1324.04
2019-07-24 16:00:00,1332.8
2019-07-24 16:30:00,1340.32
2019-07-24 17:00:00,1346.0
2019-07-24 17:30:00,1299.56
2019-07-24 18:00:00,1280.47
2019-07-24 18:30:00,1275.03
2019-07-24 19:00:00,1338.12
2019-07-24 19:30:00,1328.64
2019-07-24 20:00:00,1221.5
2019-07-24 20:30:00,797.04
2019-07-24 21:00:00,678.02
2019-07-24 21:30:00,429.72
2019-07-24 22:00:00,308.2
2019-07-24 22:30:00,256.8
2019-07-24 23:00:00,231.52
2019-07-24 23:30:00,184.62
2019-07-25 00:00:00,182.36
2019-07-25 00:00:00,182.36
2019-07-25 00:30:00,184.6
2019-07-25 01:00:00,179.04
2019-07-25 01:30:00,175.16
2019-07-25 02:00:00,179.48
2019-07-25 02:30:00,143.36
2019-07-25 03:00:00,143.56
2019-07-25 03:30:00,142.96
2019-07-25 04:00:00,100.24
2019-07-25 04:30:00,156.4
2019-07-25 05:00:00,246.04
2019-07-25 05:30:00,477.24
2019-07-25 06:00:00,238.76
2019-07-25 06:30:00,620.56
2019-07-25 07:00:00,710.64
2019-07-25 07:30:00,1005.68
2019-07-25 08:00:00,1101.64
2019-07-25 08:30:00,888.0
2019-07-25 09:00:00,1024.96
2019-07-25 09:30:00,1237.6
2019-07-25 10:00:00,1277.36
2019-07-25 10:30:00,1354.92
2019-07-25 11:00:00,1377.45
2019-07-25 11:30:00,1365.68
2019-07-25 12:00:00,1408.56
2019-07-25 12:30:00,1386.8
2019-07-25 13:00:00,1386.28
2019-07-25 13:30:00,1395.94
2019-07-25 14:00:00,1338.48
2019-07-25 14:30:00,787.68
2019-07-25 15:00:00,1347.68
2019-07-25 15:30:00,1355.64
2019-07-25 16:00:00,1380.8
2019-07-25 16:30:00,1382.6
2019-07-25 17:00:00,1253.65
2019-07-25 17:30:00,1250.8
2019-07-25 18:00:00,1169.3
2019-07-25 18:30:00,975.85
2019-07-25 19:00:00,1038.0
2019-07-25 19:30:00,871.2
2019-07-25 20:00:00,731.8
2019-07-25 20:30:00,610.6
2019-07-25 21:00:00,468.8
2019-07-25 21:30:00,359.4
2019-07-25 22:00:00,300.0
2019-07-25 22:30:00,275.28
2019-07-25 23:00:00,232.12
2019-07-25 23:30:00,200.12
2019-07-26 00:00:00,203.0
2019-07-26 00:00:00,203.0
2019-07-26 00:30:00,195.76
2019-07-26 01:00:00,196.92
2019-07-26 01:30:00,194.88
2019-07-26 02:00:00,191.08
2019-07-26 02:30:00,178.36
2019-07-26 03:00:00,175.96
2019-07-26 03:30:00,171.83
2019-07-26 04:00:00,174.72
2019-07-26 04:30:00,189.16
2019-07-26 05:00:00,184.92
2019-07-26 05:30:00,179.53
2019-07-26 06:00:00,181.33
2019-07-26 06:30:00,167.28
2019-07-26 07:00:00,297.8
2019-07-26 07:30:00,530.2
2019-07-26 08:00:00,520.72
2019-07-26 08:30:00,558.64
2019-07-26 09:00:00,655.8
2019-07-26 09:30:00,663.84
2019-07-26 10:00:00,759.68
2019-07-26 10:30:00,826.76
2019-07-26 11:00:00,776.29
2019-07-26 11:30:00,773.09
2019-07-26 12:00:00,785.68
2019-07-26 12:30:00,779.68
2019-07-26 13:00:00,765.76
2019-07-26 13:30:00,796.6
2019-07-26 14:00:00,804.0
2019-07-26 14:30:00,746.08
2019-07-26 15:00:00,762.9
2019-07-26 15:30:00,782.68
2019-07-26 16:00:00,624.44
2019-07-26 16:30:00,769.56
2019-07-26 17:00:00,806.32
2019-07-26 17:30:00,758.16
2019-07-26 18:00:00,726.28
2019-07-26 18:30:00,700.56
2019-07-26 19:00:00,778.04
2019-07-26 19:30:00,827.44
2019-07-26 20:00:00,768.71
2019-07-26 20:30:00,757.0
2019-07-26 21:00:00,648.26
2019-07-26 21:30:00,417.44
2019-07-26 22:00:00,253.4
2019-07-26 22:30:00,205.56
2019-07-26 23:00:00,183.64
2019-07-26 23:30:00,152.4
2019-07-27 00:00:00,144.48
2019-07-27 00:00:00,144.48
2019-07-27 00:30:00,125.2
2019-07-27 01:00:00,88.44
2019-07-27 01:30:00,124.68
2019-07-27 02:00:00,114.2
2019-07-27 02:30:00,120.36
2019-07-27 03:00:00,122.1
2019-07-27 03:30:00,123.85
2019-07-27 04:00:00,121.31
2019-07-27 04:30:00,87.4
2019-07-27 05:00:00,121.96
2019-07-27 05:30:00,125.4
2019-07-27 06:00:00,126.16
2019-07-27 06:30:00,129.8
2019-07-27 07:00:00,243.54
2019-07-27 07:30:00,415.64
2019-07-27 08:00:00,561.53
2019-07-27 08:30:00,620.32
2019-07-27 09:00:00,645.83
2019-07-27 09:30:00,814.48
2019-07-27 10:00:00,747.64
2019-07-27 10:30:00,958.22
2019-07-27 11:00:00,854.88
2019-07-27 11:30:00,875.6
2019-07-27 12:00:00,894.38
2019-07-27 12:30:00,852.16
2019-07-27 13:00:00,849.88
2019-07-27 13:30:00,830.44
2019-07-27 14:00:00,805.33
2019-07-27 14:30:00,807.8
2019-07-27 15:00:00,823.48
2019-07-27 15:30:00,829.28
2019-07-27 16:00:00,797.36
2019-07-27 16:30:00,785.76
2019-07-27 17:00:00,788.16
2019-07-27 17:30:00,619.4
2019-07-27 18:00:00,775.2
2019-07-27 18:30:00,754.48
2019-07-27 19:00:00,791.6
2019-07-27 19:30:00,772.89
2019-07-27 20:00:00,777.04
2019-07-27 20:30:00,683.08
2019-07-27 21:00:00,400.8
2019-07-27 21:30:00,302.72
2019-07-27 22:00:00,256.98
2019-07-27 22:30:00,229.8
2019-07-27 23:00:00,178.68
2019-07-27 23:30:00,152.48
2019-07-28 00:00:00,128.02
2019-07-28 00:00:00,128.02
2019-07-28 00:30:00,123.6
2019-07-28 01:00:00,124.0
2019-07-28 01:30:00,123.12
2019-07-28 02:00:00,122.8
2019-07-28 02:30:00,123.61
2019-07-28 03:00:00,126.27
2019-07-28 03:30:00,122.31
2019-07-28 04:00:00,126.2
2019-07-28 04:30:00,125.68
2019-07-28 05:00:00,123.92
2019-07-28 05:30:00,133.08
2019-07-28 06:00:00,132.24
2019-07-28 06:30:00,168.84
2019-07-28 07:00:00,779.96
2019-07-28 07:30:00,608.54
2019-07-28 08:00:00,619.92
2019-07-28 08:30:00,625.88
2019-07-28 09:00:00,704.24
2019-07-28 09:30:00,794.64
2019-07-28 10:00:00,823.2
2019-07-28 10:30:00,873.2
2019-07-28 11:00:00,881.72
2019-07-28 11:30:00,958.12
2019-07-28 12:00:00,939.4
2019-07-28 12:30:00,941.4
2019-07-28 13:00:00,896.72
2019-07-28 13:30:00,917.87
2019-07-28 14:00:00,890.22
2019-07-28 14:30:00,886.93
2019-07-28 15:00:00,888.65
2019-07-28 15:30:00,905.08
2019-07-28 16:00:00,916.76
2019-07-28 16:30:00,937.84
2019-07-28 17:00:00,939.88
2019-07-28 17:30:00,908.5
2019-07-28 18:00:00,887.74
2019-07-28 18:30:00,894.16
2019-07-28 19:00:00,921.08
2019-07-28 19:30:00,893.32
2019-07-28 20:00:00,928.36
2019-07-28 20:30:00,909.75
2019-07-28 21:00:00,576.76
2019-07-28 21:30:00,320.44
2019-07-28 22:00:00,225.48
2019-07-28 22:30:00,204.12
2019-07-28 23:00:00,149.82
2019-07-28 23:30:00,130.44
2019-07-29 00:00:00,130.92
2019-07-29 00:00:00,130.92
2019-07-29 00:30:00,136.38
2019-07-29 01:00:00,127.48
2019-07-29 01:30:00,136.24
2019-07-29 02:00:00,129.6
2019-07-29 02:30:00,123.7
2019-07-29 03:00:00,93.08
2019-07-29 03:30:00,128.72
2019-07-29 04:00:00,132.8
2019-07-29 04:30:00,126.36
2019-07-29 05:00:00,91.92
2019-07-29 05:30:00,92.62
2019-07-29 06:00:00,92.96
2019-07-29 06:30:00,145.8
2019-07-29 07:00:00,763.51
2019-07-29 07:30:00,480.16
2019-07-29 08:00:00,410.8
2019-07-29 08:30:00,
2019-07-29 09:00:00,
2019-07-29 09:30:00,
2019-07-29 10:00:00,
2019-07-29 10:30:00,
2019-07-29 11:00:00,
2019-07-29 11:30:00,
2019-07-29 12:00:00,
2019-07-29 12:30:00,
2019-07-29 13:00:00,
2019-07-29 13:30:00,
2019-07-29 14:00:00,
2019-07-29 14:30:00,
2019-07-29 15:00:00,
2019-07-29 15:30:00,
2019-07-29 16:00:00,
2019-07-29 16:30:00,
2019-07-29 17:00:00,
2019-07-29 17:30:00,
2019-07-29 18:00:00,
2019-07-29 18:30:00,751.16
2019-07-29 19:00:00,834.97
2019-07-29 19:30:00,834.68
2019-07-29 20:00:00,814.36
2019-07-29 20:30:00,763.36
2019-07-29 21:00:00,453.52
2019-07-29 21:30:00,329.29
2019-07-29 22:00:00,259.2
2019-07-29 22:30:00,224.06
2019-07-29 23:00:00,184.44
2019-07-29 23:30:00,154.08
2019-07-30 00:00:00,148.54
2019-07-30 00:00:00,148.54
2019-07-30 00:30:00,145.08
2019-07-30 01:00:00,143.64
2019-07-30 01:30:00,145.72
2019-07-30 02:00:00,148.32
2019-07-30 02:30:00,130.48
2019-07-30 03:00:00,141.44
2019-07-30 03:30:00,143.32
2019-07-30 04:00:00,157.76
2019-07-30 04:30:00,142.44
2019-07-30 05:00:00,141.34
2019-07-30 05:30:00,144.56
2019-07-30 06:00:00,144.81
2019-07-30 06:30:00,290.2
2019-07-30 07:00:00,
2019-07-30 07:30:00,
2019-07-30 08:00:00,
2019-07-30 08:30:00,
2019-07-30 09:00:00,
2019-07-30 09:30:00,
2019-07-30 10:00:00,
2019-07-30 10:30:00,
2019-07-30 11:00:00,
2019-07-30 11:30:00,
2019-07-30 12:00:00,
2019-07-30 12:30:00,
2019-07-30 13:00:00,
2019-07-30 13:30:00,
2019-07-30 14:00:00,
2019-07-30 14:30:00,
2019-07-30 15:00:00,
2019-07-30 15:30:00,
2019-07-30 16:00:00,
2019-07-30 16:30:00,
2019-07-30 17:00:00,
2019-07-30 17:30:00,
2019-07-30 18:00:00,
2019-07-30 18:30:00,
2019-07-30 19:00:00,
2019-07-30 19:30:00,830.2
2019-07-30 20:00:00,810.2
2019-07-30 20:30:00,797.8
2019-07-30 21:00:00,518.0
2019-07-30 21:30:00,324.8
2019-07-30 22:00:00,292.2
2019-07-30 22:30:00,258.34
2019-07-30 23:00:00,214.06
2019-07-30 23:30:00,189.4
2019-07-31 00:00:00,165.5
2019-07-31 00:00:00,165.5
2019-07-31 00:30:00,97.4
2019-07-31 01:00:00,142.88
2019-07-31 01:30:00,146.28
2019-07-31 02:00:00,140.44
2019-07-31 02:30:00,141.08
2019-07-31 03:00:00,140.36
2019-07-31 03:30:00,146.84
2019-07-31 04:00:00,138.32
2019-07-31 04:30:00,147.0
2019-07-31 05:00:00,149.92
2019-07-31 05:30:00,144.08
2019-07-31 06:00:00,140.54
2019-07-31 06:30:00,219.84
2019-07-31 07:00:00,669.08
2019-07-31 07:30:00,598.08
2019-07-31 08:00:00,758.8
2019-07-31 08:30:00,1120.4
2019-07-31 09:00:00,1400.14
2019-07-31 09:30:00,1422.16
2019-07-31 10:00:00,1341.68
2019-07-31 10:30:00,1419.36
2019-07-31 11:00:00,1034.16
2019-07-31 11:30:00,1436.92
2019-07-31 12:00:00,1444.84
2019-07-31 12:30:00,1433.16
2019-07-31 13:00:00,1416.84
2019-07-31 13:30:00,1457.04
2019-07-31 14:00:00,1429.04
2019-07-31 14:30:00,1454.64
2019-07-31 15:00:00,842.2
2019-07-31 15:30:00,1413.74
2019-07-31 16:00:00,1438.16
2019-07-31 16:30:00,1164.84
2019-07-31 17:00:00,853.26
2019-07-31 17:30:00,843.04
2019-07-31 18:00:00,804.76
2019-07-31 18:30:00,803.13
2019-07-31 19:00:00,873.8
2019-07-31 19:30:00,863.88
2019-07-31 20:00:00,814.4
2019-07-31 20:30:00,758.4
2019-07-31 21:00:00,502.7
2019-07-31 21:30:00,311.94
2019-07-31 22:00:00,228.44
2019-07-31 22:30:00,209.29
2019-07-31 23:00:00,170.72
2019-07-31 23:30:00,152.32
2019-08-01 00:00:00,97.88
2019-08-01 00:00:00,97.88
2019-08-01 00:30:00,143.12
2019-08-01 01:00:00,143.05
2019-08-01 01:30:00,139.32
2019-08-01 02:00:00,137.08
2019-08-01 02:30:00,141.64
2019-08-01 03:00:00,135.17
2019-08-01 03:30:00,136.8
2019-08-01 04:00:00,141.88
2019-08-01 04:30:00,135.68
2019-08-01 05:00:00,138.36
2019-08-01 05:30:00,136.97
2019-08-01 06:00:00,152.32
2019-08-01 06:30:00,360.79
2019-08-01 07:00:00,639.48
2019-08-01 07:30:00,599.08
2019-08-01 08:00:00,644.22
2019-08-01 08:30:00,725.2
2019-08-01 09:00:00,808.48
2019-08-01 09:30:00,821.05
2019-08-01 10:00:00,871.42
2019-08-01 10:30:00,927.12
2019-08-01 11:00:00,899.92
2019-08-01 11:30:00,916.88
2019-08-01 12:00:00,682.4
2019-08-01 12:30:00,874.72
2019-08-01 13:00:00,584.4
2019-08-01 13:30:00,747.4
2019-08-01 14:00:00,742.52
2019-08-01 14:30:00,788.42
2019-08-01 15:00:00,715.57
2019-08-01 15:30:00,722.83
2019-08-01 16:00:00,762.52
2019-08-01 16:30:00,822.64
2019-08-01 17:00:00,778.29
2019-08-01 17:30:00,740.6
2019-08-01 18:00:00,741.09
2019-08-01 18:30:00,728.12
2019-08-01 19:00:00,759.52
2019-08-01 19:30:00,798.03
2019-08-01 20:00:00,768.44
2019-08-01 20:30:00,564.22
2019-08-01 21:00:00,486.91
2019-08-01 21:30:00,278.4
2019-08-01 22:00:00,240.24
2019-08-01 22:30:00,205.8
2019-08-01 23:00:00,165.36
2019-08-01 23:30:00,136.8
2019-08-02 00:00:00,93.96
2019-08-02 00:00:00,93.96
2019-08-02 00:30:00,120.36
2019-08-02 01:00:00,121.4
2019-08-02 01:30:00,122.44
2019-08-02 02:00:00,129.72
2019-08-02 02:30:00,115.16
2019-08-02 03:00:00,140.38
2019-08-02 03:30:00,114.84
2019-08-02 04:00:00,126.68
2019-08-02 04:30:00,123.64
2019-08-02 05:00:00,122.48
2019-08-02 05:30:00,120.78
2019-08-02 06:00:00,93.04
2019-08-02 06:30:00,129.96
2019-08-02 07:00:00,191.84
2019-08-02 07:30:00,522.6
2019-08-02 08:00:00,589.34
2019-08-02 08:30:00,740.4
2019-08-02 09:00:00,872.8
2019-08-02 09:30:00,855.84
2019-08-02 10:00:00,956.8
2019-08-02 10:30:00,976.42
2019-08-02 11:00:00,924.06
2019-08-02 11:30:00,947.4
2019-08-02 12:00:00,934.82
2019-08-02 12:30:00,942.16
2019-08-02 13:00:00,973.72
2019-08-02 13:30:00,950.04
2019-08-02 14:00:00,920.9
2019-08-02 14:30:00,886.4
2019-08-02 15:00:00,914.38
2019-08-02 15:30:00,919.84
2019-08-02 16:00:00,914.6
2019-08-02 16:30:00,900.16
2019-08-02 17:00:00,788.84
2019-08-02 17:30:00,749.6
2019-08-02 18:00:00,741.16
2019-08-02 18:30:00,737.84
2019-08-02 19:00:00,810.04
2019-08-02 19:30:00,783.56
2019-08-02 20:00:00,789.68
2019-08-02 20:30:00,759.92
2019-08-02 21:00:00,512.36
2019-08-02 21:30:00,306.08
2019-08-02 22:00:00,255.84
2019-08-02 22:30:00,219.72
2019-08-02 23:00:00,188.66
2019-08-02 23:30:00,128.58
2019-08-03 00:00:00,130.64
2019-08-03 00:00:00,130.64
2019-08-03 00:30:00,131.3
2019-08-03 01:00:00,132.88
2019-08-03 01:30:00,129.92
2019-08-03 02:00:00,130.16
2019-08-03 02:30:00,135.9
2019-08-03 03:00:00,129.0
2019-08-03 03:30:00,130.84
2019-08-03 04:00:00,130.72
2019-08-03 04:30:00,126.56
2019-08-03 05:00:00,134.4
2019-08-03 05:30:00,127.48
2019-08-03 06:00:00,124.36
2019-08-03 06:30:00,141.08
2019-08-03 07:00:00,333.52
2019-08-03 07:30:00,489.16
2019-08-03 08:00:00,554.72
2019-08-03 08:30:00,660.6
2019-08-03 09:00:00,656.04
2019-08-03 09:30:00,708.5
2019-08-03 10:00:00,815.88
2019-08-03 10:30:00,841.04
2019-08-03 11:00:00,833.28
2019-08-03 11:30:00,876.84
2019-08-03 12:00:00,893.2
2019-08-03 12:30:00,836.96
2019-08-03 13:00:00,894.24
2019-08-03 13:30:00,840.12
2019-08-03 14:00:00,832.64
2019-08-03 14:30:00,656.32
2019-08-03 15:00:00,842.32
2019-08-03 15:30:00,839.96
2019-08-03 16:00:00,840.12
2019-08-03 16:30:00,816.2
2019-08-03 17:00:00,825.84
2019-08-03 17:30:00,743.6
2019-08-03 18:00:00,673.68
2019-08-03 18:30:00,644.04
2019-08-03 19:00:00,690.64
2019-08-03 19:30:00,699.36
2019-08-03 20:00:00,677.68
2019-08-03 20:30:00,641.94
2019-08-03 21:00:00,393.64
2019-08-03 21:30:00,268.72
2019-08-03 22:00:00,221.92
2019-08-03 22:30:00,194.84
2019-08-03 23:00:00,144.83
2019-08-03 23:30:00,130.88
2019-08-04 00:00:00,124.72
2019-08-04 00:00:00,124.72
2019-08-04 00:30:00,129.46
2019-08-04 01:00:00,133.1
2019-08-04 01:30:00,121.93
2019-08-04 02:00:00,120.84
2019-08-04 02:30:00,121.82
2019-08-04 03:00:00,123.64
2019-08-04 03:30:00,121.42
2019-08-04 04:00:00,125.16
2019-08-04 04:30:00,89.2
2019-08-04 05:00:00,114.36
2019-08-04 05:30:00,85.16
2019-08-04 06:00:00,138.16
2019-08-04 06:30:00,141.18
2019-08-04 07:00:00,136.28
2019-08-04 07:30:00,504.94
2019-08-04 08:00:00,509.08
2019-08-04 08:30:00,517.22
2019-08-04 09:00:00,593.32
2019-08-04 09:30:00,664.08
2019-08-04 10:00:00,691.79
2019-08-04 10:30:00,733.88
2019-08-04 11:00:00,689.12
2019-08-04 11:30:00,708.88
2019-08-04 12:00:00,711.8
2019-08-04 12:30:00,662.64
2019-08-04 13:00:00,648.24
2019-08-04 13:30:00,666.38
2019-08-04 14:00:00,640.56
2019-08-04 14:30:00,679.04
2019-08-04 15:00:00,662.2
2019-08-04 15:30:00,655.11
2019-08-04 16:00:00,649.59
2019-08-04 16:30:00,673.2
2019-08-04 17:00:00,693.92
2019-08-04 17:30:00,673.56
2019-08-04 18:00:00,637.76
2019-08-04 18:30:00,623.6
2019-08-04 19:00:00,675.8
2019-08-04 19:30:00,668.08
2019-08-04 20:00:00,656.69
2019-08-04 20:30:00,510.68
2019-08-04 21:00:00,502.11
2019-08-04 21:30:00,226.15
2019-08-04 22:00:00,166.76
2019-08-04 22:30:00,177.8
2019-08-04 23:00:00,142.84
2019-08-04 23:30:00,119.44
2019-08-05 00:00:00,117.66
2019-08-05 00:00:00,117.66
2019-08-05 00:30:00,120.24
2019-08-05 01:00:00,114.12
2019-08-05 01:30:00,117.6
2019-08-05 02:00:00,118.6
2019-08-05 02:30:00,125.4
2019-08-05 03:00:00,116.4
2019-08-05 03:30:00,118.8
2019-08-05 04:00:00,120.2
2019-08-05 04:30:00,118.8
2019-08-05 05:00:00,116.9
2019-08-05 05:30:00,129.4
2019-08-05 06:00:00,129.0
2019-08-05 06:30:00,124.4
2019-08-05 07:00:00,264.4
2019-08-05 07:30:00,516.4
2019-08-05 08:00:00,457.6
2019-08-05 08:30:00,542.6
2019-08-05 09:00:00,590.35
2019-08-05 09:30:00,654.4
2019-08-05 10:00:00,656.6
2019-08-05 10:30:00,630.0
2019-08-05 11:00:00,660.6
2019-08-05 11:30:00,677.0
2019-08-05 12:00:00,688.7
2019-08-05 12:30:00,687.4
2019-08-05 13:00:00,652.0
2019-08-05 13:30:00,703.2
2019-08-05 14:00:00,681.8
2019-08-05 14:30:00,705.2
2019-08-05 15:00:00,747.8
2019-08-05 15:30:00,704.8
2019-08-05 16:00:00,699.6
2019-08-05 16:30:00,715.0
2019-08-05 17:00:00,697.55
2019-08-05 17:30:00,693.8
2019-08-05 18:00:00,627.57
2019-08-05 18:30:00,622.8
2019-08-05 19:00:00,707.46
2019-08-05 19:30:00,689.29
2019-08-05 20:00:00,681.08
2019-08-05 20:30:00,554.48
2019-08-05 21:00:00,485.24
2019-08-05 21:30:00,283.19
2019-08-05 22:00:00,233.72
2019-08-05 22:30:00,208.12
2019-08-05 23:00:00,149.2
2019-08-05 23:30:00,122.1
2019-08-06 00:00:00,125.72
2019-08-06 00:00:00,125.72
2019-08-06 00:30:00,125.64
2019-08-06 01:00:00,125.6
2019-08-06 01:30:00,121.2
2019-08-06 02:00:00,120.32
2019-08-06 02:30:00,120.63
2019-08-06 03:00:00,124.12
2019-08-06 03:30:00,120.4
2019-08-06 04:00:00,122.6
2019-08-06 04:30:00,127.72
2019-08-06 05:00:00,130.8
2019-08-06 05:30:00,115.12
2019-08-06 06:00:00,120.36
2019-08-06 06:30:00,120.2
2019-08-06 07:00:00,126.08
2019-08-06 07:30:00,457.0
2019-08-06 08:00:00,553.0
2019-08-06 08:30:00,592.72
2019-08-06 09:00:00,683.8
2019-08-06 09:30:00,707.28
2019-08-06 10:00:00,542.4
2019-08-06 10:30:00,735.18
2019-08-06 11:00:00,791.42
2019-08-06 11:30:00,773.72
2019-08-06 12:00:00,800.32
2019-08-06 12:30:00,828.44
2019-08-06 13:00:00,829.06
2019-08-06 13:30:00,796.6
2019-08-06 14:00:00,818.04
2019-08-06 14:30:00,832.0
2019-08-06 15:00:00,815.12
2019-08-06 15:30:00,760.08
2019-08-06 16:00:00,729.0
2019-08-06 16:30:00,693.04
2019-08-06 17:00:00,713.4
2019-08-06 17:30:00,702.76
2019-08-06 18:00:00,674.54
2019-08-06 18:30:00,682.96
2019-08-06 19:00:00,739.44
2019-08-06 19:30:00,733.36
2019-08-06 20:00:00,725.86
2019-08-06 20:30:00,538.38
2019-08-06 21:00:00,476.8
2019-08-06 21:30:00,280.68
2019-08-06 22:00:00,241.52
2019-08-06 22:30:00,198.35
2019-08-06 23:00:00,137.55
2019-08-06 23:30:00,125.0
2019-08-07 00:00:00,123.56
2019-08-07 00:00:00,123.56
2019-08-07 00:30:00,119.28
2019-08-07 01:00:00,117.8
2019-08-07 01:30:00,116.12
2019-08-07 02:00:00,122.68
2019-08-07 02:30:00,118.54
2019-08-07 03:00:00,118.84
2019-08-07 03:30:00,118.0
2019-08-07 04:00:00,119.92
2019-08-07 04:30:00,122.2
2019-08-07 05:00:00,118.4
2019-08-07 05:30:00,127.16
2019-08-07 06:00:00,129.4
2019-08-07 06:30:00,143.24
2019-08-07 07:00:00,283.06
2019-08-07 07:30:00,533.88
2019-08-07 08:00:00,478.36
2019-08-07 08:30:00,497.38
2019-08-07 09:00:00,607.08
2019-08-07 09:30:00,703.66
2019-08-07 10:00:00,699.64
2019-08-07 10:30:00,706.22
2019-08-07 11:00:00,713.8
2019-08-07 11:30:00,721.16
2019-08-07 12:00:00,815.76
2019-08-07 12:30:00,811.68
2019-08-07 13:00:00,819.56
2019-08-07 13:30:00,840.88
2019-08-07 14:00:00,802.16
2019-08-07 14:30:00,812.44
2019-08-07 15:00:00,839.2
2019-08-07 15:30:00,815.32
2019-08-07 16:00:00,754.84
2019-08-07 16:30:00,767.86
2019-08-07 17:00:00,734.26
2019-08-07 17:30:00,686.8
2019-08-07 18:00:00,671.24
2019-08-07 18:30:00,634.64
2019-08-07 19:00:00,722.48
2019-08-07 19:30:00,704.36
2019-08-07 20:00:00,688.48
2019-08-07 20:30:00,676.2
2019-08-07 21:00:00,498.04
2019-08-07 21:30:00,299.6
2019-08-07 22:00:00,232.08
2019-08-07 22:30:00,215.24
2019-08-07 23:00:00,163.6
2019-08-07 23:30:00,136.94
2019-08-08 00:00:00,139.72
2019-08-08 00:00:00,139.72
2019-08-08 00:30:00,140.42
2019-08-08 01:00:00,123.2
2019-08-08 01:30:00,127.6
2019-08-08 02:00:00,129.24
2019-08-08 02:30:00,125.32
2019-08-08 03:00:00,123.8
2019-08-08 03:30:00,148.52
2019-08-08 04:00:00,126.56
2019-08-08 04:30:00,130.12
2019-08-08 05:00:00,133.72
2019-08-08 05:30:00,120.44
2019-08-08 06:00:00,126.72
2019-08-08 06:30:00,134.2
2019-08-08 07:00:00,243.4
2019-08-08 07:30:00,522.62
2019-08-08 08:00:00,509.8
2019-08-08 08:30:00,612.2
2019-08-08 09:00:00,645.6
2019-08-08 09:30:00,776.72
2019-08-08 10:00:00,861.48
2019-08-08 10:30:00,856.28
2019-08-08 11:00:00,870.6
2019-08-08 11:30:00,879.44
2019-08-08 12:00:00,868.56
2019-08-08 12:30:00,854.72
2019-08-08 13:00:00,867.6
2019-08-08 13:30:00,880.0
2019-08-08 14:00:00,870.08
2019-08-08 14:30:00,894.2
2019-08-08 15:00:00,887.36
2019-08-08 15:30:00,838.42
2019-08-08 16:00:00,854.32
2019-08-08 16:30:00,850.2
2019-08-08 17:00:00,832.6
2019-08-08 17:30:00,651.4
2019-08-08 18:00:00,797.32
2019-08-08 18:30:00,791.16
2019-08-08 19:00:00,816.84
2019-08-08 19:30:00,765.44
2019-08-08 20:00:00,746.92
2019-08-08 20:30:00,596.68
2019-08-08 21:00:00,520.72
2019-08-08 21:30:00,328.3
2019-08-08 22:00:00,263.64
2019-08-08 22:30:00,222.96
2019-08-08 23:00:00,156.6
2019-08-08 23:30:00,127.68
2019-08-09 00:00:00,131.84
2019-08-09 00:00:00,131.84
2019-08-09 00:30:00,130.16
2019-08-09 01:00:00,
2019-08-09 01:30:00,129.56
2019-08-09 02:00:00,130.44
2019-08-09 02:30:00,127.44
2019-08-09 03:00:00,123.64
2019-08-09 03:30:00,127.36
2019-08-09 04:00:00,126.76
2019-08-09 04:30:00,130.16
2019-08-09 05:00:00,128.59
2019-08-09 05:30:00,131.1
2019-08-09 06:00:00,132.12
2019-08-09 06:30:00,146.6
2019-08-09 07:00:00,449.68
2019-08-09 07:30:00,458.56
2019-08-09 08:00:00,476.16
2019-08-09 08:30:00,547.52
2019-08-09 09:00:00,731.72
2019-08-09 09:30:00,734.04
2019-08-09 10:00:00,763.4
2019-08-09 10:30:00,744.96
2019-08-09 11:00:00,701.64
2019-08-09 11:30:00,761.28
2019-08-09 12:00:00,763.68
2019-08-09 12:30:00,772.22
2019-08-09 13:00:00,782.24
2019-08-09 13:30:00,777.7
2019-08-09 14:00:00,795.16
2019-08-09 14:30:00,771.24
2019-08-09 15:00:00,790.64
2019-08-09 15:30:00,782.56
2019-08-09 16:00:00,794.28
2019-08-09 16:30:00,762.36
2019-08-09 17:00:00,739.24
2019-08-09 17:30:00,689.68
2019-08-09 18:00:00,639.4
2019-08-09 18:30:00,632.36
2019-08-09 19:00:00,704.8
2019-08-09 19:30:00,680.48
2019-08-09 20:00:00,670.8
2019-08-09 20:30:00,533.68
2019-08-09 21:00:00,494.96
2019-08-09 21:30:00,268.56
2019-08-09 22:00:00,213.96
2019-08-09 22:30:00,180.95
2019-08-09 23:00:00,155.84
2019-08-09 23:30:00,121.7
2019-08-10 00:00:00,140.16
2019-08-10 00:00:00,140.16
2019-08-10 00:30:00,117.24
2019-08-10 01:00:00,118.08
2019-08-10 01:30:00,119.07
2019-08-10 02:00:00,119.29
2019-08-10 02:30:00,121.04
2019-08-10 03:00:00,119.88
2019-08-10 03:30:00,123.0
2019-08-10 04:00:00,124.56
2019-08-10 04:30:00,129.16
2019-08-10 05:00:00,120.93
2019-08-10 05:30:00,137.28
2019-08-10 06:00:00,141.22
2019-08-10 06:30:00,138.04
2019-08-10 07:00:00,192.44
2019-08-10 07:30:00,433.56
2019-08-10 08:00:00,491.04
2019-08-10 08:30:00,478.44
2019-08-10 09:00:00,479.98
2019-08-10 09:30:00,560.92
2019-08-10 10:00:00,619.08
2019-08-10 10:30:00,656.32
2019-08-10 11:00:00,692.24
2019-08-10 11:30:00,549.48
2019-08-10 12:00:00,650.8
2019-08-10 12:30:00,647.64
2019-08-10 13:00:00,632.52
2019-08-10 13:30:00,645.64
2019-08-10 14:00:00,643.8
2019-08-10 14:30:00,635.52
2019-08-10 15:00:00,651.56
2019-08-10 15:30:00,640.88
2019-08-10 16:00:00,656.44
2019-08-10 16:30:00,652.16
2019-08-10 17:00:00,653.36
2019-08-10 17:30:00,653.76
2019-08-10 18:00:00,679.68
2019-08-10 18:30:00,636.12
2019-08-10 19:00:00,663.54
2019-08-10 19:30:00,670.42
2019-08-10 20:00:00,617.0
2019-08-10 20:30:00,405.34
2019-08-10 21:00:00,358.04
2019-08-10 21:30:00,244.06
2019-08-10 22:00:00,230.2
2019-08-10 22:30:00,249.18
2019-08-10 23:00:00,188.08
2019-08-10 23:30:00,153.88
2019-08-11 00:00:00,149.68
2019-08-11 00:00:00,149.68
2019-08-11 00:30:00,141.24
2019-08-11 01:00:00,142.0
2019-08-11 01:30:00,141.36
2019-08-11 02:00:00,140.12
2019-08-11 02:30:00,140.46
2019-08-11 03:00:00,135.36
2019-08-11 03:30:00,138.12
2019-08-11 04:00:00,130.0
2019-08-11 04:30:00,134.88
2019-08-11 05:00:00,138.04
2019-08-11 05:30:00,143.18
2019-08-11 06:00:00,133.52
2019-08-11 06:30:00,151.48
2019-08-11 07:00:00,198.49
2019-08-11 07:30:00,492.34
2019-08-11 08:00:00,483.16
2019-08-11 08:30:00,481.29
2019-08-11 09:00:00,519.64
2019-08-11 09:30:00,559.15
2019-08-11 10:00:00,597.43
2019-08-11 10:30:00,620.6
2019-08-11 11:00:00,628.48
2019-08-11 11:30:00,637.36
2019-08-11 12:00:00,652.56
2019-08-11 12:30:00,646.36
2019-08-11 13:00:00,617.92
2019-08-11 13:30:00,653.04
2019-08-11 14:00:00,664.6
2019-08-11 14:30:00,637.0
2019-08-11 15:00:00,642.88
2019-08-11 15:30:00,659.2
2019-08-11 16:00:00,673.08
2019-08-11 16:30:00,641.6
2019-08-11 17:00:00,636.84
2019-08-11 17:30:00,617.76
2019-08-11 18:00:00,612.4
2019-08-11 18:30:00,567.2
2019-08-11 19:00:00,644.04
2019-08-11 19:30:00,648.24
2019-08-11 20:00:00,630.28
2019-08-11 20:30:00,486.08
2019-08-11 21:00:00,370.16
2019-08-11 21:30:00,262.36
2019-08-11 22:00:00,212.96
2019-08-11 22:30:00,183.72
2019-08-11 23:00:00,138.72
2019-08-11 23:30:00,115.56
2019-08-12 00:00:00,115.36
2019-08-12 00:00:00,115.36
2019-08-12 00:30:00,82.32
2019-08-12 01:00:00,108.48
2019-08-12 01:30:00,113.76
2019-08-12 02:00:00,82.16
2019-08-12 02:30:00,112.04
2019-08-12 03:00:00,114.68
2019-08-12 03:30:00,109.64
2019-08-12 04:00:00,108.56
2019-08-12 04:30:00,111.56
2019-08-12 05:00:00,107.24
2019-08-12 05:30:00,113.44
2019-08-12 06:00:00,111.56
2019-08-12 06:30:00,119.4
2019-08-12 07:00:00,179.8
2019-08-12 07:30:00,483.04
2019-08-12 08:00:00,430.76
2019-08-12 08:30:00,550.04
2019-08-12 09:00:00,658.88
2019-08-12 09:30:00,625.36
2019-08-12 10:00:00,526.56
2019-08-12 10:30:00,655.36
2019-08-12 11:00:00,675.64
2019-08-12 11:30:00,674.64
2019-08-12 12:00:00,676.0
2019-08-12 12:30:00,673.84
2019-08-12 13:00:00,516.52
2019-08-12 13:30:00,673.04
2019-08-12 14:00:00,631.52
2019-08-12 14:30:00,656.64
2019-08-12 15:00:00,656.72
2019-08-12 15:30:00,690.92
2019-08-12 16:00:00,695.48
2019-08-12 16:30:00,672.68
2019-08-12 17:00:00,663.83
2019-08-12 17:30:00,630.36
2019-08-12 18:00:00,635.24
2019-08-12 18:30:00,432.0
2019-08-12 19:00:00,688.7
2019-08-12 19:30:00,674.72
2019-08-12 20:00:00,687.6
2019-08-12 20:30:00,538.3
2019-08-12 21:00:00,380.8
2019-08-12 21:30:00,286.4
2019-08-12 22:00:00,218.64
2019-08-12 22:30:00,203.22
2019-08-12 23:00:00,164.04
2019-08-12 23:30:00,117.04
2019-08-13 00:00:00,119.0
2019-08-13 00:00:00,119.0
2019-08-13 00:30:00,121.92
2019-08-13 01:00:00,124.04
2019-08-13 01:30:00,120.6
2019-08-13 02:00:00,127.64
2019-08-13 02:30:00,124.28
2019-08-13 03:00:00,76.56
2019-08-13 03:30:00,121.94
2019-08-13 04:00:00,116.64
2019-08-13 04:30:00,119.36
2019-08-13 05:00:00,132.24
2019-08-13 05:30:00,124.84
2019-08-13 06:00:00,82.68
2019-08-13 06:30:00,136.16
2019-08-13 07:00:00,294.68
2019-08-13 07:30:00,555.96
2019-08-13 08:00:00,522.4
2019-08-13 08:30:00,513.0
2019-08-13 09:00:00,626.2
2019-08-13 09:30:00,697.16
2019-08-13 10:00:00,744.8
2019-08-13 10:30:00,719.0
2019-08-13 11:00:00,702.56
2019-08-13 11:30:00,744.72
2019-08-13 12:00:00,735.64
2019-08-13 12:30:00,714.24
2019-08-13 13:00:00,700.56
2019-08-13 13:30:00,678.24
2019-08-13 14:00:00,727.6
2019-08-13 14:30:00,676.72
2019-08-13 15:00:00,723.5
2019-08-13 15:30:00,720.04
2019-08-13 16:00:00,743.01
2019-08-13 16:30:00,711.06
2019-08-13 17:00:00,712.84
2019-08-13 17:30:00,670.6
2019-08-13 18:00:00,616.72
2019-08-13 18:30:00,607.25
2019-08-13 19:00:00,627.88
2019-08-13 19:30:00,633.6
2019-08-13 20:00:00,644.4
2019-08-13 20:30:00,603.4
2019-08-13 21:00:00,493.6
2019-08-13 21:30:00,316.12
2019-08-13 22:00:00,243.0
2019-08-13 22:30:00,231.84
2019-08-13 23:00:00,169.04
2019-08-13 23:30:00,142.48
2019-08-14 00:00:00,121.32
2019-08-14 00:00:00,121.32
2019-08-14 00:30:00,123.32
2019-08-14 01:00:00,81.04
2019-08-14 01:30:00,119.26
2019-08-14 02:00:00,115.52
2019-08-14 02:30:00,111.56
2019-08-14 03:00:00,117.32
2019-08-14 03:30:00,122.0
2019-08-14 04:00:00,118.08
2019-08-14 04:30:00,112.44
2019-08-14 05:00:00,116.4
2019-08-14 05:30:00,123.38
2019-08-14 06:00:00,134.8
2019-08-14 06:30:00,131.18
2019-08-14 07:00:00,248.3
2019-08-14 07:30:00,529.48
2019-08-14 08:00:00,543.84
2019-08-14 08:30:00,516.68
2019-08-14 09:00:00,673.28
2019-08-14 09:30:00,693.56
2019-08-14 10:00:00,735.52
2019-08-14 10:30:00,935.04
2019-08-14 11:00:00,1128.84
2019-08-14 11:30:00,1219.36
2019-08-14 12:00:00,1286.16
2019-08-14 12:30:00,1310.72
2019-08-14 13:00:00,1293.68
2019-08-14 13:30:00,1254.32
2019-08-14 14:00:00,1267.68
2019-08-14 14:30:00,1258.24
2019-08-14 15:00:00,1238.96
2019-08-14 15:30:00,828.24
2019-08-14 16:00:00,1056.56
2019-08-14 16:30:00,765.68
2019-08-14 17:00:00,684.36
2019-08-14 17:30:00,683.68
2019-08-14 18:00:00,707.56
2019-08-14 18:30:00,636.04
2019-08-14 19:00:00,705.06
2019-08-14 19:30:00,685.6
2019-08-14 20:00:00,663.18
2019-08-14 20:30:00,558.36
2019-08-14 21:00:00,416.32
2019-08-14 21:30:00,285.0
2019-08-14 22:00:00,219.02
2019-08-14 22:30:00,182.56
2019-08-14 23:00:00,148.68
2019-08-14 23:30:00,125.98
2019-08-15 00:00:00,125.78
2019-08-15 00:00:00,125.78
2019-08-15 00:30:00,119.24
2019-08-15 01:00:00,119.28
2019-08-15 01:30:00,119.48
2019-08-15 02:00:00,120.39
2019-08-15 02:30:00,118.04
2019-08-15 03:00:00,123.72
2019-08-15 03:30:00,118.29
2019-08-15 04:00:00,122.88
2019-08-15 04:30:00,123.48
2019-08-15 05:00:00,121.4
2019-08-15 05:30:00,122.62
2019-08-15 06:00:00,116.8
2019-08-15 06:30:00,139.32
2019-08-15 07:00:00,221.56
2019-08-15 07:30:00,510.36
2019-08-15 08:00:00,456.88
2019-08-15 08:30:00,505.64
2019-08-15 09:00:00,613.72
2019-08-15 09:30:00,622.6
2019-08-15 10:00:00,654.32
2019-08-15 10:30:00,635.44
2019-08-15 11:00:00,575.4
2019-08-15 11:30:00,642.64
2019-08-15 12:00:00,685.29
2019-08-15 12:30:00,682.62
2019-08-15 13:00:00,720.4
2019-08-15 13:30:00,718.2
2019-08-15 14:00:00,631.3
2019-08-15 14:30:00,683.2
2019-08-15 15:00:00,730.0
2019-08-15 15:30:00,612.4
2019-08-15 16:00:00,563.4
2019-08-15 16:30:00,597.0
2019-08-15 17:00:00,718.2
2019-08-15 17:30:00,672.9
2019-08-15 18:00:00,631.8
2019-08-15 18:30:00,621.0
2019-08-15 19:00:00,682.64
2019-08-15 19:30:00,665.2
2019-08-15 20:00:00,659.0
2019-08-15 20:30:00,651.4
2019-08-15 21:00:00,436.2
2019-08-15 21:30:00,309.2
2019-08-15 22:00:00,268.0
2019-08-15 22:30:00,248.0
2019-08-15 23:00:00,180.76
2019-08-15 23:30:00,132.0
2019-08-16 00:00:00,135.95
2019-08-16 00:00:00,135.95
2019-08-16 00:30:00,124.24
2019-08-16 01:00:00,130.52
2019-08-16 01:30:00,131.34
2019-08-16 02:00:00,123.72
2019-08-16 02:30:00,128.16
2019-08-16 03:00:00,127.24
2019-08-16 03:30:00,131.16
2019-08-16 04:00:00,128.92
2019-08-16 04:30:00,124.12
2019-08-16 05:00:00,133.2
2019-08-16 05:30:00,141.64
2019-08-16 06:00:00,132.0
2019-08-16 06:30:00,133.0
2019-08-16 07:00:00,259.16
2019-08-16 07:30:00,450.94
2019-08-16 08:00:00,472.64
2019-08-16 08:30:00,587.88
2019-08-16 09:00:00,1072.24
2019-08-16 09:30:00,1064.2
2019-08-16 10:00:00,1116.4
2019-08-16 10:30:00,1084.2
2019-08-16 11:00:00,1076.0
2019-08-16 11:30:00,1085.2
2019-08-16 12:00:00,1136.6
2019-08-16 12:30:00,1115.4
2019-08-16 13:00:00,1112.1
2019-08-16 13:30:00,1118.8
2019-08-16 14:00:00,1106.4
2019-08-16 14:30:00,1115.6
2019-08-16 15:00:00,1116.0
2019-08-16 15:30:00,1096.6
2019-08-16 16:00:00,1134.2
2019-08-16 16:30:00,1095.4
2019-08-16 17:00:00,966.6
2019-08-16 17:30:00,849.0
2019-08-16 18:00:00,698.8
2019-08-16 18:30:00,596.4
2019-08-16 19:00:00,669.4
2019-08-16 19:30:00,670.0
2019-08-16 20:00:00,673.4
2019-08-16 20:30:00,519.9
2019-08-16 21:00:00,454.0
2019-08-16 21:30:00,283.8
2019-08-16 22:00:00,238.3
2019-08-16 22:30:00,183.87
2019-08-16 23:00:00,166.56
2019-08-16 23:30:00,123.72
2019-08-17 00:00:00,123.84
2019-08-17 00:00:00,123.84
2019-08-17 00:30:00,120.28
2019-08-17 01:00:00,125.72
2019-08-17 01:30:00,121.56
2019-08-17 02:00:00,123.52
2019-08-17 02:30:00,124.6
2019-08-17 03:00:00,121.36
2019-08-17 03:30:00,123.24
2019-08-17 04:00:00,121.44
2019-08-17 04:30:00,123.64
2019-08-17 05:00:00,124.32
2019-08-17 05:30:00,139.46
2019-08-17 06:00:00,125.12
2019-08-17 06:30:00,120.28
2019-08-17 07:00:00,419.32
2019-08-17 07:30:00,409.39
2019-08-17 08:00:00,453.49
2019-08-17 08:30:00,479.6
2019-08-17 09:00:00,545.48
2019-08-17 09:30:00,641.24
2019-08-17 10:00:00,703.0
2019-08-17 10:30:00,676.44
2019-08-17 11:00:00,687.21
2019-08-17 11:30:00,699.88
2019-08-17 12:00:00,719.73
2019-08-17 12:30:00,712.8
2019-08-17 13:00:00,700.52
2019-08-17 13:30:00,686.2
2019-08-17 14:00:00,693.56
2019-08-17 14:30:00,694.96
2019-08-17 15:00:00,690.41
2019-08-17 15:30:00,699.02
2019-08-17 16:00:00,707.64
2019-08-17 16:30:00,719.88
2019-08-17 17:00:00,696.57
2019-08-17 17:30:00,665.32
2019-08-17 18:00:00,645.29
2019-08-17 18:30:00,632.56
2019-08-17 19:00:00,690.2
2019-08-17 19:30:00,678.9
2019-08-17 20:00:00,686.13
2019-08-17 20:30:00,661.0
2019-08-17 21:00:00,455.96
2019-08-17 21:30:00,257.53
2019-08-17 22:00:00,248.08
2019-08-17 22:30:00,199.24
2019-08-17 23:00:00,168.68
2019-08-17 23:30:00,133.84
2019-08-18 00:00:00,127.56
2019-08-18 00:00:00,127.56
2019-08-18 00:30:00,133.6
2019-08-18 01:00:00,123.52
2019-08-18 01:30:00,125.24
2019-08-18 02:00:00,114.14
2019-08-18 02:30:00,121.4
2019-08-18 03:00:00,121.6
2019-08-18 03:30:00,89.48
2019-08-18 04:00:00,122.72
2019-08-18 04:30:00,125.14
2019-08-18 05:00:00,128.0
2019-08-18 05:30:00,133.4
2019-08-18 06:00:00,126.0
2019-08-18 06:30:00,129.56
2019-08-18 07:00:00,167.12
2019-08-18 07:30:00,460.8
2019-08-18 08:00:00,425.18
2019-08-18 08:30:00,540.38
2019-08-18 09:00:00,561.0
2019-08-18 09:30:00,843.22
2019-08-18 10:00:00,1099.4
2019-08-18 10:30:00,1134.0
2019-08-18 11:00:00,1168.48
2019-08-18 11:30:00,1144.88
2019-08-18 12:00:00,1151.16
2019-08-18 12:30:00,1152.24
2019-08-18 13:00:00,1135.76
2019-08-18 13:30:00,1129.0
2019-08-18 14:00:00,1104.04
2019-08-18 14:30:00,1144.38
2019-08-18 15:00:00,1135.48
2019-08-18 15:30:00,1127.8
2019-08-18 16:00:00,1199.05
2019-08-18 16:30:00,1194.8
2019-08-18 17:00:00,1182.6
2019-08-18 17:30:00,1132.16
2019-08-18 18:00:00,1058.16
2019-08-18 18:30:00,585.16
2019-08-18 19:00:00,652.28
2019-08-18 19:30:00,657.92
2019-08-18 20:00:00,647.52
2019-08-18 20:30:00,490.76
2019-08-18 21:00:00,420.96
2019-08-18 21:30:00,235.23
2019-08-18 22:00:00,210.32
2019-08-18 22:30:00,203.32
2019-08-18 23:00:00,144.56
2019-08-18 23:30:00,126.7
2019-08-19 00:00:00,121.12
2019-08-19 00:00:00,121.12
2019-08-19 00:30:00,121.8
2019-08-19 01:00:00,127.68
2019-08-19 01:30:00,120.14
2019-08-19 02:00:00,123.18
2019-08-19 02:30:00,122.56
2019-08-19 03:00:00,121.37
2019-08-19 03:30:00,119.64
2019-08-19 04:00:00,120.6
2019-08-19 04:30:00,118.32
2019-08-19 05:00:00,121.28
2019-08-19 05:30:00,128.2
2019-08-19 06:00:00,89.08
2019-08-19 06:30:00,123.0
2019-08-19 07:00:00,213.28
2019-08-19 07:30:00,379.76
2019-08-19 08:00:00,426.08
2019-08-19 08:30:00,524.23
2019-08-19 09:00:00,571.84
2019-08-19 09:30:00,610.68
2019-08-19 10:00:00,800.08
2019-08-19 10:30:00,1063.72
2019-08-19 11:00:00,1167.88
2019-08-19 11:30:00,1157.5
2019-08-19 12:00:00,1147.56
2019-08-19 12:30:00,1171.28
2019-08-19 13:00:00,1128.36
2019-08-19 13:30:00,1187.89
2019-08-19 14:00:00,1181.08
2019-08-19 14:30:00,754.2
2019-08-19 15:00:00,1149.28
2019-08-19 15:30:00,1173.12
2019-08-19 16:00:00,741.84
2019-08-19 16:30:00,1173.16
2019-08-19 17:00:00,934.44
2019-08-19 17:30:00,575.4
2019-08-19 18:00:00,551.44
2019-08-19 18:30:00,585.48
2019-08-19 19:00:00,620.2
2019-08-19 19:30:00,648.52
2019-08-19 20:00:00,634.52
2019-08-19 20:30:00,488.64
2019-08-19 21:00:00,431.84
2019-08-19 21:30:00,280.0
2019-08-19 22:00:00,193.08
2019-08-19 22:30:00,188.04
2019-08-19 23:00:00,140.92
2019-08-19 23:30:00,124.08
2019-08-20 00:00:00,114.76
2019-08-20 00:00:00,114.76
2019-08-20 00:30:00,116.68
2019-08-20 01:00:00,116.35
2019-08-20 01:30:00,120.44
2019-08-20 02:00:00,121.19
2019-08-20 02:30:00,116.28
2019-08-20 03:00:00,117.2
2019-08-20 03:30:00,114.48
2019-08-20 04:00:00,122.56
2019-08-20 04:30:00,135.46
2019-08-20 05:00:00,120.67
2019-08-20 05:30:00,116.02
2019-08-20 06:00:00,121.72
2019-08-20 06:30:00,129.72
2019-08-20 07:00:00,166.8
2019-08-20 07:30:00,442.08
2019-08-20 08:00:00,477.78
2019-08-20 08:30:00,487.72
2019-08-20 09:00:00,521.16
2019-08-20 09:30:00,568.3
2019-08-20 10:00:00,636.08
2019-08-20 10:30:00,640.44
2019-08-20 11:00:00,658.0
2019-08-20 11:30:00,642.1
2019-08-20 12:00:00,617.72
2019-08-20 12:30:00,616.52
2019-08-20 13:00:00,627.0
2019-08-20 13:30:00,620.96
2019-08-20 14:00:00,629.52
2019-08-20 14:30:00,633.28
2019-08-20 15:00:00,625.88
2019-08-20 15:30:00,619.84
2019-08-20 16:00:00,623.8
2019-08-20 16:30:00,598.96
2019-08-20 17:00:00,575.24
2019-08-20 17:30:00,555.0
2019-08-20 18:00:00,558.48
2019-08-20 18:30:00,589.52
2019-08-20 19:00:00,616.08
2019-08-20 19:30:00,606.92
2019-08-20 20:00:00,572.48
2019-08-20 20:30:00,563.56
2019-08-20 21:00:00,451.32
2019-08-20 21:30:00,255.32
2019-08-20 22:00:00,212.12
2019-08-20 22:30:00,198.56
2019-08-20 23:00:00,145.12
2019-08-20 23:30:00,111.2
2019-08-21 00:00:00,122.04
2019-08-21 00:00:00,122.04
2019-08-21 00:30:00,116.08
2019-08-21 01:00:00,113.78
2019-08-21 01:30:00,113.88
2019-08-21 02:00:00,112.84
2019-08-21 02:30:00,125.48
2019-08-21 03:00:00,109.16
2019-08-21 03:30:00,112.26
2019-08-21 04:00:00,113.24
2019-08-21 04:30:00,110.32
2019-08-21 05:00:00,111.64
2019-08-21 05:30:00,115.48
2019-08-21 06:00:00,112.24
2019-08-21 06:30:00,133.86
2019-08-21 07:00:00,251.12
2019-08-21 07:30:00,369.0
2019-08-21 08:00:00,438.12
2019-08-21 08:30:00,490.3
2019-08-21 09:00:00,548.72
2019-08-21 09:30:00,659.4
2019-08-21 10:00:00,665.72
2019-08-21 10:30:00,659.08
2019-08-21 11:00:00,672.44
2019-08-21 11:30:00,646.04
2019-08-21 12:00:00,675.6
2019-08-21 12:30:00,811.32
2019-08-21 13:00:00,1014.16
2019-08-21 13:30:00,1211.25
2019-08-21 14:00:00,1237.8
2019-08-21 14:30:00,1215.6
2019-08-21 15:00:00,1226.0
2019-08-21 15:30:00,808.6
2019-08-21 16:00:00,683.9
2019-08-21 16:30:00,682.6
2019-08-21 17:00:00,660.0
2019-08-21 17:30:00,634.2
2019-08-21 18:00:00,588.0
2019-08-21 18:30:00,579.6
2019-08-21 19:00:00,634.0
2019-08-21 19:30:00,624.6
2019-08-21 20:00:00,611.6
2019-08-21 20:30:00,516.2
2019-08-21 21:00:00,481.2
2019-08-21 21:30:00,281.8
2019-08-21 22:00:00,237.0
2019-08-21 22:30:00,215.16
2019-08-21 23:00:00,120.32
2019-08-21 23:30:00,127.76
2019-08-22 00:00:00,125.56
2019-08-22 00:00:00,125.56
2019-08-22 00:30:00,132.8
2019-08-22 01:00:00,122.24
2019-08-22 01:30:00,120.72
2019-08-22 02:00:00,120.24
2019-08-22 02:30:00,125.66
2019-08-22 03:00:00,122.38
2019-08-22 03:30:00,118.78
2019-08-22 04:00:00,125.64
2019-08-22 04:30:00,123.28
2019-08-22 05:00:00,125.56
2019-08-22 05:30:00,120.16
2019-08-22 06:00:00,128.42
2019-08-22 06:30:00,125.28
2019-08-22 07:00:00,175.24
2019-08-22 07:30:00,459.52
2019-08-22 08:00:00,418.56
2019-08-22 08:30:00,478.46
2019-08-22 09:00:00,914.72
2019-08-22 09:30:00,1139.92
2019-08-22 10:00:00,1242.04
2019-08-22 10:30:00,1243.94
2019-08-22 11:00:00,844.76
2019-08-22 11:30:00,702.56
2019-08-22 12:00:00,696.28
2019-08-22 12:30:00,710.56
2019-08-22 13:00:00,884.22
2019-08-22 13:30:00,1278.96
2019-08-22 14:00:00,1270.48
2019-08-22 14:30:00,1243.4
2019-08-22 15:00:00,1266.28
2019-08-22 15:30:00,1235.92
2019-08-22 16:00:00,1257.48
2019-08-22 16:30:00,1340.76
2019-08-22 17:00:00,1324.72
2019-08-22 17:30:00,1282.46
2019-08-22 18:00:00,1246.26
2019-08-22 18:30:00,1290.5
2019-08-22 19:00:00,1085.24
2019-08-22 19:30:00,959.04
2019-08-22 20:00:00,730.84
2019-08-22 20:30:00,576.12
2019-08-22 21:00:00,422.02
2019-08-22 21:30:00,270.28
2019-08-22 22:00:00,221.4
2019-08-22 22:30:00,214.68
2019-08-22 23:00:00,164.2
2019-08-22 23:30:00,129.16
2019-08-23 00:00:00,128.44
2019-08-23 00:00:00,128.44
2019-08-23 00:30:00,136.46
2019-08-23 01:00:00,128.56
2019-08-23 01:30:00,128.52
2019-08-23 02:00:00,135.2
2019-08-23 02:30:00,128.26
2019-08-23 03:00:00,135.5
2019-08-23 03:30:00,122.1
2019-08-23 04:00:00,130.36
2019-08-23 04:30:00,126.6
2019-08-23 05:00:00,137.04
2019-08-23 05:30:00,129.8
2019-08-23 06:00:00,128.48
2019-08-23 06:30:00,136.76
2019-08-23 07:00:00,287.92
2019-08-23 07:30:00,644.4
2019-08-23 08:00:00,864.2
2019-08-23 08:30:00,1160.24
2019-08-23 09:00:00,1348.0
2019-08-23 09:30:00,1336.4
2019-08-23 10:00:00,1353.3
2019-08-23 10:30:00,1363.88
2019-08-23 11:00:00,1385.52
2019-08-23 11:30:00,1409.36
2019-08-23 12:00:00,1397.46
2019-08-23 12:30:00,1388.92
2019-08-23 13:00:00,1409.44
2019-08-23 13:30:00,1366.0
2019-08-23 14:00:00,1336.52
2019-08-23 14:30:00,1346.36
2019-08-23 15:00:00,1336.02
2019-08-23 15:30:00,1344.46
2019-08-23 16:00:00,1340.8
2019-08-23 16:30:00,1419.9
2019-08-23 17:00:00,1443.74
2019-08-23 17:30:00,1405.76
2019-08-23 18:00:00,1420.2
2019-08-23 18:30:00,1432.48
2019-08-23 19:00:00,890.56
2019-08-23 19:30:00,1477.52
2019-08-23 20:00:00,1452.4
2019-08-23 20:30:00,1402.16
2019-08-23 21:00:00,1247.0
2019-08-23 21:30:00,937.04
2019-08-23 22:00:00,295.15
2019-08-23 22:30:00,243.0
2019-08-23 23:00:00,172.88
2019-08-23 23:30:00,133.87
2019-08-24 00:00:00,132.2
2019-08-24 00:00:00,132.2
2019-08-24 00:30:00,135.4
2019-08-24 01:00:00,131.4
2019-08-24 01:30:00,117.2
2019-08-24 02:00:00,118.3
2019-08-24 02:30:00,118.9
2019-08-24 03:00:00,116.6
2019-08-24 03:30:00,117.7
2019-08-24 04:00:00,109.6
2019-08-24 04:30:00,115.6
2019-08-24 05:00:00,125.2
2019-08-24 05:30:00,121.0
2019-08-24 06:00:00,114.8
2019-08-24 06:30:00,123.4
2019-08-24 07:00:00,192.6
2019-08-24 07:30:00,498.2
2019-08-24 08:00:00,459.6
2019-08-24 08:30:00,473.4
2019-08-24 09:00:00,729.34
2019-08-24 09:30:00,944.0
2019-08-24 10:00:00,1323.6
2019-08-24 10:30:00,1359.4
2019-08-24 11:00:00,1350.2
2019-08-24 11:30:00,1359.6
2019-08-24 12:00:00,1332.4
2019-08-24 12:30:00,1344.0
2019-08-24 13:00:00,1337.4
2019-08-24 13:30:00,1271.4
2019-08-24 14:00:00,1321.2
2019-08-24 14:30:00,782.2
2019-08-24 15:00:00,1348.2
2019-08-24 15:30:00,1340.8
2019-08-24 16:00:00,1326.0
2019-08-24 16:30:00,1322.6
2019-08-24 17:00:00,1307.2
2019-08-24 17:30:00,1303.9
2019-08-24 18:00:00,1296.6
2019-08-24 18:30:00,1299.1
2019-08-24 19:00:00,1338.1
2019-08-24 19:30:00,1328.35
2019-08-24 20:00:00,1297.2
2019-08-24 20:30:00,946.72
2019-08-24 21:00:00,394.34
2019-08-24 21:30:00,258.64
2019-08-24 22:00:00,225.32
2019-08-24 22:30:00,159.76
2019-08-24 23:00:00,151.96
2019-08-24 23:30:00,130.16
2019-08-25 00:00:00,125.2
2019-08-25 00:00:00,125.2
2019-08-25 00:30:00,141.0
2019-08-25 01:00:00,126.68
2019-08-25 01:30:00,125.44
2019-08-25 02:00:00,121.08
2019-08-25 02:30:00,122.75
2019-08-25 03:00:00,125.2
2019-08-25 03:30:00,125.52
2019-08-25 04:00:00,126.72
2019-08-25 04:30:00,127.16
2019-08-25 05:00:00,131.96
2019-08-25 05:30:00,124.68
2019-08-25 06:00:00,285.2
2019-08-25 06:30:00,290.4
2019-08-25 07:00:00,787.3
2019-08-25 07:30:00,1114.9
2019-08-25 08:00:00,1066.2
2019-08-25 08:30:00,1184.6
2019-08-25 09:00:00,1282.8
2019-08-25 09:30:00,1331.2
2019-08-25 10:00:00,1411.4
2019-08-25 10:30:00,1443.8
2019-08-25 11:00:00,1466.0
2019-08-25 11:30:00,1467.55
2019-08-25 12:00:00,836.64
2019-08-25 12:30:00,1362.28
2019-08-25 13:00:00,1355.32
2019-08-25 13:30:00,1345.88
2019-08-25 14:00:00,802.76
2019-08-25 14:30:00,1346.6
2019-08-25 15:00:00,1351.76
2019-08-25 15:30:00,1342.68
2019-08-25 16:00:00,1432.96
2019-08-25 16:30:00,1458.32
2019-08-25 17:00:00,1435.66
2019-08-25 17:30:00,1416.76
2019-08-25 18:00:00,1397.68
2019-08-25 18:30:00,1471.8
2019-08-25 19:00:00,1452.08
2019-08-25 19:30:00,1470.2
2019-08-25 20:00:00,1443.0
2019-08-25 20:30:00,1369.92
2019-08-25 21:00:00,1203.62
2019-08-25 21:30:00,885.46
2019-08-25 22:00:00,223.88
2019-08-25 22:30:00,206.24
2019-08-25 23:00:00,156.76
2019-08-25 23:30:00,132.32
2019-08-26 00:00:00,123.74
2019-08-26 00:00:00,123.74
2019-08-26 00:30:00,126.68
2019-08-26 01:00:00,128.28
2019-08-26 01:30:00,127.32
2019-08-26 02:00:00,130.2
2019-08-26 02:30:00,122.04
2019-08-26 03:00:00,129.36
2019-08-26 03:30:00,122.2
2019-08-26 04:00:00,127.8
2019-08-26 04:30:00,136.2
2019-08-26 05:00:00,122.84
2019-08-26 05:30:00,131.5
2019-08-26 06:00:00,130.7
2019-08-26 06:30:00,126.0
2019-08-26 07:00:00,407.4
2019-08-26 07:30:00,813.8
2019-08-26 08:00:00,1037.7
2019-08-26 08:30:00,1081.6
2019-08-26 09:00:00,1169.04
2019-08-26 09:30:00,1213.8
2019-08-26 10:00:00,1241.2
2019-08-26 10:30:00,1248.2
2019-08-26 11:00:00,1237.84
2019-08-26 11:30:00,1219.4
2019-08-26 12:00:00,1283.65
2019-08-26 12:30:00,1303.1
2019-08-26 13:00:00,1244.4
2019-08-26 13:30:00,1269.58
2019-08-26 14:00:00,1275.32
2019-08-26 14:30:00,1278.72
2019-08-26 15:00:00,1277.04
2019-08-26 15:30:00,1369.56
2019-08-26 16:00:00,1370.4
2019-08-26 16:30:00,1347.04
2019-08-26 17:00:00,1320.46
2019-08-26 17:30:00,1355.62
2019-08-26 18:00:00,1308.24
2019-08-26 18:30:00,1368.4
2019-08-26 19:00:00,1392.76
2019-08-26 19:30:00,1402.8
2019-08-26 20:00:00,1394.74
2019-08-26 20:30:00,1259.6
2019-08-26 21:00:00,1182.78
2019-08-26 21:30:00,761.32
2019-08-26 22:00:00,264.68
2019-08-26 22:30:00,235.0
2019-08-26 23:00:00,165.16
2019-08-26 23:30:00,131.76
2019-08-27 00:00:00,126.46
2019-08-27 00:00:00,126.46
2019-08-27 00:30:00,123.52
2019-08-27 01:00:00,126.08
2019-08-27 01:30:00,125.92
2019-08-27 02:00:00,88.96
2019-08-27 02:30:00,127.18
2019-08-27 03:00:00,127.56
2019-08-27 03:30:00,122.64
2019-08-27 04:00:00,123.2
2019-08-27 04:30:00,121.78
2019-08-27 05:00:00,116.2
2019-08-27 05:30:00,125.56
2019-08-27 06:00:00,122.44
2019-08-27 06:30:00,134.3
2019-08-27 07:00:00,431.6
2019-08-27 07:30:00,440.1
2019-08-27 08:00:00,538.7
2019-08-27 08:30:00,568.0
2019-08-27 09:00:00,
2019-08-27 09:30:00,1335.48
2019-08-27 10:00:00,1416.36
2019-08-27 10:30:00,1390.2
2019-08-27 11:00:00,1481.76
2019-08-27 11:30:00,1465.44
2019-08-27 12:00:00,1480.64
2019-08-27 12:30:00,1500.08
2019-08-27 13:00:00,1533.72
2019-08-27 13:30:00,1523.03
2019-08-27 14:00:00,1506.68
2019-08-27 14:30:00,1516.72
2019-08-27 15:00:00,1496.83
2019-08-27 15:30:00,1557.48
2019-08-27 16:00:00,1490.4
2019-08-27 16:30:00,1383.7
2019-08-27 17:00:00,1355.48
2019-08-27 17:30:00,1334.62
2019-08-27 18:00:00,1320.3
2019-08-27 18:30:00,1176.02
2019-08-27 19:00:00,1069.36
2019-08-27 19:30:00,760.36
2019-08-27 20:00:00,691.69
2019-08-27 20:30:00,693.78
2019-08-27 21:00:00,522.44
2019-08-27 21:30:00,307.62
2019-08-27 22:00:00,257.28
2019-08-27 22:30:00,172.44
2019-08-27 23:00:00,188.28
2019-08-27 23:30:00,159.48
2019-08-28 00:00:00,161.28
2019-08-28 00:00:00,161.28
2019-08-28 00:30:00,164.28
2019-08-28 01:00:00,159.32
2019-08-28 01:30:00,161.6
2019-08-28 02:00:00,165.68
2019-08-28 02:30:00,159.88
2019-08-28 03:00:00,163.6
2019-08-28 03:30:00,165.24
2019-08-28 04:00:00,170.64
2019-08-28 04:30:00,164.66
2019-08-28 05:00:00,163.64
2019-08-28 05:30:00,169.72
2019-08-28 06:00:00,172.48
2019-08-28 06:30:00,179.06
2019-08-28 07:00:00,236.72
2019-08-28 07:30:00,530.2
2019-08-28 08:00:00,496.32
2019-08-28 08:30:00,504.2
2019-08-28 09:00:00,641.04
2019-08-28 09:30:00,721.6
2019-08-28 10:00:00,779.84
2019-08-28 10:30:00,811.56
2019-08-28 11:00:00,793.76
2019-08-28 11:30:00,806.8
2019-08-28 12:00:00,775.56
2019-08-28 12:30:00,805.64
2019-08-28 13:00:00,816.52
2019-08-28 13:30:00,787.4
2019-08-28 14:00:00,1174.68
2019-08-28 14:30:00,1318.72
2019-08-28 15:00:00,1321.76
2019-08-28 15:30:00,887.12
2019-08-28 16:00:00,1350.96
2019-08-28 16:30:00,1347.04
2019-08-28 17:00:00,1347.95
2019-08-28 17:30:00,1364.32
2019-08-28 18:00:00,1301.24
2019-08-28 18:30:00,856.0
2019-08-28 19:00:00,1325.53
2019-08-28 19:30:00,1332.42
2019-08-28 20:00:00,1310.92
2019-08-28 20:30:00,1088.54
2019-08-28 21:00:00,693.68
2019-08-28 21:30:00,377.92
2019-08-28 22:00:00,308.64
2019-08-28 22:30:00,309.52
2019-08-28 23:00:00,248.76
2019-08-28 23:30:00,228.52
2019-08-29 00:00:00,219.16
2019-08-29 00:00:00,219.16
2019-08-29 00:30:00,216.4
2019-08-29 01:00:00,220.64
2019-08-29 01:30:00,217.15
2019-08-29 02:00:00,219.96
2019-08-29 02:30:00,216.16
2019-08-29 03:00:00,222.04
2019-08-29 03:30:00,216.36
2019-08-29 04:00:00,214.48
2019-08-29 04:30:00,217.96
2019-08-29 05:00:00,216.16
2019-08-29 05:30:00,216.88
2019-08-29 06:00:00,144.4
2019-08-29 06:30:00,153.8
2019-08-29 07:00:00,306.16
2019-08-29 07:30:00,461.44
2019-08-29 08:00:00,412.92
2019-08-29 08:30:00,385.02
2019-08-29 09:00:00,489.0
2019-08-29 09:30:00,497.24
2019-08-29 10:00:00,533.68
2019-08-29 10:30:00,560.56
2019-08-29 11:00:00,539.48
2019-08-29 11:30:00,416.6
2019-08-29 12:00:00,562.4
2019-08-29 12:30:00,566.08
2019-08-29 13:00:00,567.36
2019-08-29 13:30:00,543.52
2019-08-29 14:00:00,496.7
2019-08-29 14:30:00,508.8
2019-08-29 15:00:00,508.52
2019-08-29 15:30:00,552.93
2019-08-29 16:00:00,566.2
2019-08-29 16:30:00,581.84
2019-08-29 17:00:00,506.16
2019-08-29 17:30:00,378.16
2019-08-29 18:00:00,494.8
2019-08-29 18:30:00,534.84
2019-08-29 19:00:00,540.18
2019-08-29 19:30:00,473.88
2019-08-29 20:00:00,451.04
2019-08-29 20:30:00,457.56
2019-08-29 21:00:00,487.26
2019-08-29 21:30:00,297.2
2019-08-29 22:00:00,194.48
2019-08-29 22:30:00,270.58
2019-08-29 23:00:00,240.88
2019-08-29 23:30:00,221.16
2019-08-30 00:00:00,216.36
2019-08-30 00:00:00,216.36
2019-08-30 00:30:00,199.8
2019-08-30 01:00:00,209.8
2019-08-30 01:30:00,208.86
2019-08-30 02:00:00,221.2
2019-08-30 02:30:00,253.12
2019-08-30 03:00:00,259.44
2019-08-30 03:30:00,252.28
2019-08-30 04:00:00,251.08
2019-08-30 04:30:00,252.28
2019-08-30 05:00:00,241.96
2019-08-30 05:30:00,239.34
2019-08-30 06:00:00,254.6
2019-08-30 06:30:00,265.32
2019-08-30 07:00:00,154.64
2019-08-30 07:30:00,546.02
2019-08-30 08:00:00,511.0
2019-08-30 08:30:00,513.2
2019-08-30 09:00:00,636.8
2019-08-30 09:30:00,646.8
2019-08-30 10:00:00,697.6
2019-08-30 10:30:00,720.0
2019-08-30 11:00:00,695.4
2019-08-30 11:30:00,684.6
2019-08-30 12:00:00,680.6
2019-08-30 12:30:00,719.4
2019-08-30 13:00:00,711.6
2019-08-30 13:30:00,745.2
2019-08-30 14:00:00,911.6
2019-08-30 14:30:00,1202.6
2019-08-30 15:00:00,1284.75
2019-08-30 15:30:00,1277.8
2019-08-30 16:00:00,788.4
2019-08-30 16:30:00,1256.3
2019-08-30 17:00:00,1207.2
2019-08-30 17:30:00,1199.4
2019-08-30 18:00:00,1139.0
2019-08-30 18:30:00,929.8
2019-08-30 19:00:00,775.8
2019-08-30 19:30:00,750.8
2019-08-30 20:00:00,771.4
2019-08-30 20:30:00,679.4
2019-08-30 21:00:00,540.2
2019-08-30 21:30:00,448.9
2019-08-30 22:00:00,397.2
2019-08-30 22:30:00,378.44
2019-08-30 23:00:00,341.0
2019-08-30 23:30:00,301.52
2019-08-31 00:00:00,272.32
2019-08-31 00:00:00,272.32
2019-08-31 00:30:00,266.12
2019-08-31 01:00:00,255.28
2019-08-31 01:30:00,268.36
2019-08-31 02:00:00,274.48
2019-08-31 02:30:00,261.28
2019-08-31 03:00:00,264.52
2019-08-31 03:30:00,258.24
2019-08-31 04:00:00,225.2
2019-08-31 04:30:00,183.2
2019-08-31 05:00:00,139.44
2019-08-31 05:30:00,137.94
2019-08-31 06:00:00,140.92
2019-08-31 06:30:00,140.46
2019-08-31 07:00:00,139.6
2019-08-31 07:30:00,184.0
2019-08-31 08:00:00,240.08
2019-08-31 08:30:00,358.52
2019-08-31 09:00:00,427.24
2019-08-31 09:30:00,650.28
2019-08-31 10:00:00,708.6
2019-08-31 10:30:00,579.52
2019-08-31 11:00:00,1094.54
2019-08-31 11:30:00,1283.56
2019-08-31 12:00:00,1302.04
2019-08-31 12:30:00,1264.0
2019-08-31 13:00:00,1277.2
2019-08-31 13:30:00,1289.16
2019-08-31 14:00:00,1330.44
2019-08-31 14:30:00,1349.12
2019-08-31 15:00:00,1315.92
2019-08-31 15:30:00,1313.6
2019-08-31 16:00:00,1284.86
2019-08-31 16:30:00,1234.68
2019-08-31 17:00:00,1294.04
2019-08-31 17:30:00,1300.28
2019-08-31 18:00:00,1288.08
2019-08-31 18:30:00,1112.8
2019-08-31 19:00:00,1108.94
2019-08-31 19:30:00,1025.72
2019-08-31 20:00:00,1096.28
2019-08-31 20:30:00,987.4
2019-08-31 21:00:00,973.24
2019-08-31 21:30:00,949.81
2019-08-31 22:00:00,61.0
2019-08-31 22:30:00,60.0
2019-08-31 23:00:00,55.0
2019-08-31 23:30:00,38.0
2019-09-01 00:00:00,38.0
2019-09-01 00:00:00,38.0
2019-09-01 00:30:00,37.0
2019-09-01 01:00:00,37.0
2019-09-01 01:30:00,37.0
2019-09-01 02:00:00,37.0
2019-09-01 02:30:00,37.0
2019-09-01 03:00:00,37.0
2019-09-01 03:30:00,36.0
2019-09-01 04:00:00,38.0
2019-09-01 04:30:00,37.0
2019-09-01 05:00:00,37.0
2019-09-01 05:30:00,37.8
2019-09-01 06:00:00,37.2
2019-09-01 06:30:00,37.2
2019-09-01 07:00:00,66.77
2019-09-01 07:30:00,112.4
2019-09-01 08:00:00,346.6
2019-09-01 08:30:00,301.4
2019-09-01 09:00:00,261.2
2019-09-01 09:30:00,1125.68
2019-09-01 10:00:00,1182.16
2019-09-01 10:30:00,717.81
2019-09-01 11:00:00,1183.58
2019-09-01 11:30:00,1165.16
2019-09-01 12:00:00,1116.84
2019-09-01 12:30:00,552.64
2019-09-01 13:00:00,1034.24
2019-09-01 13:30:00,1049.0
2019-09-01 14:00:00,1049.56
2019-09-01 14:30:00,1052.16
2019-09-01 15:00:00,1060.42
2019-09-01 15:30:00,996.92
2019-09-01 16:00:00,721.28
2019-09-01 16:30:00,498.28
2019-09-01 17:00:00,502.12
2019-09-01 17:30:00,487.36
2019-09-01 18:00:00,413.0
2019-09-01 18:30:00,411.68
2019-09-01 19:00:00,416.36
2019-09-01 19:30:00,429.24
2019-09-01 20:00:00,399.26
2019-09-01 20:30:00,366.28
2019-09-01 21:00:00,372.16
2019-09-01 21:30:00,280.32
2019-09-01 22:00:00,238.41
2019-09-01 22:30:00,228.24
2019-09-01 23:00:00,192.72
2019-09-01 23:30:00,164.08
2019-09-02 00:00:00,102.08
2019-09-02 00:00:00,102.08
2019-09-02 00:30:00,148.68
2019-09-02 01:00:00,149.88
2019-09-02 01:30:00,146.6
2019-09-02 02:00:00,148.3
2019-09-02 02:30:00,154.44
2019-09-02 03:00:00,156.06
2019-09-02 03:30:00,152.6
2019-09-02 04:00:00,152.36
2019-09-02 04:30:00,143.68
2019-09-02 05:00:00,150.64
2019-09-02 05:30:00,147.52
2019-09-02 06:00:00,146.12
2019-09-02 06:30:00,160.68
2019-09-02 07:00:00,110.48
2019-09-02 07:30:00,229.4
2019-09-02 08:00:00,229.4
2019-09-02 08:30:00,257.1
2019-09-02 09:00:00,247.4
2019-09-02 09:30:00,251.55
2019-09-02 10:00:00,251.12
2019-09-02 10:30:00,274.56
2019-09-02 11:00:00,284.28
2019-09-02 11:30:00,266.96
2019-09-02 12:00:00,282.56
2019-09-02 12:30:00,300.44
2019-09-02 13:00:00,307.72
2019-09-02 13:30:00,292.24
2019-09-02 14:00:00,285.6
2019-09-02 14:30:00,276.32
2019-09-02 15:00:00,293.24
2019-09-02 15:30:00,294.4
2019-09-02 16:00:00,278.56
2019-09-02 16:30:00,318.92
2019-09-02 17:00:00,321.42
2019-09-02 17:30:00,290.61
2019-09-02 18:00:00,315.08
2019-09-02 18:30:00,341.14
2019-09-02 19:00:00,370.6
2019-09-02 19:30:00,355.52
2019-09-02 20:00:00,360.34
2019-09-02 20:30:00,357.48
2019-09-02 21:00:00,343.92
2019-09-02 21:30:00,267.16
2019-09-02 22:00:00,224.18
2019-09-02 22:30:00,206.88
2019-09-02 23:00:00,203.32
2019-09-02 23:30:00,131.92
2019-09-03 00:00:00,116.6
2019-09-03 00:00:00,116.6
2019-09-03 00:30:00,116.96
2019-09-03 01:00:00,122.0
2019-09-03 01:30:00,119.96
2019-09-03 02:00:00,115.94
2019-09-03 02:30:00,116.84
2019-09-03 03:00:00,118.52
2019-09-03 03:30:00,75.92
2019-09-03 04:00:00,119.34
2019-09-03 04:30:00,114.2
2019-09-03 05:00:00,109.2
2019-09-03 05:30:00,73.4
2019-09-03 06:00:00,108.4
2019-09-03 06:30:00,108.56
2019-09-03 07:00:00,112.08
2019-09-03 07:30:00,176.8
2019-09-03 08:00:00,185.56
2019-09-03 08:30:00,187.16
2019-09-03 09:00:00,286.0
2019-09-03 09:30:00,366.0
2019-09-03 10:00:00,384.0
2019-09-03 10:30:00,367.1
2019-09-03 11:00:00,360.96
2019-09-03 11:30:00,378.82
2019-09-03 12:00:00,364.24
2019-09-03 12:30:00,392.84
2019-09-03 13:00:00,355.92
2019-09-03 13:30:00,360.84
2019-09-03 14:00:00,352.6
2019-09-03 14:30:00,354.18
2019-09-03 15:00:00,353.88
2019-09-03 15:30:00,373.24
2019-09-03 16:00:00,381.6
2019-09-03 16:30:00,375.36
2019-09-03 17:00:00,361.54
2019-09-03 17:30:00,352.8
2019-09-03 18:00:00,336.0
2019-09-03 18:30:00,379.08
2019-09-03 19:00:00,400.22
2019-09-03 19:30:00,357.24
2019-09-03 20:00:00,385.28
2019-09-03 20:30:00,357.64
2019-09-03 21:00:00,371.36
2019-09-03 21:30:00,245.76
2019-09-03 22:00:00,199.96
2019-09-03 22:30:00,200.16
2019-09-03 23:00:00,161.04
2019-09-03 23:30:00,134.68
2019-09-04 00:00:00,121.8
2019-09-04 00:00:00,121.8
2019-09-04 00:30:00,111.56
2019-09-04 01:00:00,103.66
2019-09-04 01:30:00,105.67
2019-09-04 02:00:00,103.6
2019-09-04 02:30:00,107.36
2019-09-04 03:00:00,106.64
2019-09-04 03:30:00,107.24
2019-09-04 04:00:00,107.99
2019-09-04 04:30:00,111.16
2019-09-04 05:00:00,104.49
2019-09-04 05:30:00,113.4
2019-09-04 06:00:00,104.6
2019-09-04 06:30:00,107.24
2019-09-04 07:00:00,117.88
2019-09-04 07:30:00,157.2
2019-09-04 08:00:00,177.42
2019-09-04 08:30:00,186.28
2019-09-04 09:00:00,301.04
2019-09-04 09:30:00,333.8
2019-09-04 10:00:00,349.68
2019-09-04 10:30:00,353.76
2019-09-04 11:00:00,355.52
2019-09-04 11:30:00,371.44
2019-09-04 12:00:00,378.0
2019-09-04 12:30:00,386.0
2019-09-04 13:00:00,395.57
2019-09-04 13:30:00,373.0
2019-09-04 14:00:00,350.24
2019-09-04 14:30:00,354.2
2019-09-04 15:00:00,357.67
2019-09-04 15:30:00,384.96
2019-09-04 16:00:00,384.84
2019-09-04 16:30:00,357.7
2019-09-04 17:00:00,357.96
2019-09-04 17:30:00,346.92
2019-09-04 18:00:00,359.08
2019-09-04 18:30:00,428.84
2019-09-04 19:00:00,407.64
2019-09-04 19:30:00,439.44
2019-09-04 20:00:00,363.48
2019-09-04 20:30:00,318.0
2019-09-04 21:00:00,342.16
2019-09-04 21:30:00,280.38
2019-09-04 22:00:00,227.28
2019-09-04 22:30:00,120.88
2019-09-04 23:00:00,144.52
2019-09-04 23:30:00,107.0
2019-09-05 00:00:00,119.0
2019-09-05 00:00:00,119.0
2019-09-05 00:30:00,109.4
2019-09-05 01:00:00,109.64
2019-09-05 01:30:00,108.68
2019-09-05 02:00:00,108.62
2019-09-05 02:30:00,110.28
2019-09-05 03:00:00,109.64
2019-09-05 03:30:00,114.48
2019-09-05 04:00:00,108.68
2019-09-05 04:30:00,110.46
2019-09-05 05:00:00,133.04
2019-09-05 05:30:00,108.36
2019-09-05 06:00:00,113.64
2019-09-05 06:30:00,114.84
2019-09-05 07:00:00,124.32
2019-09-05 07:30:00,155.28
2019-09-05 08:00:00,188.04
2019-09-05 08:30:00,247.16
2019-09-05 09:00:00,325.32
2019-09-05 09:30:00,399.76
2019-09-05 10:00:00,435.04
2019-09-05 10:30:00,694.2
2019-09-05 11:00:00,560.62
2019-09-05 11:30:00,563.96
2019-09-05 12:00:00,562.36
2019-09-05 12:30:00,547.44
2019-09-05 13:00:00,555.72
2019-09-05 13:30:00,550.22
2019-09-05 14:00:00,538.92
2019-09-05 14:30:00,558.6
2019-09-05 15:00:00,545.52
2019-09-05 15:30:00,557.14
2019-09-05 16:00:00,435.88
2019-09-05 16:30:00,568.72
2019-09-05 17:00:00,586.84
2019-09-05 17:30:00,537.08
2019-09-05 18:00:00,438.0
2019-09-05 18:30:00,502.4
2019-09-05 19:00:00,417.2
2019-09-05 19:30:00,437.2
2019-09-05 20:00:00,435.0
2019-09-05 20:30:00,405.37
2019-09-05 21:00:00,379.0
2019-09-05 21:30:00,257.8
2019-09-05 22:00:00,249.8
2019-09-05 22:30:00,234.36
2019-09-05 23:00:00,181.58
2019-09-05 23:30:00,150.0
2019-09-06 00:00:00,146.8
2019-09-06 00:00:00,146.8
2019-09-06 00:30:00,141.2
2019-09-06 01:00:00,139.96
2019-09-06 01:30:00,138.52
2019-09-06 02:00:00,154.88
2019-09-06 02:30:00,117.64
2019-09-06 03:00:00,116.02
2019-09-06 03:30:00,111.92
2019-09-06 04:00:00,112.42
2019-09-06 04:30:00,113.36
2019-09-06 05:00:00,117.36
2019-09-06 05:30:00,115.64
2019-09-06 06:00:00,114.26
2019-09-06 06:30:00,125.06
2019-09-06 07:00:00,128.6
2019-09-06 07:30:00,199.16
2019-09-06 08:00:00,258.24
2019-09-06 08:30:00,281.36
2019-09-06 09:00:00,342.64
2019-09-06 09:30:00,360.68
2019-09-06 10:00:00,399.3
2019-09-06 10:30:00,400.04
2019-09-06 11:00:00,392.96
2019-09-06 11:30:00,415.12
2019-09-06 12:00:00,511.62
2019-09-06 12:30:00,730.92
2019-09-06 13:00:00,613.52
2019-09-06 13:30:00,581.14
2019-09-06 14:00:00,565.04
2019-09-06 14:30:00,560.0
2019-09-06 15:00:00,463.56
2019-09-06 15:30:00,490.28
2019-09-06 16:00:00,428.72
2019-09-06 16:30:00,427.22
2019-09-06 17:00:00,414.24
2019-09-06 17:30:00,398.56
2019-09-06 18:00:00,424.72
2019-09-06 18:30:00,455.59
2019-09-06 19:00:00,483.4
2019-09-06 19:30:00,461.52
2019-09-06 20:00:00,437.0
2019-09-06 20:30:00,404.84
2019-09-06 21:00:00,371.48
2019-09-06 21:30:00,274.44
2019-09-06 22:00:00,242.2
2019-09-06 22:30:00,238.56
2019-09-06 23:00:00,187.04
2019-09-06 23:30:00,167.68
2019-09-07 00:00:00,157.6
2019-09-07 00:00:00,157.6
2019-09-07 00:30:00,166.24
2019-09-07 01:00:00,168.04
2019-09-07 01:30:00,163.4
2019-09-07 02:00:00,160.52
2019-09-07 02:30:00,157.35
2019-09-07 03:00:00,138.56
2019-09-07 03:30:00,132.58
2019-09-07 04:00:00,136.12
2019-09-07 04:30:00,137.82
2019-09-07 05:00:00,134.96
2019-09-07 05:30:00,134.88
2019-09-07 06:00:00,130.12
2019-09-07 06:30:00,143.16
2019-09-07 07:00:00,149.16
2019-09-07 07:30:00,184.68
2019-09-07 08:00:00,211.32
2019-09-07 08:30:00,285.16
2019-09-07 09:00:00,339.68
2019-09-07 09:30:00,359.72
2019-09-07 10:00:00,409.12
2019-09-07 10:30:00,422.32
2019-09-07 11:00:00,971.8
2019-09-07 11:30:00,966.36
2019-09-07 12:00:00,995.28
2019-09-07 12:30:00,1165.16
2019-09-07 13:00:00,1138.48
2019-09-07 13:30:00,685.04
2019-09-07 14:00:00,1090.88
2019-09-07 14:30:00,1116.36
2019-09-07 15:00:00,1095.68
2019-09-07 15:30:00,1108.52
2019-09-07 16:00:00,1017.36
2019-09-07 16:30:00,698.2
2019-09-07 17:00:00,783.68
2019-09-07 17:30:00,570.4
2019-09-07 18:00:00,530.6
2019-09-07 18:30:00,519.28
2019-09-07 19:00:00,489.62
2019-09-07 19:30:00,467.8
2019-09-07 20:00:00,311.36
2019-09-07 20:30:00,424.36
2019-09-07 21:00:00,327.36
2019-09-07 21:30:00,250.32
2019-09-07 22:00:00,196.6
2019-09-07 22:30:00,181.44
2019-09-07 23:00:00,95.2
2019-09-07 23:30:00,119.88
2019-09-08 00:00:00,117.52
2019-09-08 00:00:00,117.52
2019-09-08 00:30:00,113.48
2019-09-08 01:00:00,113.58
2019-09-08 01:30:00,114.14
2019-09-08 02:00:00,115.88
2019-09-08 02:30:00,111.52
2019-09-08 03:00:00,112.64
2019-09-08 03:30:00,110.8
2019-09-08 04:00:00,109.68
2019-09-08 04:30:00,107.72
2019-09-08 05:00:00,113.04
2019-09-08 05:30:00,108.24
2019-09-08 06:00:00,111.2
2019-09-08 06:30:00,126.36
2019-09-08 07:00:00,165.24
2019-09-08 07:30:00,193.26
2019-09-08 08:00:00,245.8
2019-09-08 08:30:00,291.52
2019-09-08 09:00:00,519.52
2019-09-08 09:30:00,718.24
2019-09-08 10:00:00,910.08
2019-09-08 10:30:00,1232.48
2019-09-08 11:00:00,1091.52
2019-09-08 11:30:00,1115.09
2019-09-08 12:00:00,1076.44
2019-09-08 12:30:00,1079.02
2019-09-08 13:00:00,1098.19
2019-09-08 13:30:00,1079.06
2019-09-08 14:00:00,1079.08
2019-09-08 14:30:00,1031.28
2019-09-08 15:00:00,1060.12
2019-09-08 15:30:00,1036.91
2019-09-08 16:00:00,1051.38
2019-09-08 16:30:00,1047.88
2019-09-08 17:00:00,1085.4
2019-09-08 17:30:00,925.6
2019-09-08 18:00:00,897.72
2019-09-08 18:30:00,609.88
2019-09-08 19:00:00,626.26
2019-09-08 19:30:00,513.08
2019-09-08 20:00:00,460.51
2019-09-08 20:30:00,452.32
2019-09-08 21:00:00,362.96
2019-09-08 21:30:00,273.6
2019-09-08 22:00:00,228.1
2019-09-08 22:30:00,238.88
2019-09-08 23:00:00,218.48
2019-09-08 23:30:00,169.08
2019-09-09 00:00:00,144.24
2019-09-09 00:00:00,144.24
2019-09-09 00:30:00,141.72
2019-09-09 01:00:00,143.7
2019-09-09 01:30:00,140.04
2019-09-09 02:00:00,142.8
2019-09-09 02:30:00,142.28
2019-09-09 03:00:00,144.68
2019-09-09 03:30:00,111.88
2019-09-09 04:00:00,119.08
2019-09-09 04:30:00,117.84
2019-09-09 05:00:00,78.6
2019-09-09 05:30:00,120.02
2019-09-09 06:00:00,115.48
2019-09-09 06:30:00,115.7
2019-09-09 07:00:00,138.9
2019-09-09 07:30:00,169.44
2019-09-09 08:00:00,180.9
2019-09-09 08:30:00,203.4
2019-09-09 09:00:00,319.8
2019-09-09 09:30:00,327.0
2019-09-09 10:00:00,329.5
2019-09-09 10:30:00,340.7
2019-09-09 11:00:00,368.0
2019-09-09 11:30:00,353.6
2019-09-09 12:00:00,384.2
2019-09-09 12:30:00,407.4
2019-09-09 13:00:00,381.53
2019-09-09 13:30:00,412.2
2019-09-09 14:00:00,340.6
2019-09-09 14:30:00,355.0
2019-09-09 15:00:00,340.0
2019-09-09 15:30:00,373.0
2019-09-09 16:00:00,380.6
2019-09-09 16:30:00,402.6
2019-09-09 17:00:00,398.6
2019-09-09 17:30:00,374.5
2019-09-09 18:00:00,354.6
2019-09-09 18:30:00,401.4
2019-09-09 19:00:00,416.6
2019-09-09 19:30:00,307.2
2019-09-09 20:00:00,414.0
2019-09-09 20:30:00,384.6
2019-09-09 21:00:00,371.0
2019-09-09 21:30:00,259.6
2019-09-09 22:00:00,208.0
2019-09-09 22:30:00,202.28
2019-09-09 23:00:00,166.84
2019-09-09 23:30:00,135.96
2019-09-10 00:00:00,116.56
2019-09-10 00:00:00,116.56
2019-09-10 00:30:00,119.4
2019-09-10 01:00:00,120.96
2019-09-10 01:30:00,118.46
2019-09-10 02:00:00,117.12
2019-09-10 02:30:00,111.4
2019-09-10 03:00:00,118.04
2019-09-10 03:30:00,111.0
2019-09-10 04:00:00,110.76
2019-09-10 04:30:00,113.4
2019-09-10 05:00:00,115.68
2019-09-10 05:30:00,111.32
2019-09-10 06:00:00,79.72
2019-09-10 06:30:00,121.64
2019-09-10 07:00:00,195.52
2019-09-10 07:30:00,297.76
2019-09-10 08:00:00,308.2
2019-09-10 08:30:00,583.56
2019-09-10 09:00:00,572.4
2019-09-10 09:30:00,567.96
2019-09-10 10:00:00,599.8
2019-09-10 10:30:00,614.32
2019-09-10 11:00:00,628.76
2019-09-10 11:30:00,630.2
2019-09-10 12:00:00,610.76
2019-09-10 12:30:00,627.64
2019-09-10 13:00:00,631.72
2019-09-10 13:30:00,643.44
2019-09-10 14:00:00,613.06
2019-09-10 14:30:00,602.52
2019-09-10 15:00:00,639.56
2019-09-10 15:30:00,627.8
2019-09-10 16:00:00,627.84
2019-09-10 16:30:00,593.64
2019-09-10 17:00:00,571.0
2019-09-10 17:30:00,541.5
2019-09-10 18:00:00,570.28
2019-09-10 18:30:00,617.96
2019-09-10 19:00:00,640.08
2019-09-10 19:30:00,628.6
2019-09-10 20:00:00,471.8
2019-09-10 20:30:00,477.4
2019-09-10 21:00:00,456.3
2019-09-10 21:30:00,245.36
2019-09-10 22:00:00,197.84
2019-09-10 22:30:00,198.62
2019-09-10 23:00:00,128.6
2019-09-10 23:30:00,126.86
2019-09-11 00:00:00,133.82
2019-09-11 00:00:00,133.82
2019-09-11 00:30:00,132.88
2019-09-11 01:00:00,109.8
2019-09-11 01:30:00,106.64
2019-09-11 02:00:00,110.48
2019-09-11 02:30:00,115.0
2019-09-11 03:00:00,116.4
2019-09-11 03:30:00,111.0
2019-09-11 04:00:00,107.36
2019-09-11 04:30:00,111.16
2019-09-11 05:00:00,106.0
2019-09-11 05:30:00,112.4
2019-09-11 06:00:00,123.88
2019-09-11 06:30:00,121.0
2019-09-11 07:00:00,113.4
2019-09-11 07:30:00,135.6
2019-09-11 08:00:00,270.3
2019-09-11 08:30:00,468.0
2019-09-11 09:00:00,534.8
2019-09-11 09:30:00,566.8
2019-09-11 10:00:00,557.35
2019-09-11 10:30:00,567.21
2019-09-11 11:00:00,593.66
2019-09-11 11:30:00,600.4
2019-09-11 12:00:00,601.52
2019-09-11 12:30:00,598.4
2019-09-11 13:00:00,605.24
2019-09-11 13:30:00,638.07
2019-09-11 14:00:00,669.63
2019-09-11 14:30:00,654.82
2019-09-11 15:00:00,651.41
2019-09-11 15:30:00,638.61
2019-09-11 16:00:00,593.6
2019-09-11 16:30:00,584.76
2019-09-11 17:00:00,597.24
2019-09-11 17:30:00,542.92
2019-09-11 18:00:00,541.52
2019-09-11 18:30:00,657.4
2019-09-11 19:00:00,644.8
2019-09-11 19:30:00,562.66
2019-09-11 20:00:00,474.6
2019-09-11 20:30:00,442.64
2019-09-11 21:00:00,387.2
2019-09-11 21:30:00,258.36
2019-09-11 22:00:00,209.36
2019-09-11 22:30:00,206.76
2019-09-11 23:00:00,172.04
2019-09-11 23:30:00,135.76
2019-09-12 00:00:00,98.64
2019-09-12 00:00:00,98.64
2019-09-12 00:30:00,121.84
2019-09-12 01:00:00,112.52
2019-09-12 01:30:00,109.76
2019-09-12 02:00:00,113.87
2019-09-12 02:30:00,80.56
2019-09-12 03:00:00,82.64
2019-09-12 03:30:00,108.08
2019-09-12 04:00:00,112.04
2019-09-12 04:30:00,116.6
2019-09-12 05:00:00,116.68
2019-09-12 05:30:00,115.16
2019-09-12 06:00:00,122.64
2019-09-12 06:30:00,123.16
2019-09-12 07:00:00,180.0
2019-09-12 07:30:00,229.52
2019-09-12 08:00:00,232.76
2019-09-12 08:30:00,287.28
2019-09-12 09:00:00,468.08
2019-09-12 09:30:00,634.44
2019-09-12 10:00:00,570.26
2019-09-12 10:30:00,604.04
2019-09-12 11:00:00,584.08
2019-09-12 11:30:00,615.56
2019-09-12 12:00:00,640.0
2019-09-12 12:30:00,667.16
2019-09-12 13:00:00,518.82
2019-09-12 13:30:00,636.56
2019-09-12 14:00:00,655.72
2019-09-12 14:30:00,626.84
2019-09-12 15:00:00,612.16
2019-09-12 15:30:00,573.24
2019-09-12 16:00:00,587.7
2019-09-12 16:30:00,605.4
2019-09-12 17:00:00,601.6
2019-09-12 17:30:00,616.32
2019-09-12 18:00:00,610.24
2019-09-12 18:30:00,637.16
2019-09-12 19:00:00,634.03
2019-09-12 19:30:00,639.16
2019-09-12 20:00:00,525.24
2019-09-12 20:30:00,483.36
2019-09-12 21:00:00,441.16
2019-09-12 21:30:00,238.56
2019-09-12 22:00:00,203.04
2019-09-12 22:30:00,187.56
2019-09-12 23:00:00,158.24
2019-09-12 23:30:00,133.72
2019-09-13 00:00:00,107.96
2019-09-13 00:00:00,107.96
2019-09-13 00:30:00,110.88
2019-09-13 01:00:00,108.4
2019-09-13 01:30:00,113.48
2019-09-13 02:00:00,106.1
2019-09-13 02:30:00,109.48
2019-09-13 03:00:00,107.8
2019-09-13 03:30:00,109.12
2019-09-13 04:00:00,115.4
2019-09-13 04:30:00,108.68
2019-09-13 05:00:00,114.68
2019-09-13 05:30:00,110.8
2019-09-13 06:00:00,115.4
2019-09-13 06:30:00,114.84
2019-09-13 07:00:00,143.46
2019-09-13 07:30:00,170.78
2019-09-13 08:00:00,177.88
2019-09-13 08:30:00,248.8
2019-09-13 09:00:00,348.48
2019-09-13 09:30:00,505.12
2019-09-13 10:00:00,622.28
2019-09-13 10:30:00,628.48
2019-09-13 11:00:00,583.52
2019-09-13 11:30:00,568.28
2019-09-13 12:00:00,600.47
2019-09-13 12:30:00,601.72
2019-09-13 13:00:00,608.96
2019-09-13 13:30:00,575.72
2019-09-13 14:00:00,584.96
2019-09-13 14:30:00,561.52
2019-09-13 15:00:00,587.88
2019-09-13 15:30:00,596.58
2019-09-13 16:00:00,576.61
2019-09-13 16:30:00,568.04
2019-09-13 17:00:00,575.82
2019-09-13 17:30:00,575.67
2019-09-13 18:00:00,577.87
2019-09-13 18:30:00,619.8
2019-09-13 19:00:00,596.84
2019-09-13 19:30:00,566.86
2019-09-13 20:00:00,387.11
2019-09-13 20:30:00,491.72
2019-09-13 21:00:00,343.92
2019-09-13 21:30:00,217.92
2019-09-13 22:00:00,185.16
2019-09-13 22:30:00,177.86
2019-09-13 23:00:00,143.4
2019-09-13 23:30:00,112.24
2019-09-14 00:00:00,116.28
2019-09-14 00:00:00,116.28
2019-09-14 00:30:00,114.04
2019-09-14 01:00:00,108.88
2019-09-14 01:30:00,120.56
2019-09-14 02:00:00,115.58
2019-09-14 02:30:00,114.86
2019-09-14 03:00:00,113.44
2019-09-14 03:30:00,113.56
2019-09-14 04:00:00,114.76
2019-09-14 04:30:00,115.88
2019-09-14 05:00:00,112.24
2019-09-14 05:30:00,117.0
2019-09-14 06:00:00,128.1
2019-09-14 06:30:00,119.44
2019-09-14 07:00:00,144.04
2019-09-14 07:30:00,184.88
2019-09-14 08:00:00,249.16
2019-09-14 08:30:00,277.0
2019-09-14 09:00:00,345.48
2019-09-14 09:30:00,636.8
2019-09-14 10:00:00,644.99
2019-09-14 10:30:00,462.7
2019-09-14 11:00:00,611.64
2019-09-14 11:30:00,641.0
2019-09-14 12:00:00,627.93
2019-09-14 12:30:00,579.1
2019-09-14 13:00:00,590.6
2019-09-14 13:30:00,588.8
2019-09-14 14:00:00,578.4
2019-09-14 14:30:00,592.83
2019-09-14 15:00:00,621.0
2019-09-14 15:30:00,616.4
2019-09-14 16:00:00,655.6
2019-09-14 16:30:00,614.67
2019-09-14 17:00:00,612.8
2019-09-14 17:30:00,619.17
2019-09-14 18:00:00,596.4
2019-09-14 18:30:00,654.8
2019-09-14 19:00:00,640.87
2019-09-14 19:30:00,641.4
2019-09-14 20:00:00,521.6
2019-09-14 20:30:00,484.4
2019-09-14 21:00:00,466.9
2019-09-14 21:30:00,246.63
2019-09-14 22:00:00,210.6
2019-09-14 22:30:00,184.52
2019-09-14 23:00:00,150.56
2019-09-14 23:30:00,121.78
2019-09-15 00:00:00,128.48
2019-09-15 00:00:00,128.48
2019-09-15 00:30:00,127.48
2019-09-15 01:00:00,130.24
2019-09-15 01:30:00,125.44
2019-09-15 02:00:00,126.32
2019-09-15 02:30:00,122.12
2019-09-15 03:00:00,126.32
2019-09-15 03:30:00,134.82
2019-09-15 04:00:00,128.44
2019-09-15 04:30:00,127.04
2019-09-15 05:00:00,128.88
2019-09-15 05:30:00,129.12
2019-09-15 06:00:00,119.92
2019-09-15 06:30:00,139.12
2019-09-15 07:00:00,143.0
2019-09-15 07:30:00,175.64
2019-09-15 08:00:00,185.24
2019-09-15 08:30:00,212.52
2019-09-15 09:00:00,339.72
2019-09-15 09:30:00,394.4
2019-09-15 10:00:00,432.04
2019-09-15 10:30:00,453.6
2019-09-15 11:00:00,412.96
2019-09-15 11:30:00,453.12
2019-09-15 12:00:00,478.4
2019-09-15 12:30:00,497.9
2019-09-15 13:00:00,694.0
2019-09-15 13:30:00,596.9
2019-09-15 14:00:00,566.52
2019-09-15 14:30:00,561.88
2019-09-15 15:00:00,571.4
2019-09-15 15:30:00,554.08
2019-09-15 16:00:00,555.28
2019-09-15 16:30:00,561.08
2019-09-15 17:00:00,578.12
2019-09-15 17:30:00,554.96
2019-09-15 18:00:00,550.88
2019-09-15 18:30:00,540.6
2019-09-15 19:00:00,568.76
2019-09-15 19:30:00,540.44
2019-09-15 20:00:00,493.04
2019-09-15 20:30:00,417.7
2019-09-15 21:00:00,350.52
2019-09-15 21:30:00,244.28
2019-09-15 22:00:00,205.84
2019-09-15 22:30:00,199.88
2019-09-15 23:00:00,149.36
2019-09-15 23:30:00,120.24
2019-09-16 00:00:00,123.23
2019-09-16 00:00:00,123.23
2019-09-16 00:30:00,119.36
2019-09-16 01:00:00,120.68
2019-09-16 01:30:00,120.24
2019-09-16 02:00:00,121.28
2019-09-16 02:30:00,116.68
2019-09-16 03:00:00,126.86
2019-09-16 03:30:00,116.72
2019-09-16 04:00:00,119.12
2019-09-16 04:30:00,117.84
2019-09-16 05:00:00,122.11
2019-09-16 05:30:00,117.36
2019-09-16 06:00:00,109.6
2019-09-16 06:30:00,140.96
2019-09-16 07:00:00,189.04
2019-09-16 07:30:00,224.08
2019-09-16 08:00:00,234.6
2019-09-16 08:30:00,297.16
2019-09-16 09:00:00,337.22
2019-09-16 09:30:00,331.0
2019-09-16 10:00:00,338.08
2019-09-16 10:30:00,355.38
2019-09-16 11:00:00,320.14
2019-09-16 11:30:00,334.14
2019-09-16 12:00:00,399.94
2019-09-16 12:30:00,363.0
2019-09-16 13:00:00,368.3
2019-09-16 13:30:00,349.62
2019-09-16 14:00:00,326.64
2019-09-16 14:30:00,343.6
2019-09-16 15:00:00,360.0
2019-09-16 15:30:00,348.89
2019-09-16 16:00:00,381.6
2019-09-16 16:30:00,369.4
2019-09-16 17:00:00,382.0
2019-09-16 17:30:00,390.6
2019-09-16 18:00:00,391.2
2019-09-16 18:30:00,436.8
2019-09-16 19:00:00,412.6
2019-09-16 19:30:00,436.8
2019-09-16 20:00:00,378.8
2019-09-16 20:30:00,384.4
2019-09-16 21:00:00,364.2
2019-09-16 21:30:00,244.8
2019-09-16 22:00:00,167.6
2019-09-16 22:30:00,199.92
2019-09-16 23:00:00,167.52
2019-09-16 23:30:00,119.72
2019-09-17 00:00:00,116.2
2019-09-17 00:00:00,116.2
2019-09-17 00:30:00,108.56
2019-09-17 01:00:00,114.4
2019-09-17 01:30:00,110.64
2019-09-17 02:00:00,111.48
2019-09-17 02:30:00,116.44
2019-09-17 03:00:00,78.6
2019-09-17 03:30:00,112.0
2019-09-17 04:00:00,112.48
2019-09-17 04:30:00,112.86
2019-09-17 05:00:00,119.12
2019-09-17 05:30:00,114.6
2019-09-17 06:00:00,112.62
2019-09-17 06:30:00,118.92
2019-09-17 07:00:00,125.36
2019-09-17 07:30:00,160.8
2019-09-17 08:00:00,232.84
2019-09-17 08:30:00,265.28
2019-09-17 09:00:00,311.92
2019-09-17 09:30:00,335.9
2019-09-17 10:00:00,376.72
2019-09-17 10:30:00,278.28
2019-09-17 11:00:00,394.54
2019-09-17 11:30:00,393.02
2019-09-17 12:00:00,397.64
2019-09-17 12:30:00,412.88
2019-09-17 13:00:00,400.2
2019-09-17 13:30:00,381.44
2019-09-17 14:00:00,361.4
2019-09-17 14:30:00,385.44
2019-09-17 15:00:00,385.8
2019-09-17 15:30:00,379.56
2019-09-17 16:00:00,408.36
2019-09-17 16:30:00,401.64
2019-09-17 17:00:00,416.56
2019-09-17 17:30:00,401.08
2019-09-17 18:00:00,415.56
2019-09-17 18:30:00,428.92
2019-09-17 19:00:00,478.68
2019-09-17 19:30:00,471.78
2019-09-17 20:00:00,450.16
2019-09-17 20:30:00,399.28
2019-09-17 21:00:00,387.48
2019-09-17 21:30:00,290.12
2019-09-17 22:00:00,214.3
2019-09-17 22:30:00,196.56
2019-09-17 23:00:00,177.36
2019-09-17 23:30:00,113.42
2019-09-18 00:00:00,113.6
2019-09-18 00:00:00,113.6
2019-09-18 00:30:00,115.52
2019-09-18 01:00:00,109.12
2019-09-18 01:30:00,116.56
2019-09-18 02:00:00,108.88
2019-09-18 02:30:00,112.04
2019-09-18 03:00:00,115.84
2019-09-18 03:30:00,118.82
2019-09-18 04:00:00,111.2
2019-09-18 04:30:00,116.72
2019-09-18 05:00:00,115.36
2019-09-18 05:30:00,118.91
2019-09-18 06:00:00,128.9
2019-09-18 06:30:00,123.04
2019-09-18 07:00:00,163.48
2019-09-18 07:30:00,197.24
2019-09-18 08:00:00,227.92
2019-09-18 08:30:00,236.24
2019-09-18 09:00:00,385.4
2019-09-18 09:30:00,372.92
2019-09-18 10:00:00,374.08
2019-09-18 10:30:00,388.98
2019-09-18 11:00:00,359.84
2019-09-18 11:30:00,389.72
2019-09-18 12:00:00,401.12
2019-09-18 12:30:00,388.32
2019-09-18 13:00:00,433.36
2019-09-18 13:30:00,396.96
2019-09-18 14:00:00,410.56
2019-09-18 14:30:00,421.96
2019-09-18 15:00:00,391.4
2019-09-18 15:30:00,418.96
2019-09-18 16:00:00,414.12
2019-09-18 16:30:00,417.04
2019-09-18 17:00:00,412.5
2019-09-18 17:30:00,412.68
2019-09-18 18:00:00,382.6
2019-09-18 18:30:00,412.84
2019-09-18 19:00:00,434.86
2019-09-18 19:30:00,437.87
2019-09-18 20:00:00,406.24
2019-09-18 20:30:00,433.88
2019-09-18 21:00:00,339.32
2019-09-18 21:30:00,234.44
2019-09-18 22:00:00,200.72
2019-09-18 22:30:00,190.48
2019-09-18 23:00:00,140.24
2019-09-18 23:30:00,111.62
2019-09-19 00:00:00,107.2
2019-09-19 00:00:00,107.2
2019-09-19 00:30:00,80.22
2019-09-19 01:00:00,110.25
2019-09-19 01:30:00,120.2
2019-09-19 02:00:00,122.4
2019-09-19 02:30:00,121.44
2019-09-19 03:00:00,131.0
2019-09-19 03:30:00,120.92
2019-09-19 04:00:00,112.88
2019-09-19 04:30:00,107.2
2019-09-19 05:00:00,105.6
2019-09-19 05:30:00,113.6
2019-09-19 06:00:00,109.56
2019-09-19 06:30:00,110.64
2019-09-19 07:00:00,132.44
2019-09-19 07:30:00,161.2
2019-09-19 08:00:00,177.2
2019-09-19 08:30:00,244.92
2019-09-19 09:00:00,294.84
2019-09-19 09:30:00,324.08
2019-09-19 10:00:00,372.92
2019-09-19 10:30:00,263.24
2019-09-19 11:00:00,389.83
2019-09-19 11:30:00,235.04
2019-09-19 12:00:00,379.43
2019-09-19 12:30:00,381.12
2019-09-19 13:00:00,386.88
2019-09-19 13:30:00,384.2
2019-09-19 14:00:00,374.0
2019-09-19 14:30:00,345.26
2019-09-19 15:00:00,326.72
2019-09-19 15:30:00,346.68
2019-09-19 16:00:00,376.24
2019-09-19 16:30:00,369.2
2019-09-19 17:00:00,351.7
2019-09-19 17:30:00,316.72
2019-09-19 18:00:00,339.16
2019-09-19 18:30:00,371.36
2019-09-19 19:00:00,379.26
2019-09-19 19:30:00,345.16
2019-09-19 20:00:00,345.51
2019-09-19 20:30:00,363.08
2019-09-19 21:00:00,337.54
2019-09-19 21:30:00,271.64
2019-09-19 22:00:00,224.68
2019-09-19 22:30:00,189.68
2019-09-19 23:00:00,151.84
2019-09-19 23:30:00,118.4
2019-09-20 00:00:00,115.2
2019-09-20 00:00:00,115.2
2019-09-20 00:30:00,106.2
2019-09-20 01:00:00,104.7
2019-09-20 01:30:00,103.4
2019-09-20 02:00:00,115.2
2019-09-20 02:30:00,108.0
2019-09-20 03:00:00,105.2
2019-09-20 03:30:00,105.8
2019-09-20 04:00:00,107.4
2019-09-20 04:30:00,108.0
2019-09-20 05:00:00,107.4
2019-09-20 05:30:00,114.0
2019-09-20 06:00:00,109.0
2019-09-20 06:30:00,119.8
2019-09-20 07:00:00,114.6
2019-09-20 07:30:00,169.2
2019-09-20 08:00:00,200.2
2019-09-20 08:30:00,201.7
2019-09-20 09:00:00,292.18
2019-09-20 09:30:00,273.0
2019-09-20 10:00:00,308.07
2019-09-20 10:30:00,324.4
2019-09-20 11:00:00,310.62
2019-09-20 11:30:00,343.0
2019-09-20 12:00:00,362.7
2019-09-20 12:30:00,368.35
2019-09-20 13:00:00,369.52
2019-09-20 13:30:00,327.04
2019-09-20 14:00:00,369.04
2019-09-20 14:30:00,356.27
2019-09-20 15:00:00,343.0
2019-09-20 15:30:00,353.04
2019-09-20 16:00:00,328.98
2019-09-20 16:30:00,349.12
2019-09-20 17:00:00,347.08
2019-09-20 17:30:00,363.4
2019-09-20 18:00:00,336.6
2019-09-20 18:30:00,394.87
2019-09-20 19:00:00,429.39
2019-09-20 19:30:00,419.84
2019-09-20 20:00:00,387.96
2019-09-20 20:30:00,368.4
2019-09-20 21:00:00,345.44
2019-09-20 21:30:00,276.8
2019-09-20 22:00:00,224.2
2019-09-20 22:30:00,215.04
2019-09-20 23:00:00,185.88
2019-09-20 23:30:00,112.68
2019-09-21 00:00:00,106.6
2019-09-21 00:00:00,106.6
2019-09-21 00:30:00,106.36
2019-09-21 01:00:00,112.0
2019-09-21 01:30:00,106.6
2019-09-21 02:00:00,104.68
2019-09-21 02:30:00,107.14
2019-09-21 03:00:00,107.56
2019-09-21 03:30:00,107.92
2019-09-21 04:00:00,108.28
2019-09-21 04:30:00,104.68
2019-09-21 05:00:00,113.2
2019-09-21 05:30:00,114.68
2019-09-21 06:00:00,114.0
2019-09-21 06:30:00,128.36
2019-09-21 07:00:00,129.68
2019-09-21 07:30:00,177.64
2019-09-21 08:00:00,171.88
2019-09-21 08:30:00,203.16
2019-09-21 09:00:00,283.32
2019-09-21 09:30:00,296.84
2019-09-21 10:00:00,445.72
2019-09-21 10:30:00,291.0
2019-09-21 11:00:00,844.96
2019-09-21 11:30:00,877.04
2019-09-21 12:00:00,852.64
2019-09-21 12:30:00,904.8
2019-09-21 13:00:00,891.6
2019-09-21 13:30:00,822.04
2019-09-21 14:00:00,785.44
2019-09-21 14:30:00,786.8
2019-09-21 15:00:00,753.4
2019-09-21 15:30:00,793.92
2019-09-21 16:00:00,762.64
2019-09-21 16:30:00,599.96
2019-09-21 17:00:00,352.2
2019-09-21 17:30:00,323.28
2019-09-21 18:00:00,305.6
2019-09-21 18:30:00,341.8
2019-09-21 19:00:00,353.52
2019-09-21 19:30:00,321.48
2019-09-21 20:00:00,374.16
2019-09-21 20:30:00,333.24
2019-09-21 21:00:00,284.04
2019-09-21 21:30:00,218.4
2019-09-21 22:00:00,198.64
2019-09-21 22:30:00,188.32
2019-09-21 23:00:00,148.84
2019-09-21 23:30:00,80.16
2019-09-22 00:00:00,105.88
2019-09-22 00:00:00,105.88
2019-09-22 00:30:00,105.88
2019-09-22 01:00:00,110.84
2019-09-22 01:30:00,104.32
2019-09-22 02:00:00,102.16
2019-09-22 02:30:00,105.0
2019-09-22 03:00:00,104.92
2019-09-22 03:30:00,105.4
2019-09-22 04:00:00,108.16
2019-09-22 04:30:00,106.84
2019-09-22 05:00:00,113.0
2019-09-22 05:30:00,103.32
2019-09-22 06:00:00,108.2
2019-09-22 06:30:00,106.48
2019-09-22 07:00:00,135.16
2019-09-22 07:30:00,199.8
2019-09-22 08:00:00,223.22
2019-09-22 08:30:00,247.77
2019-09-22 09:00:00,289.88
2019-09-22 09:30:00,290.72
2019-09-22 10:00:00,347.48
2019-09-22 10:30:00,426.64
2019-09-22 11:00:00,430.04
2019-09-22 11:30:00,430.28
2019-09-22 12:00:00,221.6
2019-09-22 12:30:00,381.92
2019-09-22 13:00:00,397.2
2019-09-22 13:30:00,401.96
2019-09-22 14:00:00,406.2
2019-09-22 14:30:00,422.35
2019-09-22 15:00:00,409.37
2019-09-22 15:30:00,342.36
2019-09-22 16:00:00,320.66
2019-09-22 16:30:00,305.52
2019-09-22 17:00:00,307.52
2019-09-22 17:30:00,314.18
2019-09-22 18:00:00,311.79
2019-09-22 18:30:00,354.83
2019-09-22 19:00:00,254.2
2019-09-22 19:30:00,247.4
2019-09-22 20:00:00,353.3
2019-09-22 20:30:00,361.1
2019-09-22 21:00:00,363.13
2019-09-22 21:30:00,224.95
2019-09-22 22:00:00,191.75
2019-09-22 22:30:00,187.16
2019-09-22 23:00:00,144.16
2019-09-22 23:30:00,115.38
2019-09-23 00:00:00,118.84
2019-09-23 00:00:00,118.84
2019-09-23 00:30:00,119.72
2019-09-23 01:00:00,109.24
2019-09-23 01:30:00,110.48
2019-09-23 02:00:00,105.92
2019-09-23 02:30:00,101.73
2019-09-23 03:00:00,101.44
2019-09-23 03:30:00,100.04
2019-09-23 04:00:00,100.96
2019-09-23 04:30:00,101.71
2019-09-23 05:00:00,102.26
2019-09-23 05:30:00,103.84
2019-09-23 06:00:00,104.72
2019-09-23 06:30:00,112.81
2019-09-23 07:00:00,113.8
2019-09-23 07:30:00,162.0
2019-09-23 08:00:00,176.48
2019-09-23 08:30:00,182.24
2019-09-23 09:00:00,222.72
2019-09-23 09:30:00,235.9
2019-09-23 10:00:00,250.64
2019-09-23 10:30:00,243.4
2019-09-23 11:00:00,231.36
2019-09-23 11:30:00,232.6
2019-09-23 12:00:00,260.4
2019-09-23 12:30:00,258.4
2019-09-23 13:00:00,248.5
2019-09-23 13:30:00,283.6
2019-09-23 14:00:00,282.0
2019-09-23 14:30:00,282.04
2019-09-23 15:00:00,285.28
2019-09-23 15:30:00,299.28
2019-09-23 16:00:00,314.98
2019-09-23 16:30:00,282.92
2019-09-23 17:00:00,289.08
2019-09-23 17:30:00,284.36
2019-09-23 18:00:00,296.64
2019-09-23 18:30:00,349.2
2019-09-23 19:00:00,257.48
2019-09-23 19:30:00,362.44
2019-09-23 20:00:00,348.96
2019-09-23 20:30:00,366.77
2019-09-23 21:00:00,321.28
2019-09-23 21:30:00,239.8
2019-09-23 22:00:00,201.28
2019-09-23 22:30:00,183.48
2019-09-23 23:00:00,137.28
2019-09-23 23:30:00,104.68
2019-09-24 00:00:00,91.2
2019-09-24 00:00:00,91.2
2019-09-24 00:30:00,94.56
2019-09-24 01:00:00,93.08
2019-09-24 01:30:00,104.16
2019-09-24 02:00:00,97.52
2019-09-24 02:30:00,106.04
2019-09-24 03:00:00,96.32
2019-09-24 03:30:00,90.44
2019-09-24 04:00:00,93.08
2019-09-24 04:30:00,95.38
2019-09-24 05:00:00,95.52
2019-09-24 05:30:00,95.52
2019-09-24 06:00:00,112.04
2019-09-24 06:30:00,120.76
2019-09-24 07:00:00,122.0
2019-09-24 07:30:00,163.4
2019-09-24 08:00:00,168.4
2019-09-24 08:30:00,197.64
2019-09-24 09:00:00,227.47
2019-09-24 09:30:00,246.6
2019-09-24 10:00:00,263.0
2019-09-24 10:30:00,277.65
2019-09-24 11:00:00,262.2
2019-09-24 11:30:00,274.6
2019-09-24 12:00:00,287.6
2019-09-24 12:30:00,294.0
2019-09-24 13:00:00,281.96
2019-09-24 13:30:00,295.9
2019-09-24 14:00:00,308.53
2019-09-24 14:30:00,306.8
2019-09-24 15:00:00,306.2
2019-09-24 15:30:00,324.2
2019-09-24 16:00:00,306.4
2019-09-24 16:30:00,297.0
2019-09-24 17:00:00,320.7
2019-09-24 17:30:00,302.93
2019-09-24 18:00:00,310.76
2019-09-24 18:30:00,348.68
2019-09-24 19:00:00,353.56
2019-09-24 19:30:00,373.11
2019-09-24 20:00:00,352.8
2019-09-24 20:30:00,315.16
2019-09-24 21:00:00,349.32
2019-09-24 21:30:00,240.08
2019-09-24 22:00:00,189.12
2019-09-24 22:30:00,176.2
2019-09-24 23:00:00,143.92
2019-09-24 23:30:00,103.4
2019-09-25 00:00:00,105.08
2019-09-25 00:00:00,105.08
2019-09-25 00:30:00,74.12
2019-09-25 01:00:00,104.44
2019-09-25 01:30:00,102.16
2019-09-25 02:00:00,106.04
2019-09-25 02:30:00,123.52
2019-09-25 03:00:00,107.52
2019-09-25 03:30:00,104.44
2019-09-25 04:00:00,100.16
2019-09-25 04:30:00,107.68
2019-09-25 05:00:00,106.52
2019-09-25 05:30:00,104.78
2019-09-25 06:00:00,106.82
2019-09-25 06:30:00,107.08
2019-09-25 07:00:00,117.8
2019-09-25 07:30:00,160.86
2019-09-25 08:00:00,167.61
2019-09-25 08:30:00,207.2
2019-09-25 09:00:00,270.8
2019-09-25 09:30:00,278.04
2019-09-25 10:00:00,294.24
2019-09-25 10:30:00,311.88
2019-09-25 11:00:00,321.14
2019-09-25 11:30:00,297.32
2019-09-25 12:00:00,310.32
2019-09-25 12:30:00,294.6
2019-09-25 13:00:00,338.76
2019-09-25 13:30:00,332.64
2019-09-25 14:00:00,340.12
2019-09-25 14:30:00,332.98
2019-09-25 15:00:00,368.52
2019-09-25 15:30:00,344.6
2019-09-25 16:00:00,325.8
2019-09-25 16:30:00,349.4
2019-09-25 17:00:00,331.2
2019-09-25 17:30:00,296.0
2019-09-25 18:00:00,312.2
2019-09-25 18:30:00,316.2
2019-09-25 19:00:00,376.6
2019-09-25 19:30:00,341.0
2019-09-25 20:00:00,319.18
2019-09-25 20:30:00,346.24
2019-09-25 21:00:00,322.64
2019-09-25 21:30:00,270.18
2019-09-25 22:00:00,220.24
2019-09-25 22:30:00,213.48
2019-09-25 23:00:00,164.88
2019-09-25 23:30:00,134.36
2019-09-26 00:00:00,137.32
2019-09-26 00:00:00,137.32
2019-09-26 00:30:00,136.56
2019-09-26 01:00:00,136.12
2019-09-26 01:30:00,146.36
2019-09-26 02:00:00,137.56
2019-09-26 02:30:00,138.04
2019-09-26 03:00:00,132.76
2019-09-26 03:30:00,129.76
2019-09-26 04:00:00,133.12
2019-09-26 04:30:00,135.04
2019-09-26 05:00:00,132.44
2019-09-26 05:30:00,111.74
2019-09-26 06:00:00,112.4
2019-09-26 06:30:00,145.16
2019-09-26 07:00:00,145.4
2019-09-26 07:30:00,190.76
2019-09-26 08:00:00,280.12
2019-09-26 08:30:00,302.8
2019-09-26 09:00:00,377.76
2019-09-26 09:30:00,357.16
2019-09-26 10:00:00,390.52
2019-09-26 10:30:00,400.4
2019-09-26 11:00:00,408.44
2019-09-26 11:30:00,411.16
2019-09-26 12:00:00,425.0
2019-09-26 12:30:00,434.32
2019-09-26 13:00:00,457.36
2019-09-26 13:30:00,443.12
2019-09-26 14:00:00,423.64
2019-09-26 14:30:00,379.24
2019-09-26 15:00:00,326.64
2019-09-26 15:30:00,327.52
2019-09-26 16:00:00,341.72
2019-09-26 16:30:00,351.84
2019-09-26 17:00:00,320.08
2019-09-26 17:30:00,327.28
2019-09-26 18:00:00,344.08
2019-09-26 18:30:00,328.08
2019-09-26 19:00:00,336.56
2019-09-26 19:30:00,354.6
2019-09-26 20:00:00,331.72
2019-09-26 20:30:00,356.28
2019-09-26 21:00:00,330.48
2019-09-26 21:30:00,234.0
2019-09-26 22:00:00,181.24
2019-09-26 22:30:00,168.4
2019-09-26 23:00:00,138.82
2019-09-26 23:30:00,110.16
2019-09-27 00:00:00,106.58
2019-09-27 00:00:00,106.58
2019-09-27 00:30:00,103.96
2019-09-27 01:00:00,104.68
2019-09-27 01:30:00,105.28
2019-09-27 02:00:00,103.84
2019-09-27 02:30:00,118.76
2019-09-27 03:00:00,101.48
2019-09-27 03:30:00,107.08
2019-09-27 04:00:00,104.32
2019-09-27 04:30:00,103.38
2019-09-27 05:00:00,102.76
2019-09-27 05:30:00,105.44
2019-09-27 06:00:00,119.16
2019-09-27 06:30:00,119.76
2019-09-27 07:00:00,119.24
2019-09-27 07:30:00,176.76
2019-09-27 08:00:00,187.04
2019-09-27 08:30:00,205.12
2019-09-27 09:00:00,263.12
2019-09-27 09:30:00,283.72
2019-09-27 10:00:00,305.2
2019-09-27 10:30:00,314.88
2019-09-27 11:00:00,323.44
2019-09-27 11:30:00,290.2
2019-09-27 12:00:00,348.58
2019-09-27 12:30:00,359.28
2019-09-27 13:00:00,340.88
2019-09-27 13:30:00,302.94
2019-09-27 14:00:00,318.2
2019-09-27 14:30:00,358.88
2019-09-27 15:00:00,359.32
2019-09-27 15:30:00,341.88
2019-09-27 16:00:00,338.48
2019-09-27 16:30:00,339.28
2019-09-27 17:00:00,317.72
2019-09-27 17:30:00,342.08
2019-09-27 18:00:00,393.23
2019-09-27 18:30:00,385.92
2019-09-27 19:00:00,275.28
2019-09-27 19:30:00,405.22
2019-09-27 20:00:00,397.53
2019-09-27 20:30:00,385.56
2019-09-27 21:00:00,346.51
2019-09-27 21:30:00,223.34
2019-09-27 22:00:00,190.1
2019-09-27 22:30:00,166.6
2019-09-27 23:00:00,134.24
2019-09-27 23:30:00,116.8
2019-09-28 00:00:00,116.4
2019-09-28 00:00:00,116.4
2019-09-28 00:30:00,119.0
2019-09-28 01:00:00,120.8
2019-09-28 01:30:00,114.4
2019-09-28 02:00:00,114.8
2019-09-28 02:30:00,114.2
2019-09-28 03:00:00,119.6
2019-09-28 03:30:00,116.8
2019-09-28 04:00:00,118.9
2019-09-28 04:30:00,112.4
2019-09-28 05:00:00,116.2
2019-09-28 05:30:00,120.2
2019-09-28 06:00:00,118.7
2019-09-28 06:30:00,102.0
2019-09-28 07:00:00,133.4
2019-09-28 07:30:00,165.0
2019-09-28 08:00:00,193.4
2019-09-28 08:30:00,200.6
2019-09-28 09:00:00,238.8
2019-09-28 09:30:00,287.2
2019-09-28 10:00:00,304.4
2019-09-28 10:30:00,348.6
2019-09-28 11:00:00,341.4
2019-09-28 11:30:00,334.6
2019-09-28 12:00:00,331.4
2019-09-28 12:30:00,314.8
2019-09-28 13:00:00,317.8
2019-09-28 13:30:00,321.1
2019-09-28 14:00:00,345.0
2019-09-28 14:30:00,344.4
2019-09-28 15:00:00,352.2
2019-09-28 15:30:00,348.4
2019-09-28 16:00:00,356.2
2019-09-28 16:30:00,357.4
2019-09-28 17:00:00,345.7
2019-09-28 17:30:00,353.0
2019-09-28 18:00:00,419.2
2019-09-28 18:30:00,394.2
2019-09-28 19:00:00,388.2
2019-09-28 19:30:00,410.2
2019-09-28 20:00:00,400.8
2019-09-28 20:30:00,353.2
2019-09-28 21:00:00,360.0
2019-09-28 21:30:00,239.6
2019-09-28 22:00:00,193.4
2019-09-28 22:30:00,170.76
2019-09-28 23:00:00,128.74
2019-09-28 23:30:00,107.56
2019-09-29 00:00:00,115.76
2019-09-29 00:00:00,115.76
2019-09-29 00:30:00,116.04
2019-09-29 01:00:00,118.96
2019-09-29 01:30:00,113.76
2019-09-29 02:00:00,115.08
2019-09-29 02:30:00,106.68
2019-09-29 03:00:00,109.11
2019-09-29 03:30:00,110.56
2019-09-29 04:00:00,108.78
2019-09-29 04:30:00,112.0
2019-09-29 05:00:00,106.04
2019-09-29 05:30:00,112.24
2019-09-29 06:00:00,109.64
2019-09-29 06:30:00,121.64
2019-09-29 07:00:00,122.84
2019-09-29 07:30:00,144.28
2019-09-29 08:00:00,173.56
2019-09-29 08:30:00,195.96
2019-09-29 09:00:00,249.24
2019-09-29 09:30:00,282.38
2019-09-29 10:00:00,342.56
2019-09-29 10:30:00,333.56
2019-09-29 11:00:00,331.88
2019-09-29 11:30:00,330.18
2019-09-29 12:00:00,342.05
2019-09-29 12:30:00,341.64
2019-09-29 13:00:00,349.91
2019-09-29 13:30:00,322.6
2019-09-29 14:00:00,345.97
2019-09-29 14:30:00,334.23
2019-09-29 15:00:00,351.2
2019-09-29 15:30:00,330.4
2019-09-29 16:00:00,332.0
2019-09-29 16:30:00,306.2
2019-09-29 17:00:00,301.5
2019-09-29 17:30:00,287.27
2019-09-29 18:00:00,349.3
2019-09-29 18:30:00,318.8
2019-09-29 19:00:00,321.6
2019-09-29 19:30:00,319.7
2019-09-29 20:00:00,340.43
2019-09-29 20:30:00,332.4
2019-09-29 21:00:00,352.4
2019-09-29 21:30:00,259.86
2019-09-29 22:00:00,226.08
2019-09-29 22:30:00,65.0
2019-09-29 23:00:00,152.58
2019-09-29 23:30:00,121.52
2019-09-30 00:00:00,115.84
2019-09-30 00:00:00,115.84
2019-09-30 00:30:00,109.84
2019-09-30 01:00:00,108.92
2019-09-30 01:30:00,110.8
2019-09-30 02:00:00,121.32
2019-09-30 02:30:00,111.56
2019-09-30 03:00:00,108.86
2019-09-30 03:30:00,106.86
2019-09-30 04:00:00,108.92
2019-09-30 04:30:00,105.56
2019-09-30 05:00:00,111.08
2019-09-30 05:30:00,110.92
2019-09-30 06:00:00,113.68
2019-09-30 06:30:00,119.7
2019-09-30 07:00:00,124.0
2019-09-30 07:30:00,157.4
2019-09-30 08:00:00,173.52
2019-09-30 08:30:00,196.36
2019-09-30 09:00:00,217.98
2019-09-30 09:30:00,275.96
2019-09-30 10:00:00,300.56
2019-09-30 10:30:00,325.04
2019-09-30 11:00:00,270.24
2019-09-30 11:30:00,272.12
2019-09-30 12:00:00,287.92
2019-09-30 12:30:00,303.88
2019-09-30 13:00:00,299.96
2019-09-30 13:30:00,275.5
2019-09-30 14:00:00,238.92
2019-09-30 14:30:00,238.86
2019-09-30 15:00:00,256.44
2019-09-30 15:30:00,289.1
2019-09-30 16:00:00,287.48
2019-09-30 16:30:00,260.6
2019-09-30 17:00:00,274.64
2019-09-30 17:30:00,289.68
2019-09-30 18:00:00,363.44
2019-09-30 18:30:00,359.0
2019-09-30 19:00:00,369.04
2019-09-30 19:30:00,358.12
2019-09-30 20:00:00,361.88
2019-09-30 20:30:00,364.52
2019-09-30 21:00:00,365.2
2019-09-30 21:30:00,296.56
2019-09-30 22:00:00,207.28
2019-09-30 22:30:00,202.76
2019-09-30 23:00:00,146.9
2019-09-30 23:30:00,122.36
2019-10-01 00:00:00,113.72
2019-10-01 00:00:00,113.72
2019-10-01 00:30:00,110.8
2019-10-01 01:00:00,110.48
2019-10-01 01:30:00,115.48
2019-10-01 02:00:00,111.19
2019-10-01 02:30:00,109.68
2019-10-01 03:00:00,111.44
2019-10-01 03:30:00,112.64
2019-10-01 04:00:00,112.68
2019-10-01 04:30:00,106.36
2019-10-01 05:00:00,111.76
2019-10-01 05:30:00,110.84
2019-10-01 06:00:00,125.58
2019-10-01 06:30:00,114.18
2019-10-01 07:00:00,118.64
2019-10-01 07:30:00,
2019-10-01 08:00:00,
2019-10-01 08:30:00,
2019-10-01 09:00:00,
2019-10-01 09:30:00,
2019-10-01 10:00:00,
2019-10-01 10:30:00,
2019-10-01 11:00:00,
2019-10-01 11:30:00,
2019-10-01 12:00:00,
2019-10-01 12:30:00,
2019-10-01 13:00:00,
2019-10-01 13:30:00,
2019-10-01 14:00:00,
2019-10-01 14:30:00,
2019-10-01 15:00:00,
2019-10-01 15:30:00,
2019-10-01 16:00:00,
2019-10-01 16:30:00,
2019-10-01 17:00:00,
2019-10-01 17:30:00,
2019-10-01 18:00:00,
2019-10-01 18:30:00,
2019-10-01 19:00:00,
2019-10-01 19:30:00,304.2
2019-10-01 20:00:00,330.4
2019-10-01 20:30:00,329.87
2019-10-01 21:00:00,187.4
2019-10-01 21:30:00,255.8
2019-10-01 22:00:00,206.52
2019-10-01 22:30:00,199.12
2019-10-01 23:00:00,160.68
2019-10-01 23:30:00,133.49
2019-10-02 00:00:00,107.88
2019-10-02 00:00:00,107.88
2019-10-02 00:30:00,111.32
2019-10-02 01:00:00,112.44
2019-10-02 01:30:00,114.76
2019-10-02 02:00:00,114.68
2019-10-02 02:30:00,109.44
2019-10-02 03:00:00,109.88
2019-10-02 03:30:00,104.0
2019-10-02 04:00:00,104.88
2019-10-02 04:30:00,105.84
2019-10-02 05:00:00,106.4
2019-10-02 05:30:00,109.32
2019-10-02 06:00:00,105.66
2019-10-02 06:30:00,111.0
2019-10-02 07:00:00,124.36
2019-10-02 07:30:00,150.04
2019-10-02 08:00:00,165.96
2019-10-02 08:30:00,162.6
2019-10-02 09:00:00,186.38
2019-10-02 09:30:00,251.87
2019-10-02 10:00:00,279.4
2019-10-02 10:30:00,295.04
2019-10-02 11:00:00,282.6
2019-10-02 11:30:00,266.48
2019-10-02 12:00:00,291.24
2019-10-02 12:30:00,303.36
2019-10-02 13:00:00,325.34
2019-10-02 13:30:00,302.84
2019-10-02 14:00:00,304.87
2019-10-02 14:30:00,279.82
2019-10-02 15:00:00,273.6
2019-10-02 15:30:00,301.2
2019-10-02 16:00:00,307.25
2019-10-02 16:30:00,308.6
2019-10-02 17:00:00,304.88
2019-10-02 17:30:00,288.6
2019-10-02 18:00:00,347.68
2019-10-02 18:30:00,337.1
2019-10-02 19:00:00,352.48
2019-10-02 19:30:00,348.84
2019-10-02 20:00:00,337.77
2019-10-02 20:30:00,323.36
2019-10-02 21:00:00,302.4
2019-10-02 21:30:00,227.92
2019-10-02 22:00:00,194.36
2019-10-02 22:30:00,184.8
2019-10-02 23:00:00,149.52
2019-10-02 23:30:00,117.76
2019-10-03 00:00:00,113.8
2019-10-03 00:00:00,113.8
2019-10-03 00:30:00,114.52
2019-10-03 01:00:00,109.32
2019-10-03 01:30:00,78.52
2019-10-03 02:00:00,106.12
2019-10-03 02:30:00,114.4
2019-10-03 03:00:00,79.8
2019-10-03 03:30:00,108.38
2019-10-03 04:00:00,108.36
2019-10-03 04:30:00,108.56
2019-10-03 05:00:00,112.2
2019-10-03 05:30:00,110.32
2019-10-03 06:00:00,109.2
2019-10-03 06:30:00,121.16
2019-10-03 07:00:00,129.88
2019-10-03 07:30:00,166.86
2019-10-03 08:00:00,165.6
2019-10-03 08:30:00,167.2
2019-10-03 09:00:00,238.48
2019-10-03 09:30:00,250.8
2019-10-03 10:00:00,304.32
2019-10-03 10:30:00,302.08
2019-10-03 11:00:00,305.88
2019-10-03 11:30:00,309.2
2019-10-03 12:00:00,317.56
2019-10-03 12:30:00,306.8
2019-10-03 13:00:00,311.8
2019-10-03 13:30:00,308.6
2019-10-03 14:00:00,327.6
2019-10-03 14:30:00,314.4
2019-10-03 15:00:00,300.63
2019-10-03 15:30:00,286.4
2019-10-03 16:00:00,289.4
2019-10-03 16:30:00,307.2
2019-10-03 17:00:00,316.4
2019-10-03 17:30:00,294.8
2019-10-03 18:00:00,320.0
2019-10-03 18:30:00,323.2
2019-10-03 19:00:00,339.6
2019-10-03 19:30:00,354.5
2019-10-03 20:00:00,342.2
2019-10-03 20:30:00,341.8
2019-10-03 21:00:00,320.4
2019-10-03 21:30:00,230.6
2019-10-03 22:00:00,193.8
2019-10-03 22:30:00,187.04
2019-10-03 23:00:00,156.12
2019-10-03 23:30:00,114.4
2019-10-04 00:00:00,109.4
2019-10-04 00:00:00,109.4
2019-10-04 00:30:00,109.2
2019-10-04 01:00:00,113.57
2019-10-04 01:30:00,108.57
2019-10-04 02:00:00,110.0
2019-10-04 02:30:00,111.32
2019-10-04 03:00:00,108.8
2019-10-04 03:30:00,112.0
2019-10-04 04:00:00,110.0
2019-10-04 04:30:00,110.6
2019-10-04 05:00:00,111.1
2019-10-04 05:30:00,105.4
2019-10-04 06:00:00,109.34
2019-10-04 06:30:00,122.5
2019-10-04 07:00:00,133.6
2019-10-04 07:30:00,158.8
2019-10-04 08:00:00,164.2
2019-10-04 08:30:00,217.2
2019-10-04 09:00:00,236.2
2019-10-04 09:30:00,251.2
2019-10-04 10:00:00,417.4
2019-10-04 10:30:00,576.2
2019-10-04 11:00:00,518.0
2019-10-04 11:30:00,513.82
2019-10-04 12:00:00,484.1
2019-10-04 12:30:00,491.2
2019-10-04 13:00:00,499.6
2019-10-04 13:30:00,506.5
2019-10-04 14:00:00,552.0
2019-10-04 14:30:00,459.64
2019-10-04 15:00:00,433.2
2019-10-04 15:30:00,355.3
2019-10-04 16:00:00,333.16
2019-10-04 16:30:00,357.4
2019-10-04 17:00:00,340.4
2019-10-04 17:30:00,328.8
2019-10-04 18:00:00,356.2
2019-10-04 18:30:00,342.5
2019-10-04 19:00:00,368.4
2019-10-04 19:30:00,342.4
2019-10-04 20:00:00,324.0
2019-10-04 20:30:00,356.6
2019-10-04 21:00:00,320.4
2019-10-04 21:30:00,236.2
2019-10-04 22:00:00,200.4
2019-10-04 22:30:00,191.0
2019-10-04 23:00:00,149.44
2019-10-04 23:30:00,109.32
2019-10-05 00:00:00,106.72
2019-10-05 00:00:00,106.72
2019-10-05 00:30:00,105.04
2019-10-05 01:00:00,107.08
2019-10-05 01:30:00,109.24
2019-10-05 02:00:00,107.2
2019-10-05 02:30:00,108.16
2019-10-05 03:00:00,113.78
2019-10-05 03:30:00,109.12
2019-10-05 04:00:00,112.76
2019-10-05 04:30:00,110.92
2019-10-05 05:00:00,107.44
2019-10-05 05:30:00,108.4
2019-10-05 06:00:00,110.48
2019-10-05 06:30:00,109.88
2019-10-05 07:00:00,108.6
2019-10-05 07:30:00,130.53
2019-10-05 08:00:00,166.15
2019-10-05 08:30:00,177.42
2019-10-05 09:00:00,240.52
2019-10-05 09:30:00,225.46
2019-10-05 10:00:00,291.96
2019-10-05 10:30:00,327.86
2019-10-05 11:00:00,300.8
2019-10-05 11:30:00,307.4
2019-10-05 12:00:00,314.6
2019-10-05 12:30:00,300.2
2019-10-05 13:00:00,288.4
2019-10-05 13:30:00,254.4
2019-10-05 14:00:00,258.0
2019-10-05 14:30:00,259.8
2019-10-05 15:00:00,288.0
2019-10-05 15:30:00,301.0
2019-10-05 16:00:00,304.8
2019-10-05 16:30:00,273.8
2019-10-05 17:00:00,312.8
2019-10-05 17:30:00,293.1
2019-10-05 18:00:00,350.8
2019-10-05 18:30:00,347.4
2019-10-05 19:00:00,334.7
2019-10-05 19:30:00,314.2
2019-10-05 20:00:00,304.0
2019-10-05 20:30:00,349.0
2019-10-05 21:00:00,341.3
2019-10-05 21:30:00,234.8
2019-10-05 22:00:00,185.1
2019-10-05 22:30:00,179.28
2019-10-05 23:00:00,136.91
2019-10-05 23:30:00,108.52
2019-10-06 00:00:00,114.12
2019-10-06 00:00:00,114.12
2019-10-06 00:30:00,113.12
2019-10-06 01:00:00,110.96
2019-10-06 01:30:00,104.88
2019-10-06 02:00:00,104.88
2019-10-06 02:30:00,106.53
2019-10-06 03:00:00,104.12
2019-10-06 03:30:00,106.28
2019-10-06 04:00:00,108.36
2019-10-06 04:30:00,108.08
2019-10-06 05:00:00,108.12
2019-10-06 05:30:00,105.16
2019-10-06 06:00:00,118.2
2019-10-06 06:30:00,115.6
2019-10-06 07:00:00,120.32
2019-10-06 07:30:00,159.68
2019-10-06 08:00:00,163.1
2019-10-06 08:30:00,166.83
2019-10-06 09:00:00,204.62
2019-10-06 09:30:00,255.42
2019-10-06 10:00:00,314.6
2019-10-06 10:30:00,307.8
2019-10-06 11:00:00,329.08
2019-10-06 11:30:00,294.64
2019-10-06 12:00:00,297.38
2019-10-06 12:30:00,289.6
2019-10-06 13:00:00,300.9
2019-10-06 13:30:00,299.34
2019-10-06 14:00:00,285.12
2019-10-06 14:30:00,268.44
2019-10-06 15:00:00,272.88
2019-10-06 15:30:00,282.52
2019-10-06 16:00:00,295.56
2019-10-06 16:30:00,271.2
2019-10-06 17:00:00,287.32
2019-10-06 17:30:00,324.0
2019-10-06 18:00:00,332.24
2019-10-06 18:30:00,348.0
2019-10-06 19:00:00,329.0
2019-10-06 19:30:00,327.62
2019-10-06 20:00:00,301.14
2019-10-06 20:30:00,330.44
2019-10-06 21:00:00,322.28
2019-10-06 21:30:00,237.6
2019-10-06 22:00:00,188.8
2019-10-06 22:30:00,183.48
2019-10-06 23:00:00,160.56
2019-10-06 23:30:00,105.16
2019-10-07 00:00:00,107.96
2019-10-07 00:00:00,107.96
2019-10-07 00:30:00,111.54
2019-10-07 01:00:00,110.94
2019-10-07 01:30:00,100.92
2019-10-07 02:00:00,98.92
2019-10-07 02:30:00,99.8
2019-10-07 03:00:00,97.38
2019-10-07 03:30:00,100.28
2019-10-07 04:00:00,102.88
2019-10-07 04:30:00,100.12
2019-10-07 05:00:00,100.91
2019-10-07 05:30:00,100.0
2019-10-07 06:00:00,99.6
2019-10-07 06:30:00,105.96
2019-10-07 07:00:00,116.32
2019-10-07 07:30:00,144.47
2019-10-07 08:00:00,159.0
2019-10-07 08:30:00,170.2
2019-10-07 09:00:00,199.88
2019-10-07 09:30:00,230.16
2019-10-07 10:00:00,270.28
2019-10-07 10:30:00,276.32
2019-10-07 11:00:00,273.6
2019-10-07 11:30:00,269.34
2019-10-07 12:00:00,261.4
2019-10-07 12:30:00,269.0
2019-10-07 13:00:00,279.16
2019-10-07 13:30:00,268.12
2019-10-07 14:00:00,253.84
2019-10-07 14:30:00,255.96
2019-10-07 15:00:00,297.32
2019-10-07 15:30:00,292.64
2019-10-07 16:00:00,283.52
2019-10-07 16:30:00,277.16
2019-10-07 17:00:00,284.3
2019-10-07 17:30:00,270.36
2019-10-07 18:00:00,318.4
2019-10-07 18:30:00,332.0
2019-10-07 19:00:00,343.64
2019-10-07 19:30:00,306.62
2019-10-07 20:00:00,204.6
2019-10-07 20:30:00,286.2
2019-10-07 21:00:00,311.88
2019-10-07 21:30:00,260.6
2019-10-07 22:00:00,184.44
2019-10-07 22:30:00,183.04
2019-10-07 23:00:00,141.48
2019-10-07 23:30:00,104.16
2019-10-08 00:00:00,109.16
2019-10-08 00:00:00,109.16
2019-10-08 00:30:00,105.8
2019-10-08 01:00:00,106.64
2019-10-08 01:30:00,104.16
2019-10-08 02:00:00,104.84
2019-10-08 02:30:00,102.68
2019-10-08 03:00:00,102.44
2019-10-08 03:30:00,102.8
2019-10-08 04:00:00,101.06
2019-10-08 04:30:00,103.84
2019-10-08 05:00:00,104.0
2019-10-08 05:30:00,103.88
2019-10-08 06:00:00,103.8
2019-10-08 06:30:00,127.8
2019-10-08 07:00:00,134.18
2019-10-08 07:30:00,142.4
2019-10-08 08:00:00,165.84
2019-10-08 08:30:00,173.88
2019-10-08 09:00:00,212.4
2019-10-08 09:30:00,216.44
2019-10-08 10:00:00,198.77
2019-10-08 10:30:00,214.84
2019-10-08 11:00:00,220.28
2019-10-08 11:30:00,220.68
2019-10-08 12:00:00,212.52
2019-10-08 12:30:00,234.66
2019-10-08 13:00:00,251.44
2019-10-08 13:30:00,247.4
2019-10-08 14:00:00,229.34
2019-10-08 14:30:00,230.84
2019-10-08 15:00:00,206.04
2019-10-08 15:30:00,209.44
2019-10-08 16:00:00,216.4
2019-10-08 16:30:00,267.76
2019-10-08 17:00:00,278.08
2019-10-08 17:30:00,254.42
2019-10-08 18:00:00,303.44
2019-10-08 18:30:00,295.44
2019-10-08 19:00:00,331.2
2019-10-08 19:30:00,335.86
2019-10-08 20:00:00,344.6
2019-10-08 20:30:00,294.56
2019-10-08 21:00:00,302.12
2019-10-08 21:30:00,244.8
2019-10-08 22:00:00,207.28
2019-10-08 22:30:00,173.32
2019-10-08 23:00:00,141.56
2019-10-08 23:30:00,105.36
2019-10-09 00:00:00,104.52
2019-10-09 00:00:00,104.52
2019-10-09 00:30:00,104.8
2019-10-09 01:00:00,99.24
2019-10-09 01:30:00,101.74
2019-10-09 02:00:00,105.48
2019-10-09 02:30:00,97.92
2019-10-09 03:00:00,98.16
2019-10-09 03:30:00,97.8
2019-10-09 04:00:00,96.56
2019-10-09 04:30:00,104.74
2019-10-09 05:00:00,68.96
2019-10-09 05:30:00,96.92
2019-10-09 06:00:00,100.8
2019-10-09 06:30:00,102.93
2019-10-09 07:00:00,106.04
2019-10-09 07:30:00,159.24
2019-10-09 08:00:00,166.84
2019-10-09 08:30:00,175.04
2019-10-09 09:00:00,229.68
2019-10-09 09:30:00,231.8
2019-10-09 10:00:00,225.8
2019-10-09 10:30:00,241.95
2019-10-09 11:00:00,240.6
2019-10-09 11:30:00,236.0
2019-10-09 12:00:00,248.4
2019-10-09 12:30:00,245.8
2019-10-09 13:00:00,262.6
2019-10-09 13:30:00,251.4
2019-10-09 14:00:00,309.2
2019-10-09 14:30:00,302.8
2019-10-09 15:00:00,310.5
2019-10-09 15:30:00,281.8
2019-10-09 16:00:00,274.4
2019-10-09 16:30:00,280.6
2019-10-09 17:00:00,317.6
2019-10-09 17:30:00,294.7
2019-10-09 18:00:00,336.6
2019-10-09 18:30:00,321.2
2019-10-09 19:00:00,331.8
2019-10-09 19:30:00,312.8
2019-10-09 20:00:00,340.2
2019-10-09 20:30:00,317.0
2019-10-09 21:00:00,354.4
2019-10-09 21:30:00,271.4
2019-10-09 22:00:00,208.7
2019-10-09 22:30:00,144.36
2019-10-09 23:00:00,148.4
2019-10-09 23:30:00,113.11
2019-10-10 00:00:00,69.52
2019-10-10 00:00:00,69.52
2019-10-10 00:30:00,101.76
2019-10-10 01:00:00,99.37
2019-10-10 01:30:00,102.02
2019-10-10 02:00:00,97.0
2019-10-10 02:30:00,98.08
2019-10-10 03:00:00,105.76
2019-10-10 03:30:00,98.44
2019-10-10 04:00:00,95.44
2019-10-10 04:30:00,95.8
2019-10-10 05:00:00,97.6
2019-10-10 05:30:00,104.2
2019-10-10 06:00:00,97.08
2019-10-10 06:30:00,68.47
2019-10-10 07:00:00,141.16
2019-10-10 07:30:00,155.6
2019-10-10 08:00:00,174.6
2019-10-10 08:30:00,187.0
2019-10-10 09:00:00,242.4
2019-10-10 09:30:00,217.8
2019-10-10 10:00:00,235.7
2019-10-10 10:30:00,258.4
2019-10-10 11:00:00,243.0
2019-10-10 11:30:00,250.6
2019-10-10 12:00:00,232.2
2019-10-10 12:30:00,265.0
2019-10-10 13:00:00,261.7
2019-10-10 13:30:00,269.7
2019-10-10 14:00:00,254.74
2019-10-10 14:30:00,269.68
2019-10-10 15:00:00,282.05
2019-10-10 15:30:00,268.38
2019-10-10 16:00:00,261.56
2019-10-10 16:30:00,253.32
2019-10-10 17:00:00,276.0
2019-10-10 17:30:00,263.4
2019-10-10 18:00:00,345.0
2019-10-10 18:30:00,348.68
2019-10-10 19:00:00,321.88
2019-10-10 19:30:00,330.72
2019-10-10 20:00:00,346.2
2019-10-10 20:30:00,322.72
2019-10-10 21:00:00,329.64
2019-10-10 21:30:00,257.3
2019-10-10 22:00:00,206.76
2019-10-10 22:30:00,196.48
2019-10-10 23:00:00,160.0
2019-10-10 23:30:00,123.0
2019-10-11 00:00:00,112.6
2019-10-11 00:00:00,112.6
2019-10-11 00:30:00,110.6
2019-10-11 01:00:00,113.88
2019-10-11 01:30:00,108.2
2019-10-11 02:00:00,115.2
2019-10-11 02:30:00,107.92
2019-10-11 03:00:00,113.56
2019-10-11 03:30:00,110.56
2019-10-11 04:00:00,106.36
2019-10-11 04:30:00,108.68
2019-10-11 05:00:00,110.84
2019-10-11 05:30:00,109.44
2019-10-11 06:00:00,43.0
2019-10-11 06:30:00,115.12
2019-10-11 07:00:00,117.56
2019-10-11 07:30:00,169.52
2019-10-11 08:00:00,174.98
2019-10-11 08:30:00,178.46
2019-10-11 09:00:00,222.72
2019-10-11 09:30:00,255.97
2019-10-11 10:00:00,247.54
2019-10-11 10:30:00,292.0
2019-10-11 11:00:00,289.94
2019-10-11 11:30:00,291.0
2019-10-11 12:00:00,277.78
2019-10-11 12:30:00,268.12
2019-10-11 13:00:00,272.54
2019-10-11 13:30:00,276.28
2019-10-11 14:00:00,237.96
2019-10-11 14:30:00,273.88
2019-10-11 15:00:00,235.54
2019-10-11 15:30:00,288.9
2019-10-11 16:00:00,269.52
2019-10-11 16:30:00,329.32
2019-10-11 17:00:00,303.4
2019-10-11 17:30:00,320.04
2019-10-11 18:00:00,364.2
2019-10-11 18:30:00,338.48
2019-10-11 19:00:00,381.04
2019-10-11 19:30:00,372.88
2019-10-11 20:00:00,359.74
2019-10-11 20:30:00,336.84
2019-10-11 21:00:00,331.6
2019-10-11 21:30:00,257.92
2019-10-11 22:00:00,179.32
2019-10-11 22:30:00,171.36
2019-10-11 23:00:00,134.9
2019-10-11 23:30:00,106.08
2019-10-12 00:00:00,103.92
2019-10-12 00:00:00,103.92
2019-10-12 00:30:00,105.84
2019-10-12 01:00:00,105.92
2019-10-12 01:30:00,106.68
2019-10-12 02:00:00,101.52
2019-10-12 02:30:00,102.6
2019-10-12 03:00:00,102.84
2019-10-12 03:30:00,98.76
2019-10-12 04:00:00,104.96
2019-10-12 04:30:00,69.12
2019-10-12 05:00:00,104.64
2019-10-12 05:30:00,102.96
2019-10-12 06:00:00,102.72
2019-10-12 06:30:00,102.0
2019-10-12 07:00:00,110.54
2019-10-12 07:30:00,143.46
2019-10-12 08:00:00,170.84
2019-10-12 08:30:00,180.24
2019-10-12 09:00:00,205.04
2019-10-12 09:30:00,243.16
2019-10-12 10:00:00,279.2
2019-10-12 10:30:00,278.75
2019-10-12 11:00:00,314.6
2019-10-12 11:30:00,274.0
2019-10-12 12:00:00,260.2
2019-10-12 12:30:00,275.6
2019-10-12 13:00:00,284.6
2019-10-12 13:30:00,301.2
2019-10-12 14:00:00,287.1
2019-10-12 14:30:00,295.8
2019-10-12 15:00:00,298.1
2019-10-12 15:30:00,288.1
2019-10-12 16:00:00,315.6
2019-10-12 16:30:00,286.4
2019-10-12 17:00:00,283.48
2019-10-12 17:30:00,288.16
2019-10-12 18:00:00,373.72
2019-10-12 18:30:00,353.5
2019-10-12 19:00:00,346.76
2019-10-12 19:30:00,341.2
2019-10-12 20:00:00,334.88
2019-10-12 20:30:00,326.98
2019-10-12 21:00:00,337.52
2019-10-12 21:30:00,265.32
2019-10-12 22:00:00,198.5
2019-10-12 22:30:00,183.28
2019-10-12 23:00:00,152.24
2019-10-12 23:30:00,101.8
2019-10-13 00:00:00,102.32
2019-10-13 00:00:00,102.32
2019-10-13 00:30:00,98.16
2019-10-13 01:00:00,99.48
2019-10-13 01:30:00,100.64
2019-10-13 02:00:00,104.52
2019-10-13 02:30:00,98.28
2019-10-13 03:00:00,98.52
2019-10-13 03:30:00,98.84
2019-10-13 04:00:00,105.24
2019-10-13 04:30:00,102.48
2019-10-13 05:00:00,95.72
2019-10-13 05:30:00,96.12
2019-10-13 06:00:00,101.98
2019-10-13 06:30:00,99.92
2019-10-13 07:00:00,113.28
2019-10-13 07:30:00,158.04
2019-10-13 08:00:00,173.24
2019-10-13 08:30:00,174.97
2019-10-13 09:00:00,237.4
2019-10-13 09:30:00,260.68
2019-10-13 10:00:00,299.55
2019-10-13 10:30:00,291.6
2019-10-13 11:00:00,298.3
2019-10-13 11:30:00,307.39
2019-10-13 12:00:00,317.31
2019-10-13 12:30:00,285.2
2019-10-13 13:00:00,284.35
2019-10-13 13:30:00,278.68
2019-10-13 14:00:00,324.2
2019-10-13 14:30:00,302.29
2019-10-13 15:00:00,306.76
2019-10-13 15:30:00,281.76
2019-10-13 16:00:00,276.44
2019-10-13 16:30:00,295.79
2019-10-13 17:00:00,296.84
2019-10-13 17:30:00,319.8
2019-10-13 18:00:00,351.2
2019-10-13 18:30:00,344.6
2019-10-13 19:00:00,380.0
2019-10-13 19:30:00,376.0
2019-10-13 20:00:00,363.4
2019-10-13 20:30:00,324.16
2019-10-13 21:00:00,326.2
2019-10-13 21:30:00,241.6
2019-10-13 22:00:00,186.72
2019-10-13 22:30:00,187.0
2019-10-13 23:00:00,136.12
2019-10-13 23:30:00,106.16
2019-10-14 00:00:00,101.78
2019-10-14 00:00:00,101.78
2019-10-14 00:30:00,99.08
2019-10-14 01:00:00,97.16
2019-10-14 01:30:00,98.24
2019-10-14 02:00:00,100.7
2019-10-14 02:30:00,101.92
2019-10-14 03:00:00,97.56
2019-10-14 03:30:00,98.24
2019-10-14 04:00:00,94.94
2019-10-14 04:30:00,97.16
2019-10-14 05:00:00,101.08
2019-10-14 05:30:00,101.28
2019-10-14 06:00:00,99.56
2019-10-14 06:30:00,112.4
2019-10-14 07:00:00,133.04
2019-10-14 07:30:00,195.2
2019-10-14 08:00:00,183.0
2019-10-14 08:30:00,195.2
2019-10-14 09:00:00,215.8
2019-10-14 09:30:00,237.7
2019-10-14 10:00:00,232.7
2019-10-14 10:30:00,214.2
2019-10-14 11:00:00,240.28
2019-10-14 11:30:00,236.5
2019-10-14 12:00:00,233.04
2019-10-14 12:30:00,255.12
2019-10-14 13:00:00,247.96
2019-10-14 13:30:00,248.8
2019-10-14 14:00:00,235.76
2019-10-14 14:30:00,235.54
2019-10-14 15:00:00,235.2
2019-10-14 15:30:00,260.76
2019-10-14 16:00:00,271.88
2019-10-14 16:30:00,
2019-10-14 17:00:00,
2019-10-14 17:30:00,
2019-10-14 18:00:00,370.6
2019-10-14 18:30:00,358.6
2019-10-14 19:00:00,364.2
2019-10-14 19:30:00,353.4
2019-10-14 20:00:00,314.8
2019-10-14 20:30:00,316.5
2019-10-14 21:00:00,324.4
2019-10-14 21:30:00,256.8
2019-10-14 22:00:00,174.8
2019-10-14 22:30:00,165.5
2019-10-14 23:00:00,134.52
2019-10-14 23:30:00,103.28
2019-10-15 00:00:00,101.04
2019-10-15 00:00:00,101.04
2019-10-15 00:30:00,99.14
2019-10-15 01:00:00,96.72
2019-10-15 01:30:00,95.48
2019-10-15 02:00:00,99.78
2019-10-15 02:30:00,93.36
2019-10-15 03:00:00,98.88
2019-10-15 03:30:00,95.04
2019-10-15 04:00:00,96.44
2019-10-15 04:30:00,93.44
2019-10-15 05:00:00,95.88
2019-10-15 05:30:00,95.88
2019-10-15 06:00:00,104.98
2019-10-15 06:30:00,121.56
2019-10-15 07:00:00,123.56
2019-10-15 07:30:00,170.92
2019-10-15 08:00:00,183.56
2019-10-15 08:30:00,189.44
2019-10-15 09:00:00,251.68
2019-10-15 09:30:00,268.76
2019-10-15 10:00:00,282.96
2019-10-15 10:30:00,262.2
2019-10-15 11:00:00,265.66
2019-10-15 11:30:00,245.28
2019-10-15 12:00:00,257.85
2019-10-15 12:30:00,280.56
2019-10-15 13:00:00,259.64
2019-10-15 13:30:00,271.92
2019-10-15 14:00:00,261.66
2019-10-15 14:30:00,242.76
2019-10-15 15:00:00,235.24
2019-10-15 15:30:00,243.82
2019-10-15 16:00:00,254.68
2019-10-15 16:30:00,272.08
2019-10-15 17:00:00,268.2
2019-10-15 17:30:00,254.6
2019-10-15 18:00:00,344.28
2019-10-15 18:30:00,312.6
2019-10-15 19:00:00,347.12
2019-10-15 19:30:00,311.3
2019-10-15 20:00:00,309.64
2019-10-15 20:30:00,310.84
2019-10-15 21:00:00,317.22
2019-10-15 21:30:00,243.32
2019-10-15 22:00:00,182.36
2019-10-15 22:30:00,176.6
2019-10-15 23:00:00,146.36
2019-10-15 23:30:00,109.12
2019-10-16 00:00:00,92.3
2019-10-16 00:00:00,92.3
2019-10-16 00:30:00,91.2
2019-10-16 01:00:00,92.2
2019-10-16 01:30:00,92.0
2019-10-16 02:00:00,96.2
2019-10-16 02:30:00,91.4
2019-10-16 03:00:00,94.26
2019-10-16 03:30:00,94.6
2019-10-16 04:00:00,93.4
2019-10-16 04:30:00,92.17
2019-10-16 05:00:00,99.4
2019-10-16 05:30:00,93.92
2019-10-16 06:00:00,94.4
2019-10-16 06:30:00,103.6
2019-10-16 07:00:00,132.4
2019-10-16 07:30:00,170.0
2019-10-16 08:00:00,243.4
2019-10-16 08:30:00,258.4
2019-10-16 09:00:00,273.73
2019-10-16 09:30:00,310.1
2019-10-16 10:00:00,260.8
2019-10-16 10:30:00,176.8
2019-10-16 11:00:00,221.2
2019-10-16 11:30:00,237.2
2019-10-16 12:00:00,257.9
2019-10-16 12:30:00,253.76
2019-10-16 13:00:00,152.48
2019-10-16 13:30:00,240.8
2019-10-16 14:00:00,270.28
2019-10-16 14:30:00,293.0
2019-10-16 15:00:00,288.08
2019-10-16 15:30:00,287.68
2019-10-16 16:00:00,315.52
2019-10-16 16:30:00,319.6
2019-10-16 17:00:00,295.76
2019-10-16 17:30:00,284.08
2019-10-16 18:00:00,339.02
2019-10-16 18:30:00,316.88
2019-10-16 19:00:00,352.88
2019-10-16 19:30:00,340.4
2019-10-16 20:00:00,302.0
2019-10-16 20:30:00,302.52
2019-10-16 21:00:00,324.48
2019-10-16 21:30:00,271.04
2019-10-16 22:00:00,199.2
2019-10-16 22:30:00,193.92
2019-10-16 23:00:00,157.26
2019-10-16 23:30:00,118.36
2019-10-17 00:00:00,111.96
2019-10-17 00:00:00,111.96
2019-10-17 00:30:00,103.1
2019-10-17 01:00:00,101.96
2019-10-17 01:30:00,104.4
2019-10-17 02:00:00,106.16
2019-10-17 02:30:00,103.44
2019-10-17 03:00:00,103.44
2019-10-17 03:30:00,103.32
2019-10-17 04:00:00,101.65
2019-10-17 04:30:00,102.84
2019-10-17 05:00:00,104.03
2019-10-17 05:30:00,104.2
2019-10-17 06:00:00,104.91
2019-10-17 06:30:00,120.96
2019-10-17 07:00:00,147.83
2019-10-17 07:30:00,166.76
2019-10-17 08:00:00,177.32
2019-10-17 08:30:00,180.42
2019-10-17 09:00:00,215.64
2019-10-17 09:30:00,238.43
2019-10-17 10:00:00,249.27
2019-10-17 10:30:00,285.52
2019-10-17 11:00:00,264.36
2019-10-17 11:30:00,158.28
2019-10-17 12:00:00,264.04
2019-10-17 12:30:00,287.67
2019-10-17 13:00:00,175.4
2019-10-17 13:30:00,263.4
2019-10-17 14:00:00,235.34
2019-10-17 14:30:00,257.87
2019-10-17 15:00:00,255.73
2019-10-17 15:30:00,259.23
2019-10-17 16:00:00,254.65
2019-10-17 16:30:00,293.22
2019-10-17 17:00:00,284.68
2019-10-17 17:30:00,279.36
2019-10-17 18:00:00,318.8
2019-10-17 18:30:00,323.44
2019-10-17 19:00:00,331.28
2019-10-17 19:30:00,246.0
2019-10-17 20:00:00,325.56
2019-10-17 20:30:00,328.02
2019-10-17 21:00:00,305.32
2019-10-17 21:30:00,235.28
2019-10-17 22:00:00,197.08
2019-10-17 22:30:00,193.84
2019-10-17 23:00:00,167.6
2019-10-17 23:30:00,120.91
2019-10-18 00:00:00,128.72
2019-10-18 00:00:00,128.72
2019-10-18 00:30:00,143.88
2019-10-18 01:00:00,141.2
2019-10-18 01:30:00,130.96
2019-10-18 02:00:00,130.96
2019-10-18 02:30:00,125.72
2019-10-18 03:00:00,98.44
2019-10-18 03:30:00,100.08
2019-10-18 04:00:00,98.2
2019-10-18 04:30:00,99.64
2019-10-18 05:00:00,66.68
2019-10-18 05:30:00,98.26
2019-10-18 06:00:00,112.52
2019-10-18 06:30:00,114.77
2019-10-18 07:00:00,158.6
2019-10-18 07:30:00,237.08
2019-10-18 08:00:00,236.92
2019-10-18 08:30:00,240.04
2019-10-18 09:00:00,277.08
2019-10-18 09:30:00,289.71
2019-10-18 10:00:00,297.45
2019-10-18 10:30:00,300.24
2019-10-18 11:00:00,227.76
2019-10-18 11:30:00,249.88
2019-10-18 12:00:00,251.92
2019-10-18 12:30:00,253.84
2019-10-18 13:00:00,245.36
2019-10-18 13:30:00,248.96
2019-10-18 14:00:00,254.52
2019-10-18 14:30:00,251.64
2019-10-18 15:00:00,261.36
2019-10-18 15:30:00,270.44
2019-10-18 16:00:00,265.12
2019-10-18 16:30:00,294.56
2019-10-18 17:00:00,294.64
2019-10-18 17:30:00,297.95
2019-10-18 18:00:00,350.05
2019-10-18 18:30:00,353.0
2019-10-18 19:00:00,349.78
2019-10-18 19:30:00,364.92
2019-10-18 20:00:00,340.28
2019-10-18 20:30:00,235.8
2019-10-18 21:00:00,324.2
2019-10-18 21:30:00,274.33
2019-10-18 22:00:00,152.44
2019-10-18 22:30:00,219.78
2019-10-18 23:00:00,185.2
2019-10-18 23:30:00,150.0
2019-10-19 00:00:00,144.12
2019-10-19 00:00:00,144.12
2019-10-19 00:30:00,137.7
2019-10-19 01:00:00,138.56
2019-10-19 01:30:00,141.48
2019-10-19 02:00:00,138.72
2019-10-19 02:30:00,109.32
2019-10-19 03:00:00,106.08
2019-10-19 03:30:00,106.84
2019-10-19 04:00:00,105.4
2019-10-19 04:30:00,105.64
2019-10-19 05:00:00,109.28
2019-10-19 05:30:00,105.52
2019-10-19 06:00:00,108.52
2019-10-19 06:30:00,113.02
2019-10-19 07:00:00,110.0
2019-10-19 07:30:00,209.28
2019-10-19 08:00:00,215.12
2019-10-19 08:30:00,172.8
2019-10-19 09:00:00,287.12
2019-10-19 09:30:00,320.04
2019-10-19 10:00:00,336.0
2019-10-19 10:30:00,305.8
2019-10-19 11:00:00,329.44
2019-10-19 11:30:00,331.8
2019-10-19 12:00:00,178.88
2019-10-19 12:30:00,315.56
2019-10-19 13:00:00,291.46
2019-10-19 13:30:00,311.06
2019-10-19 14:00:00,301.48
2019-10-19 14:30:00,277.76
2019-10-19 15:00:00,281.74
2019-10-19 15:30:00,285.49
2019-10-19 16:00:00,286.96
2019-10-19 16:30:00,287.3
2019-10-19 17:00:00,287.0
2019-10-19 17:30:00,288.9
2019-10-19 18:00:00,358.84
2019-10-19 18:30:00,334.56
2019-10-19 19:00:00,339.4
2019-10-19 19:30:00,352.6
2019-10-19 20:00:00,356.16
2019-10-19 20:30:00,320.36
2019-10-19 21:00:00,322.64
2019-10-19 21:30:00,276.72
2019-10-19 22:00:00,236.24
2019-10-19 22:30:00,232.76
2019-10-19 23:00:00,192.04
2019-10-19 23:30:00,164.84
2019-10-20 00:00:00,144.96
2019-10-20 00:00:00,144.96
2019-10-20 00:30:00,146.64
2019-10-20 01:00:00,135.02
2019-10-20 01:30:00,134.0
2019-10-20 02:00:00,134.83
2019-10-20 02:30:00,133.04
2019-10-20 03:00:00,134.84
2019-10-20 03:30:00,132.04
2019-10-20 04:00:00,131.8
2019-10-20 04:30:00,132.4
2019-10-20 05:00:00,133.84
2019-10-20 05:30:00,129.4
2019-10-20 06:00:00,133.44
2019-10-20 06:30:00,137.2
2019-10-20 07:00:00,233.2
2019-10-20 07:30:00,262.0
2019-10-20 08:00:00,272.67
2019-10-20 08:30:00,287.76
2019-10-20 09:00:00,300.67
2019-10-20 09:30:00,324.8
2019-10-20 10:00:00,346.84
2019-10-20 10:30:00,271.52
2019-10-20 11:00:00,308.93
2019-10-20 11:30:00,288.96
2019-10-20 12:00:00,284.55
2019-10-20 12:30:00,260.2
2019-10-20 13:00:00,254.2
2019-10-20 13:30:00,242.95
2019-10-20 14:00:00,257.3
2019-10-20 14:30:00,241.17
2019-10-20 15:00:00,258.0
2019-10-20 15:30:00,242.48
2019-10-20 16:00:00,251.6
2019-10-20 16:30:00,288.02
2019-10-20 17:00:00,279.3
2019-10-20 17:30:00,279.1
2019-10-20 18:00:00,317.0
2019-10-20 18:30:00,355.24
2019-10-20 19:00:00,359.8
2019-10-20 19:30:00,344.43
2019-10-20 20:00:00,358.32
2019-10-20 20:30:00,356.1
2019-10-20 21:00:00,351.3
2019-10-20 21:30:00,260.5
2019-10-20 22:00:00,231.73
2019-10-20 22:30:00,203.04
2019-10-20 23:00:00,166.56
2019-10-20 23:30:00,137.04
2019-10-21 00:00:00,131.28
2019-10-21 00:00:00,131.28
2019-10-21 00:30:00,142.12
2019-10-21 01:00:00,137.36
2019-10-21 01:30:00,151.22
2019-10-21 02:00:00,140.42
2019-10-21 02:30:00,147.36
2019-10-21 03:00:00,133.5
2019-10-21 03:30:00,129.8
2019-10-21 04:00:00,127.92
2019-10-21 04:30:00,128.0
2019-10-21 05:00:00,133.32
2019-10-21 05:30:00,128.52
2019-10-21 06:00:00,132.11
2019-10-21 06:30:00,138.24
2019-10-21 07:00:00,229.76
2019-10-21 07:30:00,267.28
2019-10-21 08:00:00,279.35
2019-10-21 08:30:00,274.4
2019-10-21 09:00:00,330.8
2019-10-21 09:30:00,307.0
2019-10-21 10:00:00,327.8
2019-10-21 10:30:00,314.0
2019-10-21 11:00:00,335.2
2019-10-21 11:30:00,257.0
2019-10-21 12:00:00,259.4
2019-10-21 12:30:00,239.2
2019-10-21 13:00:00,210.8
2019-10-21 13:30:00,240.0
2019-10-21 14:00:00,235.8
2019-10-21 14:30:00,290.0
2019-10-21 15:00:00,323.8
2019-10-21 15:30:00,317.0
2019-10-21 16:00:00,323.4
2019-10-21 16:30:00,324.4
2019-10-21 17:00:00,346.8
2019-10-21 17:30:00,351.28
2019-10-21 18:00:00,283.84
2019-10-21 18:30:00,421.32
2019-10-21 19:00:00,428.84
2019-10-21 19:30:00,440.58
2019-10-21 20:00:00,410.2
2019-10-21 20:30:00,382.12
2019-10-21 21:00:00,404.16
2019-10-21 21:30:00,294.6
2019-10-21 22:00:00,229.68
2019-10-21 22:30:00,223.12
2019-10-21 23:00:00,189.92
2019-10-21 23:30:00,89.48
2019-10-22 00:00:00,140.6
2019-10-22 00:00:00,140.6
2019-10-22 00:30:00,138.72
2019-10-22 01:00:00,131.6
2019-10-22 01:30:00,127.91
2019-10-22 02:00:00,107.76
2019-10-22 02:30:00,106.16
2019-10-22 03:00:00,103.8
2019-10-22 03:30:00,109.44
2019-10-22 04:00:00,105.2
2019-10-22 04:30:00,105.56
2019-10-22 05:00:00,104.91
2019-10-22 05:30:00,106.52
2019-10-22 06:00:00,107.44
2019-10-22 06:30:00,114.92
2019-10-22 07:00:00,147.72
2019-10-22 07:30:00,231.4
2019-10-22 08:00:00,268.08
2019-10-22 08:30:00,336.36
2019-10-22 09:00:00,434.64
2019-10-22 09:30:00,386.71
2019-10-22 10:00:00,418.6
2019-10-22 10:30:00,361.4
2019-10-22 11:00:00,346.2
2019-10-22 11:30:00,364.6
2019-10-22 12:00:00,348.6
2019-10-22 12:30:00,344.6
2019-10-22 13:00:00,303.2
2019-10-22 13:30:00,373.2
2019-10-22 14:00:00,331.8
2019-10-22 14:30:00,336.4
2019-10-22 15:00:00,349.64
2019-10-22 15:30:00,318.8
2019-10-22 16:00:00,345.2
2019-10-22 16:30:00,333.0
2019-10-22 17:00:00,363.24
2019-10-22 17:30:00,333.92
2019-10-22 18:00:00,400.52
2019-10-22 18:30:00,394.76
2019-10-22 19:00:00,384.92
2019-10-22 19:30:00,411.32
2019-10-22 20:00:00,424.04
2019-10-22 20:30:00,366.76
2019-10-22 21:00:00,229.88
2019-10-22 21:30:00,315.16
2019-10-22 22:00:00,236.12
2019-10-22 22:30:00,224.48
2019-10-22 23:00:00,166.52
2019-10-22 23:30:00,72.34
2019-10-23 00:00:00,104.88
2019-10-23 00:00:00,104.88
2019-10-23 00:30:00,100.48
2019-10-23 01:00:00,99.88
2019-10-23 01:30:00,103.38
2019-10-23 02:00:00,100.12
2019-10-23 02:30:00,100.16
2019-10-23 03:00:00,106.96
2019-10-23 03:30:00,100.96
2019-10-23 04:00:00,102.64
2019-10-23 04:30:00,105.8
2019-10-23 05:00:00,100.36
2019-10-23 05:30:00,105.04
2019-10-23 06:00:00,107.1
2019-10-23 06:30:00,112.12
2019-10-23 07:00:00,140.36
2019-10-23 07:30:00,263.52
2019-10-23 08:00:00,315.68
2019-10-23 08:30:00,348.52
2019-10-23 09:00:00,409.78
2019-10-23 09:30:00,402.04
2019-10-23 10:00:00,417.92
2019-10-23 10:30:00,416.27
2019-10-23 11:00:00,405.24
2019-10-23 11:30:00,437.56
2019-10-23 12:00:00,424.52
2019-10-23 12:30:00,405.3
2019-10-23 13:00:00,389.26
2019-10-23 13:30:00,365.86
2019-10-23 14:00:00,588.04
2019-10-23 14:30:00,578.38
2019-10-23 15:00:00,677.28
2019-10-23 15:30:00,845.76
2019-10-23 16:00:00,98.0
2019-10-23 16:30:00,809.36
2019-10-23 17:00:00,809.76
2019-10-23 17:30:00,773.08
2019-10-23 18:00:00,717.72
2019-10-23 18:30:00,566.5
2019-10-23 19:00:00,464.44
2019-10-23 19:30:00,456.48
2019-10-23 20:00:00,436.84
2019-10-23 20:30:00,389.28
2019-10-23 21:00:00,372.36
2019-10-23 21:30:00,286.06
2019-10-23 22:00:00,249.8
2019-10-23 22:30:00,216.64
2019-10-23 23:00:00,165.65
2019-10-23 23:30:00,78.4
2019-10-24 00:00:00,130.06
2019-10-24 00:00:00,130.06
2019-10-24 00:30:00,125.14
2019-10-24 01:00:00,125.92
2019-10-24 01:30:00,128.08
2019-10-24 02:00:00,125.68
2019-10-24 02:30:00,75.64
2019-10-24 03:00:00,129.12
2019-10-24 03:30:00,98.95
2019-10-24 04:00:00,94.96
2019-10-24 04:30:00,111.26
2019-10-24 05:00:00,97.2
2019-10-24 05:30:00,97.24
2019-10-24 06:00:00,112.74
2019-10-24 06:30:00,121.64
2019-10-24 07:00:00,203.64
2019-10-24 07:30:00,339.0
2019-10-24 08:00:00,383.16
2019-10-24 08:30:00,415.68
2019-10-24 09:00:00,433.6
2019-10-24 09:30:00,386.96
2019-10-24 10:00:00,399.6
2019-10-24 10:30:00,375.76
2019-10-24 11:00:00,358.68
2019-10-24 11:30:00,349.67
2019-10-24 12:00:00,343.44
2019-10-24 12:30:00,361.0
2019-10-24 13:00:00,383.2
2019-10-24 13:30:00,377.72
2019-10-24 14:00:00,383.25
2019-10-24 14:30:00,369.6
2019-10-24 15:00:00,348.4
2019-10-24 15:30:00,347.21
2019-10-24 16:00:00,344.2
2019-10-24 16:30:00,380.94
2019-10-24 17:00:00,385.75
2019-10-24 17:30:00,365.89
2019-10-24 18:00:00,375.52
2019-10-24 18:30:00,386.85
2019-10-24 19:00:00,389.12
2019-10-24 19:30:00,393.8
2019-10-24 20:00:00,246.44
2019-10-24 20:30:00,326.96
2019-10-24 21:00:00,348.16
2019-10-24 21:30:00,278.32
2019-10-24 22:00:00,230.84
2019-10-24 22:30:00,226.04
2019-10-24 23:00:00,195.96
2019-10-24 23:30:00,158.62
2019-10-25 00:00:00,149.44
2019-10-25 00:00:00,149.44
2019-10-25 00:30:00,147.28
2019-10-25 01:00:00,145.4
2019-10-25 01:30:00,144.92
2019-10-25 02:00:00,89.96
2019-10-25 02:30:00,144.2
2019-10-25 03:00:00,142.0
2019-10-25 03:30:00,140.56
2019-10-25 04:00:00,139.8
2019-10-25 04:30:00,139.76
2019-10-25 05:00:00,143.0
2019-10-25 05:30:00,158.08
2019-10-25 06:00:00,158.12
2019-10-25 06:30:00,146.92
2019-10-25 07:00:00,175.84
2019-10-25 07:30:00,254.44
2019-10-25 08:00:00,257.84
2019-10-25 08:30:00,263.2
2019-10-25 09:00:00,206.6
2019-10-25 09:30:00,299.2
2019-10-25 10:00:00,220.2
2019-10-25 10:30:00,313.8
2019-10-25 11:00:00,256.6
2019-10-25 11:30:00,255.96
2019-10-25 12:00:00,277.12
2019-10-25 12:30:00,253.4
2019-10-25 13:00:00,255.98
2019-10-25 13:30:00,266.76
2019-10-25 14:00:00,263.16
2019-10-25 14:30:00,277.76
2019-10-25 15:00:00,276.56
2019-10-25 15:30:00,260.52
2019-10-25 16:00:00,288.36
2019-10-25 16:30:00,267.28
2019-10-25 17:00:00,282.0
2019-10-25 17:30:00,327.36
2019-10-25 18:00:00,361.04
2019-10-25 18:30:00,350.48
2019-10-25 19:00:00,388.24
2019-10-25 19:30:00,378.04
2019-10-25 20:00:00,364.8
2019-10-25 20:30:00,359.16
2019-10-25 21:00:00,367.68
2019-10-25 21:30:00,282.8
2019-10-25 22:00:00,259.84
2019-10-25 22:30:00,240.04
2019-10-25 23:00:00,205.76
2019-10-25 23:30:00,192.16
2019-10-26 00:00:00,165.4
2019-10-26 00:00:00,165.4
2019-10-26 00:30:00,162.04
2019-10-26 01:00:00,163.12
2019-10-26 01:30:00,159.88
2019-10-26 02:00:00,161.83
2019-10-26 02:30:00,166.24
2019-10-26 03:00:00,177.52
2019-10-26 03:30:00,137.08
2019-10-26 04:00:00,140.56
2019-10-26 04:30:00,113.62
2019-10-26 05:00:00,107.8
2019-10-26 05:30:00,108.24
2019-10-26 06:00:00,110.08
2019-10-26 06:30:00,112.76
2019-10-26 07:00:00,194.76
2019-10-26 07:30:00,238.56
2019-10-26 08:00:00,298.44
2019-10-26 08:30:00,323.4
2019-10-26 09:00:00,352.32
2019-10-26 09:30:00,350.68
2019-10-26 10:00:00,394.08
2019-10-26 10:30:00,383.88
2019-10-26 11:00:00,405.68
2019-10-26 11:30:00,358.64
2019-10-26 12:00:00,201.56
2019-10-26 12:30:00,328.18
2019-10-26 13:00:00,350.56
2019-10-26 13:30:00,338.25
2019-10-26 14:00:00,318.84
2019-10-26 14:30:00,337.4
2019-10-26 15:00:00,350.52
2019-10-26 15:30:00,318.52
2019-10-26 16:00:00,343.8
2019-10-26 16:30:00,364.44
2019-10-26 17:00:00,395.8
2019-10-26 17:30:00,397.12
2019-10-26 18:00:00,250.04
2019-10-26 18:30:00,424.16
2019-10-26 19:00:00,425.84
2019-10-26 19:30:00,379.76
2019-10-26 20:00:00,382.64
2019-10-26 20:30:00,368.24
2019-10-26 21:00:00,327.48
2019-10-26 21:30:00,307.28
2019-10-26 22:00:00,248.4
2019-10-26 22:30:00,219.2
2019-10-26 23:00:00,175.64
2019-10-26 23:30:00,141.56
2019-10-27 00:00:00,140.36
2019-10-27 00:00:00,140.36
2019-10-27 00:30:00,139.04
2019-10-27 01:00:00,145.52
2019-10-27 01:30:00,143.96
2019-10-27 02:00:00,140.96
2019-10-27 02:30:00,153.08
2019-10-27 03:00:00,150.6
2019-10-27 03:30:00,159.2
2019-10-27 04:00:00,153.2
2019-10-27 04:30:00,138.8
2019-10-27 05:00:00,138.0
2019-10-27 05:30:00,136.4
2019-10-27 06:00:00,131.4
2019-10-27 06:30:00,256.2
2019-10-27 07:00:00,175.1
2019-10-27 07:30:00,270.7
2019-10-27 08:00:00,287.2
2019-10-27 08:30:00,300.5
2019-10-27 09:00:00,326.0
2019-10-27 09:30:00,328.4
2019-10-27 10:00:00,364.2
2019-10-27 10:30:00,352.8
2019-10-27 11:00:00,380.0
2019-10-27 11:30:00,368.2
2019-10-27 12:00:00,332.2
2019-10-27 12:30:00,313.4
2019-10-27 13:00:00,305.0
2019-10-27 13:30:00,255.6
2019-10-27 14:00:00,275.8
2019-10-27 14:30:00,286.0
2019-10-27 15:00:00,282.4
2019-10-27 15:30:00,272.6
2019-10-27 16:00:00,268.2
2019-10-27 16:30:00,272.4
2019-10-27 17:00:00,273.1
2019-10-27 17:30:00,333.7
2019-10-27 18:00:00,348.2
2019-10-27 18:30:00,365.0
2019-10-27 19:00:00,348.0
2019-10-27 19:30:00,330.0
2019-10-27 20:00:00,340.0
2019-10-27 20:30:00,330.4
2019-10-27 21:00:00,310.6
2019-10-27 21:30:00,214.4
2019-10-27 22:00:00,170.4
2019-10-27 22:30:00,167.52
2019-10-27 23:00:00,131.16
2019-10-27 23:30:00,100.6
2019-10-28 00:00:00,96.4
2019-10-28 00:00:00,96.4
2019-10-28 00:30:00,99.34
2019-10-28 01:00:00,97.36
2019-10-28 01:30:00,97.48
2019-10-28 02:00:00,96.16
2019-10-28 02:30:00,98.08
2019-10-28 03:00:00,98.04
2019-10-28 03:30:00,100.12
2019-10-28 04:00:00,95.8
2019-10-28 04:30:00,68.56
2019-10-28 05:00:00,94.66
2019-10-28 05:30:00,97.72
2019-10-28 06:00:00,99.58
2019-10-28 06:30:00,97.4
2019-10-28 07:00:00,170.56
2019-10-28 07:30:00,229.96
2019-10-28 08:00:00,244.76
2019-10-28 08:30:00,250.88
2019-10-28 09:00:00,317.78
2019-10-28 09:30:00,323.44
2019-10-28 10:00:00,324.08
2019-10-28 10:30:00,333.72
2019-10-28 11:00:00,297.37
2019-10-28 11:30:00,317.24
2019-10-28 12:00:00,312.8
2019-10-28 12:30:00,316.56
2019-10-28 13:00:00,315.16
2019-10-28 13:30:00,221.48
2019-10-28 14:00:00,244.06
2019-10-28 14:30:00,247.04
2019-10-28 15:00:00,253.12
2019-10-28 15:30:00,233.56
2019-10-28 16:00:00,241.92
2019-10-28 16:30:00,237.0
2019-10-28 17:00:00,260.4
2019-10-28 17:30:00,303.6
2019-10-28 18:00:00,334.4
2019-10-28 18:30:00,330.6
2019-10-28 19:00:00,331.4
2019-10-28 19:30:00,341.2
2019-10-28 20:00:00,350.1
2019-10-28 20:30:00,352.0
2019-10-28 21:00:00,326.8
2019-10-28 21:30:00,262.2
2019-10-28 22:00:00,189.0
2019-10-28 22:30:00,174.48
2019-10-28 23:00:00,137.96
2019-10-28 23:30:00,104.2
2019-10-29 00:00:00,101.56
2019-10-29 00:00:00,101.56
2019-10-29 00:30:00,103.52
2019-10-29 01:00:00,105.32
2019-10-29 01:30:00,101.6
2019-10-29 02:00:00,100.4
2019-10-29 02:30:00,96.8
2019-10-29 03:00:00,99.4
2019-10-29 03:30:00,100.0
2019-10-29 04:00:00,104.8
2019-10-29 04:30:00,98.8
2019-10-29 05:00:00,100.4
2019-10-29 05:30:00,104.4
2019-10-29 06:00:00,94.0
2019-10-29 06:30:00,107.6
2019-10-29 07:00:00,140.7
2019-10-29 07:30:00,220.0
2019-10-29 08:00:00,228.8
2019-10-29 08:30:00,252.6
2019-10-29 09:00:00,299.0
2019-10-29 09:30:00,313.4
2019-10-29 10:00:00,322.4
2019-10-29 10:30:00,315.08
2019-10-29 11:00:00,303.24
2019-10-29 11:30:00,300.04
2019-10-29 12:00:00,253.28
2019-10-29 12:30:00,252.08
2019-10-29 13:00:00,245.04
2019-10-29 13:30:00,233.04
2019-10-29 14:00:00,239.56
2019-10-29 14:30:00,258.24
2019-10-29 15:00:00,267.12
2019-10-29 15:30:00,268.48
2019-10-29 16:00:00,233.1
2019-10-29 16:30:00,257.52
2019-10-29 17:00:00,261.2
2019-10-29 17:30:00,314.4
2019-10-29 18:00:00,339.8
2019-10-29 18:30:00,311.6
2019-10-29 19:00:00,342.5
2019-10-29 19:30:00,305.2
2019-10-29 20:00:00,351.2
2019-10-29 20:30:00,309.2
2019-10-29 21:00:00,338.0
2019-10-29 21:30:00,243.5
2019-10-29 22:00:00,188.8
2019-10-29 22:30:00,176.16
2019-10-29 23:00:00,133.52
2019-10-29 23:30:00,99.64
2019-10-30 00:00:00,107.6
2019-10-30 00:00:00,107.6
2019-10-30 00:30:00,97.04
2019-10-30 01:00:00,100.16
2019-10-30 01:30:00,94.6
2019-10-30 02:00:00,97.16
2019-10-30 02:30:00,99.72
2019-10-30 03:00:00,98.28
2019-10-30 03:30:00,96.32
2019-10-30 04:00:00,103.88
2019-10-30 04:30:00,96.44
2019-10-30 05:00:00,97.04
2019-10-30 05:30:00,98.84
2019-10-30 06:00:00,111.24
2019-10-30 06:30:00,113.28
2019-10-30 07:00:00,153.04
2019-10-30 07:30:00,229.11
2019-10-30 08:00:00,239.82
2019-10-30 08:30:00,238.41
2019-10-30 09:00:00,294.84
2019-10-30 09:30:00,309.48
2019-10-30 10:00:00,328.27
2019-10-30 10:30:00,327.08
2019-10-30 11:00:00,252.12
2019-10-30 11:30:00,173.4
2019-10-30 12:00:00,267.8
2019-10-30 12:30:00,294.24
2019-10-30 13:00:00,287.08
2019-10-30 13:30:00,296.36
2019-10-30 14:00:00,318.48
2019-10-30 14:30:00,310.79
2019-10-30 15:00:00,308.88
2019-10-30 15:30:00,197.4
2019-10-30 16:00:00,332.71
2019-10-30 16:30:00,316.42
2019-10-30 17:00:00,313.6
2019-10-30 17:30:00,319.12
2019-10-30 18:00:00,322.68
2019-10-30 18:30:00,327.72
2019-10-30 19:00:00,339.08
2019-10-30 19:30:00,335.58
2019-10-30 20:00:00,343.26
2019-10-30 20:30:00,318.16
2019-10-30 21:00:00,336.88
2019-10-30 21:30:00,250.44
2019-10-30 22:00:00,192.0
2019-10-30 22:30:00,180.88
2019-10-30 23:00:00,136.08
2019-10-30 23:30:00,108.0
2019-10-31 00:00:00,108.28
2019-10-31 00:00:00,108.28
2019-10-31 00:30:00,105.8
2019-10-31 01:00:00,96.8
2019-10-31 01:30:00,99.8
2019-10-31 02:00:00,98.6
2019-10-31 02:30:00,102.2
2019-10-31 03:00:00,104.7
2019-10-31 03:30:00,99.8
2019-10-31 04:00:00,102.2
2019-10-31 04:30:00,102.2
2019-10-31 05:00:00,101.0
2019-10-31 05:30:00,101.2
2019-10-31 06:00:00,100.0
2019-10-31 06:30:00,131.8
2019-10-31 07:00:00,186.6
2019-10-31 07:30:00,192.8
2019-10-31 08:00:00,206.8
2019-10-31 08:30:00,218.4
2019-10-31 09:00:00,270.15
2019-10-31 09:30:00,347.2
2019-10-31 10:00:00,358.32
2019-10-31 10:30:00,339.92
2019-10-31 11:00:00,369.76
2019-10-31 11:30:00,342.08
2019-10-31 12:00:00,350.34
2019-10-31 12:30:00,333.66
2019-10-31 13:00:00,325.49
2019-10-31 13:30:00,271.42
2019-10-31 14:00:00,224.12
2019-10-31 14:30:00,246.78
2019-10-31 15:00:00,237.23
2019-10-31 15:30:00,224.68
2019-10-31 16:00:00,267.44
2019-10-31 16:30:00,247.72
2019-10-31 17:00:00,298.88
2019-10-31 17:30:00,310.73
2019-10-31 18:00:00,335.97
2019-10-31 18:30:00,319.4
2019-10-31 19:00:00,341.58
2019-10-31 19:30:00,356.12
2019-10-31 20:00:00,353.15
2019-10-31 20:30:00,326.15
2019-10-31 21:00:00,309.97
2019-10-31 21:30:00,236.07
2019-10-31 22:00:00,186.02
2019-10-31 22:30:00,180.0
2019-10-31 23:00:00,158.32
2019-10-31 23:30:00,111.24
2019-11-01 00:00:00,110.88
2019-11-01 00:00:00,110.88
2019-11-01 00:30:00,107.98
2019-11-01 01:00:00,107.68
2019-11-01 01:30:00,101.4
2019-11-01 02:00:00,97.72
2019-11-01 02:30:00,101.32
2019-11-01 03:00:00,108.92
2019-11-01 03:30:00,102.58
2019-11-01 04:00:00,99.48
2019-11-01 04:30:00,101.8
2019-11-01 05:00:00,97.48
2019-11-01 05:30:00,101.4
2019-11-01 06:00:00,102.12
2019-11-01 06:30:00,103.64
2019-11-01 07:00:00,207.0
2019-11-01 07:30:00,249.6
2019-11-01 08:00:00,245.6
2019-11-01 08:30:00,251.0
2019-11-01 09:00:00,304.9
2019-11-01 09:30:00,301.62
2019-11-01 10:00:00,310.0
2019-11-01 10:30:00,259.72
2019-11-01 11:00:00,259.44
2019-11-01 11:30:00,262.76
2019-11-01 12:00:00,252.48
2019-11-01 12:30:00,277.74
2019-11-01 13:00:00,289.42
2019-11-01 13:30:00,240.9
2019-11-01 14:00:00,245.32
2019-11-01 14:30:00,248.8
2019-11-01 15:00:00,249.82
2019-11-01 15:30:00,280.48
2019-11-01 16:00:00,264.36
2019-11-01 16:30:00,289.44
2019-11-01 17:00:00,286.16
2019-11-01 17:30:00,305.96
2019-11-01 18:00:00,344.08
2019-11-01 18:30:00,339.16
2019-11-01 19:00:00,355.72
2019-11-01 19:30:00,344.44
2019-11-01 20:00:00,312.72
2019-11-01 20:30:00,305.0
2019-11-01 21:00:00,302.04
2019-11-01 21:30:00,228.4
2019-11-01 22:00:00,198.84
2019-11-01 22:30:00,189.08
2019-11-01 23:00:00,101.72
2019-11-01 23:30:00,100.04
2019-11-02 00:00:00,99.6
2019-11-02 00:00:00,99.6
2019-11-02 00:30:00,97.0
2019-11-02 01:00:00,100.6
2019-11-02 01:30:00,104.0
2019-11-02 02:00:00,100.4
2019-11-02 02:30:00,100.2
2019-11-02 03:00:00,97.4
2019-11-02 03:30:00,99.4
2019-11-02 04:00:00,99.4
2019-11-02 04:30:00,100.8
2019-11-02 05:00:00,113.0
2019-11-02 05:30:00,105.6
2019-11-02 06:00:00,139.4
2019-11-02 06:30:00,164.8
2019-11-02 07:00:00,250.6
2019-11-02 07:30:00,244.4
2019-11-02 08:00:00,253.4
2019-11-02 08:30:00,264.8
2019-11-02 09:00:00,331.7
2019-11-02 09:30:00,329.6
2019-11-02 10:00:00,346.0
2019-11-02 10:30:00,290.2
2019-11-02 11:00:00,290.2
2019-11-02 11:30:00,266.6
2019-11-02 12:00:00,286.6
2019-11-02 12:30:00,236.2
2019-11-02 13:00:00,256.0
2019-11-02 13:30:00,245.0
2019-11-02 14:00:00,224.8
2019-11-02 14:30:00,237.3
2019-11-02 15:00:00,242.21
2019-11-02 15:30:00,242.08
2019-11-02 16:00:00,214.2
2019-11-02 16:30:00,237.2
2019-11-02 17:00:00,273.6
2019-11-02 17:30:00,323.2
2019-11-02 18:00:00,353.4
2019-11-02 18:30:00,347.04
2019-11-02 19:00:00,327.08
2019-11-02 19:30:00,353.4
2019-11-02 20:00:00,308.8
2019-11-02 20:30:00,303.46
2019-11-02 21:00:00,311.48
2019-11-02 21:30:00,210.2
2019-11-02 22:00:00,177.48
2019-11-02 22:30:00,168.12
2019-11-02 23:00:00,135.08
2019-11-02 23:30:00,101.59
2019-11-03 00:00:00,101.44
2019-11-03 00:00:00,101.44
2019-11-03 00:30:00,101.8
2019-11-03 01:00:00,101.64
2019-11-03 01:30:00,103.6
2019-11-03 02:00:00,106.63
2019-11-03 02:30:00,102.91
2019-11-03 03:00:00,105.52
2019-11-03 03:30:00,109.6
2019-11-03 04:00:00,107.6
2019-11-03 04:30:00,103.5
2019-11-03 05:00:00,100.8
2019-11-03 05:30:00,107.0
2019-11-03 06:00:00,105.8
2019-11-03 06:30:00,110.04
2019-11-03 07:00:00,189.4
2019-11-03 07:30:00,224.5
2019-11-03 08:00:00,233.2
2019-11-03 08:30:00,238.4
2019-11-03 09:00:00,258.9
2019-11-03 09:30:00,335.0
2019-11-03 10:00:00,273.2
2019-11-03 10:30:00,282.2
2019-11-03 11:00:00,273.33
2019-11-03 11:30:00,279.8
2019-11-03 12:00:00,272.2
2019-11-03 12:30:00,258.9
2019-11-03 13:00:00,257.2
2019-11-03 13:30:00,252.7
2019-11-03 14:00:00,281.1
2019-11-03 14:30:00,316.4
2019-11-03 15:00:00,268.5
2019-11-03 15:30:00,275.6
2019-11-03 16:00:00,259.8
2019-11-03 16:30:00,268.2
2019-11-03 17:00:00,332.0
2019-11-03 17:30:00,322.4
2019-11-03 18:00:00,368.0
2019-11-03 18:30:00,350.16
2019-11-03 19:00:00,366.2
2019-11-03 19:30:00,363.4
2019-11-03 20:00:00,321.6
2019-11-03 20:30:00,327.6
2019-11-03 21:00:00,323.2
2019-11-03 21:30:00,249.8
2019-11-03 22:00:00,185.0
2019-11-03 22:30:00,180.8
2019-11-03 23:00:00,150.6
2019-11-03 23:30:00,109.12
2019-11-04 00:00:00,108.4
2019-11-04 00:00:00,108.4
2019-11-04 00:30:00,100.48
2019-11-04 01:00:00,102.64
2019-11-04 01:30:00,101.72
2019-11-04 02:00:00,107.32
2019-11-04 02:30:00,68.48
2019-11-04 03:00:00,102.16
2019-11-04 03:30:00,102.88
2019-11-04 04:00:00,104.96
2019-11-04 04:30:00,102.64
2019-11-04 05:00:00,113.75
2019-11-04 05:30:00,101.81
2019-11-04 06:00:00,110.0
2019-11-04 06:30:00,106.36
2019-11-04 07:00:00,155.01
2019-11-04 07:30:00,223.28
2019-11-04 08:00:00,235.12
2019-11-04 08:30:00,253.91
2019-11-04 09:00:00,296.55
2019-11-04 09:30:00,329.06
2019-11-04 10:00:00,303.8
2019-11-04 10:30:00,260.78
2019-11-04 11:00:00,266.52
2019-11-04 11:30:00,266.47
2019-11-04 12:00:00,259.23
2019-11-04 12:30:00,243.0
2019-11-04 13:00:00,246.91
2019-11-04 13:30:00,247.41
2019-11-04 14:00:00,149.08
2019-11-04 14:30:00,251.16
2019-11-04 15:00:00,248.12
2019-11-04 15:30:00,236.32
2019-11-04 16:00:00,214.96
2019-11-04 16:30:00,251.8
2019-11-04 17:00:00,279.32
2019-11-04 17:30:00,318.6
2019-11-04 18:00:00,351.21
2019-11-04 18:30:00,327.92
2019-11-04 19:00:00,357.08
2019-11-04 19:30:00,356.85
2019-11-04 20:00:00,352.18
2019-11-04 20:30:00,323.52
2019-11-04 21:00:00,319.22
2019-11-04 21:30:00,253.5
2019-11-04 22:00:00,172.68
2019-11-04 22:30:00,165.68
2019-11-04 23:00:00,135.16
2019-11-04 23:30:00,103.04
2019-11-05 00:00:00,101.84
2019-11-05 00:00:00,101.84
2019-11-05 00:30:00,102.88
2019-11-05 01:00:00,101.24
2019-11-05 01:30:00,65.0
2019-11-05 02:00:00,100.52
2019-11-05 02:30:00,105.02
2019-11-05 03:00:00,103.0
2019-11-05 03:30:00,101.14
2019-11-05 04:00:00,98.36
2019-11-05 04:30:00,100.24
2019-11-05 05:00:00,103.84
2019-11-05 05:30:00,103.56
2019-11-05 06:00:00,69.88
2019-11-05 06:30:00,111.2
2019-11-05 07:00:00,150.36
2019-11-05 07:30:00,247.92
2019-11-05 08:00:00,233.04
2019-11-05 08:30:00,240.12
2019-11-05 09:00:00,292.24
2019-11-05 09:30:00,330.04
2019-11-05 10:00:00,326.14
2019-11-05 10:30:00,250.96
2019-11-05 11:00:00,250.6
2019-11-05 11:30:00,262.28
2019-11-05 12:00:00,255.56
2019-11-05 12:30:00,275.6
2019-11-05 13:00:00,242.2
2019-11-05 13:30:00,257.22
2019-11-05 14:00:00,227.3
2019-11-05 14:30:00,243.12
2019-11-05 15:00:00,246.88
2019-11-05 15:30:00,256.2
2019-11-05 16:00:00,276.0
2019-11-05 16:30:00,275.46
2019-11-05 17:00:00,266.16
2019-11-05 17:30:00,319.0
2019-11-05 18:00:00,332.46
2019-11-05 18:30:00,325.72
2019-11-05 19:00:00,342.5
2019-11-05 19:30:00,361.04
2019-11-05 20:00:00,366.12
2019-11-05 20:30:00,332.28
2019-11-05 21:00:00,342.2
2019-11-05 21:30:00,239.76
2019-11-05 22:00:00,190.72
2019-11-05 22:30:00,180.93
2019-11-05 23:00:00,151.52
2019-11-05 23:30:00,111.68
2019-11-06 00:00:00,117.68
2019-11-06 00:00:00,117.68
2019-11-06 00:30:00,119.3
2019-11-06 01:00:00,101.68
2019-11-06 01:30:00,99.24
2019-11-06 02:00:00,105.76
2019-11-06 02:30:00,101.04
2019-11-06 03:00:00,106.48
2019-11-06 03:30:00,102.2
2019-11-06 04:00:00,102.16
2019-11-06 04:30:00,102.76
2019-11-06 05:00:00,97.72
2019-11-06 05:30:00,98.86
2019-11-06 06:00:00,105.32
2019-11-06 06:30:00,107.95
2019-11-06 07:00:00,206.4
2019-11-06 07:30:00,240.9
2019-11-06 08:00:00,257.4
2019-11-06 08:30:00,248.2
2019-11-06 09:00:00,280.8
2019-11-06 09:30:00,309.2
2019-11-06 10:00:00,327.0
2019-11-06 10:30:00,311.2
2019-11-06 11:00:00,266.4
2019-11-06 11:30:00,261.0
2019-11-06 12:00:00,250.4
2019-11-06 12:30:00,242.0
2019-11-06 13:00:00,238.4
2019-11-06 13:30:00,258.4
2019-11-06 14:00:00,279.2
2019-11-06 14:30:00,284.8
2019-11-06 15:00:00,297.4
2019-11-06 15:30:00,289.08
2019-11-06 16:00:00,297.96
2019-11-06 16:30:00,306.24
2019-11-06 17:00:00,305.56
2019-11-06 17:30:00,351.28
2019-11-06 18:00:00,359.44
2019-11-06 18:30:00,348.28
2019-11-06 19:00:00,243.88
2019-11-06 19:30:00,348.0
2019-11-06 20:00:00,336.16
2019-11-06 20:30:00,312.8
2019-11-06 21:00:00,344.23
2019-11-06 21:30:00,261.24
2019-11-06 22:00:00,191.56
2019-11-06 22:30:00,184.48
2019-11-06 23:00:00,141.36
2019-11-06 23:30:00,111.76
2019-11-07 00:00:00,110.0
2019-11-07 00:00:00,110.0
2019-11-07 00:30:00,106.52
2019-11-07 01:00:00,106.82
2019-11-07 01:30:00,104.96
2019-11-07 02:00:00,101.72
2019-11-07 02:30:00,102.28
2019-11-07 03:00:00,105.96
2019-11-07 03:30:00,102.6
2019-11-07 04:00:00,101.46
2019-11-07 04:30:00,100.88
2019-11-07 05:00:00,105.23
2019-11-07 05:30:00,115.2
2019-11-07 06:00:00,104.24
2019-11-07 06:30:00,103.84
2019-11-07 07:00:00,188.48
2019-11-07 07:30:00,225.48
2019-11-07 08:00:00,240.76
2019-11-07 08:30:00,243.08
2019-11-07 09:00:00,290.92
2019-11-07 09:30:00,291.75
2019-11-07 10:00:00,305.36
2019-11-07 10:30:00,337.3
2019-11-07 11:00:00,273.6
2019-11-07 11:30:00,298.5
2019-11-07 12:00:00,299.2
2019-11-07 12:30:00,286.5
2019-11-07 13:00:00,247.4
2019-11-07 13:30:00,262.6
2019-11-07 14:00:00,244.43
2019-11-07 14:30:00,262.6
2019-11-07 15:00:00,257.6
2019-11-07 15:30:00,223.2
2019-11-07 16:00:00,293.0
2019-11-07 16:30:00,353.47
2019-11-07 17:00:00,335.4
2019-11-07 17:30:00,356.3
2019-11-07 18:00:00,399.0
2019-11-07 18:30:00,385.6
2019-11-07 19:00:00,393.2
2019-11-07 19:30:00,331.5
2019-11-07 20:00:00,315.6
2019-11-07 20:30:00,311.37
2019-11-07 21:00:00,315.6
2019-11-07 21:30:00,243.2
2019-11-07 22:00:00,170.6
2019-11-07 22:30:00,165.6
2019-11-07 23:00:00,129.28
2019-11-07 23:30:00,70.42
2019-11-08 00:00:00,102.52
2019-11-08 00:00:00,102.52
2019-11-08 00:30:00,98.36
2019-11-08 01:00:00,100.88
2019-11-08 01:30:00,108.68
2019-11-08 02:00:00,112.88
2019-11-08 02:30:00,114.36
2019-11-08 03:00:00,113.32
2019-11-08 03:30:00,102.28
2019-11-08 04:00:00,96.8
2019-11-08 04:30:00,97.08
2019-11-08 05:00:00,102.24
2019-11-08 05:30:00,98.2
2019-11-08 06:00:00,104.2
2019-11-08 06:30:00,123.52
2019-11-08 07:00:00,134.29
2019-11-08 07:30:00,252.24
2019-11-08 08:00:00,249.16
2019-11-08 08:30:00,250.88
2019-11-08 09:00:00,296.28
2019-11-08 09:30:00,317.98
2019-11-08 10:00:00,329.07
2019-11-08 10:30:00,316.54
2019-11-08 11:00:00,324.88
2019-11-08 11:30:00,338.12
2019-11-08 12:00:00,343.48
2019-11-08 12:30:00,347.06
2019-11-08 13:00:00,332.96
2019-11-08 13:30:00,273.11
2019-11-08 14:00:00,275.96
2019-11-08 14:30:00,270.96
2019-11-08 15:00:00,293.64
2019-11-08 15:30:00,285.2
2019-11-08 16:00:00,291.44
2019-11-08 16:30:00,298.56
2019-11-08 17:00:00,275.84
2019-11-08 17:30:00,329.14
2019-11-08 18:00:00,351.88
2019-11-08 18:30:00,351.32
2019-11-08 19:00:00,357.96
2019-11-08 19:30:00,375.56
2019-11-08 20:00:00,371.04
2019-11-08 20:30:00,349.02
2019-11-08 21:00:00,321.76
2019-11-08 21:30:00,254.24
2019-11-08 22:00:00,196.8
2019-11-08 22:30:00,188.4
2019-11-08 23:00:00,127.69
2019-11-08 23:30:00,99.88
2019-11-09 00:00:00,103.63
2019-11-09 00:00:00,103.63
2019-11-09 00:30:00,101.72
2019-11-09 01:00:00,99.56
2019-11-09 01:30:00,99.76
2019-11-09 02:00:00,106.88
2019-11-09 02:30:00,99.82
2019-11-09 03:00:00,104.6
2019-11-09 03:30:00,101.64
2019-11-09 04:00:00,98.84
2019-11-09 04:30:00,95.4
2019-11-09 05:00:00,113.2
2019-11-09 05:30:00,116.8
2019-11-09 06:00:00,102.0
2019-11-09 06:30:00,105.4
2019-11-09 07:00:00,194.8
2019-11-09 07:30:00,223.4
2019-11-09 08:00:00,236.4
2019-11-09 08:30:00,247.0
2019-11-09 09:00:00,315.2
2019-11-09 09:30:00,324.2
2019-11-09 10:00:00,365.6
2019-11-09 10:30:00,339.6
2019-11-09 11:00:00,357.0
2019-11-09 11:30:00,359.6
2019-11-09 12:00:00,342.63
2019-11-09 12:30:00,340.96
2019-11-09 13:00:00,259.48
2019-11-09 13:30:00,256.24
2019-11-09 14:00:00,291.19
2019-11-09 14:30:00,263.0
2019-11-09 15:00:00,285.26
2019-11-09 15:30:00,284.44
2019-11-09 16:00:00,285.6
2019-11-09 16:30:00,283.76
2019-11-09 17:00:00,325.68
2019-11-09 17:30:00,369.88
2019-11-09 18:00:00,341.96
2019-11-09 18:30:00,336.92
2019-11-09 19:00:00,356.96
2019-11-09 19:30:00,343.87
2019-11-09 20:00:00,348.84
2019-11-09 20:30:00,333.84
2019-11-09 21:00:00,308.0
2019-11-09 21:30:00,229.04
2019-11-09 22:00:00,184.0
2019-11-09 22:30:00,178.12
2019-11-09 23:00:00,145.28
2019-11-09 23:30:00,115.82
2019-11-10 00:00:00,111.68
2019-11-10 00:00:00,111.68
2019-11-10 00:30:00,99.92
2019-11-10 01:00:00,96.26
2019-11-10 01:30:00,99.08
2019-11-10 02:00:00,98.78
2019-11-10 02:30:00,97.34
2019-11-10 03:00:00,103.16
2019-11-10 03:30:00,97.28
2019-11-10 04:00:00,100.76
2019-11-10 04:30:00,98.72
2019-11-10 05:00:00,99.04
2019-11-10 05:30:00,100.96
2019-11-10 06:00:00,98.72
2019-11-10 06:30:00,100.16
2019-11-10 07:00:00,145.36
2019-11-10 07:30:00,173.92
2019-11-10 08:00:00,228.68
2019-11-10 08:30:00,235.57
2019-11-10 09:00:00,275.68
2019-11-10 09:30:00,314.69
2019-11-10 10:00:00,335.16
2019-11-10 10:30:00,346.39
2019-11-10 11:00:00,350.12
2019-11-10 11:30:00,328.28
2019-11-10 12:00:00,347.84
2019-11-10 12:30:00,339.32
2019-11-10 13:00:00,338.28
2019-11-10 13:30:00,346.1
2019-11-10 14:00:00,363.2
2019-11-10 14:30:00,285.44
2019-11-10 15:00:00,295.72
2019-11-10 15:30:00,286.4
2019-11-10 16:00:00,284.04
2019-11-10 16:30:00,273.36
2019-11-10 17:00:00,296.7
2019-11-10 17:30:00,323.3
2019-11-10 18:00:00,338.24
2019-11-10 18:30:00,338.48
2019-11-10 19:00:00,345.84
2019-11-10 19:30:00,348.48
2019-11-10 20:00:00,351.8
2019-11-10 20:30:00,365.28
2019-11-10 21:00:00,356.6
2019-11-10 21:30:00,239.62
2019-11-10 22:00:00,188.28
2019-11-10 22:30:00,178.0
2019-11-10 23:00:00,145.92
2019-11-10 23:30:00,113.64
2019-11-11 00:00:00,110.72
2019-11-11 00:00:00,110.72
2019-11-11 00:30:00,99.16
2019-11-11 01:00:00,98.0
2019-11-11 01:30:00,96.16
2019-11-11 02:00:00,96.64
2019-11-11 02:30:00,95.6
2019-11-11 03:00:00,97.72
2019-11-11 03:30:00,97.48
2019-11-11 04:00:00,98.48
2019-11-11 04:30:00,98.62
2019-11-11 05:00:00,95.32
2019-11-11 05:30:00,99.92
2019-11-11 06:00:00,66.4
2019-11-11 06:30:00,99.2
2019-11-11 07:00:00,135.2
2019-11-11 07:30:00,216.72
2019-11-11 08:00:00,237.84
2019-11-11 08:30:00,239.84
2019-11-11 09:00:00,277.44
2019-11-11 09:30:00,279.6
2019-11-11 10:00:00,278.72
2019-11-11 10:30:00,301.16
2019-11-11 11:00:00,294.48
2019-11-11 11:30:00,211.04
2019-11-11 12:00:00,233.56
2019-11-11 12:30:00,256.58
2019-11-11 13:00:00,264.72
2019-11-11 13:30:00,266.22
2019-11-11 14:00:00,226.76
2019-11-11 14:30:00,239.48
2019-11-11 15:00:00,233.8
2019-11-11 15:30:00,232.24
2019-11-11 16:00:00,249.02
2019-11-11 16:30:00,260.72
2019-11-11 17:00:00,285.2
2019-11-11 17:30:00,310.56
2019-11-11 18:00:00,337.96
2019-11-11 18:30:00,319.96
2019-11-11 19:00:00,328.6
2019-11-11 19:30:00,344.48
2019-11-11 20:00:00,336.28
2019-11-11 20:30:00,305.92
2019-11-11 21:00:00,310.68
2019-11-11 21:30:00,260.76
2019-11-11 22:00:00,201.74
2019-11-11 22:30:00,180.78
2019-11-11 23:00:00,150.92
2019-11-11 23:30:00,115.4
2019-11-12 00:00:00,103.24
2019-11-12 00:00:00,103.24
2019-11-12 00:30:00,97.0
2019-11-12 01:00:00,96.4
2019-11-12 01:30:00,94.12
2019-11-12 02:00:00,98.8
2019-11-12 02:30:00,65.4
2019-11-12 03:00:00,100.28
2019-11-12 03:30:00,92.16
2019-11-12 04:00:00,65.52
2019-11-12 04:30:00,64.6
2019-11-12 05:00:00,96.07
2019-11-12 05:30:00,96.08
2019-11-12 06:00:00,96.28
2019-11-12 06:30:00,115.52
2019-11-12 07:00:00,149.44
2019-11-12 07:30:00,215.54
2019-11-12 08:00:00,225.84
2019-11-12 08:30:00,239.76
2019-11-12 09:00:00,292.34
2019-11-12 09:30:00,299.48
2019-11-12 10:00:00,316.0
2019-11-12 10:30:00,309.8
2019-11-12 11:00:00,338.6
2019-11-12 11:30:00,329.08
2019-11-12 12:00:00,328.16
2019-11-12 12:30:00,320.52
2019-11-12 13:00:00,311.24
2019-11-12 13:30:00,325.16
2019-11-12 14:00:00,275.19
2019-11-12 14:30:00,281.92
2019-11-12 15:00:00,253.66
2019-11-12 15:30:00,271.28
2019-11-12 16:00:00,280.48
2019-11-12 16:30:00,278.8
2019-11-12 17:00:00,286.63
2019-11-12 17:30:00,301.04
2019-11-12 18:00:00,324.12
2019-11-12 18:30:00,340.08
2019-11-12 19:00:00,341.68
2019-11-12 19:30:00,332.33
2019-11-12 20:00:00,317.0
2019-11-12 20:30:00,325.4
2019-11-12 21:00:00,314.12
2019-11-12 21:30:00,168.92
2019-11-12 22:00:00,180.4
2019-11-12 22:30:00,173.88
2019-11-12 23:00:00,143.76
2019-11-12 23:30:00,113.72
2019-11-13 00:00:00,114.08
2019-11-13 00:00:00,114.08
2019-11-13 00:30:00,113.18
2019-11-13 01:00:00,98.0
2019-11-13 01:30:00,100.52
2019-11-13 02:00:00,68.48
2019-11-13 02:30:00,98.72
2019-11-13 03:00:00,100.32
2019-11-13 03:30:00,96.92
2019-11-13 04:00:00,97.64
2019-11-13 04:30:00,97.76
2019-11-13 05:00:00,101.96
2019-11-13 05:30:00,96.96
2019-11-13 06:00:00,100.2
2019-11-13 06:30:00,98.28
2019-11-13 07:00:00,181.72
2019-11-13 07:30:00,225.0
2019-11-13 08:00:00,222.44
2019-11-13 08:30:00,229.72
2019-11-13 09:00:00,290.32
2019-11-13 09:30:00,308.24
2019-11-13 10:00:00,321.16
2019-11-13 10:30:00,336.56
2019-11-13 11:00:00,334.32
2019-11-13 11:30:00,328.38
2019-11-13 12:00:00,335.72
2019-11-13 12:30:00,341.8
2019-11-13 13:00:00,353.4
2019-11-13 13:30:00,277.08
2019-11-13 14:00:00,300.92
2019-11-13 14:30:00,314.56
2019-11-13 15:00:00,310.0
2019-11-13 15:30:00,315.24
2019-11-13 16:00:00,323.5
2019-11-13 16:30:00,321.96
2019-11-13 17:00:00,328.28
2019-11-13 17:30:00,208.76
2019-11-13 18:00:00,344.48
2019-11-13 18:30:00,341.52
2019-11-13 19:00:00,345.38
2019-11-13 19:30:00,353.61
2019-11-13 20:00:00,339.4
2019-11-13 20:30:00,346.76
2019-11-13 21:00:00,327.92
2019-11-13 21:30:00,213.2
2019-11-13 22:00:00,178.6
2019-11-13 22:30:00,168.41
2019-11-13 23:00:00,134.72
2019-11-13 23:30:00,100.52
2019-11-14 00:00:00,97.04
2019-11-14 00:00:00,97.04
2019-11-14 00:30:00,114.44
2019-11-14 01:00:00,113.0
2019-11-14 01:30:00,110.72
2019-11-14 02:00:00,110.8
2019-11-14 02:30:00,111.28
2019-11-14 03:00:00,101.24
2019-11-14 03:30:00,96.2
2019-11-14 04:00:00,97.72
2019-11-14 04:30:00,100.88
2019-11-14 05:00:00,68.16
2019-11-14 05:30:00,67.8
2019-11-14 06:00:00,122.04
2019-11-14 06:30:00,123.84
2019-11-14 07:00:00,189.08
2019-11-14 07:30:00,235.34
2019-11-14 08:00:00,247.65
2019-11-14 08:30:00,257.12
2019-11-14 09:00:00,311.72
2019-11-14 09:30:00,359.68
2019-11-14 10:00:00,370.24
2019-11-14 10:30:00,365.24
2019-11-14 11:00:00,352.07
2019-11-14 11:30:00,344.7
2019-11-14 12:00:00,359.0
2019-11-14 12:30:00,361.68
2019-11-14 13:00:00,335.43
2019-11-14 13:30:00,340.64
2019-11-14 14:00:00,330.16
2019-11-14 14:30:00,274.33
2019-11-14 15:00:00,260.26
2019-11-14 15:30:00,260.2
2019-11-14 16:00:00,285.08
2019-11-14 16:30:00,267.92
2019-11-14 17:00:00,285.57
2019-11-14 17:30:00,391.37
2019-11-14 18:00:00,404.12
2019-11-14 18:30:00,251.2
2019-11-14 19:00:00,412.52
2019-11-14 19:30:00,436.32
2019-11-14 20:00:00,443.41
2019-11-14 20:30:00,348.4
2019-11-14 21:00:00,316.0
2019-11-14 21:30:00,251.75
2019-11-14 22:00:00,222.12
2019-11-14 22:30:00,198.16
2019-11-14 23:00:00,143.94
2019-11-14 23:30:00,108.52
2019-11-15 00:00:00,110.0
2019-11-15 00:00:00,110.0
2019-11-15 00:30:00,108.28
2019-11-15 01:00:00,110.4
2019-11-15 01:30:00,108.82
2019-11-15 02:00:00,110.36
2019-11-15 02:30:00,99.92
2019-11-15 03:00:00,98.14
2019-11-15 03:30:00,65.78
2019-11-15 04:00:00,95.2
2019-11-15 04:30:00,100.08
2019-11-15 05:00:00,96.4
2019-11-15 05:30:00,102.48
2019-11-15 06:00:00,112.24
2019-11-15 06:30:00,102.64
2019-11-15 07:00:00,201.84
2019-11-15 07:30:00,236.32
2019-11-15 08:00:00,338.68
2019-11-15 08:30:00,381.4
2019-11-15 09:00:00,401.2
2019-11-15 09:30:00,449.8
2019-11-15 10:00:00,434.0
2019-11-15 10:30:00,430.8
2019-11-15 11:00:00,457.2
2019-11-15 11:30:00,436.4
2019-11-15 12:00:00,451.9
2019-11-15 12:30:00,422.2
2019-11-15 13:00:00,361.8
2019-11-15 13:30:00,384.0
2019-11-15 14:00:00,383.6
2019-11-15 14:30:00,382.8
2019-11-15 15:00:00,392.8
2019-11-15 15:30:00,380.9
2019-11-15 16:00:00,386.4
2019-11-15 16:30:00,383.2
2019-11-15 17:00:00,422.17
2019-11-15 17:30:00,425.2
2019-11-15 18:00:00,441.9
2019-11-15 18:30:00,449.17
2019-11-15 19:00:00,469.58
2019-11-15 19:30:00,457.9
2019-11-15 20:00:00,443.93
2019-11-15 20:30:00,384.08
2019-11-15 21:00:00,267.5
2019-11-15 21:30:00,240.0
2019-11-15 22:00:00,186.8
2019-11-15 22:30:00,182.4
2019-11-15 23:00:00,143.64
2019-11-15 23:30:00,110.6
2019-11-16 00:00:00,117.0
2019-11-16 00:00:00,117.0
2019-11-16 00:30:00,109.84
2019-11-16 01:00:00,108.6
2019-11-16 01:30:00,98.36
2019-11-16 02:00:00,94.76
2019-11-16 02:30:00,95.58
2019-11-16 03:00:00,98.48
2019-11-16 03:30:00,92.72
2019-11-16 04:00:00,95.96
2019-11-16 04:30:00,98.96
2019-11-16 05:00:00,97.88
2019-11-16 05:30:00,97.4
2019-11-16 06:00:00,95.66
2019-11-16 06:30:00,111.71
2019-11-16 07:00:00,223.8
2019-11-16 07:30:00,374.16
2019-11-16 08:00:00,391.0
2019-11-16 08:30:00,395.2
2019-11-16 09:00:00,408.52
2019-11-16 09:30:00,436.92
2019-11-16 10:00:00,449.68
2019-11-16 10:30:00,260.6
2019-11-16 11:00:00,465.89
2019-11-16 11:30:00,482.24
2019-11-16 12:00:00,462.34
2019-11-16 12:30:00,471.72
2019-11-16 13:00:00,449.6
2019-11-16 13:30:00,458.36
2019-11-16 14:00:00,458.96
2019-11-16 14:30:00,478.92
2019-11-16 15:00:00,396.9
2019-11-16 15:30:00,388.11
2019-11-16 16:00:00,400.04
2019-11-16 16:30:00,404.77
2019-11-16 17:00:00,456.6
2019-11-16 17:30:00,471.6
2019-11-16 18:00:00,476.1
2019-11-16 18:30:00,484.6
2019-11-16 19:00:00,470.67
2019-11-16 19:30:00,386.4
2019-11-16 20:00:00,380.4
2019-11-16 20:30:00,360.8
2019-11-16 21:00:00,289.1
2019-11-16 21:30:00,227.2
2019-11-16 22:00:00,169.4
2019-11-16 22:30:00,166.52
2019-11-16 23:00:00,99.76
2019-11-16 23:30:00,99.64
2019-11-17 00:00:00,98.4
2019-11-17 00:00:00,98.4
2019-11-17 00:30:00,97.44
2019-11-17 01:00:00,98.64
2019-11-17 01:30:00,98.12
2019-11-17 02:00:00,98.88
2019-11-17 02:30:00,98.36
2019-11-17 03:00:00,100.08
2019-11-17 03:30:00,100.34
2019-11-17 04:00:00,98.72
2019-11-17 04:30:00,98.08
2019-11-17 05:00:00,101.14
2019-11-17 05:30:00,101.94
2019-11-17 06:00:00,122.2
2019-11-17 06:30:00,124.02
2019-11-17 07:00:00,204.68
2019-11-17 07:30:00,265.08
2019-11-17 08:00:00,345.96
2019-11-17 08:30:00,382.92
2019-11-17 09:00:00,408.72
2019-11-17 09:30:00,424.32
2019-11-17 10:00:00,442.28
2019-11-17 10:30:00,450.4
2019-11-17 11:00:00,445.64
2019-11-17 11:30:00,447.28
2019-11-17 12:00:00,414.52
2019-11-17 12:30:00,413.56
2019-11-17 13:00:00,339.12
2019-11-17 13:30:00,356.8
2019-11-17 14:00:00,366.2
2019-11-17 14:30:00,375.8
2019-11-17 15:00:00,318.84
2019-11-17 15:30:00,268.17
2019-11-17 16:00:00,280.71
2019-11-17 16:30:00,269.64
2019-11-17 17:00:00,291.21
2019-11-17 17:30:00,314.01
2019-11-17 18:00:00,357.3
2019-11-17 18:30:00,313.36
2019-11-17 19:00:00,320.78
2019-11-17 19:30:00,316.12
2019-11-17 20:00:00,322.16
2019-11-17 20:30:00,315.92
2019-11-17 21:00:00,303.0
2019-11-17 21:30:00,228.8
2019-11-17 22:00:00,182.36
2019-11-17 22:30:00,188.24
2019-11-17 23:00:00,142.04
2019-11-17 23:30:00,109.92
2019-11-18 00:00:00,113.36
2019-11-18 00:00:00,113.36
2019-11-18 00:30:00,110.88
2019-11-18 01:00:00,97.18
2019-11-18 01:30:00,104.72
2019-11-18 02:00:00,103.31
2019-11-18 02:30:00,99.03
2019-11-18 03:00:00,104.92
2019-11-18 03:30:00,100.0
2019-11-18 04:00:00,103.2
2019-11-18 04:30:00,75.2
2019-11-18 05:00:00,108.7
2019-11-18 05:30:00,106.88
2019-11-18 06:00:00,111.0
2019-11-18 06:30:00,107.91
2019-11-18 07:00:00,152.88
2019-11-18 07:30:00,233.48
2019-11-18 08:00:00,233.32
2019-11-18 08:30:00,242.52
2019-11-18 09:00:00,285.16
2019-11-18 09:30:00,349.62
2019-11-18 10:00:00,315.4
2019-11-18 10:30:00,316.07
2019-11-18 11:00:00,288.13
2019-11-18 11:30:00,320.08
2019-11-18 12:00:00,314.76
2019-11-18 12:30:00,345.42
2019-11-18 13:00:00,325.68
2019-11-18 13:30:00,350.68
2019-11-18 14:00:00,305.98
2019-11-18 14:30:00,304.8
2019-11-18 15:00:00,310.6
2019-11-18 15:30:00,313.04
2019-11-18 16:00:00,325.68
2019-11-18 16:30:00,355.56
2019-11-18 17:00:00,387.72
2019-11-18 17:30:00,395.12
2019-11-18 18:00:00,432.8
2019-11-18 18:30:00,412.72
2019-11-18 19:00:00,414.36
2019-11-18 19:30:00,418.87
2019-11-18 20:00:00,263.12
2019-11-18 20:30:00,346.56
2019-11-18 21:00:00,321.52
2019-11-18 21:30:00,216.88
2019-11-18 22:00:00,206.56
2019-11-18 22:30:00,192.48
2019-11-18 23:00:00,154.8
2019-11-18 23:30:00,123.08
2019-11-19 00:00:00,112.64
2019-11-19 00:00:00,112.64
2019-11-19 00:30:00,108.18
2019-11-19 01:00:00,108.92
2019-11-19 01:30:00,110.5
2019-11-19 02:00:00,112.08
2019-11-19 02:30:00,110.56
2019-11-19 03:00:00,115.52
2019-11-19 03:30:00,123.44
2019-11-19 04:00:00,110.78
2019-11-19 04:30:00,113.6
2019-11-19 05:00:00,120.2
2019-11-19 05:30:00,125.4
2019-11-19 06:00:00,187.08
2019-11-19 06:30:00,187.24
2019-11-19 07:00:00,199.08
2019-11-19 07:30:00,244.68
2019-11-19 08:00:00,197.08
2019-11-19 08:30:00,271.88
2019-11-19 09:00:00,325.28
2019-11-19 09:30:00,335.64
2019-11-19 10:00:00,349.08
2019-11-19 10:30:00,335.52
2019-11-19 11:00:00,348.24
2019-11-19 11:30:00,367.04
2019-11-19 12:00:00,359.4
2019-11-19 12:30:00,350.6
2019-11-19 13:00:00,351.96
2019-11-19 13:30:00,338.04
2019-11-19 14:00:00,308.16
2019-11-19 14:30:00,307.4
2019-11-19 15:00:00,313.72
2019-11-19 15:30:00,347.99
2019-11-19 16:00:00,357.88
2019-11-19 16:30:00,364.52
2019-11-19 17:00:00,284.24
2019-11-19 17:30:00,437.92
2019-11-19 18:00:00,467.92
2019-11-19 18:30:00,446.88
2019-11-19 19:00:00,431.97
2019-11-19 19:30:00,423.4
2019-11-19 20:00:00,430.44
2019-11-19 20:30:00,438.68
2019-11-19 21:00:00,381.32
2019-11-19 21:30:00,242.88
2019-11-19 22:00:00,199.2
2019-11-19 22:30:00,146.8
2019-11-19 23:00:00,140.08
2019-11-19 23:30:00,113.48
2019-11-20 00:00:00,115.28
2019-11-20 00:00:00,115.28
2019-11-20 00:30:00,106.2
2019-11-20 01:00:00,102.24
2019-11-20 01:30:00,113.56
2019-11-20 02:00:00,108.48
2019-11-20 02:30:00,110.12
2019-11-20 03:00:00,79.64
2019-11-20 03:30:00,109.42
2019-11-20 04:00:00,111.84
2019-11-20 04:30:00,125.6
2019-11-20 05:00:00,106.08
2019-11-20 05:30:00,113.88
2019-11-20 06:00:00,142.48
2019-11-20 06:30:00,174.52
2019-11-20 07:00:00,203.2
2019-11-20 07:30:00,227.16
2019-11-20 08:00:00,238.12
2019-11-20 08:30:00,263.12
2019-11-20 09:00:00,297.59
2019-11-20 09:30:00,364.96
2019-11-20 10:00:00,351.76
2019-11-20 10:30:00,373.6
2019-11-20 11:00:00,347.96
2019-11-20 11:30:00,386.72
2019-11-20 12:00:00,374.76
2019-11-20 12:30:00,351.76
2019-11-20 13:00:00,349.2
2019-11-20 13:30:00,345.72
2019-11-20 14:00:00,385.0
2019-11-20 14:30:00,384.36
2019-11-20 15:00:00,389.57
2019-11-20 15:30:00,374.72
2019-11-20 16:00:00,375.68
2019-11-20 16:30:00,394.39
2019-11-20 17:00:00,430.46
2019-11-20 17:30:00,466.02
2019-11-20 18:00:00,441.6
2019-11-20 18:30:00,459.5
2019-11-20 19:00:00,326.84
2019-11-20 19:30:00,458.52
2019-11-20 20:00:00,451.59
2019-11-20 20:30:00,412.32
2019-11-20 21:00:00,396.72
2019-11-20 21:30:00,261.27
2019-11-20 22:00:00,218.63
2019-11-20 22:30:00,148.8
2019-11-20 23:00:00,185.6
2019-11-20 23:30:00,143.64
2019-11-21 00:00:00,139.99
2019-11-21 00:00:00,139.99
2019-11-21 00:30:00,145.48
2019-11-21 01:00:00,155.08
2019-11-21 01:30:00,125.36
2019-11-21 02:00:00,127.2
2019-11-21 02:30:00,128.36
2019-11-21 03:00:00,129.6
2019-11-21 03:30:00,128.56
2019-11-21 04:00:00,124.92
2019-11-21 04:30:00,126.28
2019-11-21 05:00:00,128.08
2019-11-21 05:30:00,138.28
2019-11-21 06:00:00,179.04
2019-11-21 06:30:00,180.6
2019-11-21 07:00:00,177.42
2019-11-21 07:30:00,210.56
2019-11-21 08:00:00,229.94
2019-11-21 08:30:00,252.64
2019-11-21 09:00:00,333.16
2019-11-21 09:30:00,368.62
2019-11-21 10:00:00,345.08
2019-11-21 10:30:00,353.0
2019-11-21 11:00:00,368.72
2019-11-21 11:30:00,389.64
2019-11-21 12:00:00,379.88
2019-11-21 12:30:00,351.88
2019-11-21 13:00:00,335.64
2019-11-21 13:30:00,347.84
2019-11-21 14:00:00,334.8
2019-11-21 14:30:00,328.48
2019-11-21 15:00:00,328.28
2019-11-21 15:30:00,212.8
2019-11-21 16:00:00,310.16
2019-11-21 16:30:00,365.32
2019-11-21 17:00:00,377.44
2019-11-21 17:30:00,432.96
2019-11-21 18:00:00,451.84
2019-11-21 18:30:00,454.04
2019-11-21 19:00:00,467.66
2019-11-21 19:30:00,441.5
2019-11-21 20:00:00,422.86
2019-11-21 20:30:00,453.08
2019-11-21 21:00:00,384.88
2019-11-21 21:30:00,301.24
2019-11-21 22:00:00,250.36
2019-11-21 22:30:00,251.16
2019-11-21 23:00:00,192.38
2019-11-21 23:30:00,168.92
2019-11-22 00:00:00,174.42
2019-11-22 00:00:00,174.42
2019-11-22 00:30:00,168.0
2019-11-22 01:00:00,162.8
2019-11-22 01:30:00,167.7
2019-11-22 02:00:00,181.8
2019-11-22 02:30:00,137.6
2019-11-22 03:00:00,143.0
2019-11-22 03:30:00,135.8
2019-11-22 04:00:00,134.84
2019-11-22 04:30:00,146.2
2019-11-22 05:00:00,128.2
2019-11-22 05:30:00,133.8
2019-11-22 06:00:00,158.42
2019-11-22 06:30:00,198.0
2019-11-22 07:00:00,203.8
2019-11-22 07:30:00,249.12
2019-11-22 08:00:00,253.66
2019-11-22 08:30:00,263.79
2019-11-22 09:00:00,304.88
2019-11-22 09:30:00,330.52
2019-11-22 10:00:00,345.15
2019-11-22 10:30:00,338.36
2019-11-22 11:00:00,354.88
2019-11-22 11:30:00,343.84
2019-11-22 12:00:00,348.84
2019-11-22 12:30:00,368.6
2019-11-22 13:00:00,379.28
2019-11-22 13:30:00,369.32
2019-11-22 14:00:00,381.04
2019-11-22 14:30:00,367.52
2019-11-22 15:00:00,326.76
2019-11-22 15:30:00,331.44
2019-11-22 16:00:00,319.72
2019-11-22 16:30:00,363.4
2019-11-22 17:00:00,387.32
2019-11-22 17:30:00,430.68
2019-11-22 18:00:00,455.84
2019-11-22 18:30:00,441.48
2019-11-22 19:00:00,448.8
2019-11-22 19:30:00,441.79
2019-11-22 20:00:00,443.43
2019-11-22 20:30:00,425.2
2019-11-22 21:00:00,426.64
2019-11-22 21:30:00,372.76
2019-11-22 22:00:00,262.72
2019-11-22 22:30:00,250.2
2019-11-22 23:00:00,195.16
2019-11-22 23:30:00,152.96
2019-11-23 00:00:00,133.18
2019-11-23 00:00:00,133.18
2019-11-23 00:30:00,140.36
2019-11-23 01:00:00,138.92
2019-11-23 01:30:00,142.52
2019-11-23 02:00:00,135.8
2019-11-23 02:30:00,143.24
2019-11-23 03:00:00,142.44
2019-11-23 03:30:00,138.92
2019-11-23 04:00:00,134.32
2019-11-23 04:30:00,147.92
2019-11-23 05:00:00,141.48
2019-11-23 05:30:00,161.04
2019-11-23 06:00:00,215.52
2019-11-23 06:30:00,239.24
2019-11-23 07:00:00,240.4
2019-11-23 07:30:00,313.08
2019-11-23 08:00:00,341.0
2019-11-23 08:30:00,358.0
2019-11-23 09:00:00,370.8
2019-11-23 09:30:00,364.32
2019-11-23 10:00:00,392.58
2019-11-23 10:30:00,389.28
2019-11-23 11:00:00,393.56
2019-11-23 11:30:00,393.84
2019-11-23 12:00:00,393.24
2019-11-23 12:30:00,377.72
2019-11-23 13:00:00,369.02
2019-11-23 13:30:00,376.2
2019-11-23 14:00:00,358.08
2019-11-23 14:30:00,367.58
2019-11-23 15:00:00,374.24
2019-11-23 15:30:00,308.08
2019-11-23 16:00:00,304.12
2019-11-23 16:30:00,294.6
2019-11-23 17:00:00,333.6
2019-11-23 17:30:00,341.4
2019-11-23 18:00:00,343.89
2019-11-23 18:30:00,347.48
2019-11-23 19:00:00,348.06
2019-11-23 19:30:00,331.12
2019-11-23 20:00:00,341.68
2019-11-23 20:30:00,311.16
2019-11-23 21:00:00,312.92
2019-11-23 21:30:00,241.68
2019-11-23 22:00:00,210.1
2019-11-23 22:30:00,200.36
2019-11-23 23:00:00,160.0
2019-11-23 23:30:00,125.6
2019-11-24 00:00:00,123.4
2019-11-24 00:00:00,123.4
2019-11-24 00:30:00,126.8
2019-11-24 01:00:00,122.0
2019-11-24 01:30:00,124.2
2019-11-24 02:00:00,120.6
2019-11-24 02:30:00,113.8
2019-11-24 03:00:00,117.0
2019-11-24 03:30:00,114.0
2019-11-24 04:00:00,114.2
2019-11-24 04:30:00,119.2
2019-11-24 05:00:00,118.4
2019-11-24 05:30:00,115.6
2019-11-24 06:00:00,141.2
2019-11-24 06:30:00,187.48
2019-11-24 07:00:00,192.2
2019-11-24 07:30:00,251.2
2019-11-24 08:00:00,312.25
2019-11-24 08:30:00,347.6
2019-11-24 09:00:00,405.6
2019-11-24 09:30:00,410.8
2019-11-24 10:00:00,435.0
2019-11-24 10:30:00,246.09
2019-11-24 11:00:00,370.56
2019-11-24 11:30:00,382.72
2019-11-24 12:00:00,304.52
2019-11-24 12:30:00,267.48
2019-11-24 13:00:00,331.12
2019-11-24 13:30:00,345.36
2019-11-24 14:00:00,372.48
2019-11-24 14:30:00,376.4
2019-11-24 15:00:00,379.0
2019-11-24 15:30:00,312.84
2019-11-24 16:00:00,300.88
2019-11-24 16:30:00,405.44
2019-11-24 17:00:00,405.07
2019-11-24 17:30:00,420.12
2019-11-24 18:00:00,422.36
2019-11-24 18:30:00,408.15
2019-11-24 19:00:00,425.06
2019-11-24 19:30:00,407.76
2019-11-24 20:00:00,395.16
2019-11-24 20:30:00,367.76
2019-11-24 21:00:00,366.44
2019-11-24 21:30:00,237.99
2019-11-24 22:00:00,194.08
2019-11-24 22:30:00,188.8
2019-11-24 23:00:00,151.56
2019-11-24 23:30:00,122.96
2019-11-25 00:00:00,129.82
2019-11-25 00:00:00,129.82
2019-11-25 00:30:00,119.52
2019-11-25 01:00:00,129.32
2019-11-25 01:30:00,126.24
2019-11-25 02:00:00,130.48
2019-11-25 02:30:00,127.28
2019-11-25 03:00:00,118.92
2019-11-25 03:30:00,104.68
2019-11-25 04:00:00,106.96
2019-11-25 04:30:00,100.04
2019-11-25 05:00:00,103.12
2019-11-25 05:30:00,104.88
2019-11-25 06:00:00,165.92
2019-11-25 06:30:00,182.74
2019-11-25 07:00:00,180.28
2019-11-25 07:30:00,223.44
2019-11-25 08:00:00,283.38
2019-11-25 08:30:00,269.96
2019-11-25 09:00:00,303.32
2019-11-25 09:30:00,324.76
2019-11-25 10:00:00,334.8
2019-11-25 10:30:00,346.9
2019-11-25 11:00:00,363.44
2019-11-25 11:30:00,356.84
2019-11-25 12:00:00,381.28
2019-11-25 12:30:00,359.72
2019-11-25 13:00:00,346.0
2019-11-25 13:30:00,379.8
2019-11-25 14:00:00,254.44
2019-11-25 14:30:00,324.93
2019-11-25 15:00:00,354.48
2019-11-25 15:30:00,358.36
2019-11-25 16:00:00,346.56
2019-11-25 16:30:00,375.28
2019-11-25 17:00:00,411.12
2019-11-25 17:30:00,421.8
2019-11-25 18:00:00,433.62
2019-11-25 18:30:00,424.56
2019-11-25 19:00:00,426.76
2019-11-25 19:30:00,428.56
2019-11-25 20:00:00,443.24
2019-11-25 20:30:00,364.4
2019-11-25 21:00:00,375.12
2019-11-25 21:30:00,264.04
2019-11-25 22:00:00,203.66
2019-11-25 22:30:00,185.64
2019-11-25 23:00:00,149.8
2019-11-25 23:30:00,117.96
2019-11-26 00:00:00,118.68
2019-11-26 00:00:00,118.68
2019-11-26 00:30:00,104.8
2019-11-26 01:00:00,116.32
2019-11-26 01:30:00,110.8
2019-11-26 02:00:00,111.2
2019-11-26 02:30:00,112.64
2019-11-26 03:00:00,109.74
2019-11-26 03:30:00,106.96
2019-11-26 04:00:00,106.2
2019-11-26 04:30:00,105.16
2019-11-26 05:00:00,108.0
2019-11-26 05:30:00,106.64
2019-11-26 06:00:00,139.64
2019-11-26 06:30:00,194.68
2019-11-26 07:00:00,191.84
2019-11-26 07:30:00,218.06
2019-11-26 08:00:00,269.74
2019-11-26 08:30:00,252.6
2019-11-26 09:00:00,235.32
2019-11-26 09:30:00,332.0
2019-11-26 10:00:00,356.84
2019-11-26 10:30:00,375.0
2019-11-26 11:00:00,356.76
2019-11-26 11:30:00,358.32
2019-11-26 12:00:00,358.64
2019-11-26 12:30:00,369.16
2019-11-26 13:00:00,367.52
2019-11-26 13:30:00,370.24
2019-11-26 14:00:00,393.88
2019-11-26 14:30:00,379.16
2019-11-26 15:00:00,383.84
2019-11-26 15:30:00,366.08
2019-11-26 16:00:00,375.8
2019-11-26 16:30:00,423.18
2019-11-26 17:00:00,428.33
2019-11-26 17:30:00,407.79
2019-11-26 18:00:00,442.45
2019-11-26 18:30:00,447.22
2019-11-26 19:00:00,426.67
2019-11-26 19:30:00,442.53
2019-11-26 20:00:00,405.88
2019-11-26 20:30:00,380.28
2019-11-26 21:00:00,425.99
2019-11-26 21:30:00,269.6
2019-11-26 22:00:00,211.61
2019-11-26 22:30:00,136.6
2019-11-26 23:00:00,147.44
2019-11-26 23:30:00,118.2
2019-11-27 00:00:00,117.24
2019-11-27 00:00:00,117.24
2019-11-27 00:30:00,115.56
2019-11-27 01:00:00,123.2
2019-11-27 01:30:00,106.08
2019-11-27 02:00:00,107.62
2019-11-27 02:30:00,102.12
2019-11-27 03:00:00,105.04
2019-11-27 03:30:00,103.84
2019-11-27 04:00:00,109.18
2019-11-27 04:30:00,103.56
2019-11-27 05:00:00,108.0
2019-11-27 05:30:00,110.68
2019-11-27 06:00:00,133.08
2019-11-27 06:30:00,172.64
2019-11-27 07:00:00,179.4
2019-11-27 07:30:00,196.36
2019-11-27 08:00:00,247.28
2019-11-27 08:30:00,265.44
2019-11-27 09:00:00,338.8
2019-11-27 09:30:00,454.33
2019-11-27 10:00:00,459.04
2019-11-27 10:30:00,422.48
2019-11-27 11:00:00,400.77
2019-11-27 11:30:00,477.24
2019-11-27 12:00:00,434.28
2019-11-27 12:30:00,462.34
2019-11-27 13:00:00,447.84
2019-11-27 13:30:00,468.12
2019-11-27 14:00:00,464.52
2019-11-27 14:30:00,483.8
2019-11-27 15:00:00,474.65
2019-11-27 15:30:00,460.56
2019-11-27 16:00:00,471.67
2019-11-27 16:30:00,479.73
2019-11-27 17:00:00,498.07
2019-11-27 17:30:00,475.37
2019-11-27 18:00:00,480.2
2019-11-27 18:30:00,486.2
2019-11-27 19:00:00,469.6
2019-11-27 19:30:00,474.96
2019-11-27 20:00:00,447.4
2019-11-27 20:30:00,437.4
2019-11-27 21:00:00,434.0
2019-11-27 21:30:00,312.6
2019-11-27 22:00:00,228.6
2019-11-27 22:30:00,249.86
2019-11-27 23:00:00,175.4
2019-11-27 23:30:00,125.4
2019-11-28 00:00:00,133.88
2019-11-28 00:00:00,133.88
2019-11-28 00:30:00,134.96
2019-11-28 01:00:00,141.12
2019-11-28 01:30:00,131.84
2019-11-28 02:00:00,126.44
2019-11-28 02:30:00,136.14
2019-11-28 03:00:00,127.4
2019-11-28 03:30:00,126.1
2019-11-28 04:00:00,121.2
2019-11-28 04:30:00,123.0
2019-11-28 05:00:00,131.8
2019-11-28 05:30:00,123.4
2019-11-28 06:00:00,160.17
2019-11-28 06:30:00,207.2
2019-11-28 07:00:00,199.26
2019-11-28 07:30:00,231.04
2019-11-28 08:00:00,253.01
2019-11-28 08:30:00,287.64
2019-11-28 09:00:00,367.44
2019-11-28 09:30:00,374.4
2019-11-28 10:00:00,413.52
2019-11-28 10:30:00,460.78
2019-11-28 11:00:00,462.11
2019-11-28 11:30:00,431.12
2019-11-28 12:00:00,445.2
2019-11-28 12:30:00,424.48
2019-11-28 13:00:00,472.52
2019-11-28 13:30:00,426.4
2019-11-28 14:00:00,409.41
2019-11-28 14:30:00,407.92
2019-11-28 15:00:00,401.1
2019-11-28 15:30:00,394.66
2019-11-28 16:00:00,387.43
2019-11-28 16:30:00,394.52
2019-11-28 17:00:00,429.8
2019-11-28 17:30:00,445.28
2019-11-28 18:00:00,454.8
2019-11-28 18:30:00,434.28
2019-11-28 19:00:00,438.52
2019-11-28 19:30:00,433.96
2019-11-28 20:00:00,413.36
2019-11-28 20:30:00,416.66
2019-11-28 21:00:00,367.16
2019-11-28 21:30:00,217.84
2019-11-28 22:00:00,250.84
2019-11-28 22:30:00,231.64
2019-11-28 23:00:00,171.76
2019-11-28 23:30:00,153.86
2019-11-29 00:00:00,145.16
2019-11-29 00:00:00,145.16
2019-11-29 00:30:00,143.24
2019-11-29 01:00:00,137.44
2019-11-29 01:30:00,138.52
2019-11-29 02:00:00,134.52
2019-11-29 02:30:00,122.32
2019-11-29 03:00:00,128.24
2019-11-29 03:30:00,121.92
2019-11-29 04:00:00,130.16
2019-11-29 04:30:00,123.44
2019-11-29 05:00:00,126.36
2019-11-29 05:30:00,101.8
2019-11-29 06:00:00,160.32
2019-11-29 06:30:00,195.44
2019-11-29 07:00:00,200.04
2019-11-29 07:30:00,238.76
2019-11-29 08:00:00,272.16
2019-11-29 08:30:00,245.24
2019-11-29 09:00:00,388.36
2019-11-29 09:30:00,364.56
2019-11-29 10:00:00,464.12
2019-11-29 10:30:00,451.48
2019-11-29 11:00:00,504.0
2019-11-29 11:30:00,477.68
2019-11-29 12:00:00,455.4
2019-11-29 12:30:00,471.4
2019-11-29 13:00:00,473.0
2019-11-29 13:30:00,466.16
2019-11-29 14:00:00,462.48
2019-11-29 14:30:00,447.18
2019-11-29 15:00:00,491.4
2019-11-29 15:30:00,486.88
2019-11-29 16:00:00,499.28
2019-11-29 16:30:00,528.24
2019-11-29 17:00:00,548.6
2019-11-29 17:30:00,521.7
2019-11-29 18:00:00,519.24
2019-11-29 18:30:00,525.88
2019-11-29 19:00:00,514.04
2019-11-29 19:30:00,535.2
2019-11-29 20:00:00,479.72
2019-11-29 20:30:00,465.04
2019-11-29 21:00:00,310.76
2019-11-29 21:30:00,363.16
2019-11-29 22:00:00,276.56
2019-11-29 22:30:00,279.62
2019-11-29 23:00:00,220.6
2019-11-29 23:30:00,178.3
2019-11-30 00:00:00,147.52
2019-11-30 00:00:00,147.52
2019-11-30 00:30:00,152.12
2019-11-30 01:00:00,148.14
2019-11-30 01:30:00,151.68
2019-11-30 02:00:00,151.56
2019-11-30 02:30:00,137.64
2019-11-30 03:00:00,143.54
2019-11-30 03:30:00,107.36
2019-11-30 04:00:00,147.08
2019-11-30 04:30:00,154.44
2019-11-30 05:00:00,166.48
2019-11-30 05:30:00,207.84
2019-11-30 06:00:00,218.88
2019-11-30 06:30:00,202.62
2019-11-30 07:00:00,342.44
2019-11-30 07:30:00,375.76
2019-11-30 08:00:00,408.28
2019-11-30 08:30:00,419.51
2019-11-30 09:00:00,464.39
2019-11-30 09:30:00,484.12
2019-11-30 10:00:00,547.1
2019-11-30 10:30:00,553.08
2019-11-30 11:00:00,537.44
2019-11-30 11:30:00,546.66
2019-11-30 12:00:00,542.08
2019-11-30 12:30:00,514.96
2019-11-30 13:00:00,526.28
2019-11-30 13:30:00,526.08
2019-11-30 14:00:00,525.13
2019-11-30 14:30:00,291.52
2019-11-30 15:00:00,517.72
2019-11-30 15:30:00,487.3
2019-11-30 16:00:00,520.68
2019-11-30 16:30:00,520.45
2019-11-30 17:00:00,523.36
2019-11-30 17:30:00,484.33
2019-11-30 18:00:00,478.42
2019-11-30 18:30:00,487.8
2019-11-30 19:00:00,490.25
2019-11-30 19:30:00,467.36
2019-11-30 20:00:00,468.04
2019-11-30 20:30:00,410.7
2019-11-30 21:00:00,390.88
2019-11-30 21:30:00,297.8
2019-11-30 22:00:00,277.86
2019-11-30 22:30:00,243.04
2019-11-30 23:00:00,201.2
2019-11-30 23:30:00,176.36
2019-12-01 00:00:00,174.6
2019-12-01 00:00:00,174.6
2019-12-01 00:30:00,172.88
2019-12-01 01:00:00,170.68
2019-12-01 01:30:00,172.2
2019-12-01 02:00:00,163.56
2019-12-01 02:30:00,160.76
2019-12-01 03:00:00,167.04
2019-12-01 03:30:00,158.36
2019-12-01 04:00:00,159.56
2019-12-01 04:30:00,164.22
2019-12-01 05:00:00,226.72
2019-12-01 05:30:00,254.56
2019-12-01 06:00:00,242.04
2019-12-01 06:30:00,237.6
2019-12-01 07:00:00,236.92
2019-12-01 07:30:00,269.0
2019-12-01 08:00:00,283.08
2019-12-01 08:30:00,331.4
2019-12-01 09:00:00,383.04
2019-12-01 09:30:00,433.4
2019-12-01 10:00:00,517.16
2019-12-01 10:30:00,527.4
2019-12-01 11:00:00,522.24
2019-12-01 11:30:00,524.92
2019-12-01 12:00:00,504.68
2019-12-01 12:30:00,502.12
2019-12-01 13:00:00,492.96
2019-12-01 13:30:00,464.6
2019-12-01 14:00:00,489.52
2019-12-01 14:30:00,490.49
2019-12-01 15:00:00,477.96
2019-12-01 15:30:00,428.6
2019-12-01 16:00:00,477.64
2019-12-01 16:30:00,463.36
2019-12-01 17:00:00,502.88
2019-12-01 17:30:00,518.84
2019-12-01 18:00:00,521.92
2019-12-01 18:30:00,516.56
2019-12-01 19:00:00,478.09
2019-12-01 19:30:00,468.44
2019-12-01 20:00:00,459.08
2019-12-01 20:30:00,417.84
2019-12-01 21:00:00,365.84
2019-12-01 21:30:00,248.2
2019-12-01 22:00:00,209.08
2019-12-01 22:30:00,205.64
2019-12-01 23:00:00,196.07
2019-12-01 23:30:00,149.6
2019-12-02 00:00:00,131.12
2019-12-02 00:00:00,131.12
2019-12-02 00:30:00,121.72
2019-12-02 01:00:00,121.12
2019-12-02 01:30:00,131.92
2019-12-02 02:00:00,126.36
2019-12-02 02:30:00,116.08
2019-12-02 03:00:00,112.48
2019-12-02 03:30:00,127.12
2019-12-02 04:00:00,117.7
2019-12-02 04:30:00,112.36
2019-12-02 05:00:00,173.82
2019-12-02 05:30:00,177.44
2019-12-02 06:00:00,149.32
2019-12-02 06:30:00,213.18
2019-12-02 07:00:00,224.06
2019-12-02 07:30:00,252.56
2019-12-02 08:00:00,282.64
2019-12-02 08:30:00,318.44
2019-12-02 09:00:00,354.28
2019-12-02 09:30:00,360.44
2019-12-02 10:00:00,364.0
2019-12-02 10:30:00,354.6
2019-12-02 11:00:00,357.94
2019-12-02 11:30:00,342.72
2019-12-02 12:00:00,332.78
2019-12-02 12:30:00,354.28
2019-12-02 13:00:00,343.4
2019-12-02 13:30:00,344.92
2019-12-02 14:00:00,357.64
2019-12-02 14:30:00,343.24
2019-12-02 15:00:00,357.0
2019-12-02 15:30:00,339.24
2019-12-02 16:00:00,347.76
2019-12-02 16:30:00,336.84
2019-12-02 17:00:00,416.08
2019-12-02 17:30:00,429.16
2019-12-02 18:00:00,404.32
2019-12-02 18:30:00,388.2
2019-12-02 19:00:00,408.44
2019-12-02 19:30:00,414.56
2019-12-02 20:00:00,397.04
2019-12-02 20:30:00,412.88
2019-12-02 21:00:00,373.89
2019-12-02 21:30:00,242.8
2019-12-02 22:00:00,210.0
2019-12-02 22:30:00,195.72
2019-12-02 23:00:00,153.2
2019-12-02 23:30:00,124.74
2019-12-03 00:00:00,121.84
2019-12-03 00:00:00,121.84
2019-12-03 00:30:00,120.72
2019-12-03 01:00:00,121.44
2019-12-03 01:30:00,116.4
2019-12-03 02:00:00,134.2
2019-12-03 02:30:00,115.32
2019-12-03 03:00:00,116.7
2019-12-03 03:30:00,120.72
2019-12-03 04:00:00,119.4
2019-12-03 04:30:00,119.4
2019-12-03 05:00:00,182.04
2019-12-03 05:30:00,185.84
2019-12-03 06:00:00,185.16
2019-12-03 06:30:00,184.68
2019-12-03 07:00:00,195.44
2019-12-03 07:30:00,225.04
2019-12-03 08:00:00,238.2
2019-12-03 08:30:00,241.12
2019-12-03 09:00:00,326.16
2019-12-03 09:30:00,329.2
2019-12-03 10:00:00,343.26
2019-12-03 10:30:00,324.12
2019-12-03 11:00:00,321.02
2019-12-03 11:30:00,323.96
2019-12-03 12:00:00,323.24
2019-12-03 12:30:00,340.6
2019-12-03 13:00:00,338.96
2019-12-03 13:30:00,345.8
2019-12-03 14:00:00,322.24
2019-12-03 14:30:00,342.5
2019-12-03 15:00:00,342.12
2019-12-03 15:30:00,352.41
2019-12-03 16:00:00,355.28
2019-12-03 16:30:00,352.79
2019-12-03 17:00:00,417.0
2019-12-03 17:30:00,417.28
2019-12-03 18:00:00,427.76
2019-12-03 18:30:00,448.4
2019-12-03 19:00:00,401.0
2019-12-03 19:30:00,407.52
2019-12-03 20:00:00,399.28
2019-12-03 20:30:00,382.76
2019-12-03 21:00:00,348.88
2019-12-03 21:30:00,229.28
2019-12-03 22:00:00,203.72
2019-12-03 22:30:00,142.32
2019-12-03 23:00:00,161.44
2019-12-03 23:30:00,127.68
2019-12-04 00:00:00,123.3
2019-12-04 00:00:00,123.3
2019-12-04 00:30:00,123.7
2019-12-04 01:00:00,114.96
2019-12-04 01:30:00,128.28
2019-12-04 02:00:00,117.44
2019-12-04 02:30:00,123.2
2019-12-04 03:00:00,114.7
2019-12-04 03:30:00,129.8
2019-12-04 04:00:00,114.2
2019-12-04 04:30:00,127.4
2019-12-04 05:00:00,167.2
2019-12-04 05:30:00,177.6
2019-12-04 06:00:00,170.7
2019-12-04 06:30:00,187.2
2019-12-04 07:00:00,199.0
2019-12-04 07:30:00,254.8
2019-12-04 08:00:00,238.8
2019-12-04 08:30:00,266.6
2019-12-04 09:00:00,229.2
2019-12-04 09:30:00,365.6
2019-12-04 10:00:00,401.75
2019-12-04 10:30:00,417.04
2019-12-04 11:00:00,393.6
2019-12-04 11:30:00,391.52
2019-12-04 12:00:00,385.07
2019-12-04 12:30:00,388.32
2019-12-04 13:00:00,395.52
2019-12-04 13:30:00,429.92
2019-12-04 14:00:00,428.36
2019-12-04 14:30:00,434.5
2019-12-04 15:00:00,416.24
2019-12-04 15:30:00,424.66
2019-12-04 16:00:00,432.44
2019-12-04 16:30:00,417.64
2019-12-04 17:00:00,512.96
2019-12-04 17:30:00,495.4
2019-12-04 18:00:00,472.94
2019-12-04 18:30:00,439.08
2019-12-04 19:00:00,449.22
2019-12-04 19:30:00,450.36
2019-12-04 20:00:00,438.32
2019-12-04 20:30:00,437.96
2019-12-04 21:00:00,415.2
2019-12-04 21:30:00,269.76
2019-12-04 22:00:00,209.6
2019-12-04 22:30:00,202.72
2019-12-04 23:00:00,166.2
2019-12-04 23:30:00,120.52
2019-12-05 00:00:00,142.92
2019-12-05 00:00:00,142.92
2019-12-05 00:30:00,139.32
2019-12-05 01:00:00,126.72
2019-12-05 01:30:00,131.97
2019-12-05 02:00:00,147.24
2019-12-05 02:30:00,135.8
2019-12-05 03:00:00,130.2
2019-12-05 03:30:00,121.64
2019-12-05 04:00:00,136.44
2019-12-05 04:30:00,138.48
2019-12-05 05:00:00,127.76
2019-12-05 05:30:00,194.94
2019-12-05 06:00:00,190.36
2019-12-05 06:30:00,211.44
2019-12-05 07:00:00,202.92
2019-12-05 07:30:00,230.4
2019-12-05 08:00:00,272.02
2019-12-05 08:30:00,282.04
2019-12-05 09:00:00,360.52
2019-12-05 09:30:00,375.16
2019-12-05 10:00:00,421.75
2019-12-05 10:30:00,402.0
2019-12-05 11:00:00,432.0
2019-12-05 11:30:00,423.7
2019-12-05 12:00:00,416.6
2019-12-05 12:30:00,410.0
2019-12-05 13:00:00,417.1
2019-12-05 13:30:00,395.6
2019-12-05 14:00:00,397.0
2019-12-05 14:30:00,413.6
2019-12-05 15:00:00,446.43
2019-12-05 15:30:00,397.52
2019-12-05 16:00:00,438.82
2019-12-05 16:30:00,465.08
2019-12-05 17:00:00,486.22
2019-12-05 17:30:00,464.48
2019-12-05 18:00:00,461.28
2019-12-05 18:30:00,441.68
2019-12-05 19:00:00,458.5
2019-12-05 19:30:00,437.84
2019-12-05 20:00:00,442.52
2019-12-05 20:30:00,426.6
2019-12-05 21:00:00,404.4
2019-12-05 21:30:00,283.8
2019-12-05 22:00:00,212.4
2019-12-05 22:30:00,217.16
2019-12-05 23:00:00,171.16
2019-12-05 23:30:00,133.24
2019-12-06 00:00:00,141.84
2019-12-06 00:00:00,141.84
2019-12-06 00:30:00,149.36
2019-12-06 01:00:00,152.04
2019-12-06 01:30:00,163.52
2019-12-06 02:00:00,144.72
2019-12-06 02:30:00,163.92
2019-12-06 03:00:00,160.4
2019-12-06 03:30:00,148.48
2019-12-06 04:00:00,147.32
2019-12-06 04:30:00,123.24
2019-12-06 05:00:00,124.4
2019-12-06 05:30:00,196.32
2019-12-06 06:00:00,196.48
2019-12-06 06:30:00,187.78
2019-12-06 07:00:00,191.0
2019-12-06 07:30:00,234.84
2019-12-06 08:00:00,296.44
2019-12-06 08:30:00,295.32
2019-12-06 09:00:00,332.84
2019-12-06 09:30:00,336.0
2019-12-06 10:00:00,357.1
2019-12-06 10:30:00,381.48
2019-12-06 11:00:00,387.86
2019-12-06 11:30:00,391.4
2019-12-06 12:00:00,406.12
2019-12-06 12:30:00,402.56
2019-12-06 13:00:00,422.64
2019-12-06 13:30:00,429.88
2019-12-06 14:00:00,426.52
2019-12-06 14:30:00,397.28
2019-12-06 15:00:00,404.18
2019-12-06 15:30:00,391.36
2019-12-06 16:00:00,405.18
2019-12-06 16:30:00,450.8
2019-12-06 17:00:00,504.96
2019-12-06 17:30:00,482.22
2019-12-06 18:00:00,478.64
2019-12-06 18:30:00,472.16
2019-12-06 19:00:00,463.36
2019-12-06 19:30:00,493.72
2019-12-06 20:00:00,492.44
2019-12-06 20:30:00,461.4
2019-12-06 21:00:00,387.0
2019-12-06 21:30:00,316.76
2019-12-06 22:00:00,254.48
2019-12-06 22:30:00,234.84
2019-12-06 23:00:00,181.94
2019-12-06 23:30:00,148.96
2019-12-07 00:00:00,147.93
2019-12-07 00:00:00,147.93
2019-12-07 00:30:00,151.92
2019-12-07 01:00:00,119.82
2019-12-07 01:30:00,126.4
2019-12-07 02:00:00,114.24
2019-12-07 02:30:00,118.56
2019-12-07 03:00:00,120.84
2019-12-07 03:30:00,124.88
2019-12-07 04:00:00,121.2
2019-12-07 04:30:00,127.56
2019-12-07 05:00:00,153.08
2019-12-07 05:30:00,181.4
2019-12-07 06:00:00,182.28
2019-12-07 06:30:00,183.08
2019-12-07 07:00:00,205.28
2019-12-07 07:30:00,248.36
2019-12-07 08:00:00,268.12
2019-12-07 08:30:00,292.84
2019-12-07 09:00:00,365.76
2019-12-07 09:30:00,360.08
2019-12-07 10:00:00,533.92
2019-12-07 10:30:00,645.04
2019-12-07 11:00:00,653.48
2019-12-07 11:30:00,658.75
2019-12-07 12:00:00,655.56
2019-12-07 12:30:00,605.44
2019-12-07 13:00:00,581.64
2019-12-07 13:30:00,587.93
2019-12-07 14:00:00,596.48
2019-12-07 14:30:00,584.97
2019-12-07 15:00:00,595.88
2019-12-07 15:30:00,612.51
2019-12-07 16:00:00,433.68
2019-12-07 16:30:00,453.56
2019-12-07 17:00:00,509.92
2019-12-07 17:30:00,491.08
2019-12-07 18:00:00,507.64
2019-12-07 18:30:00,483.92
2019-12-07 19:00:00,471.21
2019-12-07 19:30:00,471.68
2019-12-07 20:00:00,468.01
2019-12-07 20:30:00,435.4
2019-12-07 21:00:00,381.96
2019-12-07 21:30:00,272.12
2019-12-07 22:00:00,231.32
2019-12-07 22:30:00,211.8
2019-12-07 23:00:00,202.28
2019-12-07 23:30:00,158.08
2019-12-08 00:00:00,131.08
2019-12-08 00:00:00,131.08
2019-12-08 00:30:00,136.48
2019-12-08 01:00:00,121.48
2019-12-08 01:30:00,124.24
2019-12-08 02:00:00,122.92
2019-12-08 02:30:00,127.6
2019-12-08 03:00:00,122.2
2019-12-08 03:30:00,127.12
2019-12-08 04:00:00,117.5
2019-12-08 04:30:00,123.76
2019-12-08 05:00:00,165.08
2019-12-08 05:30:00,196.84
2019-12-08 06:00:00,184.56
2019-12-08 06:30:00,175.4
2019-12-08 07:00:00,204.4
2019-12-08 07:30:00,171.0
2019-12-08 08:00:00,279.0
2019-12-08 08:30:00,300.44
2019-12-08 09:00:00,416.2
2019-12-08 09:30:00,573.0
2019-12-08 10:00:00,609.56
2019-12-08 10:30:00,617.92
2019-12-08 11:00:00,612.2
2019-12-08 11:30:00,625.24
2019-12-08 12:00:00,618.38
2019-12-08 12:30:00,580.48
2019-12-08 13:00:00,598.32
2019-12-08 13:30:00,625.2
2019-12-08 14:00:00,623.95
2019-12-08 14:30:00,594.78
2019-12-08 15:00:00,611.78
2019-12-08 15:30:00,453.74
2019-12-08 16:00:00,444.16
2019-12-08 16:30:00,419.96
2019-12-08 17:00:00,480.52
2019-12-08 17:30:00,507.08
2019-12-08 18:00:00,490.24
2019-12-08 18:30:00,487.92
2019-12-08 19:00:00,487.04
2019-12-08 19:30:00,461.22
2019-12-08 20:00:00,445.55
2019-12-08 20:30:00,465.56
2019-12-08 21:00:00,402.24
2019-12-08 21:30:00,302.6
2019-12-08 22:00:00,256.24
2019-12-08 22:30:00,246.92
2019-12-08 23:00:00,207.6
2019-12-08 23:30:00,173.44
2019-12-09 00:00:00,181.24
2019-12-09 00:00:00,181.24
2019-12-09 00:30:00,179.8
2019-12-09 01:00:00,177.64
2019-12-09 01:30:00,179.24
2019-12-09 02:00:00,178.84
2019-12-09 02:30:00,183.88
2019-12-09 03:00:00,178.84
2019-12-09 03:30:00,154.6
2019-12-09 04:00:00,161.68
2019-12-09 04:30:00,165.16
2019-12-09 05:00:00,215.04
2019-12-09 05:30:00,206.48
2019-12-09 06:00:00,222.52
2019-12-09 06:30:00,209.88
2019-12-09 07:00:00,207.32
2019-12-09 07:30:00,166.6
2019-12-09 08:00:00,286.4
2019-12-09 08:30:00,262.16
2019-12-09 09:00:00,326.4
2019-12-09 09:30:00,321.21
2019-12-09 10:00:00,325.84
2019-12-09 10:30:00,322.52
2019-12-09 11:00:00,328.64
2019-12-09 11:30:00,321.28
2019-12-09 12:00:00,312.76
2019-12-09 12:30:00,319.72
2019-12-09 13:00:00,293.32
2019-12-09 13:30:00,304.74
2019-12-09 14:00:00,289.84
2019-12-09 14:30:00,281.68
2019-12-09 15:00:00,288.0
2019-12-09 15:30:00,303.72
2019-12-09 16:00:00,291.4
2019-12-09 16:30:00,292.52
2019-12-09 17:00:00,361.2
2019-12-09 17:30:00,363.8
2019-12-09 18:00:00,379.0
2019-12-09 18:30:00,358.8
2019-12-09 19:00:00,391.52
2019-12-09 19:30:00,387.64
2019-12-09 20:00:00,387.0
2019-12-09 20:30:00,386.38
2019-12-09 21:00:00,333.24
2019-12-09 21:30:00,233.62
2019-12-09 22:00:00,195.16
2019-12-09 22:30:00,176.6
2019-12-09 23:00:00,140.68
2019-12-09 23:30:00,133.28
2019-12-10 00:00:00,107.84
2019-12-10 00:00:00,107.84
2019-12-10 00:30:00,134.64
2019-12-10 01:00:00,126.6
2019-12-10 01:30:00,128.76
2019-12-10 02:00:00,134.96
2019-12-10 02:30:00,123.44
2019-12-10 03:00:00,112.92
2019-12-10 03:30:00,122.36
2019-12-10 04:00:00,112.52
2019-12-10 04:30:00,119.56
2019-12-10 05:00:00,187.44
2019-12-10 05:30:00,179.48
2019-12-10 06:00:00,184.12
2019-12-10 06:30:00,179.12
2019-12-10 07:00:00,183.64
2019-12-10 07:30:00,212.56
2019-12-10 08:00:00,241.04
2019-12-10 08:30:00,237.48
2019-12-10 09:00:00,309.24
2019-12-10 09:30:00,287.2
2019-12-10 10:00:00,329.68
2019-12-10 10:30:00,308.24
2019-12-10 11:00:00,340.64
2019-12-10 11:30:00,317.4
2019-12-10 12:00:00,310.4
2019-12-10 12:30:00,307.68
2019-12-10 13:00:00,325.64
2019-12-10 13:30:00,299.58
2019-12-10 14:00:00,292.22
2019-12-10 14:30:00,314.08
2019-12-10 15:00:00,325.92
2019-12-10 15:30:00,304.88
2019-12-10 16:00:00,313.48
2019-12-10 16:30:00,335.56
2019-12-10 17:00:00,404.12
2019-12-10 17:30:00,422.4
2019-12-10 18:00:00,428.16
2019-12-10 18:30:00,425.28
2019-12-10 19:00:00,424.48
2019-12-10 19:30:00,404.9
2019-12-10 20:00:00,399.04
2019-12-10 20:30:00,401.16
2019-12-10 21:00:00,394.24
2019-12-10 21:30:00,262.2
2019-12-10 22:00:00,185.38
2019-12-10 22:30:00,182.24
2019-12-10 23:00:00,145.36
2019-12-10 23:30:00,129.36
2019-12-11 00:00:00,114.88
2019-12-11 00:00:00,114.88
2019-12-11 00:30:00,134.68
2019-12-11 01:00:00,125.72
2019-12-11 01:30:00,119.02
2019-12-11 02:00:00,132.4
2019-12-11 02:30:00,140.76
2019-12-11 03:00:00,123.4
2019-12-11 03:30:00,111.88
2019-12-11 04:00:00,103.92
2019-12-11 04:30:00,102.2
2019-12-11 05:00:00,185.16
2019-12-11 05:30:00,168.44
2019-12-11 06:00:00,185.14
2019-12-11 06:30:00,169.88
2019-12-11 07:00:00,183.88
2019-12-11 07:30:00,203.76
2019-12-11 08:00:00,242.68
2019-12-11 08:30:00,237.56
2019-12-11 09:00:00,272.56
2019-12-11 09:30:00,319.2
2019-12-11 10:00:00,344.24
2019-12-11 10:30:00,326.44
2019-12-11 11:00:00,365.48
2019-12-11 11:30:00,334.32
2019-12-11 12:00:00,371.52
2019-12-11 12:30:00,368.6
2019-12-11 13:00:00,388.84
2019-12-11 13:30:00,379.89
2019-12-11 14:00:00,384.8
2019-12-11 14:30:00,401.56
2019-12-11 15:00:00,400.6
2019-12-11 15:30:00,389.0
2019-12-11 16:00:00,401.96
2019-12-11 16:30:00,443.72
2019-12-11 17:00:00,466.08
2019-12-11 17:30:00,441.6
2019-12-11 18:00:00,463.04
2019-12-11 18:30:00,454.9
2019-12-11 19:00:00,432.44
2019-12-11 19:30:00,435.3
2019-12-11 20:00:00,425.56
2019-12-11 20:30:00,411.8
2019-12-11 21:00:00,405.75
2019-12-11 21:30:00,249.32
2019-12-11 22:00:00,212.96
2019-12-11 22:30:00,207.04
2019-12-11 23:00:00,169.04
2019-12-11 23:30:00,135.84
2019-12-12 00:00:00,123.28
2019-12-12 00:00:00,123.28
2019-12-12 00:30:00,134.48
2019-12-12 01:00:00,119.24
2019-12-12 01:30:00,129.48
2019-12-12 02:00:00,121.68
2019-12-12 02:30:00,141.44
2019-12-12 03:00:00,121.76
2019-12-12 03:30:00,124.84
2019-12-12 04:00:00,117.32
2019-12-12 04:30:00,120.2
2019-12-12 05:00:00,103.96
2019-12-12 05:30:00,185.52
2019-12-12 06:00:00,190.24
2019-12-12 06:30:00,185.36
2019-12-12 07:00:00,186.24
2019-12-12 07:30:00,219.68
2019-12-12 08:00:00,242.32
2019-12-12 08:30:00,259.76
2019-12-12 09:00:00,283.8
2019-12-12 09:30:00,291.38
2019-12-12 10:00:00,371.32
2019-12-12 10:30:00,377.16
2019-12-12 11:00:00,377.76
2019-12-12 11:30:00,359.72
2019-12-12 12:00:00,351.32
2019-12-12 12:30:00,359.84
2019-12-12 13:00:00,369.91
2019-12-12 13:30:00,374.49
2019-12-12 14:00:00,334.72
2019-12-12 14:30:00,358.12
2019-12-12 15:00:00,365.17
2019-12-12 15:30:00,353.76
2019-12-12 16:00:00,387.13
2019-12-12 16:30:00,370.29
2019-12-12 17:00:00,423.15
2019-12-12 17:30:00,423.76
2019-12-12 18:00:00,421.28
2019-12-12 18:30:00,409.48
2019-12-12 19:00:00,300.36
2019-12-12 19:30:00,421.08
2019-12-12 20:00:00,415.68
2019-12-12 20:30:00,388.64
2019-12-12 21:00:00,377.64
2019-12-12 21:30:00,264.36
2019-12-12 22:00:00,202.52
2019-12-12 22:30:00,185.64
2019-12-12 23:00:00,150.6
2019-12-12 23:30:00,72.48
2019-12-13 00:00:00,116.96
2019-12-13 00:00:00,116.96
2019-12-13 00:30:00,
2019-12-13 01:00:00,123.96
2019-12-13 01:30:00,118.92
2019-12-13 02:00:00,125.6
2019-12-13 02:30:00,136.4
2019-12-13 03:00:00,120.87
2019-12-13 03:30:00,117.36
2019-12-13 04:00:00,120.56
2019-12-13 04:30:00,106.12
2019-12-13 05:00:00,105.04
2019-12-13 05:30:00,167.32
2019-12-13 06:00:00,175.2
2019-12-13 06:30:00,136.54
2019-12-13 07:00:00,196.2
2019-12-13 07:30:00,210.38
2019-12-13 08:00:00,238.42
2019-12-13 08:30:00,274.72
2019-12-13 09:00:00,301.32
2019-12-13 09:30:00,328.4
2019-12-13 10:00:00,241.84
2019-12-13 10:30:00,370.84
2019-12-13 11:00:00,386.44
2019-12-13 11:30:00,383.52
2019-12-13 12:00:00,371.1
2019-12-13 12:30:00,383.56
2019-12-13 13:00:00,377.68
2019-12-13 13:30:00,344.28
2019-12-13 14:00:00,353.72
2019-12-13 14:30:00,359.64
2019-12-13 15:00:00,384.08
2019-12-13 15:30:00,356.48
2019-12-13 16:00:00,367.46
2019-12-13 16:30:00,381.48
2019-12-13 17:00:00,450.64
2019-12-13 17:30:00,437.72
2019-12-13 18:00:00,445.64
2019-12-13 18:30:00,444.32
2019-12-13 19:00:00,473.8
2019-12-13 19:30:00,441.84
2019-12-13 20:00:00,441.44
2019-12-13 20:30:00,420.72
2019-12-13 21:00:00,397.28
2019-12-13 21:30:00,250.04
2019-12-13 22:00:00,180.04
2019-12-13 22:30:00,173.52
2019-12-13 23:00:00,139.0
2019-12-13 23:30:00,106.48
2019-12-14 00:00:00,99.2
2019-12-14 00:00:00,99.2
2019-12-14 00:30:00,105.76
2019-12-14 01:00:00,100.76
2019-12-14 01:30:00,102.16
2019-12-14 02:00:00,105.4
2019-12-14 02:30:00,101.64
2019-12-14 03:00:00,104.76
2019-12-14 03:30:00,106.0
2019-12-14 04:00:00,124.18
2019-12-14 04:30:00,104.92
2019-12-14 05:00:00,162.16
2019-12-14 05:30:00,172.84
2019-12-14 06:00:00,174.16
2019-12-14 06:30:00,175.48
2019-12-14 07:00:00,180.9
2019-12-14 07:30:00,219.72
2019-12-14 08:00:00,221.36
2019-12-14 08:30:00,245.58
2019-12-14 09:00:00,267.28
2019-12-14 09:30:00,324.32
2019-12-14 10:00:00,414.36
2019-12-14 10:30:00,425.88
2019-12-14 11:00:00,445.2
2019-12-14 11:30:00,437.88
2019-12-14 12:00:00,437.08
2019-12-14 12:30:00,396.6
2019-12-14 13:00:00,408.47
2019-12-14 13:30:00,377.2
2019-12-14 14:00:00,392.44
2019-12-14 14:30:00,407.6
2019-12-14 15:00:00,416.68
2019-12-14 15:30:00,402.4
2019-12-14 16:00:00,403.68
2019-12-14 16:30:00,394.51
2019-12-14 17:00:00,271.97
2019-12-14 17:30:00,457.32
2019-12-14 18:00:00,451.4
2019-12-14 18:30:00,476.32
2019-12-14 19:00:00,464.64
2019-12-14 19:30:00,457.23
2019-12-14 20:00:00,451.16
2019-12-14 20:30:00,423.08
2019-12-14 21:00:00,387.73
2019-12-14 21:30:00,237.92
2019-12-14 22:00:00,194.93
2019-12-14 22:30:00,189.64
2019-12-14 23:00:00,164.28
2019-12-14 23:30:00,132.6
2019-12-15 00:00:00,140.14
2019-12-15 00:00:00,140.14
2019-12-15 00:30:00,127.08
2019-12-15 01:00:00,133.68
2019-12-15 01:30:00,72.12
2019-12-15 02:00:00,128.04
2019-12-15 02:30:00,130.68
2019-12-15 03:00:00,128.88
2019-12-15 03:30:00,142.32
2019-12-15 04:00:00,127.84
2019-12-15 04:30:00,128.44
2019-12-15 05:00:00,122.8
2019-12-15 05:30:00,197.6
2019-12-15 06:00:00,141.48
2019-12-15 06:30:00,186.84
2019-12-15 07:00:00,194.0
2019-12-15 07:30:00,166.24
2019-12-15 08:00:00,228.0
2019-12-15 08:30:00,243.2
2019-12-15 09:00:00,293.72
2019-12-15 09:30:00,307.76
2019-12-15 10:00:00,373.24
2019-12-15 10:30:00,410.16
2019-12-15 11:00:00,385.78
2019-12-15 11:30:00,377.75
2019-12-15 12:00:00,388.78
2019-12-15 12:30:00,357.88
2019-12-15 13:00:00,351.44
2019-12-15 13:30:00,348.32
2019-12-15 14:00:00,360.76
2019-12-15 14:30:00,362.56
2019-12-15 15:00:00,382.4
2019-12-15 15:30:00,359.08
2019-12-15 16:00:00,363.32
2019-12-15 16:30:00,362.24
2019-12-15 17:00:00,420.84
2019-12-15 17:30:00,425.74
2019-12-15 18:00:00,422.38
2019-12-15 18:30:00,429.18
2019-12-15 19:00:00,409.4
2019-12-15 19:30:00,401.44
2019-12-15 20:00:00,380.72
2019-12-15 20:30:00,293.88
2019-12-15 21:00:00,302.04
2019-12-15 21:30:00,237.6
2019-12-15 22:00:00,158.28
2019-12-15 22:30:00,163.64
2019-12-15 23:00:00,135.84
2019-12-15 23:30:00,100.96
2019-12-16 00:00:00,99.36
2019-12-16 00:00:00,99.36
2019-12-16 00:30:00,94.16
2019-12-16 01:00:00,100.6
2019-12-16 01:30:00,93.8
2019-12-16 02:00:00,98.88
2019-12-16 02:30:00,98.24
2019-12-16 03:00:00,103.76
2019-12-16 03:30:00,96.88
2019-12-16 04:00:00,72.44
2019-12-16 04:30:00,100.44
2019-12-16 05:00:00,145.4
2019-12-16 05:30:00,162.64
2019-12-16 06:00:00,164.2
2019-12-16 06:30:00,165.56
2019-12-16 07:00:00,170.76
2019-12-16 07:30:00,194.12
2019-12-16 08:00:00,222.82
2019-12-16 08:30:00,236.88
2019-12-16 09:00:00,270.76
2019-12-16 09:30:00,281.44
2019-12-16 10:00:00,294.64
2019-12-16 10:30:00,275.6
2019-12-16 11:00:00,211.12
2019-12-16 11:30:00,209.76
2019-12-16 12:00:00,223.83
2019-12-16 12:30:00,221.72
2019-12-16 13:00:00,203.84
2019-12-16 13:30:00,234.0
2019-12-16 14:00:00,227.62
2019-12-16 14:30:00,217.16
2019-12-16 15:00:00,234.4
2019-12-16 15:30:00,243.28
2019-12-16 16:00:00,229.08
2019-12-16 16:30:00,235.69
2019-12-16 17:00:00,304.56
2019-12-16 17:30:00,318.54
2019-12-16 18:00:00,333.0
2019-12-16 18:30:00,381.39
2019-12-16 19:00:00,388.68
2019-12-16 19:30:00,398.16
2019-12-16 20:00:00,408.75
2019-12-16 20:30:00,371.91
2019-12-16 21:00:00,363.08
2019-12-16 21:30:00,240.1
2019-12-16 22:00:00,206.32
2019-12-16 22:30:00,204.64
2019-12-16 23:00:00,174.8
2019-12-16 23:30:00,139.36
2019-12-17 00:00:00,144.92
2019-12-17 00:00:00,144.92
2019-12-17 00:30:00,151.12
2019-12-17 01:00:00,139.6
2019-12-17 01:30:00,138.7
2019-12-17 02:00:00,138.16
2019-12-17 02:30:00,131.8
2019-12-17 03:00:00,139.0
2019-12-17 03:30:00,135.8
2019-12-17 04:00:00,140.8
2019-12-17 04:30:00,146.8
2019-12-17 05:00:00,176.8
2019-12-17 05:30:00,220.0
2019-12-17 06:00:00,184.1
2019-12-17 06:30:00,202.8
2019-12-17 07:00:00,184.8
2019-12-17 07:30:00,227.8
2019-12-17 08:00:00,248.4
2019-12-17 08:30:00,267.4
2019-12-17 09:00:00,325.2
2019-12-17 09:30:00,332.4
2019-12-17 10:00:00,362.0
2019-12-17 10:30:00,353.6
2019-12-17 11:00:00,346.6
2019-12-17 11:30:00,355.8
2019-12-17 12:00:00,341.8
2019-12-17 12:30:00,351.6
2019-12-17 13:00:00,356.1
2019-12-17 13:30:00,355.6
2019-12-17 14:00:00,354.27
2019-12-17 14:30:00,335.2
2019-12-17 15:00:00,384.8
2019-12-17 15:30:00,344.6
2019-12-17 16:00:00,401.2
2019-12-17 16:30:00,397.4
2019-12-17 17:00:00,462.6
2019-12-17 17:30:00,444.4
2019-12-17 18:00:00,453.4
2019-12-17 18:30:00,447.8
2019-12-17 19:00:00,480.6
2019-12-17 19:30:00,465.6
2019-12-17 20:00:00,401.0
2019-12-17 20:30:00,389.8
2019-12-17 21:00:00,386.6
2019-12-17 21:30:00,225.6
2019-12-17 22:00:00,179.6
2019-12-17 22:30:00,175.84
2019-12-17 23:00:00,148.08
2019-12-17 23:30:00,111.72
2019-12-18 00:00:00,112.44
2019-12-18 00:00:00,112.44
2019-12-18 00:30:00,111.6
2019-12-18 01:00:00,113.96
2019-12-18 01:30:00,110.32
2019-12-18 02:00:00,112.56
2019-12-18 02:30:00,116.8
2019-12-18 03:00:00,120.36
2019-12-18 03:30:00,117.52
2019-12-18 04:00:00,119.36
2019-12-18 04:30:00,113.64
2019-12-18 05:00:00,181.18
2019-12-18 05:30:00,176.48
2019-12-18 06:00:00,180.84
2019-12-18 06:30:00,174.96
2019-12-18 07:00:00,186.56
2019-12-18 07:30:00,152.16
2019-12-18 08:00:00,241.36
2019-12-18 08:30:00,296.72
2019-12-18 09:00:00,411.42
2019-12-18 09:30:00,433.0
2019-12-18 10:00:00,459.6
2019-12-18 10:30:00,471.44
2019-12-18 11:00:00,471.76
2019-12-18 11:30:00,509.72
2019-12-18 12:00:00,491.0
2019-12-18 12:30:00,492.16
2019-12-18 13:00:00,469.68
2019-12-18 13:30:00,504.84
2019-12-18 14:00:00,528.24
2019-12-18 14:30:00,560.52
2019-12-18 15:00:00,529.12
2019-12-18 15:30:00,513.04
2019-12-18 16:00:00,504.56
2019-12-18 16:30:00,533.04
2019-12-18 17:00:00,548.0
2019-12-18 17:30:00,528.0
2019-12-18 18:00:00,516.16
2019-12-18 18:30:00,523.88
2019-12-18 19:00:00,502.0
2019-12-18 19:30:00,482.04
2019-12-18 20:00:00,426.0
2019-12-18 20:30:00,421.36
2019-12-18 21:00:00,341.48
2019-12-18 21:30:00,285.04
2019-12-18 22:00:00,228.4
2019-12-18 22:30:00,214.1
2019-12-18 23:00:00,177.4
2019-12-18 23:30:00,133.34
2019-12-19 00:00:00,130.24
2019-12-19 00:00:00,130.24
2019-12-19 00:30:00,131.2
2019-12-19 01:00:00,131.38
2019-12-19 01:30:00,130.84
2019-12-19 02:00:00,129.44
2019-12-19 02:30:00,132.24
2019-12-19 03:00:00,128.84
2019-12-19 03:30:00,137.04
2019-12-19 04:00:00,107.32
2019-12-19 04:30:00,110.14
2019-12-19 05:00:00,123.52
2019-12-19 05:30:00,139.04
2019-12-19 06:00:00,173.32
2019-12-19 06:30:00,175.08
2019-12-19 07:00:00,200.04
2019-12-19 07:30:00,226.4
2019-12-19 08:00:00,250.6
2019-12-19 08:30:00,261.48
2019-12-19 09:00:00,317.24
2019-12-19 09:30:00,325.56
2019-12-19 10:00:00,396.12
2019-12-19 10:30:00,420.32
2019-12-19 11:00:00,388.68
2019-12-19 11:30:00,379.04
2019-12-19 12:00:00,403.84
2019-12-19 12:30:00,380.8
2019-12-19 13:00:00,392.16
2019-12-19 13:30:00,387.96
2019-12-19 14:00:00,386.36
2019-12-19 14:30:00,411.84
2019-12-19 15:00:00,425.12
2019-12-19 15:30:00,406.56
2019-12-19 16:00:00,425.88
2019-12-19 16:30:00,413.8
2019-12-19 17:00:00,472.52
2019-12-19 17:30:00,455.48
2019-12-19 18:00:00,467.76
2019-12-19 18:30:00,425.2
2019-12-19 19:00:00,408.7
2019-12-19 19:30:00,413.44
2019-12-19 20:00:00,432.31
2019-12-19 20:30:00,389.2
2019-12-19 21:00:00,360.62
2019-12-19 21:30:00,228.76
2019-12-19 22:00:00,231.12
2019-12-19 22:30:00,191.8
2019-12-19 23:00:00,178.64
2019-12-19 23:30:00,139.88
2019-12-20 00:00:00,78.4
2019-12-20 00:00:00,78.4
2019-12-20 00:30:00,116.16
2019-12-20 01:00:00,117.16
2019-12-20 01:30:00,120.96
2019-12-20 02:00:00,113.58
2019-12-20 02:30:00,112.24
2019-12-20 03:00:00,112.68
2019-12-20 03:30:00,112.92
2019-12-20 04:00:00,111.68
2019-12-20 04:30:00,115.57
2019-12-20 05:00:00,117.74
2019-12-20 05:30:00,190.48
2019-12-20 06:00:00,182.16
2019-12-20 06:30:00,183.4
2019-12-20 07:00:00,193.44
2019-12-20 07:30:00,254.4
2019-12-20 08:00:00,281.36
2019-12-20 08:30:00,277.88
2019-12-20 09:00:00,352.4
2019-12-20 09:30:00,352.64
2019-12-20 10:00:00,428.28
2019-12-20 10:30:00,535.0
2019-12-20 11:00:00,569.56
2019-12-20 11:30:00,557.96
2019-12-20 12:00:00,566.8
2019-12-20 12:30:00,554.62
2019-12-20 13:00:00,592.64
2019-12-20 13:30:00,564.6
2019-12-20 14:00:00,592.94
2019-12-20 14:30:00,580.6
2019-12-20 15:00:00,629.4
2019-12-20 15:30:00,635.6
2019-12-20 16:00:00,627.8
2019-12-20 16:30:00,642.8
2019-12-20 17:00:00,658.2
2019-12-20 17:30:00,514.6
2019-12-20 18:00:00,508.2
2019-12-20 18:30:00,466.2
2019-12-20 19:00:00,519.4
2019-12-20 19:30:00,499.6
2019-12-20 20:00:00,477.0
2019-12-20 20:30:00,403.6
2019-12-20 21:00:00,341.2
2019-12-20 21:30:00,227.8
2019-12-20 22:00:00,195.0
2019-12-20 22:30:00,192.92
2019-12-20 23:00:00,155.8
2019-12-20 23:30:00,120.68
2019-12-21 00:00:00,123.16
2019-12-21 00:00:00,123.16
2019-12-21 00:30:00,125.32
2019-12-21 01:00:00,131.68
2019-12-21 01:30:00,123.08
2019-12-21 02:00:00,124.0
2019-12-21 02:30:00,108.86
2019-12-21 03:00:00,112.24
2019-12-21 03:30:00,114.96
2019-12-21 04:00:00,110.12
2019-12-21 04:30:00,109.34
2019-12-21 05:00:00,109.64
2019-12-21 05:30:00,176.81
2019-12-21 06:00:00,178.32
2019-12-21 06:30:00,196.54
2019-12-21 07:00:00,200.48
2019-12-21 07:30:00,163.96
2019-12-21 08:00:00,416.84
2019-12-21 08:30:00,420.48
2019-12-21 09:00:00,482.16
2019-12-21 09:30:00,515.1
2019-12-21 10:00:00,590.16
2019-12-21 10:30:00,611.96
2019-12-21 11:00:00,626.44
2019-12-21 11:30:00,595.96
2019-12-21 12:00:00,616.2
2019-12-21 12:30:00,605.44
2019-12-21 13:00:00,604.04
2019-12-21 13:30:00,598.68
2019-12-21 14:00:00,588.84
2019-12-21 14:30:00,584.96
2019-12-21 15:00:00,586.86
2019-12-21 15:30:00,594.32
2019-12-21 16:00:00,584.84
2019-12-21 16:30:00,412.8
2019-12-21 17:00:00,496.48
2019-12-21 17:30:00,443.84
2019-12-21 18:00:00,442.68
2019-12-21 18:30:00,442.84
2019-12-21 19:00:00,463.52
2019-12-21 19:30:00,465.24
2019-12-21 20:00:00,452.52
2019-12-21 20:30:00,418.12
2019-12-21 21:00:00,270.26
2019-12-21 21:30:00,223.32
2019-12-21 22:00:00,195.88
2019-12-21 22:30:00,190.72
2019-12-21 23:00:00,159.0
2019-12-21 23:30:00,115.96
2019-12-22 00:00:00,118.4
2019-12-22 00:00:00,118.4
2019-12-22 00:30:00,116.72
2019-12-22 01:00:00,113.2
2019-12-22 01:30:00,116.32
2019-12-22 02:00:00,114.34
2019-12-22 02:30:00,118.84
2019-12-22 03:00:00,116.06
2019-12-22 03:30:00,115.6
2019-12-22 04:00:00,116.92
2019-12-22 04:30:00,120.16
2019-12-22 05:00:00,136.28
2019-12-22 05:30:00,181.12
2019-12-22 06:00:00,179.16
2019-12-22 06:30:00,188.84
2019-12-22 07:00:00,204.56
2019-12-22 07:30:00,350.56
2019-12-22 08:00:00,435.84
2019-12-22 08:30:00,462.64
2019-12-22 09:00:00,526.36
2019-12-22 09:30:00,573.24
2019-12-22 10:00:00,618.24
2019-12-22 10:30:00,664.08
2019-12-22 11:00:00,641.32
2019-12-22 11:30:00,637.28
2019-12-22 12:00:00,583.49
2019-12-22 12:30:00,615.16
2019-12-22 13:00:00,619.2
2019-12-22 13:30:00,639.4
2019-12-22 14:00:00,622.84
2019-12-22 14:30:00,604.32
2019-12-22 15:00:00,617.24
2019-12-22 15:30:00,617.2
2019-12-22 16:00:00,595.82
2019-12-22 16:30:00,457.2
2019-12-22 17:00:00,491.72
2019-12-22 17:30:00,482.4
2019-12-22 18:00:00,468.72
2019-12-22 18:30:00,409.56
2019-12-22 19:00:00,399.32
2019-12-22 19:30:00,424.34
2019-12-22 20:00:00,399.92
2019-12-22 20:30:00,411.48
2019-12-22 21:00:00,379.48
2019-12-22 21:30:00,208.64
2019-12-22 22:00:00,177.53
2019-12-22 22:30:00,176.16
2019-12-22 23:00:00,145.59
2019-12-22 23:30:00,105.8
2019-12-23 00:00:00,114.2
2019-12-23 00:00:00,114.2
2019-12-23 00:30:00,112.2
2019-12-23 01:00:00,111.2
2019-12-23 01:30:00,112.2
2019-12-23 02:00:00,114.6
2019-12-23 02:30:00,114.3
2019-12-23 03:00:00,115.4
2019-12-23 03:30:00,114.2
2019-12-23 04:00:00,120.8
2019-12-23 04:30:00,117.0
2019-12-23 05:00:00,184.8
2019-12-23 05:30:00,183.2
2019-12-23 06:00:00,182.0
2019-12-23 06:30:00,194.0
2019-12-23 07:00:00,186.0
2019-12-23 07:30:00,199.0
2019-12-23 08:00:00,218.2
2019-12-23 08:30:00,245.8
2019-12-23 09:00:00,257.8
2019-12-23 09:30:00,284.6
2019-12-23 10:00:00,312.4
2019-12-23 10:30:00,284.8
2019-12-23 11:00:00,299.8
2019-12-23 11:30:00,334.4
2019-12-23 12:00:00,312.4
2019-12-23 12:30:00,302.4
2019-12-23 13:00:00,303.8
2019-12-23 13:30:00,304.4
2019-12-23 14:00:00,266.8
2019-12-23 14:30:00,265.4
2019-12-23 15:00:00,255.6
2019-12-23 15:30:00,290.2
2019-12-23 16:00:00,281.0
2019-12-23 16:30:00,304.0
2019-12-23 17:00:00,379.8
2019-12-23 17:30:00,377.0
2019-12-23 18:00:00,376.1
2019-12-23 18:30:00,406.8
2019-12-23 19:00:00,390.3
2019-12-23 19:30:00,376.7
2019-12-23 20:00:00,401.2
2019-12-23 20:30:00,387.0
2019-12-23 21:00:00,358.6
2019-12-23 21:30:00,219.2
2019-12-23 22:00:00,183.0
2019-12-23 22:30:00,115.68
2019-12-23 23:00:00,148.24
2019-12-23 23:30:00,116.42
2019-12-24 00:00:00,108.68
2019-12-24 00:00:00,108.68
2019-12-24 00:30:00,100.88
2019-12-24 01:00:00,97.94
2019-12-24 01:30:00,70.28
2019-12-24 02:00:00,101.88
2019-12-24 02:30:00,100.84
2019-12-24 03:00:00,106.76
2019-12-24 03:30:00,98.76
2019-12-24 04:00:00,103.36
2019-12-24 04:30:00,101.92
2019-12-24 05:00:00,129.8
2019-12-24 05:30:00,169.04
2019-12-24 06:00:00,168.0
2019-12-24 06:30:00,169.68
2019-12-24 07:00:00,176.26
2019-12-24 07:30:00,199.28
2019-12-24 08:00:00,221.28
2019-12-24 08:30:00,235.0
2019-12-24 09:00:00,282.94
2019-12-24 09:30:00,276.46
2019-12-24 10:00:00,283.8
2019-12-24 10:30:00,313.32
2019-12-24 11:00:00,298.72
2019-12-24 11:30:00,318.16
2019-12-24 12:00:00,340.72
2019-12-24 12:30:00,353.0
2019-12-24 13:00:00,362.04
2019-12-24 13:30:00,322.72
2019-12-24 14:00:00,344.16
2019-12-24 14:30:00,352.4
2019-12-24 15:00:00,344.8
2019-12-24 15:30:00,349.6
2019-12-24 16:00:00,325.4
2019-12-24 16:30:00,354.8
2019-12-24 17:00:00,374.2
2019-12-24 17:30:00,373.6
2019-12-24 18:00:00,406.8
2019-12-24 18:30:00,403.4
2019-12-24 19:00:00,387.2
2019-12-24 19:30:00,431.44
2019-12-24 20:00:00,442.48
2019-12-24 20:30:00,479.2
2019-12-24 21:00:00,435.92
2019-12-24 21:30:00,295.68
2019-12-24 22:00:00,201.28
2019-12-24 22:30:00,194.44
2019-12-24 23:00:00,170.88
2019-12-24 23:30:00,127.48
2019-12-25 00:00:00,126.88
2019-12-25 00:00:00,126.88
2019-12-25 00:30:00,124.64
2019-12-25 01:00:00,120.58
2019-12-25 01:30:00,121.24
2019-12-25 02:00:00,115.72
2019-12-25 02:30:00,121.55
2019-12-25 03:00:00,117.64
2019-12-25 03:30:00,116.0
2019-12-25 04:00:00,77.44
2019-12-25 04:30:00,115.0
2019-12-25 05:00:00,178.58
2019-12-25 05:30:00,183.06
2019-12-25 06:00:00,181.21
2019-12-25 06:30:00,187.26
2019-12-25 07:00:00,203.6
2019-12-25 07:30:00,243.56
2019-12-25 08:00:00,248.63
2019-12-25 08:30:00,255.36
2019-12-25 09:00:00,296.05
2019-12-25 09:30:00,304.36
2019-12-25 10:00:00,354.72
2019-12-25 10:30:00,368.64
2019-12-25 11:00:00,357.32
2019-12-25 11:30:00,390.16
2019-12-25 12:00:00,345.42
2019-12-25 12:30:00,355.36
2019-12-25 13:00:00,373.06
2019-12-25 13:30:00,368.56
2019-12-25 14:00:00,386.44
2019-12-25 14:30:00,383.8
2019-12-25 15:00:00,377.46
2019-12-25 15:30:00,397.72
2019-12-25 16:00:00,412.36
2019-12-25 16:30:00,434.48
2019-12-25 17:00:00,433.6
2019-12-25 17:30:00,447.16
2019-12-25 18:00:00,411.28
2019-12-25 18:30:00,450.12
2019-12-25 19:00:00,454.76
2019-12-25 19:30:00,464.04
2019-12-25 20:00:00,442.58
2019-12-25 20:30:00,433.6
2019-12-25 21:00:00,404.84
2019-12-25 21:30:00,244.24
2019-12-25 22:00:00,174.11
2019-12-25 22:30:00,162.1
2019-12-25 23:00:00,145.4
2019-12-25 23:30:00,125.4
2019-12-26 00:00:00,116.64
2019-12-26 00:00:00,116.64
2019-12-26 00:30:00,70.92
2019-12-26 01:00:00,119.64
2019-12-26 01:30:00,123.66
2019-12-26 02:00:00,118.68
2019-12-26 02:30:00,120.1
2019-12-26 03:00:00,120.76
2019-12-26 03:30:00,122.96
2019-12-26 04:00:00,119.16
2019-12-26 04:30:00,119.12
2019-12-26 05:00:00,148.12
2019-12-26 05:30:00,193.04
2019-12-26 06:00:00,184.44
2019-12-26 06:30:00,176.72
2019-12-26 07:00:00,174.32
2019-12-26 07:30:00,209.76
2019-12-26 08:00:00,232.36
2019-12-26 08:30:00,242.24
2019-12-26 09:00:00,319.66
2019-12-26 09:30:00,323.32
2019-12-26 10:00:00,368.84
2019-12-26 10:30:00,370.06
2019-12-26 11:00:00,375.88
2019-12-26 11:30:00,361.92
2019-12-26 12:00:00,377.18
2019-12-26 12:30:00,374.6
2019-12-26 13:00:00,379.94
2019-12-26 13:30:00,367.12
2019-12-26 14:00:00,360.48
2019-12-26 14:30:00,379.16
2019-12-26 15:00:00,394.44
2019-12-26 15:30:00,378.56
2019-12-26 16:00:00,413.12
2019-12-26 16:30:00,420.84
2019-12-26 17:00:00,446.14
2019-12-26 17:30:00,418.64
2019-12-26 18:00:00,455.72
2019-12-26 18:30:00,418.44
2019-12-26 19:00:00,419.44
2019-12-26 19:30:00,431.76
2019-12-26 20:00:00,388.4
2019-12-26 20:30:00,385.68
2019-12-26 21:00:00,368.14
2019-12-26 21:30:00,232.04
2019-12-26 22:00:00,193.84
2019-12-26 22:30:00,197.4
2019-12-26 23:00:00,166.04
2019-12-26 23:30:00,131.56
2019-12-27 00:00:00,126.6
2019-12-27 00:00:00,126.6
2019-12-27 00:30:00,129.12
2019-12-27 01:00:00,151.68
2019-12-27 01:30:00,127.28
2019-12-27 02:00:00,135.92
2019-12-27 02:30:00,127.08
2019-12-27 03:00:00,128.48
2019-12-27 03:30:00,125.44
2019-12-27 04:00:00,133.28
2019-12-27 04:30:00,127.4
2019-12-27 05:00:00,182.08
2019-12-27 05:30:00,187.4
2019-12-27 06:00:00,178.36
2019-12-27 06:30:00,181.92
2019-12-27 07:00:00,186.36
2019-12-27 07:30:00,217.92
2019-12-27 08:00:00,228.2
2019-12-27 08:30:00,252.2
2019-12-27 09:00:00,278.0
2019-12-27 09:30:00,328.2
2019-12-27 10:00:00,389.6
2019-12-27 10:30:00,392.6
2019-12-27 11:00:00,381.0
2019-12-27 11:30:00,366.47
2019-12-27 12:00:00,409.8
2019-12-27 12:30:00,383.6
2019-12-27 13:00:00,373.0
2019-12-27 13:30:00,404.8
2019-12-27 14:00:00,370.4
2019-12-27 14:30:00,373.4
2019-12-27 15:00:00,401.8
2019-12-27 15:30:00,343.28
2019-12-27 16:00:00,379.52
2019-12-27 16:30:00,409.4
2019-12-27 17:00:00,453.64
2019-12-27 17:30:00,481.24
2019-12-27 18:00:00,496.76
2019-12-27 18:30:00,465.32
2019-12-27 19:00:00,563.48
2019-12-27 19:30:00,537.48
2019-12-27 20:00:00,537.92
2019-12-27 20:30:00,447.06
2019-12-27 21:00:00,412.64
2019-12-27 21:30:00,337.8
2019-12-27 22:00:00,209.6
2019-12-27 22:30:00,197.4
2019-12-27 23:00:00,151.52
2019-12-27 23:30:00,119.04
2019-12-28 00:00:00,125.24
2019-12-28 00:00:00,125.24
2019-12-28 00:30:00,124.72
2019-12-28 01:00:00,126.28
2019-12-28 01:30:00,122.14
2019-12-28 02:00:00,127.72
2019-12-28 02:30:00,128.2
2019-12-28 03:00:00,126.84
2019-12-28 03:30:00,121.84
2019-12-28 04:00:00,128.92
2019-12-28 04:30:00,130.72
2019-12-28 05:00:00,160.28
2019-12-28 05:30:00,193.2
2019-12-28 06:00:00,193.52
2019-12-28 06:30:00,179.8
2019-12-28 07:00:00,199.8
2019-12-28 07:30:00,214.6
2019-12-28 08:00:00,229.52
2019-12-28 08:30:00,253.64
2019-12-28 09:00:00,281.68
2019-12-28 09:30:00,310.24
2019-12-28 10:00:00,429.76
2019-12-28 10:30:00,431.92
2019-12-28 11:00:00,419.24
2019-12-28 11:30:00,460.58
2019-12-28 12:00:00,435.56
2019-12-28 12:30:00,371.84
2019-12-28 13:00:00,370.4
2019-12-28 13:30:00,369.76
2019-12-28 14:00:00,386.72
2019-12-28 14:30:00,390.88
2019-12-28 15:00:00,401.08
2019-12-28 15:30:00,427.16
2019-12-28 16:00:00,412.24
2019-12-28 16:30:00,439.76
2019-12-28 17:00:00,488.84
2019-12-28 17:30:00,494.34
2019-12-28 18:00:00,455.93
2019-12-28 18:30:00,456.8
2019-12-28 19:00:00,460.4
2019-12-28 19:30:00,269.52
2019-12-28 20:00:00,265.5
2019-12-28 20:30:00,255.48
2019-12-28 21:00:00,215.82
2019-12-28 21:30:00,148.86
2019-12-28 22:00:00,125.76
2019-12-28 22:30:00,121.08
2019-12-28 23:00:00,92.4
2019-12-28 23:30:00,90.3
2019-12-29 00:00:00,85.08
2019-12-29 00:00:00,85.08
2019-12-29 00:30:00,87.12
2019-12-29 01:00:00,82.2
2019-12-29 01:30:00,90.24
2019-12-29 02:00:00,93.24
2019-12-29 02:30:00,79.68
2019-12-29 03:00:00,78.24
2019-12-29 03:30:00,72.48
2019-12-29 04:00:00,72.54
2019-12-29 04:30:00,68.28
2019-12-29 05:00:00,71.88
2019-12-29 05:30:00,70.08
2019-12-29 06:00:00,69.96
2019-12-29 06:30:00,74.52
2019-12-29 07:00:00,68.76
2019-12-29 07:30:00,79.8
2019-12-29 08:00:00,94.92
2019-12-29 08:30:00,109.56
2019-12-29 09:00:00,156.72
2019-12-29 09:30:00,186.66
2019-12-29 10:00:00,294.96
2019-12-29 10:30:00,278.04
2019-12-29 11:00:00,289.68
2019-12-29 11:30:00,294.86
2019-12-29 12:00:00,282.6
2019-12-29 12:30:00,253.38
2019-12-29 13:00:00,241.44
2019-12-29 13:30:00,279.24
2019-12-29 14:00:00,270.12
2019-12-29 14:30:00,303.24
2019-12-29 15:00:00,287.4
2019-12-29 15:30:00,270.24
2019-12-29 16:00:00,276.51
2019-12-29 16:30:00,312.6
2019-12-29 17:00:00,354.6
2019-12-29 17:30:00,342.12
2019-12-29 18:00:00,316.08
2019-12-29 18:30:00,276.6
2019-12-29 19:00:00,285.0
2019-12-29 19:30:00,257.64
2019-12-29 20:00:00,251.52
2019-12-29 20:30:00,259.2
2019-12-29 21:00:00,247.32
2019-12-29 21:30:00,175.14
2019-12-29 22:00:00,162.0
2019-12-29 22:30:00,132.36
2019-12-29 23:00:00,105.12
2019-12-29 23:30:00,87.72
2019-12-30 00:00:00,80.04
2019-12-30 00:00:00,80.04
2019-12-30 00:30:00,70.08
2019-12-30 01:00:00,73.92
2019-12-30 01:30:00,73.8
2019-12-30 02:00:00,83.28
2019-12-30 02:30:00,89.04
2019-12-30 03:00:00,74.4
2019-12-30 03:30:00,76.08
2019-12-30 04:00:00,82.32
2019-12-30 04:30:00,76.32
2019-12-30 05:00:00,74.64
2019-12-30 05:30:00,77.8
2019-12-30 06:00:00,73.68
2019-12-30 06:30:00,85.32
2019-12-30 07:00:00,76.44
2019-12-30 07:30:00,88.32
2019-12-30 08:00:00,98.64
2019-12-30 08:30:00,117.52
2019-12-30 09:00:00,150.36
2019-12-30 09:30:00,179.88
2019-12-30 10:00:00,182.88
2019-12-30 10:30:00,254.16
2019-12-30 11:00:00,224.16
2019-12-30 11:30:00,224.28
2019-12-30 12:00:00,254.94
2019-12-30 12:30:00,230.24
2019-12-30 13:00:00,213.96
2019-12-30 13:30:00,243.84
2019-12-30 14:00:00,157.84
2019-12-30 14:30:00,169.68
2019-12-30 15:00:00,172.36
2019-12-30 15:30:00,175.8
2019-12-30 16:00:00,
2019-12-30 16:30:00,
2019-12-30 17:00:00,
2019-12-30 17:30:00,
2019-12-30 18:00:00,
2019-12-30 18:30:00,206.16
2019-12-30 19:00:00,217.02
2019-12-30 19:30:00,215.88
2019-12-30 20:00:00,203.4
2019-12-30 20:30:00,213.84
2019-12-30 21:00:00,205.68
2019-12-30 21:30:00,162.72
2019-12-30 22:00:00,139.44
2019-12-30 22:30:00,76.44
2019-12-30 23:00:00,100.32
2019-12-30 23:30:00,90.96
2019-12-31 00:00:00,89.28
2019-12-31 00:00:00,89.28
2019-12-31 00:30:00,95.52
2019-12-31 01:00:00,101.88
2019-12-31 01:30:00,93.0
2019-12-31 02:00:00,93.36
2019-12-31 02:30:00,90.48
2019-12-31 03:00:00,100.8
2019-12-31 03:30:00,110.64
2019-12-31 04:00:00,97.68
2019-12-31 04:30:00,97.92
2019-12-31 05:00:00,95.76
2019-12-31 05:30:00,85.92
2019-12-31 06:00:00,83.52
2019-12-31 06:30:00,99.72
2019-12-31 07:00:00,110.52
2019-12-31 07:30:00,112.56
2019-12-31 08:00:00,131.4
2019-12-31 08:30:00,161.58
2019-12-31 09:00:00,160.44
2019-12-31 09:30:00,188.7
2019-12-31 10:00:00,191.64
2019-12-31 10:30:00,200.4
2019-12-31 11:00:00,210.36
2019-12-31 11:30:00,193.74
2019-12-31 12:00:00,223.92
2019-12-31 12:30:00,209.76
2019-12-31 13:00:00,210.96
2019-12-31 13:30:00,208.68
2019-12-31 14:00:00,221.76
2019-12-31 14:30:00,229.62
2019-12-31 15:00:00,208.68
2019-12-31 15:30:00,214.32
2019-12-31 16:00:00,248.52
2019-12-31 16:30:00,372.0
2019-12-31 17:00:00,432.76
2019-12-31 17:30:00,417.1
2019-12-31 18:00:00,428.88
2019-12-31 18:30:00,401.8
2019-12-31 19:00:00,389.68
2019-12-31 19:30:00,399.84
2019-12-31 20:00:00,415.93
2019-12-31 20:30:00,440.52
2019-12-31 21:00:00,460.84
2019-12-31 21:30:00,364.4
2019-12-31 22:00:00,270.0
2019-12-31 22:30:00,211.92
2019-12-31 23:00:00,179.08
2019-12-31 23:30:00,138.48
2020-01-01 00:00:00,149.32
