voltage_phase_a,voltage_phase_b,voltage_phase_c,current_phase_a,current_phase_b,current_phase_c,label
229.8934542544346,234.77614216697387,225.56426511288598,10.040833670076998,10.845682136522049,9.112772431467913,0
232.6373431403874,232.53534337594368,225.393771703588,10.574180520120326,10.369409192820177,8.960078061594123,0
234.52583213227823,229.38871783850715,226.9470843355678,10.89055276436846,9.854674416655218,9.290658613216015,0
235.14517528118074,225.7310994380168,228.60309659768458,10.90815932915204,9.215453982849098,9.69462222975036,0
232.69278195634624,224.73102905620559,232.8961664808048,10.582695351502357,9.04387493547578,10.362719573920465,0
230.12653317326803,225.23952030102004,235.04515117119882,9.98440728982426,9.211821944991577,10.847064703393343,0
227.09931367598637,228.45820574665046,234.44119569477414,9.527074237355638,9.587251203052427,11.05206908172563,0
224.8314065789873,231.17712152097909,232.87004085669352,9.008295253155355,10.285177919147998,10.78788881647108,0
225.42541492916803,234.27616738418934,231.28763767667732,9.01020419736043,10.699949338964617,10.204530047573737,0
226.69861928879928,236.66138361089335,227.43302647013226,9.453146007712474,11.041155984226506,9.558920852883634,0
229.8331128049332,234.1362635207818,224.71145843644337,10.005543240922508,10.891296698222565,9.112461390510003,0
233.34105262851503,231.96321970362357,225.4226482610047,10.656294717105117,10.376419044464043,9.087399180726242,0
234.21100722043087,228.15821387038193,226.62372424514328,10.892815005478658,9.684047235605059,9.258273921685609,0
234.57554306180197,226.95958123694837,228.47297715963433,10.906071134200461,9.193956164080264,9.725698987469402,0
232.70110991599836,224.70812040106787,232.5522343177403,10.597804131157488,9.02363943604628,10.454993731683173,0
229.99943121865752,226.10526952896865,234.0946556312857,9.98376563962946,9.129379185555857,10.862500365405515,0
226.3967025620933,227.84563070149062,233.90143962018885,9.385042974054132,9.713102178095397,10.920099883633267,0
226.13191220250374,231.54804874735615,233.93566462066235,8.960809089779627,10.19729197347841,10.706002692676368,0
225.146913342063,234.39399129479855,231.1517702261726,8.98791317856186,10.707683417325724,10.19385967852798,0
226.91367542799702,234.90403462224208,227.49700722466264,9.40454357959351,11.020140687799696,9.608793312284137,0
230.21457072135212,233.94653814717597,225.58290360939537,10.048252026081189,10.769027667240964,9.142493913394482,0
232.88126371195978,232.41721477458518,225.2609494782419,10.647078100517245,10.3484650411197,9.048114667696803,0
234.81048365437485,229.23090477457285,226.5988987678991,10.95411078620891,9.639312742290432,9.377246743077603,0
234.88958877089678,225.91282108212602,228.9098760003431,10.883847388418205,9.212965120223492,9.862031025683171,0
233.00476257595946,225.52370054316344,231.3834089233915,10.546853575604866,8.993905630184702,10.504229354553344,0
229.66003094749036,225.4038334297291,233.91691208280818,9.88584935677077,9.220217031832698,10.934026778131289,0
226.73227263386116,227.9077731921624,235.46865570075522,9.360813767166269,9.702963183953282,10.942556049202592,0
225.13069239644557,230.89701889740365,233.50358128489228,9.02833278525801,10.198219474571417,10.595571722045696,0
225.35234390605387,234.09588104014944,230.69423798031903,9.055084219921387,10.77265745684799,10.078041866496743,0
227.99463461088558,234.38399812475348,227.02245703645974,9.44542825476673,11.020310126974598,9.515003876864633,0
230.14207437565702,234.99039745209456,225.0114949099604,10.097322859493921,10.760079342746563,9.00982821170643,0
234.2301357550014,231.5598101452685,225.13372660035037,10.683665069784832,10.358690316628065,9.026151199676672,0
234.87740478369508,229.27938303109352,226.90754356648858,10.971604868954348,9.846895845754386,9.311621665580601,0
234.78317853574342,226.2931765009266,228.9660069395284,10.934110387452172,9.258424247136967,9.878980189033511,0
232.50648346770393,224.92147697333837,232.82774515001262,10.472977256487626,9.030736898906861,10.463280849168248,0
229.36105574587643,226.21682455113591,234.54887634827,9.957997777156645,9.235293794302418,10.916424663777972,0
226.87618584702153,227.92203642786976,234.70613088254635,9.271726665036939,9.54108737342608,10.991975023781805,0
225.40928362828816,231.55150820062156,232.77452122704963,8.963540499636169,10.33418800440996,10.654188582872273,0
225.80766799183834,233.70113309859246,230.66967222934937,9.150312839401893,10.76713901994643,10.017902077406022,0
227.26985722494373,234.24883325936813,226.90972003881402,9.444753796637109,11.04114351541642,9.523543950710264,0
230.08213659244322,233.6771286566993,224.3513565890439,10.206990378326969,10.693495868190366,9.0834027792154,0
233.64329016173068,232.23360693121467,224.73466286852548,10.808338713682081,10.24327001083125,9.017837030740342,0
234.12364545423512,229.1184956535072,226.53300287071377,11.059272301257007,9.721333881918891,9.38305691240029,0
235.07106828631885,226.1082111035513,230.10117491615853,10.811814345522238,9.214671741198526,9.815318753123458,0
231.22790524211163,224.93505394649048,232.64281497582445,10.519065710523979,9.00793022905993,10.45296724037889,0
229.74346811272713,226.70336565887717,235.48947440092977,9.939860853691956,9.287000318402303,10.835620073230645,0
227.27405050123096,228.29383364073422,234.62183531264486,9.37748320081602,9.769395414391813,11.024900241423627,0
224.8620809355419,232.34310944931997,233.59295553342176,8.984823841551774,10.32655081875084,10.697413537602541,0
225.21810753996837,234.10684183524606,230.64943084210992,9.041466828765405,10.84708251055998,10.075996613721575,0
227.38872241003085,234.83668082722346,227.50713019106553,9.446031726031077,10.990463478760965,9.445631755479466,0
230.5007050057161,233.96975049793494,225.56983416648964,10.110778543915137,10.76127053590218,9.155826536750652,0
233.1127612559786,232.27179721261956,225.25007529957358,10.677025296737577,10.245499882471039,8.985567088034296,0
235.28602168289538,229.03569376574964,226.76287137196562,10.996582033320678,9.804056268374831,9.294254983690164,0
233.86225842431946,226.3750354865895,229.41675835045805,10.918078320563266,9.160810240264974,9.957324319010782,0
232.97466392360263,224.93772848229895,232.006470684897,10.454275802218756,9.00406476766044,10.550445331545664,0
229.5630672004683,226.01177326846582,234.042638018327,9.880060777637198,9.286661751122232,10.915432376216248,0
226.63688844767643,228.48196980928103,234.739492000361,9.298923487616925,9.756135509915072,11.001373576848948,0
224.8998580638694,232.2753943266083,232.69597113480634,8.879176708837962,10.40688238639798,10.598156392483677,0
224.91346590029332,234.6815603764319,231.13012800269493,9.154625385269261,10.91418044699898,10.094769668283075,0
228.26821533004497,234.74897625440389,227.56420721048534,9.58724212367695,10.988001571485382,9.392205141980536,0
230.30553026358194,234.20768148521833,225.7770336025329,10.090705883183372,10.784765955946794,8.95796533812586,0
233.20118943805966,230.98907838753803,224.75048281961682,10.749712105232069,10.304447924373974,8.988688025857849,0
234.99442990019975,228.86016973647628,227.23323381886496,10.998025840654845,9.544910296670137,9.342188268081701,0
234.73576967496362,226.20004326813574,228.6538114489876,10.929300885551667,9.175711441839633,9.923349213866388,0
231.64906245987387,224.37647145733084,232.6175280228716,10.500607980589672,8.979775983521451,10.562994160453346,0
229.45881635758175,226.25783339246152,235.53394118038457,9.83349600802616,9.15584440535588,10.94711933719436,0
226.7587364349588,229.0812713741493,234.52491738623735,9.320161645508621,9.817033133675501,11.061197377373892,0
225.47041941703836,231.56039568177354,233.20305590374107,8.991018546199898,10.34997064480092,10.6476445760533,0
225.3472270145555,233.45926864515522,230.54181718983926,9.144019836770951,10.92682730681005,10.126315515852948,0
227.69654035087572,234.09330311892097,227.0963950777773,9.485525185621922,11.016424956713772,9.338964915574687,0
230.88647766119024,233.93480368968997,225.60201069238235,10.104413774139866,10.706464784421359,9.144153701396036,0
233.8723833304836,231.0414388545419,225.23784838074957,10.690680022522674,10.17703267128738,9.023441422193264,0
235.2643160480625,227.5599545109954,226.37727834699143,10.960332035023029,9.694399728353421,9.369134077350004,0
234.60395449065476,225.65506994077816,230.0307108305399,10.863134640845761,9.117431104400046,10.010096403328841,0
231.92428957510572,224.37194886152238,233.1643264969218,10.410940656158722,9.053210857971717,10.566521755820753,0
228.53308739864335,226.08886026250738,234.8145320131887,9.86202669160303,9.210703680736485,10.964965882159126,0
226.93632668352404,228.57311895571758,234.25248489213814,9.22143501728168,9.809083663355983,10.902879498102989,0
225.684909657482,231.67026913989727,233.1915357294252,8.989791788691361,10.46076985251059,10.605274224975824,0
224.91272225095636,234.45210144071785,229.66315592983364,9.11069554644298,10.94435775469747,10.01230626644018,0
227.588738367429,235.51494307032698,227.39544362046107,9.592377784534179,11.08518954274035,9.495332252374675,0
230.30285540840504,232.9614518529724,225.14410143882228,10.258227397035906,10.817507824701716,8.991985977807998,0
233.2788875244174,231.28233564832402,225.45266082913452,10.785035580847424,10.122343758977587,9.074161819197665,0
234.76303056171514,228.6148786501367,227.01685650166746,10.991417408684276,9.567751831202882,9.488830671206394,0
234.73595230225683,226.3032302370344,230.2763683990665,10.878580994999941,9.103632889764455,9.99848403372738,0
232.46442034334518,225.25009865042017,233.05357811281382,10.32999648496914,9.00539480745189,10.581514218365452,0
228.93169166062333,225.90382119486986,233.95194526952426,9.716639290793818,9.250235017874395,11.040929369193416,0
226.30315491885415,229.08917171218022,235.74626378151163,9.262738018100915,9.728902039334024,11.055861459720575,0
225.00034645728243,232.4832072793551,231.5965295328946,9.060787516070388,10.406342134840054,10.62888221106239,0
225.59569219324746,234.13292254549583,229.68030404242066,9.151231531411797,10.842108312254215,9.994089774408662,0
227.72776264491927,235.32218607526616,227.30141512567158,9.606204491613811,10.937080649122064,9.388564287626293,0
231.29786116210136,233.21969933839725,224.7908682360789,10.235324300214444,10.737201842932734,9.055624073407131,0
233.08448353424376,230.72963059747343,225.15452894637502,10.779265406712707,10.152438431177117,9.006994366713664,0
235.1698809607731,228.16390716564698,227.04480513056967,10.939296198716388,9.554177568560371,9.428663037325668,0
234.35275353385177,226.8566870704074,229.7613238654802,10.815308551050116,9.142869027204165,10.100108661740226,0
232.4605254299083,225.72576243722384,232.46960457909978,10.398852551790762,8.99262738481166,10.646089874808517,0
229.26794114378467,225.98639758324722,235.67766919490367,9.769118976783696,9.261194863357627,10.882961283873987,0
226.34421986511956,230.4658005940669,235.0977238351144,9.228482956960507,9.918705652490303,10.957993127311555,0
224.51629763249687,232.1635690646353,232.3386269865409,9.076723181673714,10.48121761269026,10.535808861680014,0
225.5423900149621,233.98740452118307,230.01112420413364,9.111214399241113,10.777824053476074,9.917017738946923,0
228.38827864603007,235.22680401615315,226.87926624894726,9.678849614002523,11.004081711736122,9.40898595423379,0
230.5293032563559,233.96539165449448,224.98476253101884,10.337067297716818,10.676443097235326,9.02753945277472,0
234.03245847318144,230.6042613608842,225.5116591666823,10.749986125495465,10.084236740387796,9.109988476372667,0
234.73746786809605,227.8375853417512,226.28993379193093,10.999403738106023,9.521911730280225,9.495901788861529,0
233.4743736997866,226.41121783836581,230.01486351974606,10.804177415648917,9.174512303594446,10.058182727402375,0
232.0666085336626,224.55908116064828,233.99039307917133,10.308003964368284,9.06435125692735,10.60856336348997,0
228.3150426542674,226.03541531852332,234.68924656175437,9.730257117224035,9.274882799026319,10.971791457637728,0
225.4702615969095,228.9015380718519,234.70360373208854,9.196072855961537,9.774742360427137,10.968933899080472,0
224.90363415750332,232.80580042162796,232.45587640267902,9.027093732970728,10.460544910431175,10.572090251253215,0
225.6803328391224,233.74717838352444,229.82205926407536,9.236262691982363,10.91591828781116,9.90760966424525,0
228.44320697243816,235.4787434678827,226.2120703671746,9.725579374737169,11.047569167075123,9.393084065772346,0
230.50410191972523,233.81765477810416,225.16291078986953,10.247866831725563,10.707650975173078,9.012167103347773,0
234.6539737321881,230.4416602083612,225.25670519560543,10.825918914773938,10.199876531521774,9.01016986298872,0
235.36271837176085,227.67374557484962,227.86241235389886,11.034793368273037,9.533868793243567,9.497444748091045,0
233.99464398607833,224.6661820695957,230.20542384035707,10.905918592501397,9.072729373217536,9.981463344058719,0
232.464887861108,225.33731978437288,233.05588640727646,10.301096122501836,8.89549372383235,10.700075206088304,0
228.69051933030357,227.28128713297488,235.3295853634914,9.686253399621421,9.34085816069755,11.006099344312723,0
225.62586207482474,229.45340427692472,234.48195380966115,9.234152682663927,9.85193991914363,10.916807326788051,0
225.1575052331273,231.62746080313164,233.0381727873108,8.984441984411136,10.548138139139853,10.534383369764322,0
226.04100095104144,234.72615262161847,229.65359937081584,9.262734522506662,10.928698056322665,9.896691777799925,0
228.06297489425066,235.61425253001173,226.31656630377776,9.638402381299148,11.02355946985417,9.20317639746319,0
231.52327138422297,233.80155309580732,225.52504363667745,10.295051981679284,10.719903381562672,9.027416624196254,0
234.063829519652,230.51307939829618,225.2601832941251,10.795936396317767,10.004739191290245,9.062260712447104,0
234.73742632295298,227.8031163056142,227.54510271877916,10.988446494128487,9.56199780060133,9.573785791438743,0
233.99252361338733,225.57953901349268,229.97928809321715,10.753141289925713,9.092407759366445,10.130804636872034,0
231.9128324554476,225.31878828474677,233.90657888393076,10.31714810920867,8.979809594649458,10.569018292177947,0
228.33328810602458,226.30153067494598,235.55858122581733,9.689267128746621,9.346081110098222,11.051065279227831,0
225.61751211714335,229.9357021663307,234.75188112573062,9.10542287395951,9.84048353606224,10.991944349936258,0
224.79450517503486,232.04041605540078,231.94266337329213,8.994586652744923,10.368705482580067,10.450123567174852,0
225.68955138872008,234.54222408723348,229.90690956749268,9.21193961502712,10.903827564050765,9.907317078527116,0
229.20034750529965,235.13469731703418,226.6333179765415,9.688077542873653,10.880904554535846,9.263061425215136,0
232.31565150176738,233.15258161484374,224.27877657123622,10.241021167564746,10.706572766797008,9.0108496202439,0
235.56374347612763,230.57726832736762,225.4617918178015,10.787341450566261,10.085349996675609,9.174191304118423,0
234.7307165987103,228.03977851848046,227.38571008963467,10.970689417482612,9.552637274814005,9.525056761125015,0
234.47087470457745,224.7809700598193,230.33508772988014,10.801115061637597,8.996694921252322,10.08538170733365,0
230.7273932159813,224.70449051945187,233.42422925734732,10.247329140338037,9.080831572403817,10.64606515737567,0
228.70666261869397,226.98142326602687,235.0586024132658,9.59654430647374,9.348790585683695,10.89020058487911,0
226.03011370819942,230.076246217676,235.18487948155786,9.205922875271133,9.900062026556755,10.915380567728395,0
225.30156902968298,232.55563408846126,232.67602577771433,8.94207853730228,10.523744814557974,10.530465687776013,0
225.82656604825917,234.57077322678248,229.01917045953513,9.240059909362266,10.957608574716604,9.812562355189334,0
228.94488865091756,235.204134427544,226.6438824247581,9.791430978174231,10.93473318443004,9.355210036336869,0
231.54535001176262,232.16277088042597,224.98180150015438,10.363486459919654,10.580231941283602,8.98725589846235,0
234.08126025834895,229.7645118611537,225.85861745469114,10.819523771604127,10.068300012801949,9.130698964564422,0
235.4032372523466,227.57281317904958,227.56076286968647,11.039788302861327,9.364732704313155,9.586048369409259,0
234.2884700789914,225.48593346912185,230.95519083305993,10.83427942937069,8.987510805618305,10.10790124242652,0
230.7508059870484,224.69666543036084,233.3458321112904,10.344547473193764,9.024173617955169,10.681155401493918,0
228.78123289342219,226.710988957631,234.4808756823185,9.6674906270481,9.364110948765969,11.005643263997923,0
225.6514177718857,229.41857431217838,234.50566866184815,9.181866506077773,9.97685241500409,10.860969204588388,0
225.9547777998045,232.5600991732154,233.07873207201771,9.000676567847806,10.65550197027835,10.473181164184915,0
225.41446704102728,234.1358185260429,229.74229349016622,9.2688622631606,10.989624177889056,9.833932849577842,0
228.82072859515958,234.59404603079415,226.6313983348628,9.748482487019787,10.948512871567985,9.244721191207343,0
232.47446057619067,232.9647524776293,224.8244485794952,10.396251182046038,10.637722645605132,8.983781668192085,0
234.67625189402415,231.2008343101791,225.3535032611733,10.830927335212856,10.004899092587575,9.161670830794034,0
235.6303573682744,227.43092555178018,227.9350145458598,10.979289424433729,9.550022808148858,9.573648505086524,0
234.0784615169502,225.50977700253296,231.18318232603943,10.757874378607566,8.98893709113677,10.199505248341884,0
230.81882904702448,225.65231361426532,232.47910308840687,10.166842933137861,9.105260197227437,10.764456350990393,0
227.92602702481122,227.5782004158356,234.6440087843974,9.664321521525187,9.417204239424505,10.92466377371981,0
225.60117254046165,228.6990294895142,235.1880013477813,9.202843649353772,9.931052536387263,10.793400440277184,0
224.6785892748652,233.10157748673672,232.28192850232656,9.146461600327772,10.688487788319831,10.430720828399698,0
226.5696259949777,234.9149410147391,229.20350084303868,9.255111176841845,10.953187580953072,9.818800734866,0
229.1989091397369,234.54607099798966,225.14184686438813,9.758588511001072,11.029946205651923,9.207498984052684,0
231.18119593214902,233.72925791019478,224.47578094899006,10.451020687968045,10.673170637521258,9.039040751843766,0
234.79440924278717,229.33543683319087,225.64990474826845,10.867912600715506,10.019209369190646,9.202884284583526,0
234.32593550414614,226.85641207422697,227.32099328537336,11.067317443940516,9.339929463751545,9.538577340704565,0
234.18286424731193,225.40162884661484,230.77711994121262,10.69293705594097,9.095731621067404,10.196825494835844,0
230.3965347500878,225.31759634854575,233.13796223317883,10.22488426543386,9.027346219228267,10.7461623292009,0
228.2141288892968,226.20042616873076,236.179951472531,9.601271361002642,9.441802899306941,10.995157995783108,0
225.60912030988027,229.3070263965718,233.42174898161542,9.08443924876947,9.944585682374717,10.89089678940709,0
225.36609817284537,233.25355057993187,232.77449822250097,9.03931905982027,10.528226201966916,10.507893419155872,0
225.72707369684312,233.97268034845422,229.34295666472914,9.230831347634316,10.934918421790108,9.7486101848478,0
229.780785700737,234.35495198258562,225.61871673357265,9.792820384716578,10.931561469371966,9.223097447052252,0
230.87960124604265,234.0252134241391,225.45215454284792,10.422648397666832,10.628853899433182,8.946317731627525,0
234.06140401996373,229.97828887530568,225.35893759540127,10.910498160318806,10.084719376649,9.124315980260352,0
235.04693816166625,226.99940488919825,227.829622909159,10.965392351651102,9.350252200368693,9.605969318152582,0
233.53584639860543,225.59145462763829,231.0886761364332,10.735781965939923,9.024644366674156,10.336300184932703,0
231.08187479518284,223.9558022745195,234.8611151956623,10.181091489685398,9.01035482818817,10.763475341902566,0
227.63971831653774,226.8693802236255,234.11760003422933,9.55515886065078,9.441660720363206,10.986272564398659,0
225.1300938895286,229.55592636410728,234.83486820143935,9.180207378426672,10.063681477314681,10.850673251648429,0
225.19956208016765,233.5325462824093,231.75018877569346,9.008691073147393,10.67882963170625,10.346440728638227,0
226.27545718223362,234.4823977680583,229.50141414527025,9.247595909331526,10.888483166878544,9.75393633568388,0
229.51358150037868,235.31159259283166,227.39857816278789,9.806529309881235,11.008327532966845,9.283807926379616,0
232.66468457238088,232.79857762132855,225.438025242243,10.383967874675145,10.574579927609925,8.985722626067803,0
233.86857985444732,228.98532556781518,225.69846057315274,10.91920583830823,9.885518222893815,9.12048919473854,0
234.7202940793167,226.2384694971298,228.01621787358334,10.883785844095158,9.42798565418523,9.583291669072844,0
233.3521124986946,225.79728155387272,231.83696980706327,10.637623412816142,8.871883614063572,10.200627886392313,0
231.58713666249395,225.42106229429643,234.0640914017065,10.112587177725418,9.027325483343432,10.65438136708909,0
228.01002685563012,227.13856124274028,235.2240039476316,9.507444532908659,9.541635245716767,11.01506933851842,0
225.63363350527788,230.45351637220602,234.02070725226488,9.092887555293522,10.026612335024799,10.852135504925155,0
224.85047131986042,233.56455582621905,231.1797685001032,8.961788608227225,10.57721558711495,10.305236011005475,0
226.8433729096969,235.2174546956751,229.17662056163053,9.287188540784106,10.956153366019302,9.654154309668858,0
229.72332807112636,234.21215938252084,226.63176076781073,9.802381208896616,10.970246167963326,9.202771256753836,0
232.29604526018719,231.72213774487236,224.7224754374886,10.502037284540942,10.55562121653991,8.887090099988816,0
234.09122470272905,229.6070825296284,225.67468642198241,10.847425608578495,9.964738453390648,9.096375612941458,0
234.72511761053994,227.0693358038272,227.87455157867518,11.011080363293667,9.423745090127824,9.632159322817815,0
233.89166556455004,225.44102549366536,230.7096329991843,10.583162870708861,8.99539553732933,10.293714925588798,0
230.9215603957158,225.42149511145448,233.48209407944458,10.154398210680883,9.161621491925233,10.862416592863235,0
227.7369742815089,227.21773015072569,234.89568056626013,9.561636698311776,9.420324819646307,10.967435234625466,0
225.15756508727813,230.77910650682617,234.1302338344479,9.09886124927197,10.067187154905003,10.914038534247892,0
224.81546801646593,233.4948891886449,231.2559692998503,8.943423468135821,10.58803863613654,10.349953442599316,0
226.62842442623872,234.85335874080488,228.63511287106053,9.399477865756817,10.929571179841957,9.717974982657505,0
228.97102492355154,234.35242881658814,225.77845424241835,9.891117876677708,10.841138195724572,9.258474087379355,0
232.90457410561848,232.46025197126102,225.2430952566799,10.563350784104832,10.529269093371536,8.95029968905739,0
235.22397738325225,229.9798356866549,226.2792619387918,10.901234755872384,9.880657239592573,9.248250122527551,0
234.7962751012515,226.9539357013983,227.9197870176611,10.992357991880757,9.320737390668173,9.638083460426868,0
233.92192024087652,225.6538863126837,231.97217610703578,10.711881250361813,8.992257060856737,10.247327543112037,0
230.91016595508148,225.38896327896845,232.91663108362215,10.081035287925948,8.981462897572571,10.83958635286679,0
226.7814037436813,227.78247304293984,234.88440355287625,9.406456261040654,9.473294997550177,10.963028633866477,0
224.3460629887413,230.8550057287088,233.39747692700251,9.105095891195154,10.131240792512779,10.731134958204377,0
224.49117486716767,232.61523299119295,231.62257274830353,9.044998598846263,10.609532013730666,10.378090200913764,0
226.78221111090727,234.25779326796098,228.81675498768865,9.25963678556627,11.008174650589293,9.655868736041398,0
229.3850038720733,234.69688094490118,226.11970393042728,9.922305882575472,10.934888158688617,9.2200286484521,0
231.94618255866192,232.6695440379267,224.91713916745366,10.589326559029352,10.563461057188443,8.911459073883247,0
234.7323923842603,229.6170769659484,226.6425571110292,10.910526900069982,9.930495737679587,9.188349241796264,0
234.87596493747108,227.01008567275574,228.41607448607502,10.931955125056772,9.388365779922891,9.694065253248521,0
232.30184200279757,224.64404531364943,232.06820964751307,10.594499013918908,9.069074479900976,10.27059364660146,0
229.9390253116302,225.7718161557125,233.76991676141182,10.041344571990116,9.096114244549186,10.902991384296868,0
226.75347622493183,227.98537091260522,234.75851783028787,9.529062156783038,9.480373880944976,11.054261157081408,0
225.23997220896442,230.58335639858967,233.49651589762993,9.028791499537302,10.120618070422445,10.875551377221694,0
224.44462667350507,232.83439938274415,230.94711187124085,8.940503128688933,10.765916187034609,10.300983209584532,0
226.28150134532825,233.73721743664066,228.91037827718958,9.349740835486086,10.970256848669868,9.689806472524701,0
229.6092128196018,234.46917346465548,226.6986775141893,9.851204412575429,10.952248045750487,9.072498462717178,0
232.6895729088904,231.80607209990401,224.40404609841423,10.446143044204993,10.497011457889833,9.03374934272094,0
234.73604943606068,228.9277558208828,225.95527771157543,10.873752211528654,9.853773789479975,9.148169134605272,0
235.5078727858165,226.76999919994574,228.84520265326722,11.00087849499607,9.22865483508255,9.730515729657636,0
233.77665135232348,225.17960283757768,231.41215932916828,10.650321721733468,9.125311469329372,10.331641839957724,0
231.12745229925702,225.59985897059616,233.6612352719303,10.009981844631287,9.04801409639022,10.788255778482672,0
227.1882054539507,228.6169917383614,235.02997056050035,9.447036588069066,9.463504759286034,10.880563410685621,0
225.95512882762577,229.98759125068725,234.0475763150718,9.075477896018448,10.188811953327704,10.82321774015807,0
224.5043946638995,233.9241583104683,231.06952705418755,8.998123924945666,10.712271594734666,10.266635051073273,0
225.89901460715976,235.45347767013047,227.96457468990732,9.317606650252571,10.985875128206317,9.540449628304252,0
229.99704213216648,234.48132047545576,225.62175681630907,9.935188904982716,10.808115638457751,9.13427618571161,0
233.56945750966176,232.17065815811577,225.24498838154517,10.569273372461845,10.45015199407605,9.067184939569463,0
234.73840606553716,228.86108405621042,226.83145501549714,10.90245776385179,9.891936473288,9.207189821075609,0
235.36979190930998,226.38017652399833,228.9736955613999,11.035164472243576,9.261706817912142,9.772346231680157,0
231.82972258046993,226.28804859447243,232.67218761338262,10.666559806183876,8.977434415725314,10.421248085049909,0
230.38780533814852,224.92060175347586,233.70123173264687,10.041380623237865,9.090741188377388,10.823199573185974,0
227.20536315878084,227.9919220425342,236.0781032557789,9.454953946532608,9.469167102088054,10.99607147013076,0
224.86297038694687,230.77577590641567,234.69171573888238,9.01404272873062,10.277029001929979,10.623752795209992,0
224.55934016820078,232.62322897913774,231.30186837959778,9.10493832116118,10.855482522466724,10.263264725663745,0
226.4972823825883,234.19789577896876,228.2858780162436,9.397054077041687,10.982749300576694,9.584010098216883,0
229.1863783887842,234.28911137826321,225.88153191711066,10.004909359867563,10.873838296905546,9.16999178084873,0
233.23704197119739,232.19895163865655,225.35688419829893,10.559801254715126,10.46083213076507,9.07076320975359,0
235.44456160326584,229.0751980781982,226.54106547239383,11.017079253565925,9.835082199309017,9.219869756928471,0
235.13896740943974,226.83044788974436,228.9095431710011,10.972774075140718,9.290553685891703,9.779610130279158,0
232.82418108582252,224.4353564751147,232.54080528073396,10.644706248473176,8.959074997419782,10.41216147901865,0
230.2933329141946,226.36429037456293,234.57518060015408,9.93526044598711,9.083761680409733,10.85714138730539,0
227.6177016834614,227.7694943901035,235.31919204529765,9.388362808350179,9.542973704083506,10.995626032803852,0
225.38666893066073,231.57535844532865,234.1725517707681,9.085771079513398,10.217671263895966,10.846611474961259,0
226.12926745802497,233.06148527829654,230.46234359978862,9.054265551191653,10.71915262820523,10.248262398095857,0
227.06608575342568,234.5418438959737,228.87172956312358,9.40307367132948,10.979599707091698,9.61727488891679,0
230.54879828740292,234.7801735987944,225.15611709881847,9.97048192592444,10.849192858637277,9.154503744777886,0
190.22091176082546,194.14410400427025,186.04514656657756,10.0188166529355,10.900244166506514,9.191793022518803,1
193.7521797200668,191.39650654786627,185.0208779549584,10.51994156790581,10.301896705629716,8.971038630176979,1
195.18505176793795,188.80503761153412,185.9158219836118,11.01505933945548,9.820579013349718,9.315752171527928,1
194.76432355125127,185.8623756249473,188.742339020527,10.938218693558394,9.212293353492072,9.831944397763586,1
193.36167880286035,184.81548967972492,192.0872701657445,10.567726414309059,9.003420676757843,10.416963957976462,1
189.77532459530653,187.25165515726297,194.70637237854106,10.038578514336232,9.000537469567123,10.821990292148058,1
186.3238684528594,188.3095530260224,194.44573604889143,9.430303487752983,9.533446235432711,11.016731037387666,1
185.19445224373766,190.3495574258603,193.715897113928,9.072586957719604,10.25539511202015,10.765200221643616,1
184.7369231820967,193.83801117413722,191.4264856916453,9.199703832486643,10.756932592341872,10.208773690130121,1
186.9661656592486,195.42396915838268,187.40057755462078,9.388744129586001,10.931167570982716,9.578415241439645,1
189.94270912067972,193.88807541396707,185.89087206799098,10.139791921460366,10.775375028485849,9.15351013764609,1
192.5621272288201,192.04661517851167,185.35173982566423,10.606855660114924,10.452496907773996,9.027836200070785,1
194.19920602601889,188.85345651555153,185.8384822920982,10.999450754526078,9.760439572826963,9.303444085164966,1
195.23162993751401,185.70463088103443,189.6908456871412,11.048644958606367,9.219641056349976,9.791563058326034,1
193.95652819513026,184.63367882224657,192.26666891609207,10.541490124083086,9.035769858794009,10.482821786524639,1
190.26386052431818,185.9108816133148,195.16531697146925,9.979338139580312,9.16807715074926,10.853725818207613,1
186.83676001552632,187.13146064956305,195.53642332878422,9.32146857293349,9.684799091457101,10.984922734339092,1
185.21512437919432,190.89735679843093,194.58430290027238,9.03216596064959,10.272799227996794,10.794727737631217,1
185.3110291899839,193.62622891992734,190.79136674414173,9.054253579621689,10.862976894842935,10.112474409304204,1
186.9339263631575,194.38134771370648,187.9854109442406,9.468799547659291,11.007993188559457,9.567898014509872,1
191.5156603470933,193.7350357182357,184.79091110125506,9.958999834025052,10.858322439171898,9.21304231495473,1
192.9063674260828,191.5491673336445,185.31807022293341,10.605748087811957,10.405569043362076,9.02285309736022,1
195.11119911923169,189.29841109483974,185.918033802019,10.927009633124973,9.717123195042884,9.34258044502563,1
194.70665706716647,185.96423434883832,189.47930422960042,10.911184623329344,9.219355860964361,9.842444622215986,1
193.22526628603572,185.24917366338173,193.2602410776035,10.61490014435282,9.0498375398742,10.420710690386969,1
189.95628596402224,185.59627332713887,194.35814675010076,9.922648018464054,9.142093277560027,10.858263007489908,1
187.10067929670376,187.7040357267718,194.536313935759,9.31828698834158,9.58961546266536,10.944120310386097,1
184.5849117895684,190.68876138593345,193.4402484270033,9.080787946538484,10.232512162896949,10.68918501537855,1
184.6734961996259,193.70738790039616,191.07124794270334,9.023292233264161,10.713905810794904,10.186780233782402,1
186.11631285393142,194.56101797586717,187.2297879521733,9.451776708745033,10.976032021018606,9.532937769251395,1
190.1615974548612,194.6956749039691,185.37703631082024,10.134400839107435,10.782154096869561,9.083170846681524,1
192.42956949384313,191.41944595519814,186.13350740155911,10.575749561622118,10.368550991524955,9.053695482395819,1
196.0328211880581,188.2421366121745,186.59559986437793,10.994745722456543,9.778281202826829,9.332013220328252,1
194.64914855379948,185.74913083763448,188.70992787893073,10.91773521172366,9.227449241618508,9.81909877400908,1
192.21630472132372,184.85383706066244,192.67519233785455,10.537410691875344,9.00102052567051,10.518640751495846,1
189.71866294403785,186.03149678384887,194.27989884630452,9.875110215338923,9.144582713616881,10.95894135627695,1
186.57932951721557,188.34594635477805,194.5425615039891,9.26428866112041,9.632212184260288,10.9607442517069,1
184.85838973799338,191.1678439407767,192.08127269520253,9.054243349789816,10.268931594680392,10.690229145956142,1
185.49346049873114,193.47898521042893,190.54439105950746,9.12434741964401,10.748739436626284,10.145736335813773,1
186.56880479682778,195.43312278427868,186.7487904034773,9.591794012311466,10.888527018243483,9.453534205306694,1
190.55182244395073,192.84788355802948,184.97327727332782,10.052531934802547,10.706134618866567,9.04349568880655,1
193.34696961210705,191.97368095245042,185.8825853112712,10.674836406447442,10.278398149374782,9.093043542838355,1
194.0787880700034,187.83367711047185,186.90228535013966,10.88438762892369,9.654044552188116,9.311497967869435,1
194.19109147459145,186.31450967854136,190.53683490536505,10.856646105222728,9.273653619564827,9.9126472221302,1
192.42769471068348,183.96832231097227,192.42261419089766,10.439194410293672,9.095767488302537,10.566033582173203,1
189.54556419798337,186.4272050552908,194.16075620535523,9.962628623589284,9.248041811462926,10.837816998417486,1
185.949709440286,189.07656503257255,193.96203605957757,9.344204658516654,9.734093554374256,10.948921862006635,1
184.7965174156667,191.08060093794867,193.70341678686611,9.056759350883752,10.346043777028207,10.701151457851385,1
185.40593378374635,193.40638166907166,191.39842850783296,9.160084399236712,10.83262864658806,10.026461251977695,1
188.58064765913656,195.42167535160152,187.35297429655859,9.540439656121805,10.95197525569035,9.49640476018184,1
190.02530617285686,194.23026088631505,185.11888206095844,10.157599918035292,10.824012731882261,9.022949347159779,1
193.10791064539305,190.81148338086624,186.23964526934054,10.672056317319951,10.368733415005563,9.035560532267743,1
194.19893542846978,187.47043649608526,187.6050782789134,11.011637811117668,9.645754897194609,9.361663596909837,1
194.53936553521507,184.7561427823243,190.3579425365241,10.929127477791178,9.012002345556285,9.870636319256706,1
192.19524897858633,184.96280028654323,191.6791707660018,10.496605375354033,8.87865610255443,10.560132636488769,1
189.61135737779986,186.07403419690584,194.6284363305624,9.869913635015207,9.23832841618925,11.020792756795268,1
185.68893040137178,188.2107438328906,194.78861906022152,9.344430821417832,9.763752338287835,10.929478913528964,1
184.6393709267009,191.4201963828543,192.6182912750051,8.993706725849085,10.364105930608826,10.632055048002954,1
185.61683134715648,194.87167858871757,189.86459921167483,9.086410895971968,10.769992247099832,10.067148674570689,1
188.5548582963891,194.57413949555354,187.57079032443687,9.50336067842076,10.90600851586551,9.48665437327002,1
191.4223059225809,194.09919207421012,185.8414676265907,10.171172723558843,10.749628341852373,9.062972304751016,1
193.45651649658348,192.4082233095458,185.44483948842176,10.759421763019644,10.294327238621731,8.93886566936756,1
195.08803496496412,189.40599897733574,187.0905193373208,10.900305677928918,9.662319486801747,9.444839826807925,1
195.0131428682706,185.77742783292044,189.78558166277523,10.835380385750883,9.107975753100801,10.016158889132145,1
192.55323479108054,184.81779744851562,192.17823059397145,10.467058493033251,9.14038665074808,10.636184958475212,1
188.8191222088089,186.1868438695464,193.71659884211223,9.824940465426145,9.235250168262358,10.981146445198407,1
185.84347780075043,188.90232350411642,194.92873902253774,9.303601364718766,9.77312548646791,10.990979133138149,1
184.62838836696065,192.72815950643695,193.5606642673147,8.994113451220437,10.377286234812443,10.69594644558751,1
185.63203144143333,194.7027300699906,189.78783442561584,9.110585635639245,10.829132109865888,10.044410324128531,1
188.20258723463533,195.06218838640174,187.22341997428032,9.61385122953586,10.970827771834042,9.436098897833421,1
191.06801356232396,194.95411755764752,185.64227959127206,10.185952088229097,10.775480197750236,9.0777762744506,1
193.4324517968729,192.0855954381777,185.8508994918995,10.731929805690323,10.26792845530079,9.044212911594572,1
195.31750491470802,187.74675927635934,187.01742648819186,11.0776400663136,9.662550915945467,9.411349546809062,1
194.65226286419662,184.89165173722566,189.7901229222512,10.861516327835702,9.12543789947542,9.953210052562444,1
191.68693750446928,185.16013108777105,192.77701156353993,10.398442774110213,9.01450268380543,10.572801818426228,1
188.7875570409413,186.71578920223007,194.9176896234106,9.89614330201396,9.248626654686552,11.023399145244612,1
185.67951289262294,188.9345631499278,194.15949293674393,9.273617679725481,9.728000220360938,10.923654544347889,1
184.16821809944088,191.37842278186687,192.82473982791967,9.023745906056101,10.407726353837917,10.536196005761392,1
185.19858231355246,194.21412882301925,190.42402638511032,9.054805120009625,10.829870550760484,10.078376926828124,1
187.83575309919453,194.3725529830701,187.32970205799566,9.60865381882122,11.051157537334893,9.432781748434637,1
190.40899204297494,193.32316799916535,185.28023834852954,10.170495921116379,10.746617736334803,8.991309406120012,1
193.4593988048021,190.7215102884176,185.03500320480947,10.722920927046612,10.191547979738282,9.059346122306133,1
195.3901949321243,188.69585294502897,187.3522194637045,10.886567708622394,9.555592337136243,9.39845307421447,1
193.7017443299979,185.37988949309428,189.8907837332151,10.831288622943738,9.0917807537799,9.946276307788084,1
191.6713424723359,184.8935693720548,192.59519139910972,10.371026071875669,9.023706671745215,10.717814010366244,1
189.57284257669815,187.18836296520996,194.01387992815853,9.789519569677104,9.096125178194892,11.02037163323116,1
186.13088681606848,188.5798904520867,194.9364543606075,9.268864843844407,9.765207925469307,10.899662911567253,1
184.7723429769533,192.30962442948874,192.7783292164125,9.029018536141134,10.381442274172452,10.535996816143694,1
184.53040684063907,194.5332994157548,189.1581310569241,9.182982513445936,10.908834177715349,10.013957244487491,1
187.4909746351176,194.4471895682913,186.32885470481725,9.583440372121844,10.925576731379085,9.405465036264605,1
190.88125488481018,193.35572403651435,185.13446142765855,10.214865342972477,10.689602549461961,8.988780186626242,1
194.3608362678288,190.80287406885373,184.41453731602692,10.817388176761904,10.144232805301105,9.127996031161373,1
194.81081660556964,186.9358798789167,187.61546330586654,11.007736826518817,9.591009845155988,9.40387579072143,1
193.72297818341158,186.18531872504835,189.79901442836095,10.884110319687363,9.14919477512953,9.98946393711696,1
192.43634278558997,185.3290559528243,192.11776609017642,10.440939558194694,9.104501715220758,10.59543623784456,1
189.11641209092008,185.83990661321025,194.95375660555777,9.716694478554796,9.273237735358006,10.918668206380328,1
185.5752405872435,189.97593287201752,194.77856791012573,9.186033979548752,9.904124531504111,10.876714531446513,1
184.9496273314717,192.1777770048574,193.20038247347955,9.037393629873112,10.460997157289942,10.540300127953541,1
185.6219731422107,194.43341598611286,189.6919433013992,9.175584619309909,10.918792832128425,9.991929861302316,1
187.19440908028866,194.5113847935125,187.7537257934884,9.660458588213398,10.94074560843365,9.40772640706361,1
191.05379219280897,192.841200946663,185.33644773432312,10.261381346853273,10.676086552466582,8.984224592876132,1
194.207568083176,191.00369360074953,185.31461258878818,10.721881434617027,10.145809305043343,9.141841019628453,1
194.70262650316917,188.13065047910587,186.5696149275972,11.033763774750962,9.56674839325248,9.426341100537096,1
193.8389280938371,184.14833409101948,189.60055852298223,10.911838836794326,9.128714992821099,9.964042779480566,1
192.1604084381483,184.84127545585696,194.24353279048378,10.378921016138086,9.124168800256257,10.589626327319769,1
187.76997613105027,185.93726266863231,194.86300558589767,9.758412292403522,9.256525878889157,10.941307030129996,1
185.62634041299285,190.1064136470174,195.15028548026578,9.2848176262853,9.832496580463687,11.007463731419925,1
184.80193230624195,191.6169987005749,193.13610291147444,9.085031559945563,10.444651689213732,10.506033429981066,1
185.5195471271494,194.60804714748355,189.9823671792687,9.087896810348376,10.88637609683985,9.946339298961135,1
188.56926578059765,195.19699793918994,185.96959032996565,9.701880231713204,10.983135956047109,9.356133466573837,1
191.78325593831704,193.05905915180708,185.02327021841904,10.203341417070996,10.724218855939903,9.080556377425868,1
194.05591794256887,190.7444092728061,185.89515829861483,10.813565295797991,10.086696279108294,9.079895756038297,1
194.82611245468524,187.69303421510787,187.09281587394256,10.942334271522324,9.554284649885428,9.439355893041492,1
194.18806200385305,185.34265644491236,190.51136500170315,10.812627975210571,9.043933461252964,10.027802946886837,1
191.13507898398294,184.61800488306613,192.40334750226876,10.292608232458766,9.001791247535916,10.688177665159134,1
188.73132262671206,187.16718729822094,194.2793178600737,9.661491816432424,9.288909805732416,11.003599877060063,1
185.4046342639235,189.38150451526374,194.81084129677603,9.210534272057851,9.86459562129572,10.812000131877094,1
184.90752478003762,192.93880523985936,193.0526083387864,9.052367036785784,10.35621873485279,10.53201600143501,1
186.1852937890853,194.30753728289562,189.22308607719143,9.240350540957609,10.937410760637917,9.930008853720864,1
188.7036314234003,194.83391334478077,186.5792662935473,9.662924588791551,10.972659259056865,9.372689265154447,1
192.20857970044744,193.33777723816948,185.1439098322595,10.28873115434112,10.710464662950674,8.92171788414852,1
194.01126047121437,190.82458077986814,186.14005502143502,10.799592970478738,10.038049979501103,9.068673665058418,1
194.96096008990932,188.35492406944988,187.42297243536098,11.062103353794093,9.574955421161397,9.488023247219918,1
193.564137869192,185.53148078039686,191.3642187043298,10.788717554588127,9.134893798363832,10.2228203626122,1
192.4293922209673,184.57964753824953,192.73262811873977,10.30065704536914,8.965719330716645,10.595815526998548,1
188.30830507354037,186.21717082587296,194.2909343673753,9.80416587017074,9.357928294252332,10.906117193349992,1
185.49421386762657,189.92708970674968,194.19944583736577,9.142954575693913,9.926466440888563,10.928470424632634,1
184.15306006325832,192.2189636342022,191.88579716217112,9.015396946615176,10.549434484867835,10.479105635485,1
186.22978532808642,195.3055900087657,189.63123485812102,9.140866511007975,10.843528239661495,9.978881691282771,1
188.24499388883703,194.33870928121243,186.48813706438602,9.740078257548149,10.94055501368396,9.432664411307384,1
191.32622402966294,193.59368086679433,184.6078974497339,10.35176004802591,10.564825621441639,8.955140467704497,1
194.30370758805344,189.85918026360068,185.91859380566444,10.836184404961655,10.116447790581502,9.13120140447903,1
194.39828220598505,187.20503441859276,186.94785624524027,10.942741949108322,9.42483020332973,9.56727752783199,1
193.69960122056062,185.08509842552118,190.78569277698824,10.798657170752065,9.093863378247931,10.199422113422687,1
191.55923370464635,184.48644507108057,192.52971402504434,10.336562495081413,9.006806133749443,10.749716772665577,1
188.36636480358678,185.94731828054105,194.6397831539329,9.68165562798096,9.35773356401906,10.965832541805414,1
186.12538734305264,190.15842216665888,193.91693927324246,9.071219410351103,9.939242879612571,10.8967539413213,1
184.4861108000065,192.04250473339488,192.60195075894794,9.01240774985464,10.482830473409555,10.437140697024057,1
184.93443385052655,193.73316100305124,189.3677009496396,9.204774627859436,10.962224145183303,9.857829192541686,1
188.2045529915773,194.97729007820365,188.01794367585683,9.743141261549333,10.919193301386365,9.284110427341968,1
192.01439132552966,192.60716365741413,184.928655251781,10.365105436730326,10.573052512159059,8.949938527648143,1
193.53031267231904,190.12349845812096,185.2408719140998,10.807346760229986,10.112997362489931,9.137043396719372,1
195.9108362649292,187.03289858324348,186.66511523164704,10.997234716867306,9.402886655689167,9.563113485636778,1
193.57514715695484,185.11355286771453,191.8539636648956,10.760596000640788,9.091058769182984,10.049254976972902,1
190.8075006484334,185.28363682688988,193.3883604399912,10.221712210179083,9.056537227913447,10.718019437490348,1
188.564650487898,187.02635419413488,194.80295729405364,9.675465637546962,9.32675915291906,10.955029311309884,1
186.29355690173384,189.68200555931554,194.66137438808997,9.142676510193715,9.9415234694275,10.927535854762434,1
184.39390993055866,192.3332869592467,192.40402648073584,8.96992004514089,10.478941770940073,10.411677839050395,1
187.02672053118644,194.33103460680587,188.76762247839198,9.224886278788393,10.943042870333628,9.960321623774306,1
188.22462990698443,195.2068233195801,186.06469100976332,9.79845676688132,10.986057135519426,9.31571021335779,1
191.61912304404035,194.39288454953768,185.31646511419999,10.417775997397394,10.63393895254947,8.985635824877159,1
193.76174840334738,190.202064297068,185.73621383460187,10.811061580666378,9.976403970063108,9.15861500140148,1
194.63434210673964,186.65352322635624,188.22169415015318,10.995252363025328,9.40785458299084,9.571880070650947,1
193.91821732360594,185.74809711530568,190.85740266207904,10.771817464873006,9.080588691819724,10.204146168592336,1
191.87901014605225,185.43370618757612,194.29536037535314,10.218546537731399,9.08518895324447,10.765231505340092,1
187.5355329580811,187.66992448023018,195.1272862955507,9.671418315434076,9.37312330405923,11.070175775688138,1
185.00995419762484,189.53276927054242,193.987029397915,9.055941029982657,10.001716121371405,10.840377606774394,1
184.69915225297294,192.93528622172695,192.2699084037443,8.977436505059153,10.585898222187227,10.41468064339459,1
186.85446628684176,195.0423515833035,189.16949503652302,9.235532905587718,10.902387957275009,9.817214205117146,1
188.89349748077245,194.2377773937653,186.40436371280987,9.710458537360456,10.899788798052091,9.237019707436723,1
191.94239019638144,193.20621819096743,185.45575044324883,10.434897370142753,10.602611768617562,8.998000257119749,1
194.89796642792447,189.63323233235124,186.09591612680168,10.863524469443222,10.01606979517064,9.157053231138244,1
195.79719019399698,186.94715405060407,187.8618921842654,10.9866905069303,9.412097777073305,9.553090355051376,1
192.52441990749432,185.66039443386603,190.84434024184102,10.663210415899647,8.951786576742483,10.164397156815681,1
190.48083772213138,185.460306060873,193.78209792592278,10.266847168321153,9.01879620714888,10.825135158188719,1
187.6193941816646,187.40317497553656,195.13491443119983,9.574117976764695,9.449706160567036,10.946225028788659,1
185.41707828811045,189.4632433053194,195.82079134257876,9.178854983949924,10.029271515922904,10.861847009314678,1
184.12684164537632,192.62612823967228,191.8618755597394,8.954717371598061,10.614307726812756,10.386908796020402,1
186.06646832897167,194.695439303434,188.3668898046777,9.272451461137507,11.012600687527327,9.76422673465246,1
189.51851252084762,195.79317324086495,186.9254581903867,9.73058535928078,10.902825585810797,9.266848157434394,1
191.83146577731338,193.3037950672734,185.98996293516927,10.399889128422586,10.549138471590059,8.97802017232154,1
194.95445540206984,189.7898186335476,186.16923058008558,10.833262378941566,9.909574134102707,9.107400787841222,1
195.0279095688194,186.52149370842142,188.3386150445741,10.961788018667466,9.487902667131637,9.571309998842974,1
194.45166941215712,184.46505105019946,191.6412526534785,10.690792841085802,8.919864931857918,10.249208269101862,1
191.50012121628714,185.73122058064456,194.4502688862341,10.230815399813187,9.097557534871047,10.743545374366445,1
187.8779782340976,186.92894962905547,195.98978642020253,9.579803672666662,9.45755221719973,10.968027491599992,1
184.88096095048203,190.08375324457512,194.36447913416458,9.092112922951138,10.047961909577646,10.845376365027219,1
184.8564641371419,192.95144804926025,191.99638348910312,8.993745032616074,10.588060780006657,10.314318572554876,1
186.18608923763574,194.68735107163837,189.51908811782954,9.26879584345718,10.946297730472086,9.752140890628272,1
189.7702223563306,194.93469114164822,186.01089145583265,9.7791042158218,10.985357731126335,9.249259070472364,1
191.58557555313143,192.22881270856695,184.72040929483634,10.440691187210696,10.608427266961344,9.089387295126292,1
194.5295613801971,189.32121501844432,184.52404751949496,10.907431860342166,9.928076655530521,9.125525935848213,1
194.4384634995743,186.67175724642655,188.98970227165677,11.014269663932208,9.393578992456106,9.623196219552428,1
193.07720336627196,185.6039292428823,191.94586501894418,10.667197589867238,9.038149990525588,10.293195543483186,1
190.35545538748002,184.64295633077907,193.17179063449728,10.159648633799993,9.089102891103224,10.740978869831563,1
187.86688100482968,186.99665078656483,194.66115671556418,9.572612707301797,9.461273116046847,11.067967372007883,1
186.08478852149258,190.18317309467272,194.1246587712651,9.116275486330588,10.032930657461966,10.910254670805891,1
185.38832117684757,193.19239803248723,192.58556349322492,8.928782526821559,10.69030854269331,10.337993725960425,1
186.19674472134923,194.76752252494748,188.64081569255004,9.330470813537858,10.971698039549281,9.722373261619902,1
189.69769557540533,195.18290411338452,185.3609233972701,9.809482408731325,10.88954888796804,9.367091129362631,1
191.90029972392372,191.73627585983178,184.71911778761333,10.477713131430715,10.58988005191354,8.947448236713734,1
194.69213330300835,190.1396601367555,185.55778046833154,10.9749998138027,9.877561697075935,9.227817510750572,1
194.80492373897403,186.88026966255353,188.19822751911033,10.993714942317615,9.346688955859294,9.63275452205368,1
193.73986223212694,185.20426631716805,191.54355324308355,10.650086964489207,9.058705113483597,10.3328386341439,1
189.676824002444,185.72925566092997,194.13364548685834,10.217871656686427,9.07676040887896,10.824031888492614,1
187.90804833804413,187.3663929260487,195.81613878085554,9.552372041439067,9.445582977870272,10.962145010722276,1
185.8653831365687,190.67883561384303,193.89069360078096,9.106903451696402,10.081770372323067,10.77404440969558,1
185.3610371802877,194.14063526425056,191.29700451009498,8.99998055236911,10.66239479228549,10.285649158273806,1
185.43371213677975,194.88358827511976,188.60947294915835,9.321726945046956,10.994612228365014,9.720673810994127,1
189.66560612656184,194.00188769327016,185.17045379817498,9.802741932414865,10.917782763137016,9.184528169357451,1
192.23503349155865,193.10755933866903,185.49178999205634,10.467503124779169,10.514681692475946,9.026480925261081,1
194.51633398714014,190.7992437611325,185.35338373506806,10.857461275267408,9.924253508570496,9.155412749644743,1
194.5424094773491,186.60919970877416,187.78173080652016,10.987361613266737,9.307840844434123,9.61054690587482,1
193.2223665834089,185.27751124482202,191.56310759688768,10.68716440457448,9.043169463260215,10.39090957383653,1
191.20121051302098,185.92163983087863,194.0903090251113,10.05628654169078,9.115904338316831,10.895640356582128,1
187.70990559424538,188.17187511868582,195.24891988567992,9.440832198890352,9.517714295987771,10.953576346351392,1
185.31636403044627,190.87934713651052,194.8294584453957,9.04137563953024,10.0230600015582,10.747789388567437,1
184.76128726242615,193.42412925974548,192.47279586121573,9.037720511475726,10.625273668219513,10.322036824696898,1
188.0450131818159,194.06449588268157,188.33685225854217,9.31603442187385,10.896071821780513,9.737127842848855,1
189.47912493942488,194.6952052953283,185.60369579624484,9.887327048607016,10.931581771026591,9.123461734159852,1
193.44442200953782,191.6400389959905,185.55719551968468,10.465416834284289,10.43220687555648,9.000863165142764,1
196.01459984638515,189.38420081923564,185.46871336856807,11.000893737124807,9.89888397830655,9.118201099237286,1
194.20826926734495,186.11085189912478,188.59755838667684,10.97974834179296,9.362186911030362,9.662378423104276,1
192.72540762963422,185.44325466183142,191.07680181622328,10.656454779445568,9.033954322298925,10.355540154180858,1
189.99450524447454,185.82979943929357,194.62023592876682,10.168778888877224,9.075035851231734,10.730252511876227,1
187.3483725203981,187.21272162741462,195.5772917408217,9.500581392865898,9.54639906366112,10.994009449209692,1
184.93758800759784,190.7613133444645,193.3053531995319,9.057636407950584,10.097021350432678,10.828691217334153,1
184.69146505425337,193.43434217056426,191.4075807967576,8.99764182447759,10.724099238944302,10.271913014507417,1
188.05268899988442,194.3971282442851,187.28295159930312,9.432161465819707,10.975547166360673,9.620627409459841,1
190.31042569758637,194.41848931823804,185.80450417014757,9.895974738022765,10.978516917199025,9.194843142928892,1
192.39470075644775,192.1638851886018,184.92597433852953,10.474560851266935,10.40267498178467,9.016085209253436,1
193.97351458135094,188.96001177085398,185.15532367155586,10.861584279909797,9.843299729159048,9.287486049652415,1
194.711625173417,186.45388978737788,188.1196871768575,10.907124576430173,9.392231352111175,9.719288973149267,1
193.23338610672968,184.8742489301871,191.66679695305606,10.647443987572636,9.025637009414588,10.263065381506516,1
190.81133289449696,185.67162028692158,194.00078779534073,10.10668243744319,9.135598027367465,10.777993573747109,1
187.72587425144332,187.43393618832104,195.0485364615213,9.447527923132354,9.531644172046263,10.917174863154726,1
185.43739249502292,190.65298553662882,193.69247521683147,9.06627579930156,10.200058901774474,10.70454287338606,1
185.37385820554425,193.06733126069255,191.68013871123523,9.00432410280939,10.720660961057696,10.26022965059174,1
186.56551362901314,194.32320961084304,188.13860925685847,9.400313897864844,11.023798751138292,9.66391916315466,1
190.0088552232592,193.81585621552742,185.11279924552153,9.944304145111625,10.710810470352486,9.146833780258358,1
192.6415210640731,192.07858929295304,185.03003603143281,10.450676359314206,10.483478759048289,8.973582948510344,1
194.65878752455524,190.05142133278378,185.87808507371886,11.067858495310606,9.831238802449809,9.215051233806554,1
195.0305080802114,186.54192263363555,189.32422477414744,10.940105210294867,9.306197811234316,9.693269426972709,1
192.48387754982684,185.22429524011244,192.17799600210566,10.66072076389476,9.04021388679567,10.40080656480367,1
190.17500899448842,185.77975002906877,193.88401393860138,9.990831871053027,9.140521209372297,10.888314473372583,1
185.84804447733592,187.8068596294576,195.05578824913636,9.54872281682899,9.593960893248793,10.981669644658917,1
184.6965279515829,191.0369545095422,194.270876858474,9.084613942019644,10.220690278645634,10.631164349289843,1
185.82177909657986,193.43187200137942,190.9794524765859,8.97522850058468,10.679226042216904,10.212207257900696,1
186.4657013648805,194.8470760004086,187.8195592181426,9.374321258178714,10.99800764839117,9.590890498593946,1
189.8131011155396,195.00338100412034,186.03385014148918,9.974163416522218,10.783057413271056,9.118567880066392,1
192.6891575113468,192.78144139897006,184.41151013049176,10.698975215130917,10.421801044612463,8.920153408382383,1
194.380586122428,189.73687477710538,186.42991056519068,11.054777984935036,9.826679186761302,9.228468187049994,1
194.53796515881038,186.34682460381651,188.7215522335947,10.925517392098017,9.237529325219915,9.853410580603388,1
192.99426270587196,185.83952544151003,191.38035288281503,10.607449721597886,9.071724321798394,10.420128828082229,1
189.73493591954391,186.11826484076352,194.44882592704815,9.967962842514622,9.213246318935997,10.853022226510584,1
186.95924033950442,187.83978521465002,194.0100722569402,9.45943995371129,9.650646090866697,11.01479151974169,1
184.92666803007154,190.84728369706144,193.57788703419413,9.010846593429939,10.175153074300821,10.784902345693318,1
184.87894099109056,194.31398924168866,191.57466146933174,9.043785133176728,10.627431778092852,10.178165601924336,1
187.13642187454732,195.2728586824006,187.7292009280077,9.372893944390276,11.011016951785745,9.584722950683252,1
189.52082344192613,195.1009929682245,185.82822473065264,9.945274631097462,10.860934328709785,9.095039983187782,1
269.15825641639077,274.318409055429,265.76641382066805,9.94706408247191,10.734717062789052,9.101348397792629,2
273.09854273826204,272.4389759009751,264.39480566684745,10.644496176905678,10.454398576289671,9.08561017490281,2
274.6408109827658,269.04714934303365,266.93944743543835,10.969337101856521,9.77349190541588,9.21840713588287,2
274.29075963549053,266.6122972033581,269.27616495901225,10.988181122968726,9.236951197401115,9.843882687793782,2
272.66770591820926,265.97537821383605,271.7955648775616,10.546082540815485,9.067126625239682,10.428068302015433,2
269.9727398545007,265.6309304165459,274.4426446283386,10.000479701939344,9.097145386216084,10.95108419822268,2
266.27738618026865,268.3047455375039,274.9781190553443,9.467119965890394,9.528736276769216,10.967379529968992,2
265.51063728301506,271.4905897969577,273.86978365315076,9.051870338486042,10.13823243763975,10.761366200205659,2
264.8182511213757,274.4208098578726,270.02138838826045,9.114116585448832,10.779870308749933,10.130586257712483,2
267.93252191340866,275.24182629208036,267.9309857247064,9.56002056284723,11.029425200723999,9.534077946451632,2
269.41538274129346,274.19733931646647,265.45657786890945,9.964927129502044,10.766648209591136,9.088881050129292,2
272.8933566949859,271.78148987405535,263.64507272215036,10.584305427889895,10.466963163518077,9.033430737263961,2
274.2456136956734,268.7697892867411,266.5995733097019,10.929511680624595,9.747417648910526,9.31701373461795,2
275.53704393276496,266.53691905970095,269.85271969134476,10.984051994342662,9.270378111737642,9.832054521451527,2
273.2194104368495,264.7485321202574,272.4839343538176,10.551579836345308,8.986140368964811,10.418103546677248,2
269.2305982743996,266.1719845569027,274.0520624039478,9.895189250111581,9.128485787670261,10.850274580056597,2
266.5571809264897,268.3863276728495,274.32561831408844,9.436146841469292,9.697520766175376,10.936723254786441,2
264.35181305814586,271.13376729729026,272.8130977825577,9.064245443148812,10.185003488829679,10.680248444579812,2
264.0898606164721,274.07120003010834,270.7169472042651,9.04635451601371,10.749273774960432,10.157702124009063,2
266.95889642246397,274.77893312405786,268.3947349458385,9.467384633623102,10.924366448371334,9.615794296132195,2
270.0360591969701,274.59456866012147,266.0304836287662,10.072869168816979,10.845533735061322,9.09170379628954,2
272.6991173855949,271.7517898205357,264.77488488695354,10.614209890128953,10.425289360525698,9.0302870369342,2
275.6925333285939,268.1089930888491,265.9317918321435,10.866425221571925,9.823684880351102,9.336985743331486,2
274.5869344758859,266.0573676441555,269.88612657887273,10.897519409416303,9.262876748003537,9.930497410803332,2
272.0034111915201,264.0021982955393,272.2545407549758,10.605897671207185,8.978869859463618,10.412462649627203,2
269.8204805259189,265.98593174717905,274.0600306861396,9.883337895540649,9.09341337199094,10.878822041991194,2
266.9995263834236,267.8947272716775,274.9867314348848,9.399028473589322,9.670231181547605,11.080396437520582,2
265.23635501360764,270.58646767768374,272.8180227869635,8.967513491842933,10.306994182816103,10.717281056691421,2
264.4386664959602,273.5721750187152,270.62662556945224,9.057150315607982,10.748385984828355,10.042893794948728,2
267.0380124641594,275.1971404158583,267.5545931167949,9.505205891365351,10.91918105013681,9.524293743376543,2
270.1668879336302,274.5697182966936,265.5876021623446,10.044878319655506,10.768055344009202,9.060080500180204,2
273.40162890810484,271.6218148363286,264.2757981189248,10.667116631058727,10.32790531233732,9.02444403210557,2
275.6012265005727,268.5992437521962,266.8131934876438,10.934352616352564,9.66664722992765,9.252563149621771,2
274.44719682909306,266.6130596207383,269.0662268713196,10.793836806885663,9.102919589406053,9.831479731078726,2
272.562677799649,263.7746348592759,272.0164887356383,10.544000901791554,9.00133927666331,10.539661437445334,2
268.65241088189595,266.3232821914182,274.03817936754365,9.932409640244565,9.153543655876746,10.787650680023058,2
265.36345737914513,267.9292119896121,275.2937324035362,9.286692674856155,9.68450265462153,10.973285503820703,2
264.58637236938443,271.8315694916176,273.7887451211195,8.99323973979658,10.31455124333073,10.608299577220762,2
264.77660706181484,273.05638922936345,269.34217353480426,9.07263817284233,10.859021005629824,10.09904357729796,2
267.23115403202166,275.7536301388184,267.8816820561834,9.497747438046792,11.086084687367444,9.365440223124237,2
269.2414953312279,275.26735608599364,265.8922730704126,10.065139895379104,10.819877606044745,9.131896103800765,2
273.09970259625413,270.93343898760287,264.5666791062829,10.683769755973861,10.294685725354976,9.052791893212786,2
274.48835436581845,268.7874165657673,266.92467687220704,10.99180403657137,9.678909779106531,9.41305860536217,2
275.1335867944609,266.79996323824196,270.09945142366314,10.910281870622427,9.180791535517445,9.857321887611672,2
272.1507640656646,264.25811699859486,272.69060476935374,10.428189806456164,9.067342971832229,10.535559603533759,2
269.98679575790027,266.70661218618613,274.4963115731098,9.895067148025609,9.248867196525623,10.861749203743175,2
267.6477076083071,268.7934754955294,274.90567168958023,9.341896311004936,9.714763772271628,10.961512577584758,2
265.08099622483724,271.3316750137118,272.42309655016936,9.006790315136728,10.33762516418025,10.74064300061877,2
265.1316141930807,273.84436713682294,270.63414351387723,9.068194570469068,10.83226070810163,10.072845360856236,2
267.3489220203119,275.08264716746265,267.4057100383096,9.48829462003211,10.989717548378943,9.515376268043832,2
271.17151027181586,275.2857455302865,265.38482889062567,10.172827894151034,10.784354577253414,9.07643786636289,2
273.5101534036902,271.60127855692775,264.96935430480437,10.640498248266686,10.282994597050399,9.025351801310935,2
274.6991801540326,268.2412614264515,267.1016034310774,11.022099033780027,9.703574486224479,9.27283581057841,2
274.6515738773503,265.45204935151077,268.9929629856575,10.8617274913874,9.14536223002422,9.932544626913444,2
271.4620513579197,264.1971977765977,272.2742872350331,10.425853907821221,8.954995578175039,10.555198268870273,2
269.31850160431145,265.4033772726872,273.62055082798923,9.848663528932587,9.13672279878007,10.876210678078152,2
266.17348746762934,269.0714494049083,275.2778215276377,9.274454113540028,9.798229602052599,10.978499923981941,2
265.10106577156915,271.533192488939,273.62276140381005,9.103148453681424,10.360348621092756,10.700832321758869,2
265.40093443244456,274.5017721912569,269.74347733370956,9.096313529900472,10.848712274190268,10.030545269598308,2
268.6873603676192,274.32214929154105,267.7891664611921,9.595610356818844,11.022883641988118,9.50302246806418,2
271.3699728943831,273.84707434337963,265.109983228556,10.137339324968309,10.783829120311879,9.120988402756609,2
273.1812562225906,270.9371397931687,265.41573775860434,10.768922799673703,10.354377343187261,8.956896272727422,2
274.61347877223045,268.78320210956616,266.661527359259,11.063031880452401,9.695755747034148,9.371549676680845,2
274.3758590358613,266.0544985727568,269.46988484779155,10.877729765854909,9.22849686472516,10.021436543798075,2
271.5654077586702,264.1203041444545,272.8728462221839,10.408768199017436,8.99694497516236,10.558324921285372,2
269.2527147990947,266.4523302767962,273.99338757722705,9.931562120356764,9.173991486816123,10.958005037323487,2
266.57954262366775,268.0788337924397,274.77866750590886,9.313090126848783,9.734002144501016,10.947595021408686,2
265.4459109547646,272.02224381521415,273.3313483863465,9.055164880085997,10.332231512313738,10.591863343553113,2
264.0998267824628,274.0980636376884,269.7862651560024,9.107392304577072,10.76733313684633,9.921390483569809,2
269.01609701025416,275.3257930441921,267.78795734737093,9.58781315492569,11.003581187196637,9.47330851049999,2
270.0105811530521,274.2111781480891,265.27580948618044,10.155117427478979,10.786122838820619,9.130527961292449,2
273.25638059997834,270.75580868222005,264.74138482295706,10.796992495201238,10.210682456546188,9.17805410189001,2
275.0530333726091,267.82692934176566,267.64872965528843,11.004076504674812,9.671772284333791,9.390644027451643,2
274.7110025772899,266.9614708236789,270.23784706213587,10.88445504908223,9.177044993093748,10.009370348084335,2
271.6647358385059,263.91147986129437,271.2515573300015,10.407069445883709,8.983210046747141,10.571327650208035,2
269.50187276314216,266.45501112967037,275.1415362786911,9.842157232601672,9.261311149632505,10.88639252380628,2
266.1458839628366,267.9864445126827,274.6943591061021,9.202382046214712,9.796780796020922,10.96158613806465,2
264.07124128462965,272.22010994193016,274.29369433946795,9.056501501810937,10.400110392645193,10.569851378296722,2
266.0264353423929,274.0899854470312,269.2209530684963,9.087156178055613,10.950263567646516,10.008787204420091,2
268.6556690154847,274.1024718624081,267.34413665162725,9.53434694418162,11.017759723199498,9.388488531321748,2
269.9793978496869,274.169899622831,265.46396632953304,10.203011167359149,10.850704583712236,9.146309227439389,2
273.0389624728168,271.29453632945706,265.6011686222634,10.780627893407969,10.177488048536908,9.119113292452736,2
275.27364254013935,267.98328780295765,266.1053132038874,10.96347715503888,9.526962784065708,9.412809932207146,2
274.1389072376586,265.75166310969485,269.82638722244417,10.76435849705284,9.129766990233131,10.020067632606255,2
271.5592026224161,265.1914837854093,273.0785307555253,10.419683089360774,9.015835109432782,10.6459239377386,2
269.43082665569983,266.10480627352314,275.072469030706,9.832306322427089,9.260914833276242,10.887333004319254,2
266.19664724893045,269.0169373031638,274.29497132503263,9.203249135886889,9.883527428074,10.953011386675565,2
264.9522587036577,272.1605250041679,273.0686724287377,8.981962488744108,10.457995938607626,10.659648064596055,2
266.3023234248628,274.01042542601175,270.12043126995343,9.108493106698397,10.819403640951176,10.024203432852564,2
268.4597753914512,274.563444810235,266.68150463132565,9.637133534519565,10.931214703023615,9.419386317073682,2
271.65638497760284,273.71969834157164,264.98944820576264,10.24013882823168,10.745811528465213,8.992283546758976,2
274.84779637933286,271.4720833900556,263.9773128098566,10.808275228026702,10.0784295694602,9.026739850359407,2
275.7557764176632,268.1616710428985,267.14027814240376,10.983130965798074,9.5658693726608,9.463576667221774,2
274.64746396531405,264.42614444799494,270.4834176347,10.914210240522445,9.103152377667504,10.08482117419257,2
271.3485561992164,265.99516068623126,273.1587035236651,10.294261606755805,8.944738708881296,10.628546557563313,2
267.3368111341725,264.8192008831155,274.6772224466797,9.820754216857205,9.304135679573408,10.964651812313425,2
265.9745241458947,269.6245304954566,274.252947264213,9.166101065939836,9.907752694801012,10.926840985229124,2
265.03871103580326,272.96451145686956,272.4757345772141,8.979797342943954,10.472666302402057,10.586876594985366,2
265.6359463728017,274.7105594442468,270.54465963270854,9.184654889860848,10.980779926626713,9.96989277184234,2
269.0653610969886,275.6429546717483,266.6180469485307,9.65711590933429,10.994412052936669,9.397452372691687,2
270.2492399624328,273.2945329111022,264.51353979350154,10.21403868982853,10.690118151763116,9.015541899094558,2
273.5227415667907,270.4693401041655,265.63213337613166,10.754066600509441,10.103742050924307,9.040504176448357,2
275.1361180528475,267.6714123596419,267.23961413298707,11.006260023570118,9.49580529150734,9.435857727190601,2
274.6677103443006,266.54287699210147,270.0264700127267,10.846459835661356,9.130993012774063,9.993320603254007,2
271.37148701934603,265.0424699580708,272.7899156784139,10.403173114157108,8.925086515217595,10.708167124547247,2
267.5825378975925,266.4448578710859,275.2647269474026,9.80082896136982,9.327920033198525,10.953397582744977,2
266.52648019390324,269.15664948033964,275.2108089506771,9.151594596265147,9.83194086310373,10.901571504859147,2
265.2260146810555,272.45407816292345,272.7165924879821,8.94409871587811,10.456828555227734,10.615312200749562,2
265.188606874048,274.0846216481146,269.6925980102349,9.128807334920149,10.999819574140018,9.978480376385937,2
268.56933851673665,274.6703643101805,267.05544816231,9.649480479611068,10.938132033116963,9.331859635055203,2
271.7153206853226,273.1015227235656,264.76682132889033,10.272344457611522,10.667694613876282,9.07275352816711,2
275.08950865381007,271.1596061031586,265.7840589295308,10.802799346836228,10.06011012143031,9.001096201645018,2
275.9508683968329,266.96361659419335,267.11980349079744,11.112354164257383,9.566221823035209,9.422540767166364,2
273.91974964478084,265.4383052106181,270.3761684756109,10.847998237278638,9.053703396819747,10.062347600412277,2
271.6049459709618,265.2798295989272,273.07213093578076,10.262255253767844,9.001951870962987,10.677039800982342,2
268.07486944915564,266.4739697374504,275.24962634301954,9.742096577305484,9.302528407339551,11.01097370933442,2
266.5940683947084,269.51471473994457,274.6512547387502,9.145897854970736,9.797808061127627,10.876029396488322,2
264.97619690756477,273.05715867618795,272.045973305012,9.03425425377157,10.428519655168216,10.490299541511387,2
266.1580720067606,274.93905258992123,269.7916289315884,9.199395749579724,10.832363254081036,10.012479721102725,2
268.40837774958055,275.3456302726682,266.0082683091279,9.703007545075474,11.005053930379619,9.321130557187507,2
271.574182728201,273.7766602338067,265.5194672389939,10.350189553397488,10.639287495683508,9.018827234427233,2
273.93582870934085,271.87939150837656,264.99363478338114,10.775182040616679,10.160069513587631,9.147487019931848,2
275.40126445422163,266.2567197366472,268.2491216665517,10.9317198688836,9.588696176688282,9.456042071022054,2
274.6035109834201,265.70376867156614,270.91816379255266,10.82480255568546,9.08468931981977,10.108152565093857,2
271.19413783602175,265.5821040566456,272.5792216441711,10.270701686115938,9.109561625046448,10.66084677862094,2
268.16608322456597,265.88105643217654,275.324628766864,9.765930529896567,9.294836808703362,10.95032618189837,2
266.5906370956403,269.27356889867156,274.37167645517235,9.258784654153429,9.924332165472194,10.927280349669966,2
265.7134270698494,273.1107167279806,273.442129803728,8.883181189495243,10.57745176666554,10.487092725761281,2
266.17983566022747,274.0276616874271,269.5718340063873,9.216701897376632,10.89096653513357,9.930437290143598,2
268.5022359273354,275.71414098861555,266.76534190836287,9.688565909226556,10.945714879705394,9.317726951858843,2
271.3461637579143,273.6355218843819,265.737579349022,10.419976492626509,10.684102821315614,8.960204926006856,2
274.72684326295706,270.5840617852968,264.6049947290057,10.804292176610634,10.150660973836755,9.23044536767172,2
274.8215481916692,267.9023486446901,268.54014017296777,11.0678301414355,9.487372995647544,9.482106526443296,2
274.7278039752193,264.6128541731911,270.1757453402614,10.851943018660933,9.079942953904963,10.183298299629318,2
271.2888766408727,265.51488999807907,273.0773912256356,10.289468714013656,8.965221367615571,10.783755212334544,2
268.20524016086193,266.88994692316334,274.44590216678534,9.678613636343051,9.27254497574631,11.014307276397371,2
265.68943138898567,269.5848031839026,274.5352095210651,9.149836138737518,9.925019412545266,10.909513232367942,2
264.5498047893299,273.10350811214363,273.00331895438967,9.058388495843023,10.490734689535334,10.483630303304261,2
266.1308349621227,274.1692793744964,269.1153599702485,9.207573706451326,10.907894908546306,9.86316550606149,2
268.8270193425085,274.24211635047243,267.60095101389214,9.754510896228219,10.938365836237574,9.297129226363344,2
270.7076367906364,272.9043128919428,265.04920605875594,10.345533462623075,10.469369554048964,8.98335195106318,2
273.77954058504196,270.6434382671135,265.3101970084974,10.813332548915835,10.070117743492887,9.13039042699473,2
274.49287806060227,267.40123306880696,268.43266280112806,11.042954977163479,9.51297950074023,9.596944567004623,2
273.43842735870624,264.9774465966217,270.35550748591413,10.811386892899048,9.014274690519,10.14526317971997,2
271.7151228730269,265.35550785105374,273.74745404059865,10.254822273108333,8.980720245106063,10.644524707614142,2
268.4479522627595,267.40402594834364,274.47779898613385,9.566056088497195,9.352537974641045,11.018409903680274,2
265.8179168037422,270.05292590733933,273.56198727564527,9.152405631075357,10.037434687396955,10.889706914190956,2
265.3775727297847,272.31425365487866,271.71917491429554,8.970547915327764,10.515482348105667,10.50870170894927,2
266.9562552683154,274.81494634165864,269.64053656247523,9.180569302699267,10.889060906234691,9.810152901265287,2
269.35993342739835,274.3194517118246,267.1783401171005,9.782720646975399,10.991715468014185,9.29805551196336,2
271.4969953472667,273.22960239436367,264.4591344661337,10.445751854057328,10.579086179976514,9.039916455596975,2
274.1490871011543,269.9777210742226,265.34581023922937,10.837882101285123,10.031944653269612,9.101598955356886,2
275.16038421668634,267.54653127885985,267.4721436360704,10.995323950688586,9.48259689860054,9.496329153935816,2
274.21201834798296,265.53498901071055,270.6573749948622,10.674820537983097,9.04453054509293,10.171681291584663,2
271.58214889307743,265.7274569141679,273.3371585523568,10.340724519016888,9.09398105418781,10.677661824944538,2
267.57862025127827,267.421940468626,274.4677495288653,9.59792526855842,9.35866426334598,10.916935193599734,2
266.4928805254548,269.84577673393267,274.6492683949333,9.069375561918054,9.976456276480459,10.87801847906371,2
266.0168953150883,272.37832004894125,272.10444943011555,9.017070785544655,10.573752428787602,10.406779184929338,2
266.59173039414344,274.83672368943775,269.6562373360459,9.215946940272689,11.02105646896866,9.74722649406028,2
269.04213505230285,274.9415402961965,265.98882077364715,9.80341538880345,10.94198271583965,9.225833516939844,2
271.32850040456674,273.0346477394648,263.65784333349615,10.39665317356176,10.596448785014744,8.954531690472528,2
274.2578974485091,269.53964700137095,265.5883765012369,10.842124045071216,10.003446866568773,9.076666687090786,2
275.3979240171035,267.28764272480794,267.9823909594353,10.90486698189226,9.437543212081948,9.522710282586791,2
273.0416616018171,264.426463825376,271.11792127263243,10.740188618608398,9.01640522310872,10.164325092557776,2
270.70858072885034,265.2631917502819,273.65616379085105,10.240532855086713,9.030389823546653,10.80450554169152,2
267.6619496570572,267.33767027728385,275.5029427167682,9.632226472012707,9.407301728329676,11.012481529006838,2
265.8481025637578,270.1948300180787,273.9550724574561,9.185818096752957,10.021873780214895,10.949057196087173,2
264.4997365535759,271.98342467703793,271.39770904082235,9.010914874149707,10.573475758352714,10.506645072045588,2
267.4172385174162,274.27816392053916,269.3439054040638,9.203583040673454,10.969332270176999,9.788355170144996,2
268.7742914120259,274.48121460133154,266.810603861703,9.809316689711395,10.886478223968549,9.341325972881622,2
271.73863683549564,271.42865209144037,264.68685159935836,10.40533033052595,10.502889272676805,9.019987414571418,2
274.69047710072323,270.2788141864139,266.55149456494325,10.881775870425127,9.986309447256815,9.267121327469603,2
275.39012229293445,267.293009877464,267.7226131317318,10.989344876112952,9.447567032492891,9.60512362890682,2
274.09379636925354,266.1662962560044,271.5367414868532,10.689192193563203,9.02425219858382,10.192026163601666,2
271.0041542964639,265.06585998177644,273.36345094393823,10.20506363692464,9.077274082014407,10.687950620077059,2
266.8284074680938,267.22119381648713,274.8379322710753,9.490298352387986,9.405763627573775,11.025562047986739,2
265.6428103436833,271.076857920822,273.369847567422,9.044638042868906,9.991103140413824,10.898016922952923,2
264.9048362161099,273.7429539239452,271.7316166797126,9.06166394000107,10.609807740926367,10.285825473970217,2
266.95388066777014,274.91944724844035,269.51653797714255,9.25847275094895,10.995943952802323,9.758808098553008,2
269.9563509292015,274.80882080719135,266.4583352998598,9.784447600220172,10.933465592710549,9.1572243776501,2
272.24373265012247,271.8392379591553,264.63791009583196,10.513906513519123,10.554564643324136,9.07481037921079,2
273.93839735596634,269.571343087862,266.63114076646445,10.857225357918393,9.941610476936587,9.105637670743597,2
274.4803778436057,267.6392431216891,268.6035928087829,10.949445009756559,9.430185333545461,9.746227152744096,2
274.2318817162747,264.40764591549384,271.34593359812897,10.64003286668065,9.008053254829887,10.306234857968901,2
271.53611825052775,266.009870386614,273.4043894875819,10.200141097692681,9.096706839874729,10.833822384162252,2
266.9761325862174,267.34253317088655,274.3393917773408,9.510167858814645,9.515263162972719,11.017442573704923,2
265.72574950805335,269.9552269797634,275.0069920251018,9.092692486414881,10.000576611039806,10.87474729107326,2
265.22469702817625,272.7619073977347,271.4822245924734,8.961653197001871,10.60207392678234,10.369822738191818,2
265.7688048052752,274.3094214252657,267.47880993964225,9.261333912629286,11.018826300728511,9.778721926464756,2
268.7252623164007,274.93184962073923,266.9042420102587,9.870369314591475,10.902550054922457,9.217554240720217,2
272.93957324405227,273.5036871177749,265.4141559872523,10.595871810978014,10.53524793958213,8.913814868443247,2
273.424285141788,270.75306200408676,265.51210135985434,10.888765187937736,9.939254342086418,9.191342635071532,2
274.90385019087176,266.14508964215577,267.861453973841,11.020413273429847,9.360033433703254,9.672876220671546,2
273.69981030358264,265.18093851073667,271.1741012718558,10.625536039452717,9.002477041794908,10.291549414008575,2
270.8501090948029,265.70311373670603,274.2732004176265,10.11783710089508,9.036924132055814,10.777384408042677,2
267.6097386541069,266.6092788169871,274.1516062219728,9.60397584379627,9.506336133289105,10.972442205518801,2
265.32160753747763,270.4674829255418,274.8953904688511,9.124826868459252,10.148414881458864,10.843433126934611,2
264.86176699756396,272.78259881425925,271.333453621474,8.999823269451491,10.644055268328616,10.365608176576774,2
266.29553973632,274.57651564150024,268.2570835443779,9.338980965253402,10.985897776828343,9.699427304813307,2
269.05171131959685,275.35588017851705,265.92508396423887,9.881779270772627,10.826450280319008,9.340084292015423,2
272.7719138263352,272.08766899249645,264.5566182122552,10.481574329380155,10.60474011266182,8.959330800441961,2
274.4131599213722,269.91177220361345,265.3410372648561,10.936807181983557,9.877822067339011,9.117145418674406,2
275.2273730446851,265.64055829138476,268.0180093625057,11.064280811683522,9.366207213295633,9.639110218168659,2
272.91576321255496,265.0796410672906,272.2808697794811,10.657813371657022,9.042913613874571,10.33972394364441,2
270.5164583750929,265.3494051723891,273.6251319985048,10.070287910819314,9.040430188291976,10.868230324076478,2
267.06222305244717,268.3169623468192,275.2951941267007,9.435637412853566,9.424083452141346,10.989992194993311,2
265.5345745510795,269.4786457653001,273.6890398927071,9.064187404566733,10.06829566512617,10.902353725146927,2
265.11743241122736,272.9772911343314,271.40417484822547,9.057452339201037,10.63027155823651,10.258068736490007,2
265.869507410206,275.47925443358315,268.73523054196824,9.24529014702209,11.050802986255038,9.774696438119516,2
269.97696326523027,274.99220657529605,265.1858981594258,9.858327393940751,10.986025495428429,9.180092833050772,2
272.2632043828586,273.30151229444454,265.1940018280035,10.482810906810467,10.567949129982015,9.07541519361342,2
274.72825749194124,269.86113630744154,265.6263250868028,10.931893547595452,9.945319513276228,9.25663560507963,2
275.20506825665643,266.83152934449646,268.3078753889409,10.945545207697021,9.293583239104288,9.739218842631184,2
273.20612965435595,265.8447863072227,271.9914876202317,10.64654602389499,8.926843681147785,10.269979699369582,2
270.78741168372426,265.7547155222792,273.10528127510605,10.19002498112522,9.082012783451592,10.883995112282694,2
266.77414229180243,266.8875980102953,274.9147950072863,9.42827432173638,9.515227848476702,10.953934022645877,2
265.3368415414616,270.6561158384579,274.42391196855397,9.066270650341627,10.039436434093924,10.888685015621197,2
264.95693639446955,273.2559073494231,272.02378877527934,9.003360423645404,10.727320619130172,10.244790116891908,2
267.067506560397,274.5993364681736,269.07960258393047,9.348463748550765,11.035638817880693,9.680893202972332,2
269.69722884847346,274.1596163805807,266.14333916152486,9.826196058999704,10.954106489129451,9.20403292168353,2
273.7147595878353,272.5167801021348,265.0677003658493,10.546018782915482,10.420217503565365,9.006216287087359,2
274.5700594642957,269.606449341038,266.8260521252403,10.856011268738657,9.857394685395015,9.23410737419676,2
274.51102891544997,266.3760331804498,267.82538447294957,11.073830129658562,9.210805834167834,9.667372466818199,2
273.276361779179,265.04643820149124,271.84764500208934,10.611916302554876,9.067187276085251,10.345289672486476,2
270.4550236476037,266.0407087008318,273.57164318140093,10.059721136897744,9.088895393110738,10.913999304539429,2
266.906218379034,267.6706678900155,274.5356288741958,9.490426708525394,9.439078269823707,10.996484174150075,2
266.0586638640259,271.12265236379847,274.0277867910932,9.118072004967296,10.17180263132319,10.717344382210653,2
265.2472606878537,273.0970245681889,271.8899659893376,8.925164633170104,10.719535009372953,10.30750042353833,2
266.29831566816785,275.7157288465888,267.41956065325894,9.358764018662258,10.906212406773854,9.700650901915928,2
269.8062462008437,274.75865150490495,265.8098445746968,9.978641888981866,10.887185618562375,9.188850431547364,2
272.59698627315026,272.63828152374646,264.6894437226778,10.575387818200504,10.437040549573606,8.95096813932189,2
273.93679803592863,269.74249319458704,267.4999459260475,10.966701420864288,9.937346318914758,9.260323415035819,2
275.98843295450115,266.7006641639757,269.2146267248097,10.892844454390584,9.221489331726017,9.676319625436106,2
273.22588221105553,263.506486802358,271.864574297158,10.600428808095728,8.960934422078127,10.355461181229334,2
269.9844142630082,265.15118950138816,275.0980543323723,10.133376843511188,9.146095618319519,10.91116031468365,2
266.92955243977036,267.95040051048755,274.4103921696465,9.428085997607395,9.466774508121288,11.02848664293163,2
265.5710295592711,269.9526162017817,274.06237596056167,9.02951727954654,10.175085581864918,10.896936809035134,2
265.2747796037864,272.619498788153,270.72973436761623,9.09516847455992,10.820178770555579,10.334618343433306,2
266.7466962113228,275.48746865673996,267.84172725739705,9.424861607179874,11.031902592575104,9.645512658778483,2
269.59869528064957,274.0942558229245,265.9625818301753,9.980540018898406,10.958318250176049,9.170857156540524,2
273.51760124113434,271.9800074192811,265.37344326652226,10.551110756861036,10.40307671135545,9.001213202234391,2
275.2972874587798,270.06743484673433,267.29329545689166,10.967490778771502,9.820226926817622,9.321125912243835,2
274.65932847537835,266.97993158659574,268.36354815232164,10.923445627902831,9.357565830654817,9.735610573743722,2
272.81126694394374,265.2240252150816,271.6315746099423,10.683460855146006,8.999390074392513,10.358806881484027,2
270.24350786691724,265.46831970407123,274.15707890371124,9.938930927001204,9.27781601093598,10.871411879156067,2
267.26495253333485,267.95581048684744,274.64403324273536,9.539247916785976,9.560083859174268,10.986139865514065,2
265.64120720329845,271.8036908326375,273.77367576527496,8.962858121115767,10.176631765694152,10.665665021728259,2
266.26567484732266,273.8448154905504,271.3185016660906,9.061051709068419,10.703091384445619,10.21630239765715,2
266.83187283725704,274.2445581579601,268.6314959236126,9.399820917569995,10.95333877597102,9.56451336947693,2
268.9134973619372,274.5080972089821,266.0878109250293,9.978456360130071,10.825481444536335,9.201654273250453,2
230.02067290959351,238.11155619710235,221.4993989764584,9.897149936985478,11.285808295702953,8.713463702952323,3
233.39301789552542,236.29903391695237,221.9133602465063,10.54140724920083,10.885094992327883,8.660115994778183,3
234.37410469113306,234.0423318113856,220.8535312811123,10.987153246324326,10.168769580000665,8.800574203007814,3
234.9471250452343,230.2315582279789,224.83745343420014,11.04879490015623,9.717003109472941,9.327435747346716,3
233.88414876148516,229.66827731766978,227.24017225831034,10.692301612676982,9.368412700982518,9.918848331119353,3
230.1362305076523,230.39405396866408,229.45021483270867,9.97193233784414,9.57893726483529,10.485433958304878,3
227.63134135749763,232.23736221812132,230.38986243993529,9.500277710436219,9.97495861151736,10.450022752506305,3
226.25251489726725,234.47150486066622,228.81477835881276,9.066611090941588,10.635573712912468,10.208607223273349,3
226.1932859902656,237.65391972725104,226.72402432470457,9.201097958820858,11.178346479483757,9.763521922740248,3
227.99981996136754,239.07250804439198,223.13319182524052,9.517755261857072,11.37426997622648,9.23124474428192,3
230.64941846750858,238.17444360641116,221.28698037685058,10.204851817373612,11.226430230876474,8.628893410007073,3
234.54994781731136,235.15658384543158,220.66320410597334,10.72903296490514,10.696481740923952,8.47828849030255,3
236.65425218015739,232.33353546446898,221.41084770907116,11.150073647542493,10.146952588444087,8.727212259267956,3
235.65642468235598,229.9050209908778,224.4316475533653,11.1115219460211,9.59137501548069,9.287638491616761,3
233.61550946649476,227.3803227393757,227.8980014521543,10.73901923369889,9.407443893187938,9.95323484408386,3
232.0180650112397,228.52651174016867,229.76005250155907,10.176407817210801,9.408262788635744,10.325400238367733,3
228.75989324541658,231.80698865030445,229.91660986972803,9.509336744062436,10.001025105957897,10.528122272971716,3
227.67840821239037,234.46211627694728,228.7158119775928,9.216014879092226,10.54162743608261,10.218101623388486,3
227.52045238257108,237.0484539946169,226.52112629935974,9.283814269717107,11.144901804131791,9.72031903450821,3
229.43962766268663,237.42696925170597,222.5949916415742,9.614263133561156,11.273181789944578,9.114876320602706,3
233.50748105973202,236.6391237535051,220.32807941793143,10.263396179000855,11.081383985886802,8.548322444535685,3
235.34755383056395,234.01147825826777,220.00428189327832,10.867219674931148,10.676539626520084,8.512600219750748,3
237.62398017293077,231.61575335665768,222.28028492762152,11.148731672736012,9.987265387244916,8.800711592273748,3
237.49589215751703,228.26467304570505,224.23887094273186,11.12091408916201,9.456370070348335,9.372058923265984,3
235.18199384562456,227.27556458310124,227.48482540279136,10.780352287464826,9.261864926877035,9.923593049440537,3
232.50458447450362,227.598175729987,229.66238051772206,10.3634439605039,9.364453992288299,10.404730511674531,3
229.29601523692375,230.2515071924331,230.35720692025328,9.71549506224003,9.777736660693664,10.562193977310178,3
228.3576663916805,234.0624358721887,229.0608217813105,9.359884889422318,10.49439949853865,10.24074536747576,3
228.56720330947476,235.03707710470826,225.78981251104406,9.470967559997025,10.9414343022635,9.589239621103593,3
230.7385578494266,236.78985864777084,222.4006917184731,9.858868345705341,11.146167699523598,8.999919504723783,3
234.9193612865119,234.33160210358088,220.33585024916152,10.425026788502676,11.021930001402659,8.557003509883309,3
236.35500350104994,231.90277061218524,220.27422838662335,11.10210404840942,10.396543362696832,8.562960992674524,3
238.43568203253733,229.21052704401305,221.21364619009063,11.353767049739215,9.833085766155431,8.850857555994791,3
238.3446027011391,225.6461107116911,223.21865006694793,11.328859463066514,9.2409727252508,9.418865461742612,3
236.48009633105838,226.08571844876516,227.48075953511864,10.893032861095426,9.151189161343183,10.0509003685897,3
233.34906547067152,226.6590682184862,231.02036233980763,10.28911405197021,9.313550857375406,10.410861965830069,3
231.04064729251078,228.39598399512607,230.28041759889683,9.647203288042661,9.755558496590796,10.470724485804984,3
229.11723434062543,231.5421634571054,228.8956530062319,9.386434449916226,10.323938625667454,10.259080049666395,3
229.21430543333432,234.68968803856197,226.17635500913684,9.514818713018448,10.816250945612357,9.711396296050218,3
230.8435212874112,235.1196195832242,222.26036195514,10.022037292063619,11.143795850993227,9.056097996582523,3
233.6413340454826,234.20564423184467,221.51398135181606,10.447148009107478,10.85994156143862,8.61571831693522,3
236.99493401806987,232.2605638755665,220.80020460863395,11.106444551339115,10.387806485752872,8.650872152010788,3
238.71829149622872,229.32112740844678,222.34685782455998,11.449196661363386,9.647605812032085,8.839068364339715,3
239.2314715539025,225.35165745071217,225.71375731855593,11.342475455541946,9.200636736915063,9.450511749021384,3
236.4831853265507,223.86462294454276,227.79391861665854,10.999418255973623,8.949274771646945,10.070039057510675,3
234.6734282435401,225.6722380772824,230.07916267582556,10.30756226651562,9.210120119706149,10.48755849536409,3
231.85018124937392,228.44671466151675,230.70270907304797,9.641806066297894,9.587952814476484,10.631402493542792,3
229.00969707681244,231.1136554774299,229.5166817660306,9.416979151153669,10.196278117275632,10.204198175991841,3
229.75620256999744,233.99316595623924,226.82663518190182,9.567976075042491,10.722410690136668,9.711901115234738,3
232.1938473473998,233.55641991257434,223.9524249568013,9.928774600319542,10.869296597496053,9.147280379550786,3
236.01150503815128,232.38228543738265,221.21231997664836,10.53555285757513,10.792851476321939,8.67853000881145,3
237.00222045076475,230.92802470687022,220.3589715448404,11.228098490613371,10.17456310927423,8.723139199207655,3
240.0722739507492,227.59179556105232,223.03559614898626,11.353255601584761,9.61926083883919,8.948470361389312,3
238.32730830344218,225.07868160579724,224.76876386885823,11.400393213783296,8.986163594817377,9.579289454185414,3
237.58869567232227,224.36398934522904,229.44712067767304,10.953446270793762,8.760287502694219,10.233869801022985,3
234.83331079446245,223.4250038192617,231.29334429157643,10.287007598079656,8.955417903524024,10.616438987533312,3
230.5243248196386,227.46535205943655,231.58960495766246,9.796200500464552,9.502610163559083,10.547978024862624,3
230.51043888541804,229.81673178250895,230.25605340122644,9.499722719254198,10.167408485799806,10.410463547429847,3
230.4323458823218,232.32325778139543,227.0150539792798,9.561577780312447,10.629351865512636,9.718710412279071,3
232.83418458698432,233.6523459655838,223.59248907226228,9.987510060118543,10.793048820148568,9.164509277253234,3
236.07700248367348,231.99293855161446,222.82418739669524,10.684198926106058,10.533145701819103,8.772189297629,3
238.4017127469666,228.83254991113904,222.7709980618269,11.232256012959523,9.959825148346939,8.814089002301422,3
239.78925805783953,225.52328888243315,224.67631179476876,11.455200743986751,9.385192214324306,9.120615424556751,3
239.77774816224985,223.32437689343163,226.66390596846549,11.320901419486383,8.987257287394423,9.684336085104267,3
237.41656387886255,222.59867421217072,230.33060853385786,10.983365215594922,8.681451203467654,10.329809713151294,3
234.23631018103416,222.93447620007075,232.79143441068877,10.401439831458823,9.012061473411306,10.644842546183895,3
231.61434852489086,226.46083396423933,232.50275954145116,9.7742911310851,9.47285389834806,10.71445953538765,3
229.97540835742655,228.95575499876387,231.13152029204323,9.614841685626084,10.074386408999807,10.376464059789772,3
230.4380138559969,231.46585561105496,228.52914643728576,9.583442433248127,10.4939298756924,9.820080025761076,3
231.89419161231163,231.83308923050947,226.37900829008672,10.133434325604904,10.633693910813221,9.281930284076587,3
236.36633008746193,230.44347099794527,223.81960196365554,10.721773001344122,10.514555985260012,8.915377907432772,3
238.60218124785217,227.9878545966734,222.70421004249144,11.196546403108492,10.016089983964111,8.902477343893075,3
240.34135406380543,224.60215168369257,226.26959729918036,11.442144734768087,9.25233318889769,9.253419565095005,3
238.72028681550407,221.8583044773753,227.8867855713009,11.32193790153106,8.785122731390526,9.798856925666378,3
236.34336799552966,221.27150656083793,231.39900233951317,10.943269533858114,8.664931911122393,10.46303534146315,3
234.22852136723404,222.93219759000203,233.95460553285787,10.266599410265682,8.903738404061151,10.839501028449536,3
231.09013885856723,225.49318451279157,233.79338598792987,9.761106039577697,9.341775962210955,10.886878835624675,3
229.27783624704452,227.8374000793743,232.39919090373098,9.397363199103571,9.986470714212555,10.499344133471919,3
231.09746721189876,230.83514437513347,229.3911205417578,9.5687827533691,10.383066215567135,10.024553710803284,3
232.48373724963974,230.75685192820737,226.41707885342043,9.967609548953856,10.596668956785102,9.3781877084911,3
236.11250112317597,229.78890319229365,224.16150511905954,10.606252222015806,10.308500215028937,9.02098398297649,3
238.2954534307412,226.86595989645818,225.0499301524716,11.227370143088061,9.84072532925788,9.050497549622806,3
239.47774125789567,224.00463464375153,227.2026181989739,11.463968399230067,9.088576078413103,9.369207436971283,3
238.85568591767054,220.60545038778892,230.13487037403138,11.295733432805026,8.61697132334571,10.062701466084313,3
236.223743608189,220.21867087041375,232.19192981959569,10.891612699570153,8.504572298000177,10.505999775389004,3
232.74234323413916,221.79674525873827,234.8583370719506,10.202459690053626,8.810221911864032,11.007144727172463,3
231.49615063178967,224.05724405754708,236.15556669645488,9.710330060938164,9.268314321008045,11.019710176584779,3
229.069351638571,227.00025785335964,233.7294491509787,9.471835979840217,9.947116956409106,10.637688688188891,3
231.00442570937327,230.5037732023826,230.58223159993705,9.476353344837985,10.383351775738138,9.980303153803044,3
232.3842163781811,229.58941388421331,227.6582160439254,9.984724479860207,10.577098815484321,9.429537342104203,3
235.507207847708,229.29692192255612,226.2665637476925,10.678499746693408,10.226505289569387,9.222816452207564,3
237.66487292700884,225.9018162442114,226.49869668829373,11.194103521941896,9.70217639367033,9.04294540007763,3
238.67557718544157,222.96894666749373,228.09937657578178,11.327408903215778,9.06084870628209,9.596430594738939,3
237.73982175899533,221.9851338323276,230.59174976436614,11.218915191320898,8.648467165701664,10.096372793760716,3
235.7660252106697,220.66037913783376,233.63934250022805,10.680775134364469,8.576168397021478,10.706952477585554,3
232.1058170537982,221.6104021756046,235.8722893976055,10.130557205111167,8.86855271100293,11.077512321428316,3
229.36156980203833,224.53332147835624,236.0154038279818,9.579538577365582,9.345648173114832,11.045960589605142,3
227.8904039984289,227.32072359631672,235.6097044116778,9.329819988478643,10.045851981433655,10.695334166819745,3
228.86264052965095,229.6919835979521,231.95668418220632,9.387652844266245,10.459271527011833,10.184209436836326,3
231.73813948671275,230.039678991811,228.68418307460573,9.889175287837109,10.408879267533111,9.586366958553077,3
233.95107654512537,229.33955395616513,227.30208514835402,10.590672746896463,10.251817014440551,9.241941185340716,3
236.3816554235214,225.45972765044482,227.82304647540718,11.167396497994527,9.6860461895727,9.279792267209256,3
237.3569967766081,222.75441779878932,229.83815696156287,11.278221895306524,9.101874248724014,9.75229549236036,3
237.0000623466923,220.55763826287665,232.89742386874335,11.030706587313398,8.579687212493793,10.270442744572957,3
234.67540904728213,220.0316436884564,236.63218555398208,10.692937997097985,8.56717867261038,10.903739677642692,3
231.87025432899452,221.41032716000979,236.67351494907447,10.07039133274876,8.796577066281197,11.214479314976304,3
228.59187176496826,223.51315680995745,237.05167446997308,9.471736012332553,9.365891132113546,11.198055437938295,3
226.8482574520255,227.33845534886797,235.44974009278636,9.201129846431218,9.918499254918185,10.840667020914317,3
227.35365408517447,229.2625609536874,232.15955978349504,9.446313384358064,10.392907315380679,10.183150390054461,3
229.5568429663543,230.02096931536425,229.44857238551427,9.787433647756037,10.520071562407384,9.633840298723282,3
233.7200430112051,228.81381014663393,228.26054868848138,10.512963211078462,10.264166807700823,9.24417882958958,3
236.05978197027275,225.68234362332714,228.48224420709602,10.96761640740499,9.596615283003143,9.382905648520797,3
236.51756948832232,222.47069105731873,231.0165196174162,11.1363588308578,8.930899230338799,9.800756556910049,3
234.89736241650576,219.76709932166702,233.6611324513207,10.94662718144723,8.64788229134975,10.43454244869659,3
233.94435046144122,219.37052831279433,237.08258500107482,10.443639280168208,8.495397395026174,11.081619774456746,3
229.76342206252428,221.58775751510188,238.93046628832414,9.7372085592695,8.896967548253116,11.332004713924876,3
226.36758459029852,225.61697130302724,238.97539528027218,9.362729710309747,9.381540863756408,11.302720282163401,3
225.92410047662418,227.93630459632953,236.32277640717726,9.125076443631183,9.957531957452993,11.005305056106046,3
226.85868370539131,229.94483087341678,233.16526620417463,9.190308071417324,10.528613719426808,10.276123180741102,3
229.4740124421315,230.4515405605924,230.36724342093453,9.761421426563624,10.510873459711108,9.71641036319447,3
231.52339216273532,228.3893284350614,229.88487703540645,10.434369906092067,10.192486986156972,9.434569857142911,3
234.3634009832087,226.1952291244754,229.3855687507734,10.902315128687377,9.716880134348209,9.510134104883313,3
236.3667067169131,223.72489315375307,230.49149454295463,10.95458055755641,9.014449835415412,9.938254170426529,3
235.1889797819983,221.36495213035596,234.39503075794536,10.77424477046134,8.662673559583682,10.558840460265012,3
231.2074087785948,220.9603434447433,236.31870407813705,10.28128968886006,8.626877521797603,11.181753737748167,3
227.8973511010521,222.47359148197032,239.79754676646306,9.754201447957739,8.89592689723709,11.368127310475085,3
225.8645138948158,224.4879706778613,239.30393468776083,9.161016502880006,9.428967142635859,11.392425445866602,3
224.37406324799545,227.86518119868947,236.75482543787743,8.962658972531015,10.08391556291487,10.89041268921942,3
225.10695036003986,229.93407511883356,235.15286218600073,9.191169191079842,10.530916264175087,10.354093239920493,3
226.89882171536456,230.47910934799302,231.0392913466493,9.619628141432665,10.507046329179463,9.722562319260385,3
230.50951253691957,229.91118331697683,229.82126157184283,10.230174034888154,10.347569187716736,9.558415259757648,3
233.5143843692572,226.5030598163274,230.11210864943712,10.774461632918687,9.643077649345344,9.53066329972846,3
234.44069608562853,223.65104724630828,232.51840375351082,10.932950792541355,9.128496667301807,10.020628015851099,3
233.2569325723351,221.3083148998019,235.27628872483714,10.71453307363471,8.685549806951316,10.642392721014721,3
230.2445448657624,221.14230734268867,237.9873525353201,10.17905700332669,8.589637014254977,11.116182420918507,3
227.84597683430243,223.56685904817647,239.69536723973403,9.501955458546204,8.91513530492731,11.465988765617656,3
224.8704364604927,227.02622965003968,239.15096909835847,8.988976032688782,9.555068108900933,11.287007417454252,3
222.71723040279846,229.08078055056805,237.01815735620733,8.854740424283746,10.206590103023563,11.087865386352318,3
224.15449934309152,231.72435122776653,234.41271401679654,9.109832274468266,10.56798330327083,10.366984506514887,3
226.69854423757684,231.18013841523023,231.8239895804232,9.534001758702374,10.651423882076134,9.775893427844897,3
229.9221446912792,229.6716776182966,229.37254822217884,10.09056680374875,10.28226521699903,9.460649583399752,3
232.79917236850767,227.6781721202365,230.48965155886367,10.694990844495239,9.834076753683961,9.569326653134391,3
233.0907071175393,224.7839812046167,232.81759645795518,10.72961230142153,9.114398138104104,10.075486948949507,3
232.1591747767069,222.64568754708827,235.22809146907034,10.591279896336745,8.740782312046933,10.647891413376707,3
229.41440453652336,223.31884940566763,239.02825674422988,9.985162963333222,8.78791121242258,11.196263797137128,3
225.38460602205336,224.4054795842504,239.62233960649402,9.419124883494893,9.054715753525594,11.51623448163973,3
222.80529745174226,227.26771595301432,238.73449838175532,8.88666015671527,9.681819762119488,11.421756274453266,3
222.2144436885563,230.43930532190598,237.308548437799,8.81807361634629,10.336007563995066,10.9930721416669,3
224.3517498973312,232.239632454355,233.7132738460564,8.90685552937969,10.695415819565287,10.342547525136618,3
224.93990885314105,232.65445535810437,230.99998595921363,9.441488130253076,10.76283584315562,9.806562023239577,3
228.91442695455956,231.61280518469235,230.44399248540375,10.02436650187231,10.422554249821244,9.528925630472484,3
231.97433020545293,228.4765747598159,230.26979508681072,10.599523173555486,9.799058938584269,9.608350183805364,3
231.9517822576245,225.27609453580774,232.92654777770844,10.65701298791797,9.315426574841897,10.061645279670921,3
229.96095239374375,223.16686805546712,236.13186364060704,10.474839622900117,8.983367306711784,10.67218998686135,3
227.8924514410359,223.39670787016803,238.17932092748214,9.850804276938275,8.90532463511419,11.168068389253662,3
224.6088389753623,226.08327506547542,240.41182170758634,9.298282305652123,9.18674781279384,11.431198069161896,3
223.00542032347946,228.5164470167467,239.8704362404593,8.730819061271218,9.884524719347542,11.366640032904751,3
221.7944362587352,231.14326405012218,238.1276869712454,8.562451821060028,10.485881359234616,10.81609391809671,3
221.93284413850242,233.46004808672413,233.8848531943303,8.868410187494174,10.844539583085085,10.294144355093742,3
224.88722992011867,234.03139832505647,231.10906973177137,9.320905769962527,10.879125891122332,9.694995303822662,3
227.50731540108154,232.7024862593017,229.3517410368684,10.015943534548498,10.557548454666167,9.50354909879282,3
231.4244645077362,229.09150358005456,230.62700085209926,10.426020261650423,9.895002245892934,9.544388545842477,3
230.08204229965602,226.34730521859515,232.6957889070175,10.61747207191929,9.375481951512349,9.99024549799213,3
228.85873454226913,224.8932618110289,235.4006225986828,10.31516209378851,9.009298573023154,10.698092136519449,3
227.6775240675502,224.39739284229526,237.38959416646676,9.774698182794657,9.048231005557133,11.184910944435385,3
223.5448254809425,226.73133337864135,238.73684176449035,9.199876759676206,9.376641969089876,11.38913940813916,3
220.94865685648875,230.5707932429485,238.60414384695116,8.573590231636109,9.889610765076755,11.292987934771089,3
221.23068611438225,233.27829300860122,235.62375525544124,8.592511898311821,10.627090270555934,10.795516580262444,3
220.88277566092438,234.94461841731567,232.4274809405531,8.908973438830738,10.91473365730726,10.236345407225617,3
225.01477603269308,234.6965896125097,230.48047038274612,9.23401606973287,11.04841625511629,9.57262174689881,3
227.95286840499375,232.98636759868958,229.00840331560767,10.02171332540735,10.655598789384749,9.452121909414016,3
230.10145271323762,230.16292055069033,230.04149163404784,10.401544978710744,10.088300358668763,9.541293898794287,3
230.65760134361,226.86739008374244,231.9227438148307,10.538619190108326,9.565024029861107,9.983367683780385,3
228.5855515336109,226.70705680527382,234.60287781958053,10.221036385645712,9.226622491649575,10.612117973065738,3
226.13118517225837,225.98163393967928,237.2646495456779,9.692974079584834,9.087275430898314,11.182996337620738,3
222.57802985889103,227.75627003893013,239.84184171187673,9.172118727037695,9.555854662081448,11.357868621929583,3
220.69986573118345,231.1221758365174,238.18849349569473,8.646609674231206,10.120211520748631,11.178664358113606,3
220.13332566012699,233.80555610351402,234.9786127198116,8.539055317114375,10.720393346789193,10.66862210365852,3
222.0524285569032,236.1623790838132,231.2439280654511,8.779216855562963,11.191249784754797,10.13602491029419,3
223.765389003271,235.79916604224277,229.06954501341983,9.21117916517715,11.12510360376735,9.499782886956007,3
226.92301678344862,235.30552986623323,227.90811059582816,9.929180297464738,10.74571726282664,9.383911174596905,3
229.24041600963764,232.4325518257412,228.17567512674586,10.313418196350066,10.20465149511198,9.570566737947628,3
229.74077824815788,228.4514426483997,230.27768341900645,10.554765385413411,9.57421571575011,9.98831366866397,3
229.41586199779772,227.2675243238106,234.1759886358448,10.099837674004332,9.297130883513653,10.52410421625126,3
225.70515279486654,227.77969954785314,237.02602128066005,9.643804165319052,9.297768157138114,11.0116220574516,3
222.79653736915824,229.56700497307455,237.35296765166348,9.070850035081225,9.63817234933697,11.357137187874608,3
220.36616869052867,232.4248743701031,236.65818370196743,8.604758578273763,10.337711311228363,11.053414766180099,3
220.6388137455291,235.63235507088328,234.89535919255513,8.480976420066426,10.853240601008832,10.632570809443267,3
221.29030107445132,237.3826019120847,230.72878322119928,8.777586583757707,11.186974575212037,9.878155230617919,3
223.9621842490164,237.84521243335377,228.49309011357275,9.398345502521241,11.226078759728955,9.426494528228515,3
227.3794317746847,235.9783604031661,226.56663273022784,9.989985924075398,10.86365907982761,9.213459886102461,3
229.9847521134842,232.4253543880284,227.8441554945643,10.48768045788275,10.190929400269525,9.431363751911363,3
230.26628890042903,230.12652329347512,230.41617938581695,10.437869609931957,9.758664109803735,9.879079397332994,3
228.36983429144297,226.93998299749373,233.0667335776735,10.240855944894323,9.384290473985422,10.450024669139498,3
225.72929890692112,228.71946565232415,235.8937640893226,9.650600579972533,9.43375615271991,11.00354868534028,3
222.4620405215299,230.5053693895135,236.076052569553,9.020816027174348,9.817214505588542,11.125385805214808,3
220.69556154386623,234.8024574434471,235.42964402783556,8.557110237627002,10.426001013030088,10.962541515529942,3
220.1020693964688,237.5440949221787,232.53254166668518,8.576340465961078,10.951484085800706,10.491277826515068,3
221.5269594952409,238.71400742880806,229.8310439527972,8.929934266437577,11.27572136924436,9.734973639506268,3
223.7522014912075,238.54292778775792,227.51928440027314,9.360205112613128,11.24298764744697,9.301823554284537,3
227.33263847084612,236.06310802029645,225.5171897020187,10.0166835893134,10.851709813745263,9.074940033803736,3
230.2535389330924,233.78704895677996,226.79028094128316,10.443826359448078,10.301909674896027,9.305818412576446,3
230.21406654279963,230.54555120383338,229.74562227292105,10.593752347681272,9.726485631369698,9.770666048088264,3
228.73301401136465,228.85430490053974,233.01648595745303,10.211095057388631,9.524115855285793,10.303323715851144,3
226.58990334959574,229.5577516320879,234.78592688123967,9.656135718800929,9.487177382366092,10.900682154559192,3
222.38127603485373,231.03004234673438,235.96278118733642,9.080438797406687,10.03624517626908,10.968642347153242,3
221.03729078544518,235.65230147841754,234.26493917730608,8.571035625733169,10.563850385132119,10.69709234402022,3
220.39151460325422,237.34310103307445,231.84125813836891,8.6303498162628,11.076511408197872,10.201483590906781,3
222.36084982241908,239.2120360357408,228.47368444817317,8.88929698947689,11.385617853535067,9.643740970541431,3
225.96231706451397,238.19846559332214,225.40496134426945,9.534898853141925,11.407424305108599,9.168210226347588,3
227.95271284413275,237.6452395732787,224.63258995347536,10.042491857927011,10.931611733534867,9.004581732890578,3
230.87316204687997,233.7898635018076,225.70580871653138,10.458602810505603,10.247349572049632,9.186919626478975,3
231.72779110244863,229.80643819346474,227.7580587622495,10.614909001307225,9.713292509763503,9.764177454519059,3
229.17518937197696,229.66244825756345,230.20919808508833,10.198065919678283,9.38546505516455,10.315519163797042,3
226.9668903885746,230.0547781719839,233.90572707159404,9.742424283355517,9.58451971534615,10.711159776880637,3
222.94907691957337,230.84900868967563,234.13364036808883,9.20324218391503,9.939349995786571,10.920260495685568,3
221.276823562647,234.98601524679566,232.4510504370509,8.6934002617571,10.564744689934312,10.70561001286593,3
221.84774543306938,238.2884812457117,229.39024493326568,8.759493085163017,11.218066210495882,10.211285252496458,3
223.36256533227757,239.67985420422193,226.80187151928305,8.862414405575768,11.524277527174405,9.560634358756076,3
224.396561685445,238.5100489657663,224.0290572168982,9.545969623728043,11.317924997481873,9.021332321593817,3
229.4693787810822,237.26021575239724,223.37486210159213,10.267243097427576,11.024994499516662,8.863523440270452,3
230.67158089904842,234.21806246603506,223.3582035791231,10.560797631765704,10.414642408361996,8.987895965467287,3
231.8320025510088,231.67759460658309,226.92196457949055,10.72321032150656,9.7436034897692,9.457544572687171,3
230.01952289093552,229.99571506352066,230.30076096149517,10.328574250021214,9.50770626481426,10.228965397292226,3
226.7155900426108,230.7592756438692,232.9964804352337,9.819903124039275,9.673186269578231,10.63754829405403,3
224.0442236955579,230.90006647591417,232.47777917023035,9.201790531741029,10.004735072515555,10.821317330881229,3
222.18434959290153,235.889891940107,231.7538335166339,8.754383477389228,10.73652773782908,10.511271661826026,3
222.21867357032923,237.9715081915238,229.19748300923249,8.79196475802403,11.17342974966265,10.010628904467408,3
224.66261313948246,239.38383843609765,225.95655448773186,9.15511421134608,11.460431243513327,9.413479459509748,3
226.6327590770902,239.08514084830833,223.88638941200202,9.775545538177486,11.407532208779958,8.886166426778171,3
230.63356673017893,236.80625044851453,222.7202958674717,10.202160824532184,10.86749589046807,8.754436688699704,3
232.42184526134764,234.69854210980233,223.87559124841903,10.75971063897949,10.278184530884596,8.934102026376706,3
232.92454982840144,230.98924225731608,225.91503695918024,10.76169206197173,9.839535708528196,9.502181676612325,3
231.3379839678971,230.1685371082304,228.3727191621135,10.378840947461724,9.513762110915811,10.033716618788908,3
227.83279923148862,230.83372271431622,231.23847198473857,9.81504824495659,9.607066857666528,10.489154999014696,3
224.5993759016587,232.70420670979343,231.66820557585245,9.270172233973721,10.080940877207652,10.71386897158883,3
223.95179819630962,235.73412131887005,230.29504324709805,8.934251780222704,10.618389949486984,10.438033308709993,3
224.024453666047,237.80101302017184,227.75700870023994,8.884787817709867,11.310259339565956,9.908422304638355,3
225.1268792552423,239.6710854664897,225.1976330130528,9.205465498615384,11.46331976706381,9.223550408487569,3
228.67056438558564,239.73837946151988,222.51615843335932,9.839524284007455,11.215750416632524,8.755694357086323,3
231.6295067030845,236.7631475133853,220.85008127850998,10.398483709801285,10.902987209410249,8.662142225097412,3
234.40613582422174,233.57017626073232,222.35558007692097,10.798786729265878,10.301864700989919,8.860127966803637,3
233.81645928234596,230.83722497492835,224.53610252452572,10.934976321417553,9.772274545384331,9.388664761299545,3
231.96318138096905,229.18004029173778,227.92178771655,10.42555487286626,9.457784079536951,9.979363736516742,3
229.31423307288316,229.94000181341244,229.84989202291717,9.921960854745354,9.624976530970086,10.512596485596777,3
226.8699776139449,232.54964186471773,230.87022238445562,9.344921444291579,9.99896769678838,10.626276157399715,3
224.83805263413225,235.9834115530021,229.07063526260546,8.900810623097366,10.59941245062824,10.268931067973972,3
224.65486905395204,237.66906514013004,226.98673945755903,8.974738720288439,11.31892424587946,9.716239284997762,3
226.76443548479966,239.70869865519995,223.4505494694239,9.464447040190686,11.383548100220988,9.184848623542857,3
229.70507268222272,238.56110137132004,220.1151969867987,10.088160447128333,11.266198448452343,8.656773181856993,3
